date,ticker,adj_close
2010-01-04,ATVI,17.66364288330078
2010-01-05,ATVI,18.15997886657715
2010-01-06,ATVI,17.69284439086914
2010-01-07,ATVI,17.556594848632812
2010-01-08,ATVI,17.90694236755371
2010-01-11,ATVI,17.780431747436523
2010-01-12,ATVI,16.398488998413086
2010-01-13,ATVI,16.70990753173828
2010-01-14,ATVI,16.719642639160156
2010-01-15,ATVI,16.57365608215332
2010-01-19,ATVI,16.70990753173828
2010-01-20,ATVI,16.74883460998535
2010-01-21,ATVI,16.914278030395508
2010-01-22,ATVI,16.320627212524414
2010-01-25,ATVI,16.3790225982666
2010-01-26,ATVI,16.291425704956055
2010-01-27,ATVI,16.670982360839844
2010-01-28,ATVI,16.320627212524414
2010-01-29,ATVI,15.843755722045898
2010-02-01,ATVI,16.291425704956055
2010-02-02,ATVI,16.61258888244629
2010-02-03,ATVI,16.80722999572754
2010-02-04,ATVI,16.52499771118164
2010-02-05,ATVI,16.797496795654297
2010-02-08,ATVI,17.021331787109375
2010-02-09,ATVI,15.532331466674805
2010-02-10,ATVI,15.512866020202637
2010-02-11,ATVI,15.688042640686035
2010-02-12,ATVI,15.629652976989746
2010-02-16,ATVI,15.872950553894045
2010-02-17,ATVI,16.184377670288086
2010-02-18,ATVI,16.145450592041016
2010-02-19,ATVI,16.301158905029297
2010-02-22,ATVI,16.145450592041016
2010-02-23,ATVI,15.872950553894045
2010-02-24,ATVI,16.077322006225586
2010-02-25,ATVI,16.11625099182129
2010-02-26,ATVI,16.135717391967773
2010-03-01,ATVI,16.41794776916504
2010-03-02,ATVI,16.291425704956055
2010-03-03,ATVI,16.35955047607422
2010-03-04,ATVI,16.369285583496094
2010-03-05,ATVI,16.6612491607666
2010-03-08,ATVI,16.81696128845215
2010-03-09,ATVI,17.108919143676758
2010-03-10,ATVI,17.410614013671875
2010-03-11,ATVI,17.420347213745117
2010-03-12,ATVI,17.293832778930664
2010-03-15,ATVI,17.391151428222656
2010-03-16,ATVI,17.43981170654297
2010-03-17,ATVI,17.653913497924805
2010-03-18,ATVI,18.03346824645996
2010-03-19,ATVI,17.92641258239746
2010-03-22,ATVI,18.06266212463379
2010-03-23,ATVI,18.023731231689453
2010-03-24,ATVI,18.03346824645996
2010-03-25,ATVI,18.06266212463379
2010-03-26,ATVI,18.34488868713379
2010-03-29,ATVI,18.179443359375
2010-03-30,ATVI,18.286500930786133
2010-03-31,ATVI,18.15997886657715
2010-04-01,ATVI,18.33515930175781
2010-04-05,ATVI,18.588191986083984
2010-04-06,ATVI,18.597925186157227
2010-04-07,ATVI,18.66604423522949
2010-04-08,ATVI,18.675779342651367
2010-04-09,ATVI,18.84122657775879
2010-04-12,ATVI,18.880149841308597
2010-04-13,ATVI,18.80229377746582
2010-04-14,ATVI,19.21103858947754
2010-04-15,ATVI,18.928808212280277
2010-04-16,ATVI,19.04559898376465
2010-04-19,ATVI,19.18184471130371
2010-04-20,ATVI,19.434877395629883
2010-04-21,ATVI,19.22077369689941
2010-04-22,ATVI,19.3083553314209
2010-04-23,ATVI,19.434877395629883
2010-04-26,ATVI,19.366758346557617
2010-04-27,ATVI,19.240234375
2010-04-28,ATVI,19.103988647460938
2010-04-29,ATVI,19.26943016052246
2010-04-30,ATVI,18.85095596313477
2010-05-03,ATVI,19.19157600402832
2010-05-04,ATVI,18.558992385864254
2010-05-05,ATVI,18.7828311920166
2010-05-06,ATVI,17.69284439086914
2010-05-07,ATVI,17.15757942199707
2010-05-10,ATVI,17.751235961914062
2010-05-11,ATVI,18.29623031616211
2010-05-12,ATVI,17.235437393188477
2010-05-13,ATVI,17.605255126953125
2010-05-14,ATVI,16.953208923339844
2010-05-17,ATVI,17.28409767150879
2010-05-18,ATVI,17.069995880126953
2010-05-19,ATVI,16.6612491607666
2010-05-20,ATVI,15.93134307861328
2010-05-21,ATVI,16.252498626708984
2010-05-24,ATVI,15.843755722045898
2010-05-25,ATVI,15.80482578277588
2010-05-26,ATVI,15.824296951293944
2010-05-27,ATVI,16.27196502685547
2010-05-28,ATVI,16.067594528198242
2010-06-01,ATVI,15.658848762512209
2010-06-02,ATVI,15.93134307861328
2010-06-03,ATVI,16.281692504882812
2010-06-04,ATVI,15.386350631713867
2010-06-07,ATVI,14.948407173156738
2010-06-08,ATVI,15.07492446899414
2010-06-09,ATVI,14.802430152893066
2010-06-10,ATVI,15.493403434753418
2010-06-11,ATVI,15.882681846618652
2010-06-14,ATVI,15.921612739562988
2010-06-15,ATVI,15.872950553894045
2010-06-16,ATVI,15.580988883972168
2010-06-17,ATVI,15.736702919006348
2010-06-18,ATVI,15.600455284118652
2010-06-21,ATVI,15.357154846191406
2010-06-22,ATVI,14.909480094909668
2010-06-23,ATVI,14.880284309387209
2010-06-24,ATVI,14.636984825134276
2010-06-25,ATVI,14.73430347442627
2010-06-28,ATVI,14.685640335083008
2010-06-29,ATVI,14.257433891296388
2010-06-30,ATVI,14.014134407043455
2010-07-01,ATVI,13.946008682250977
2010-07-02,ATVI,14.208773612976074
2010-07-06,ATVI,14.043327331542969
2010-07-07,ATVI,14.549393653869627
2010-07-08,ATVI,14.36448860168457
2010-07-09,ATVI,14.442341804504396
2010-07-12,ATVI,14.41314697265625
2010-07-13,ATVI,14.73430347442627
2010-07-14,ATVI,14.967873573303224
2010-07-15,ATVI,15.07492446899414
2010-07-16,ATVI,14.393680572509766
2010-07-19,ATVI,14.685640335083008
2010-07-20,ATVI,14.948407173156738
2010-07-21,ATVI,14.471539497375488
2010-07-22,ATVI,15.172245979309082
2010-07-23,ATVI,15.454473495483398
2010-07-26,ATVI,15.9508056640625
2010-07-27,ATVI,16.077322006225586
2010-07-28,ATVI,15.726969718933104
2010-07-29,ATVI,15.580988883972168
2010-07-30,ATVI,15.503134727478027
2010-08-02,ATVI,16.057859420776367
2010-08-03,ATVI,15.746437072753906
2010-08-04,ATVI,16.914278030395508
2010-08-05,ATVI,16.76829719543457
2010-08-06,ATVI,16.61258888244629
2010-08-09,ATVI,16.69044303894043
2010-08-10,ATVI,16.26223373413086
2010-08-11,ATVI,15.649113655090332
2010-08-12,ATVI,15.337691307067873
2010-08-13,ATVI,15.250102996826172
2010-08-16,ATVI,15.619915962219238
2010-08-17,ATVI,15.717235565185549
2010-08-18,ATVI,15.892414093017578
2010-08-19,ATVI,15.639385223388672
2010-08-20,ATVI,15.366886138916016
2010-08-23,ATVI,15.045729637145996
2010-08-24,ATVI,14.62725067138672
2010-08-25,ATVI,14.890016555786133
2010-08-26,ATVI,14.860820770263672
2010-08-27,ATVI,15.133315086364746
2010-08-30,ATVI,14.870553970336914
2010-08-31,ATVI,14.821892738342283
2010-09-01,ATVI,15.678311347961426
2010-09-02,ATVI,15.921612739562988
2010-09-03,ATVI,16.01893424987793
2010-09-07,ATVI,15.629652976989746
2010-09-08,ATVI,15.814559936523438
2010-09-09,ATVI,15.843755722045898
2010-09-10,ATVI,15.80482578277588
2010-09-13,ATVI,16.08705711364746
2010-09-14,ATVI,16.26223373413086
2010-09-15,ATVI,16.194107055664062
2010-09-16,ATVI,15.94107437133789
2010-09-17,ATVI,15.824296951293944
2010-09-20,ATVI,15.911879539489746
2010-09-21,ATVI,15.85348892211914
2010-09-22,ATVI,15.717235565185549
2010-09-23,ATVI,15.726969718933104
2010-09-24,ATVI,16.01893424987793
2010-09-27,ATVI,16.125986099243164
2010-09-28,ATVI,16.106521606445312
2010-09-29,ATVI,15.79509449005127
2010-09-30,ATVI,16.009201049804688
2010-10-01,ATVI,15.999467849731444
2010-10-04,ATVI,16.505537033081055
2010-10-05,ATVI,17.342487335205078
2010-10-06,ATVI,16.943477630615234
2010-10-07,ATVI,17.108919143676758
2010-10-08,ATVI,17.177043914794922
2010-10-11,ATVI,17.186771392822266
2010-10-12,ATVI,16.164913177490234
2010-10-13,ATVI,16.310897827148438
2010-10-14,ATVI,16.077322006225586
2010-10-15,ATVI,15.532331466674805
2010-10-18,ATVI,15.347424507141112
2010-10-19,ATVI,15.16251277923584
2010-10-20,ATVI,14.987337112426758
2010-10-21,ATVI,15.152780532836914
2010-10-22,ATVI,15.191712379455566
2010-10-25,ATVI,15.20144271850586
2010-10-26,ATVI,15.386350631713867
2010-10-27,ATVI,15.366886138916016
2010-10-28,ATVI,15.211174011230469
2010-10-29,ATVI,15.405813217163086
2010-11-01,ATVI,15.376619338989258
2010-11-02,ATVI,15.765898704528809
2010-11-03,ATVI,15.08465576171875
2010-11-04,ATVI,15.42527675628662
2010-11-05,ATVI,15.902148246765137
2010-11-08,ATVI,16.08705711364746
2010-11-09,ATVI,15.902148246765137
2010-11-10,ATVI,15.746437072753906
2010-11-11,ATVI,15.571258544921877
2010-11-12,ATVI,15.405813217163086
2010-11-15,ATVI,15.25983428955078
2010-11-16,ATVI,14.977605819702148
2010-11-17,ATVI,15.006799697875977
2010-11-18,ATVI,15.123584747314451
2010-11-19,ATVI,14.938674926757812
2010-11-22,ATVI,14.997069358825684
2010-11-23,ATVI,14.45207405090332
2010-11-24,ATVI,14.578590393066406
2010-11-26,ATVI,14.422879219055176
2010-11-29,ATVI,14.607789039611816
2010-11-30,ATVI,14.510465621948242
2010-12-01,ATVI,14.646714210510254
2010-12-02,ATVI,14.675912857055664
2010-12-03,ATVI,14.773232460021973
2010-12-06,ATVI,15.01653289794922
2010-12-07,ATVI,15.094388008117676
2010-12-08,ATVI,15.327957153320312
2010-12-09,ATVI,15.327957153320312
2010-12-10,ATVI,15.396082878112791
2010-12-13,ATVI,15.337691307067873
2010-12-14,ATVI,15.366886138916016
2010-12-15,ATVI,15.28902816772461
2010-12-16,ATVI,15.444741249084473
2010-12-17,ATVI,15.483671188354492
2010-12-20,ATVI,15.42527675628662
2010-12-21,ATVI,15.503134727478027
2010-12-22,ATVI,15.551793098449709
2010-12-23,ATVI,15.512866020202637
2010-12-27,ATVI,15.697773933410645
2010-12-28,ATVI,15.717235565185549
2010-12-29,ATVI,16.106521606445312
2010-12-30,ATVI,16.174652099609375
2010-12-31,ATVI,15.94107437133789
2011-01-03,ATVI,15.94107437133789
2011-01-04,ATVI,15.94107437133789
2011-01-05,ATVI,15.843755722045898
2011-01-06,ATVI,15.79509449005127
2011-01-07,ATVI,15.619915962219238
2011-01-10,ATVI,15.580988883972168
2011-01-11,ATVI,15.571258544921877
2011-01-12,ATVI,15.600455284118652
2011-01-13,ATVI,15.610187530517578
2011-01-14,ATVI,15.52259922027588
2011-01-18,ATVI,15.571258544921877
2011-01-19,ATVI,15.415545463562012
2011-01-20,ATVI,15.337691307067873
2011-01-21,ATVI,14.72457218170166
2011-01-24,ATVI,14.880284309387209
2011-01-25,ATVI,14.967873573303224
2011-01-26,ATVI,14.928943634033203
2011-01-27,ATVI,14.675912857055664
2011-01-28,ATVI,14.598054885864258
2011-01-31,ATVI,15.172245979309082
2011-02-01,ATVI,15.20144271850586
2011-02-02,ATVI,17.605255126953125
2011-02-03,ATVI,17.624717712402344
2011-02-04,ATVI,17.741498947143555
2011-02-07,ATVI,17.790163040161133
2011-02-08,ATVI,17.809627532958984
2011-02-09,ATVI,17.546863555908203
2011-02-10,ATVI,17.712308883666992
2011-02-11,ATVI,17.722036361694336
2011-02-14,ATVI,17.90694236755371
2011-02-15,ATVI,18.03346824645996
2011-02-16,ATVI,18.422746658325195
2011-02-17,ATVI,18.84122657775879
2011-02-18,ATVI,18.76336669921875
2011-02-22,ATVI,18.36435317993164
2011-02-23,ATVI,18.3546199798584
2011-02-24,ATVI,18.29623031616211
2011-02-25,ATVI,18.66604423522949
2011-02-28,ATVI,18.29623031616211
2011-03-01,ATVI,17.90694236755371
2011-03-02,ATVI,18.208641052246094
2011-03-03,ATVI,18.451940536499023
2011-03-04,ATVI,18.286500930786133
2011-03-07,ATVI,17.95560646057129
2011-03-08,ATVI,18.247568130493164
2011-03-09,ATVI,18.12105178833008
2011-03-10,ATVI,18.03346824645996
2011-03-11,ATVI,18.04319953918457
2011-03-14,ATVI,18.101587295532227
2011-03-15,ATVI,17.87775230407715
2011-03-16,ATVI,17.722036361694336
2011-03-17,ATVI,18.16971778869629
2011-03-18,ATVI,18.091856002807617
2011-03-21,ATVI,18.43248176574707
2011-03-22,ATVI,18.31569099426269
2011-03-23,ATVI,18.588191986083984
2011-03-24,ATVI,19.3083553314209
2011-03-25,ATVI,19.1721134185791
2011-03-28,ATVI,19.18184471130371
2011-03-29,ATVI,19.133180618286133
2011-03-30,ATVI,19.152647018432617
2011-03-31,ATVI,19.00666618347168
2011-04-01,ATVI,19.20130729675293
2011-04-04,ATVI,19.16238021850586
2011-04-05,ATVI,19.49327087402344
2011-04-06,ATVI,19.70737838745117
2011-04-07,ATVI,19.70737838745117
2011-04-08,ATVI,19.327823638916016
2011-04-11,ATVI,19.318090438842773
2011-04-12,ATVI,19.21103858947754
2011-04-13,ATVI,19.357023239135746
2011-04-14,ATVI,19.415416717529297
2011-04-15,ATVI,19.59058952331543
2011-04-18,ATVI,19.337556838989254
2011-04-19,ATVI,19.45433807373047
2011-04-20,ATVI,19.95067405700684
2011-04-21,ATVI,19.863086700439453
2011-04-25,ATVI,19.989601135253903
2011-04-26,ATVI,19.68791007995605
2011-04-27,ATVI,19.697641372680664
2011-04-28,ATVI,19.940940856933597
2011-04-29,ATVI,19.63925170898437
2011-05-02,ATVI,19.75603485107422
2011-05-03,ATVI,19.61978530883789
2011-05-04,ATVI,19.38621711730957
2011-05-05,ATVI,21.09905242919922
2011-05-06,ATVI,21.16718101501465
2011-05-09,ATVI,21.449411392211918
2011-05-10,ATVI,22.150117874145508
2011-05-11,ATVI,22.00413703918457
2011-05-12,ATVI,22.266902923583984
2011-05-13,ATVI,23.064929962158203
2011-05-16,ATVI,22.49073982238769
2011-05-17,ATVI,22.75349998474121
2011-05-18,ATVI,23.08438873291016
2011-05-19,ATVI,23.14278221130371
2011-05-20,ATVI,23.00653839111328
2011-05-23,ATVI,22.724306106567383
2011-05-24,ATVI,22.568592071533203
2011-05-25,ATVI,23.113588333129883
2011-05-26,ATVI,22.93840980529785
2011-05-27,ATVI,23.259565353393555
2011-05-31,ATVI,23.75590133666992
2011-06-01,ATVI,23.765634536743164
2011-06-02,ATVI,23.590456008911133
2011-06-03,ATVI,23.386085510253903
2011-06-06,ATVI,23.162248611450195
2011-06-07,ATVI,22.724306106567383
2011-06-08,ATVI,22.11118507385254
2011-06-09,ATVI,22.481002807617188
2011-06-10,ATVI,22.19877243041992
2011-06-13,ATVI,22.17931365966797
2011-06-14,ATVI,22.57832717895508
2011-06-15,ATVI,22.11118507385254
2011-06-16,ATVI,21.81922721862793
2011-06-17,ATVI,21.6440486907959
2011-06-20,ATVI,21.76083374023437
2011-06-21,ATVI,22.07225799560547
2011-06-22,ATVI,21.936012268066406
2011-06-23,ATVI,21.313161849975582
2011-06-24,ATVI,21.186647415161133
2011-06-27,ATVI,21.128250122070312
2011-06-28,ATVI,21.94573974609375
2011-06-29,ATVI,22.977338790893555
2011-06-30,ATVI,22.967601776123047
2011-07-01,ATVI,23.54179573059082
2011-07-05,ATVI,23.668310165405277
2011-07-06,ATVI,23.697509765625
2011-07-07,ATVI,24.164648056030277
2011-07-08,ATVI,24.37875366210937
2011-07-11,ATVI,23.73643684387207
2011-07-12,ATVI,23.522327423095703
2011-07-13,ATVI,23.269302368164062
2011-07-14,ATVI,22.880014419555664
2011-07-15,ATVI,22.967601776123047
2011-07-18,ATVI,22.977338790893555
2011-07-19,ATVI,23.454212188720703
2011-07-20,ATVI,23.36662101745605
2011-07-21,ATVI,23.249834060668945
2011-07-22,ATVI,23.288761138916016
2011-07-25,ATVI,23.425010681152344
2011-07-26,ATVI,23.17197799682617
2011-07-27,ATVI,22.354490280151367
2011-07-28,ATVI,21.955472946166992
2011-07-29,ATVI,21.65377616882324
2011-08-01,ATVI,21.36182403564453
2011-08-02,ATVI,20.641651153564453
2011-08-03,ATVI,20.768163681030277
2011-08-04,ATVI,19.610055923461918
2011-08-05,ATVI,19.464073181152344
2011-08-08,ATVI,17.66364288330078
2011-08-09,ATVI,18.101587295532227
2011-08-10,ATVI,17.14785385131836
2011-08-11,ATVI,18.6368465423584
2011-08-12,ATVI,19.395952224731445
2011-08-15,ATVI,19.71710586547852
2011-08-16,ATVI,19.483539581298828
2011-08-17,ATVI,19.376483917236328
2011-08-18,ATVI,18.36435317993164
2011-08-19,ATVI,18.79256248474121
2011-08-22,ATVI,19.07479476928711
2011-08-23,ATVI,19.765769958496094
2011-08-24,ATVI,19.79496192932129
2011-08-25,ATVI,19.85335350036621
2011-08-26,ATVI,20.923877716064453
2011-08-29,ATVI,21.682979583740234
2011-08-30,ATVI,21.955472946166992
2011-08-31,ATVI,21.97493934631348
2011-09-01,ATVI,21.371553421020508
2011-09-02,ATVI,21.4007511138916
2011-09-06,ATVI,21.30342483520508
2011-09-07,ATVI,21.94573974609375
2011-09-08,ATVI,21.48833465576172
2011-09-09,ATVI,20.787633895874023
2011-09-12,ATVI,21.478605270385746
2011-09-13,ATVI,21.517534255981445
2011-09-14,ATVI,22.07225799560547
2011-09-15,ATVI,22.354490280151367
2011-09-16,ATVI,22.393415451049805
2011-09-19,ATVI,22.25716590881348
2011-09-20,ATVI,22.29608917236328
2011-09-21,ATVI,21.36182403564453
2011-09-22,ATVI,20.20370864868164
2011-09-23,ATVI,20.680578231811523
2011-09-26,ATVI,21.176910400390625
2011-09-27,ATVI,21.33262634277344
2011-09-28,ATVI,20.44701385498047
2011-09-29,ATVI,20.067461013793945
2011-09-30,ATVI,19.90201568603516
2011-10-03,ATVI,19.23050880432129
2011-10-04,ATVI,19.72683906555176
2011-10-05,ATVI,20.39834976196289
2011-10-06,ATVI,21.955472946166992
2011-10-07,ATVI,21.78030014038086
2011-10-10,ATVI,22.95787239074707
2011-10-11,ATVI,22.880014419555664
2011-10-12,ATVI,23.0941219329834
2011-10-13,ATVI,23.191444396972656
2011-10-14,ATVI,23.88241577148437
2011-10-17,ATVI,23.191444396972656
2011-10-18,ATVI,23.853219985961918
2011-10-19,ATVI,22.987070083618164
2011-10-20,ATVI,22.78270149230957
2011-10-21,ATVI,22.948139190673828
2011-10-24,ATVI,24.27170181274414
2011-10-25,ATVI,23.814292907714844
2011-10-26,ATVI,23.73643684387207
2011-10-27,ATVI,23.84349250793457
2011-10-28,ATVI,23.454212188720703
2011-10-31,ATVI,22.724306106567383
2011-11-01,ATVI,21.858152389526367
2011-11-02,ATVI,22.850818634033203
2011-11-03,ATVI,23.72670555114746
2011-11-04,ATVI,24.524734497070312
2011-11-07,ATVI,23.8337516784668
2011-11-08,ATVI,23.590456008911133
2011-11-09,ATVI,22.41288375854492
2011-11-10,ATVI,22.93840980529785
2011-11-11,ATVI,23.259565353393555
2011-11-14,ATVI,23.113588333129883
2011-11-15,ATVI,23.17197799682617
2011-11-16,ATVI,22.44207763671875
2011-11-17,ATVI,21.721908569335938
2011-11-18,ATVI,21.4007511138916
2011-11-21,ATVI,21.050392150878903
2011-11-22,ATVI,21.27423095703125
2011-11-23,ATVI,20.37888526916504
2011-11-25,ATVI,20.27183151245117
2011-11-28,ATVI,21.49806785583496
2011-11-29,ATVI,21.108783721923828
2011-11-30,ATVI,22.568592071533203
2011-12-01,ATVI,22.7048454284668
2011-12-02,ATVI,22.38368034362793
2011-12-05,ATVI,22.12091827392578
2011-12-06,ATVI,22.5296630859375
2011-12-07,ATVI,21.984664916992188
2011-12-08,ATVI,20.91415023803711
2011-12-09,ATVI,21.4007511138916
2011-12-12,ATVI,21.09905242919922
2011-12-13,ATVI,20.30102157592773
2011-12-14,ATVI,19.79496192932129
2011-12-15,ATVI,20.359424591064453
2011-12-16,ATVI,19.68791007995605
2011-12-19,ATVI,19.318090438842773
2011-12-20,ATVI,20.018800735473636
2011-12-21,ATVI,19.75603485107422
2011-12-22,ATVI,19.75603485107422
2011-12-23,ATVI,20.15504646301269
2011-12-27,ATVI,20.44701385498047
2011-12-28,ATVI,19.989601135253903
2011-12-29,ATVI,20.30102157592773
2011-12-30,ATVI,20.04800033569336
2012-01-03,ATVI,20.72924041748047
2012-01-04,ATVI,19.746301651000977
2012-01-05,ATVI,19.979875564575195
2012-01-06,ATVI,19.14291763305664
2012-01-09,ATVI,18.89961242675781
2012-01-10,ATVI,18.938539505004883
2012-01-11,ATVI,18.860685348510746
2012-01-12,ATVI,18.98720359802246
2012-01-13,ATVI,17.556594848632812
2012-01-17,ATVI,17.264631271362305
2012-01-18,ATVI,17.77069664001465
2012-01-19,ATVI,17.069995880126953
2012-01-20,ATVI,17.449541091918945
2012-01-23,ATVI,17.498201370239258
2012-01-24,ATVI,17.459278106689453
2012-01-25,ATVI,17.556594848632812
2012-01-26,ATVI,17.186771392822266
2012-01-27,ATVI,17.653913497924805
2012-01-30,ATVI,17.546863555908203
2012-01-31,ATVI,18.082124710083008
2012-02-01,ATVI,17.945878982543945
2012-02-02,ATVI,19.04559898376465
2012-02-03,ATVI,18.72443962097168
2012-02-06,ATVI,18.490869522094727
2012-02-07,ATVI,17.994535446166992
2012-02-08,ATVI,17.751235961914062
2012-02-09,ATVI,17.391151428222656
2012-02-10,ATVI,16.953208923339844
2012-02-13,ATVI,17.021331787109375
2012-02-14,ATVI,17.186771392822266
2012-02-15,ATVI,17.274364471435547
2012-02-16,ATVI,17.293832778930664
2012-02-17,ATVI,17.001863479614258
2012-02-21,ATVI,16.758569717407227
2012-02-22,ATVI,16.670982360839844
2012-02-23,ATVI,16.729373931884766
2012-02-24,ATVI,16.476337432861328
2012-02-27,ATVI,16.35955047607422
2012-02-28,ATVI,16.26223373413086
2012-02-29,ATVI,15.902148246765137
2012-03-01,ATVI,16.242769241333008
2012-03-02,ATVI,16.330360412597656
2012-03-05,ATVI,16.04813003540039
2012-03-06,ATVI,15.999467849731444
2012-03-07,ATVI,16.067594528198242
2012-03-08,ATVI,16.933744430541992
2012-03-09,ATVI,16.797496795654297
2012-03-12,ATVI,16.388750076293945
2012-03-13,ATVI,16.81696128845215
2012-03-14,ATVI,16.057859420776367
2012-03-15,ATVI,16.26223373413086
2012-03-16,ATVI,16.99213409423828
2012-03-19,ATVI,16.70990753173828
2012-03-20,ATVI,16.5541934967041
2012-03-21,ATVI,16.46660804748535
2012-03-22,ATVI,16.505537033081055
2012-03-23,ATVI,16.408220291137695
2012-03-26,ATVI,16.544462203979492
2012-03-27,ATVI,16.563928604125977
2012-03-28,ATVI,16.340089797973633
2012-03-29,ATVI,16.04813003540039
2012-03-30,ATVI,16.04813003540039
2012-04-02,ATVI,16.26223373413086
2012-04-03,ATVI,16.203840255737305
2012-04-04,ATVI,15.824296951293944
2012-04-05,ATVI,15.834026336669922
2012-04-09,ATVI,15.473939895629885
2012-04-10,ATVI,15.133315086364746
2012-04-11,ATVI,15.464207649230955
2012-04-12,ATVI,16.077322006225586
2012-04-13,ATVI,15.746437072753906
2012-04-16,ATVI,14.802430152893066
2012-04-17,ATVI,14.870553970336914
2012-04-18,ATVI,14.666178703308104
2012-04-19,ATVI,14.36448860168457
2012-04-20,ATVI,14.52993106842041
2012-04-23,ATVI,14.471539497375488
2012-04-24,ATVI,14.48127269744873
2012-04-25,ATVI,14.607789039611816
2012-04-26,ATVI,15.503134727478027
2012-04-27,ATVI,14.909480094909668
2012-04-30,ATVI,14.967873573303224
2012-05-01,ATVI,15.123584747314451
2012-05-02,ATVI,15.444741249084473
2012-05-03,ATVI,15.250102996826172
2012-05-04,ATVI,14.71484088897705
2012-05-07,ATVI,14.72457218170166
2012-05-08,ATVI,14.091988563537598
2012-05-09,ATVI,13.7416353225708
2012-05-10,ATVI,14.315826416015623
2012-05-11,ATVI,14.17957592010498
2012-05-14,ATVI,13.994668960571287
2012-05-15,ATVI,13.92654514312744
2012-05-16,ATVI,14.023865699768066
2012-05-17,ATVI,13.858420372009276
2012-05-18,ATVI,13.722171783447266
2012-05-21,ATVI,13.994668960571287
2012-05-22,ATVI,13.877883911132812
2012-05-23,ATVI,14.296363830566406
2012-05-24,ATVI,13.83895778656006
2012-05-25,ATVI,13.83895778656006
2012-05-29,ATVI,13.994668960571287
2012-05-30,ATVI,13.770833969116213
2012-05-31,ATVI,13.255033493041992
2012-06-01,ATVI,12.768431663513184
2012-06-04,ATVI,12.719771385192873
2012-06-05,ATVI,12.787898063659668
2012-06-06,ATVI,13.342620849609377
2012-06-07,ATVI,13.06039333343506
2012-06-08,ATVI,13.109054565429688
2012-06-11,ATVI,12.476470947265623
2012-06-12,ATVI,12.447272300720217
2012-06-13,ATVI,11.960671424865724
2012-06-14,ATVI,11.98987102508545
2012-06-15,ATVI,12.106653213500977
2012-06-18,ATVI,12.096920013427734
2012-06-19,ATVI,12.330493927001951
2012-06-20,ATVI,12.320758819580078
2012-06-21,ATVI,11.67844295501709
2012-06-22,ATVI,11.931475639343262
2012-06-25,ATVI,11.795228004455566
2012-06-26,ATVI,11.649248123168944
2012-06-27,ATVI,11.78549575805664
2012-06-28,ATVI,11.571391105651855
2012-06-29,ATVI,12.01906681060791
2012-07-02,ATVI,11.95094108581543
2012-07-03,ATVI,12.252631187438965
2012-07-05,ATVI,12.057994842529297
2012-07-06,ATVI,11.69790744781494
2012-07-09,ATVI,11.620051383972168
2012-07-10,ATVI,11.27943229675293
2012-07-11,ATVI,11.367019653320312
2012-07-12,ATVI,11.27943229675293
2012-07-13,ATVI,11.396214485168455
2012-07-16,ATVI,11.221038818359377
2012-07-17,ATVI,11.05559253692627
2012-07-18,ATVI,11.191840171813965
2012-07-19,ATVI,11.941207885742188
2012-07-20,ATVI,11.658981323242188
2012-07-23,ATVI,11.50326919555664
2012-07-24,ATVI,11.230770111083984
2012-07-25,ATVI,11.201573371887209
2012-07-26,ATVI,10.656580924987791
2012-07-27,ATVI,11.104252815246582
2012-07-30,ATVI,10.929076194763184
2012-07-31,ATVI,10.724705696105955
2012-08-01,ATVI,11.367019653320312
2012-08-02,ATVI,11.065327644348145
2012-08-03,ATVI,11.649248123168944
2012-08-06,ATVI,11.87308406829834
2012-08-07,ATVI,12.447272300720217
2012-08-08,ATVI,12.593255043029783
2012-08-09,ATVI,12.768431663513184
2012-08-10,ATVI,12.72950553894043
2012-08-13,ATVI,12.52513027191162
2012-08-14,ATVI,12.369420051574709
2012-08-15,ATVI,12.739234924316406
2012-08-16,ATVI,13.439943313598633
2012-08-17,ATVI,13.401015281677246
2012-08-20,ATVI,13.196642875671388
2012-08-21,ATVI,13.196642875671388
2012-08-22,ATVI,13.079858779907228
2012-08-23,ATVI,12.894948959350586
2012-08-24,ATVI,12.972804069519045
2012-08-27,ATVI,12.583523750305176
2012-08-28,ATVI,12.486205101013184
2012-08-29,ATVI,12.505669593811035
2012-08-30,ATVI,12.65164852142334
2012-08-31,ATVI,12.972804069519045
2012-09-04,ATVI,12.680845260620115
2012-09-05,ATVI,12.787898063659668
2012-09-06,ATVI,13.264764785766602
2012-09-07,ATVI,13.66378116607666
2012-09-10,ATVI,13.46913719177246
2012-09-11,ATVI,13.439943313598633
2012-09-12,ATVI,13.615118980407717
2012-09-13,ATVI,13.858420372009276
2012-09-14,ATVI,14.111452102661133
2012-09-17,ATVI,13.829224586486816
2012-09-18,ATVI,13.624850273132324
2012-09-19,ATVI,13.556727409362791
2012-09-20,ATVI,13.118783950805664
2012-09-21,ATVI,12.885218620300291
2012-09-24,ATVI,12.953344345092772
2012-09-25,ATVI,12.340224266052246
2012-09-26,ATVI,12.262367248535156
2012-09-27,ATVI,12.437543869018556
2012-09-28,ATVI,12.349952697753906
2012-10-01,ATVI,12.01906681060791
2012-10-02,ATVI,12.311028480529783
2012-10-03,ATVI,12.505669593811035
2012-10-04,ATVI,12.680845260620115
2012-10-05,ATVI,12.602987289428713
2012-10-08,ATVI,12.632184028625488
2012-10-09,ATVI,12.661380767822266
2012-10-10,ATVI,12.544596672058104
2012-10-11,ATVI,12.700305938720703
2012-10-12,ATVI,13.05066204071045
2012-10-15,ATVI,13.32315731048584
2012-10-16,ATVI,13.605386734008787
2012-10-17,ATVI,13.498334884643556
2012-10-18,ATVI,13.459406852722168
2012-10-19,ATVI,12.72950553894043
2012-10-22,ATVI,12.700305938720703
2012-10-23,ATVI,12.427809715270996
2012-10-24,ATVI,12.087188720703123
2012-10-25,ATVI,11.882817268371582
2012-10-26,ATVI,11.59085464477539
2012-10-31,ATVI,12.01906681060791
2012-11-01,ATVI,12.65164852142334
2012-11-02,ATVI,12.64191436767578
2012-11-05,ATVI,12.846285820007324
2012-11-06,ATVI,13.391282081604004
2012-11-07,ATVI,13.079858779907228
2012-11-08,ATVI,12.564058303833008
2012-11-09,ATVI,12.544596672058104
2012-11-12,ATVI,12.671113014221191
2012-11-13,ATVI,12.632184028625488
2012-11-14,ATVI,12.408347129821776
2012-11-15,ATVI,12.700305938720703
2012-11-16,ATVI,12.700305938720703
2012-11-19,ATVI,13.342620849609377
2012-11-20,ATVI,13.488601684570312
2012-11-21,ATVI,13.595654487609863
2012-11-23,ATVI,13.98493766784668
2012-11-26,ATVI,14.208773612976074
2012-11-27,ATVI,14.345023155212402
2012-11-28,ATVI,14.62725067138672
2012-11-29,ATVI,14.62725067138672
2012-11-30,ATVI,14.41314697265625
2012-12-03,ATVI,14.140649795532228
2012-12-04,ATVI,14.053061485290527
2012-12-05,ATVI,14.237967491149902
2012-12-06,ATVI,14.422879219055176
2012-12-07,ATVI,14.442341804504396
2012-12-10,ATVI,14.422879219055176
2012-12-11,ATVI,14.744033813476562
2012-12-12,ATVI,14.919215202331545
2012-12-13,ATVI,14.841354370117188
2012-12-14,ATVI,14.890016555786133
2012-12-17,ATVI,15.006799697875977
2012-12-18,ATVI,14.510465621948242
2012-12-19,ATVI,14.014134407043455
2012-12-20,ATVI,13.566461563110352
2012-12-21,ATVI,13.517800331115724
2012-12-24,ATVI,13.73190212249756
2012-12-26,ATVI,13.780562400817873
2012-12-27,ATVI,13.644317626953123
2012-12-28,ATVI,13.546996116638184
2012-12-31,ATVI,14.1309175491333
2013-01-02,ATVI,14.160115242004396
2013-01-03,ATVI,14.345023155212402
2013-01-04,ATVI,14.48127269744873
2013-01-07,ATVI,14.062793731689451
2013-01-08,ATVI,13.401015281677246
2013-01-09,ATVI,13.332889556884766
2013-01-10,ATVI,13.624850273132324
2013-01-11,ATVI,13.858420372009276
2013-01-14,ATVI,14.043327331542969
2013-01-15,ATVI,14.218504905700684
2013-01-16,ATVI,14.208773612976074
2013-01-17,ATVI,14.121186256408691
2013-01-18,ATVI,14.072524070739746
2013-01-22,ATVI,14.043327331542969
2013-01-23,ATVI,13.67351245880127
2013-01-24,ATVI,13.877883911132812
2013-01-25,ATVI,14.37421703338623
2013-01-28,ATVI,14.636984825134276
2013-01-29,ATVI,14.549393653869627
2013-01-30,ATVI,14.675912857055664
2013-01-31,ATVI,15.308494567871094
2013-02-01,ATVI,15.7561674118042
2013-02-04,ATVI,15.571258544921877
2013-02-05,ATVI,16.437408447265625
2013-02-06,ATVI,16.427677154541016
2013-02-07,ATVI,16.41794776916504
2013-02-08,ATVI,16.904542922973633
2013-02-11,ATVI,16.943477630615234
2013-02-12,ATVI,17.069995880126953
2013-02-13,ATVI,16.70990753173828
2013-02-14,ATVI,16.69044303894043
2013-02-15,ATVI,16.51526641845703
2013-02-19,ATVI,17.118650436401367
2013-02-20,ATVI,17.0115966796875
2013-02-21,ATVI,17.167312622070312
2013-02-22,ATVI,17.3327579498291
2013-02-25,ATVI,17.225706100463867
2013-02-26,ATVI,17.215972900390625
2013-02-27,ATVI,17.63444709777832
2013-02-28,ATVI,17.060266494750977
2013-03-01,ATVI,17.556594848632812
2013-03-04,ATVI,17.712308883666992
2013-03-05,ATVI,18.01399803161621
2013-03-06,ATVI,18.12105178833008
2013-03-07,ATVI,18.208641052246094
2013-03-08,ATVI,18.082124710083008
2013-03-11,ATVI,18.617382049560547
2013-03-12,ATVI,18.73417282104492
2013-03-13,ATVI,18.43248176574707
2013-03-14,ATVI,18.821758270263672
2013-03-15,ATVI,18.374082565307617
2013-03-18,ATVI,18.208641052246094
2013-03-19,ATVI,16.69044303894043
2013-03-20,ATVI,16.875350952148438
2013-03-21,ATVI,17.225706100463867
2013-03-22,ATVI,17.48847007751465
2013-03-25,ATVI,17.089454650878906
2013-03-26,ATVI,17.293832778930664
2013-03-27,ATVI,17.31329345703125
2013-03-28,ATVI,17.225706100463867
2013-04-01,ATVI,17.43981170654297
2013-04-02,ATVI,17.07972526550293
2013-04-03,ATVI,16.778032302856445
2013-04-04,ATVI,16.787763595581055
2013-04-05,ATVI,16.885086059570312
2013-04-08,ATVI,16.80722999572754
2013-04-09,ATVI,16.982404708862305
2013-04-10,ATVI,17.32302474975586
2013-04-11,ATVI,17.15757942199707
2013-04-12,ATVI,17.108919143676758
2013-04-15,ATVI,16.456871032714844
2013-04-16,ATVI,16.904542922973633
2013-04-17,ATVI,16.5541934967041
2013-04-18,ATVI,16.486072540283203
2013-04-19,ATVI,16.632047653198242
2013-04-22,ATVI,16.81696128845215
2013-04-23,ATVI,16.953208923339844
2013-04-24,ATVI,17.32302474975586
2013-04-25,ATVI,17.459278106689453
2013-04-26,ATVI,17.400880813598633
2013-04-29,ATVI,17.293832778930664
2013-04-30,ATVI,17.13811492919922
2013-05-01,ATVI,16.836421966552734
2013-05-02,ATVI,17.069995880126953
2013-05-03,ATVI,17.478736877441406
2013-05-06,ATVI,17.799896240234375
2013-05-07,ATVI,17.91667938232422
2013-05-08,ATVI,20.98226928710937
2013-05-09,ATVI,21.06012535095215
2013-05-10,ATVI,21.877614974975582
2013-05-13,ATVI,21.15744972229004
2013-05-14,ATVI,21.80949592590332
2013-05-15,ATVI,22.0333309173584
2013-05-16,ATVI,21.42994880676269
2013-05-17,ATVI,21.614850997924805
2013-05-20,ATVI,21.20610809326172
2013-05-21,ATVI,21.381282806396484
2013-05-22,ATVI,21.16718101501465
2013-05-23,ATVI,22.04306030273437
2013-05-24,ATVI,22.159852981567383
2013-05-28,ATVI,22.636716842651367
2013-05-29,ATVI,22.53939819335937
2013-05-30,ATVI,22.724306106567383
2013-05-31,ATVI,22.37395668029785
2013-06-03,ATVI,22.37395668029785
2013-06-04,ATVI,22.11118507385254
2013-06-05,ATVI,22.266902923583984
2013-06-06,ATVI,22.65618324279785
2013-06-07,ATVI,22.977338790893555
2013-06-10,ATVI,22.25716590881348
2013-06-11,ATVI,21.99440574645996
2013-06-12,ATVI,20.962804794311523
2013-06-13,ATVI,20.91415023803711
2013-06-14,ATVI,21.225570678710938
2013-06-17,ATVI,21.82896041870117
2013-06-18,ATVI,22.41288375854492
2013-06-19,ATVI,22.22797393798828
2013-06-20,ATVI,21.55646514892578
2013-06-21,ATVI,21.39101791381836
2013-06-24,ATVI,21.030933380126957
2013-06-25,ATVI,21.19637680053711
2013-06-26,ATVI,21.20610809326172
2013-06-27,ATVI,21.614850997924805
2013-06-28,ATVI,22.37395668029785
2013-07-01,ATVI,22.55886459350586
2013-07-02,ATVI,22.88975143432617
2013-07-03,ATVI,22.68537712097168
2013-07-05,ATVI,23.191444396972656
2013-07-08,ATVI,22.909217834472656
2013-07-09,ATVI,22.93840980529785
2013-07-10,ATVI,23.259565353393555
2013-07-11,ATVI,23.619653701782227
2013-07-12,ATVI,23.668310165405277
2013-07-15,ATVI,23.54179573059082
2013-07-16,ATVI,23.54179573059082
2013-07-17,ATVI,23.17197799682617
2013-07-18,ATVI,23.512601852416992
2013-07-19,ATVI,23.619653701782227
2013-07-22,ATVI,23.36662101745605
2013-07-23,ATVI,23.191444396972656
2013-07-24,ATVI,24.729103088378903
2013-07-25,ATVI,23.9797420501709
2013-07-26,ATVI,25.128116607666016
2013-07-29,ATVI,24.797231674194336
2013-07-30,ATVI,25.37142372131348
2013-07-31,ATVI,25.42008209228516
2013-08-01,ATVI,25.81909942626953
2013-08-02,ATVI,25.85802459716797
2013-08-05,ATVI,25.81909942626953
2013-08-06,ATVI,25.73149871826172
2013-08-07,ATVI,25.63418960571289
2013-08-08,ATVI,25.926145553588867
2013-08-09,ATVI,25.935874938964844
2013-08-12,ATVI,25.965072631835938
2013-08-13,ATVI,25.838552474975582
2013-08-14,ATVI,25.94560813903809
2013-08-15,ATVI,25.770437240600582
2013-08-16,ATVI,26.1694450378418
2013-08-19,ATVI,25.85802459716797
2013-08-20,ATVI,26.03319549560547
2013-08-21,ATVI,25.94560813903809
2013-08-22,ATVI,27.035600662231445
2013-08-23,ATVI,27.220502853393555
2013-08-26,ATVI,27.113454818725582
2013-08-27,ATVI,26.26676750183105
2013-08-28,ATVI,26.403017044067383
2013-08-29,ATVI,26.831222534179688
2013-08-30,ATVI,25.926145553588867
2013-09-03,ATVI,26.62685203552246
2013-09-04,ATVI,27.23996925354004
2013-09-05,ATVI,26.93827438354492
2013-09-06,ATVI,26.04292678833008
2013-09-09,ATVI,26.3835506439209
2013-09-10,ATVI,26.22783470153809
2013-09-11,ATVI,25.994272232055664
2013-09-12,ATVI,25.682846069335938
2013-09-13,ATVI,25.955341339111328
2013-09-16,ATVI,26.237567901611328
2013-09-17,ATVI,26.86042022705078
2013-09-18,ATVI,26.140249252319336
2013-09-19,ATVI,26.25703239440918
2013-09-20,ATVI,25.82882308959961
2013-09-23,ATVI,25.48820304870605
2013-09-24,ATVI,25.838552474975582
2013-09-25,ATVI,25.887216567993164
2013-09-26,ATVI,25.44927406311035
2013-09-27,ATVI,25.25463485717773
2013-09-30,ATVI,24.865354537963867
2013-10-01,ATVI,25.7120418548584
2013-10-02,ATVI,24.933483123779297
2013-10-03,ATVI,24.407947540283203
2013-10-04,ATVI,25.06972312927246
2013-10-07,ATVI,24.573396682739254
2013-10-08,ATVI,23.425010681152344
2013-10-09,ATVI,23.50286674499512
2013-10-10,ATVI,24.544198989868164
2013-10-11,ATVI,24.057594299316406
2013-10-14,ATVI,23.931076049804688
2013-10-15,ATVI,23.327695846557617
2013-10-16,ATVI,23.561260223388672
2013-10-17,ATVI,23.872690200805664
2013-10-18,ATVI,24.359289169311523
2013-10-21,ATVI,23.84349250793457
2013-10-22,ATVI,24.553930282592773
2013-10-23,ATVI,23.950544357299805
2013-10-24,ATVI,24.077056884765625
2013-10-25,ATVI,24.086790084838867
2013-10-28,ATVI,24.164648056030277
2013-10-29,ATVI,23.483402252197266
2013-10-30,ATVI,25.30329704284668
2013-10-31,ATVI,25.546594619750977
2013-11-01,ATVI,24.943208694458008
2013-11-04,ATVI,25.040529251098636
2013-11-05,ATVI,24.87508773803711
2013-11-06,ATVI,25.05026054382324
2013-11-07,ATVI,24.65124893188477
2013-11-08,ATVI,25.01133918762207
2013-11-11,ATVI,25.293561935424805
2013-11-12,ATVI,25.73149871826172
2013-11-13,ATVI,25.7120418548584
2013-11-14,ATVI,25.264368057250977
2013-11-15,ATVI,23.415281295776367
2013-11-18,ATVI,23.473676681518555
2013-11-19,ATVI,22.69510841369629
2013-11-20,ATVI,22.38368034362793
2013-11-21,ATVI,22.76323509216309
2013-11-22,ATVI,22.519933700561523
2013-11-25,ATVI,22.16958236694336
2013-11-26,ATVI,21.916553497314453
2013-11-27,ATVI,21.517534255981445
2013-11-29,ATVI,21.575925827026367
2013-12-02,ATVI,21.313161849975582
2013-12-03,ATVI,20.962804794311523
2013-12-04,ATVI,21.741369247436523
2013-12-05,ATVI,20.44701385498047
2013-12-06,ATVI,21.6440486907959
2013-12-09,ATVI,21.59539031982422
2013-12-10,ATVI,21.468870162963867
2013-12-11,ATVI,20.515134811401367
2013-12-12,ATVI,20.408079147338867
2013-12-13,ATVI,21.624584197998047
2013-12-16,ATVI,21.468870162963867
2013-12-17,ATVI,22.140382766723636
2013-12-18,ATVI,22.247434616088867
2013-12-19,ATVI,22.792428970336918
2013-12-20,ATVI,22.909217834472656
2013-12-23,ATVI,23.22064018249512
2013-12-24,ATVI,23.191444396972656
2013-12-26,ATVI,23.03573226928711
2013-12-27,ATVI,22.549131393432617
2013-12-30,ATVI,22.27663230895996
2013-12-31,ATVI,22.32529640197754
2014-01-02,ATVI,22.218238830566406
2014-01-03,ATVI,22.07225799560547
2014-01-06,ATVI,21.926279067993164
2014-01-07,ATVI,22.481002807617188
2014-01-08,ATVI,22.68537712097168
2014-01-09,ATVI,22.140382766723636
2014-01-10,ATVI,22.393415451049805
2014-01-13,ATVI,21.78030014038086
2014-01-14,ATVI,21.858152389526367
2014-01-15,ATVI,21.342357635498047
2014-01-16,ATVI,20.962804794311523
2014-01-17,ATVI,23.454212188720703
2014-01-21,ATVI,23.668310165405277
2014-01-22,ATVI,23.522327423095703
2014-01-23,ATVI,23.230369567871094
2014-01-24,ATVI,23.201175689697266
2014-01-27,ATVI,23.814292907714844
2014-01-28,ATVI,24.203577041625977
2014-01-29,ATVI,24.544198989868164
2014-01-30,ATVI,25.33249282836914
2014-01-31,ATVI,25.69257164001465
2014-02-03,ATVI,25.38115119934082
2014-02-04,ATVI,25.47846984863281
2014-02-05,ATVI,25.45901107788086
2014-02-06,ATVI,25.75096893310547
2014-02-07,ATVI,26.471141815185547
2014-02-10,ATVI,26.159717559814453
2014-02-11,ATVI,26.675512313842773
2014-02-12,ATVI,27.113454818725582
2014-02-13,ATVI,26.821489334106445
2014-02-14,ATVI,26.840953826904297
2014-02-18,ATVI,27.63898468017578
2014-02-19,ATVI,27.162113189697266
2014-02-20,ATVI,27.045333862304688
2014-02-21,ATVI,27.24970054626465
2014-02-24,ATVI,27.210773468017575
2014-02-25,ATVI,27.34702491760254
2014-02-26,ATVI,27.51246833801269
2014-02-27,ATVI,27.77523422241211
2014-02-28,ATVI,27.823894500732425
2014-03-03,ATVI,27.337289810180664
2014-03-04,ATVI,28.037996292114254
2014-03-05,ATVI,28.31049346923828
2014-03-06,ATVI,28.427276611328125
2014-03-07,ATVI,28.59272766113281
2014-03-10,ATVI,28.427276611328125
2014-03-11,ATVI,29.00147247314453
2014-03-12,ATVI,29.176647186279297
2014-03-13,ATVI,28.91387939453125
2014-03-14,ATVI,28.80683135986328
2014-03-17,ATVI,29.293428421020508
2014-03-18,ATVI,29.4296817779541
2014-03-19,ATVI,29.41994857788086
2014-03-20,ATVI,29.43941307067871
2014-03-21,ATVI,28.95281219482422
2014-03-24,ATVI,28.222904205322266
2014-03-25,ATVI,28.5051383972168
2014-03-26,ATVI,27.80443000793457
2014-03-27,ATVI,27.716840744018555
2014-03-28,ATVI,27.765499114990234
2014-03-31,ATVI,28.23263931274414
2014-04-01,ATVI,28.68031120300293
2014-04-02,ATVI,28.349422454833984
2014-04-03,ATVI,28.096391677856445
2014-04-04,ATVI,27.83362197875977
2014-04-07,ATVI,27.580589294433597
2014-04-08,ATVI,27.960145950317383
2014-04-09,ATVI,27.40542221069336
2014-04-10,ATVI,26.490602493286133
2014-04-11,ATVI,25.955341339111328
2014-04-14,ATVI,26.548995971679688
2014-04-15,ATVI,26.73390388488769
2014-04-16,ATVI,26.85069465637207
2014-04-17,ATVI,26.831222534179688
2014-04-21,ATVI,27.23023796081543
2014-04-22,ATVI,27.366485595703125
2014-04-23,ATVI,27.39568328857422
2014-04-24,ATVI,27.34702491760254
2014-04-25,ATVI,27.454072952270508
2014-04-28,ATVI,27.42487907409668
2014-04-29,ATVI,27.30809593200684
2014-04-30,ATVI,27.541667938232425
2014-05-01,ATVI,27.96987533569336
2014-05-02,ATVI,27.736305236816406
2014-05-05,ATVI,27.989337921142575
2014-05-06,ATVI,27.29836654663086
2014-05-07,ATVI,33.040260314941406
2014-05-08,ATVI,33.36141586303711
2014-05-09,ATVI,34.17890930175781
2014-05-12,ATVI,34.36381912231445
2014-05-13,ATVI,34.1010627746582
2014-05-14,ATVI,33.21544647216797
2014-05-15,ATVI,32.88455581665039
2014-05-16,ATVI,33.51713943481445
2014-05-19,ATVI,33.643646240234375
2014-05-20,ATVI,33.45874786376953
2014-05-21,ATVI,33.67284393310547
2014-05-22,ATVI,33.643646240234375
2014-05-23,ATVI,33.94534683227539
2014-05-27,ATVI,34.139991760253906
2014-05-28,ATVI,33.770172119140625
2014-05-29,ATVI,33.828556060791016
2014-05-30,ATVI,34.18864059448242
2014-06-02,ATVI,33.6339225769043
2014-06-03,ATVI,33.79936218261719
2014-06-04,ATVI,34.01348114013672
2014-06-05,ATVI,33.84803009033203
2014-06-06,ATVI,33.9161376953125
2014-06-09,ATVI,33.97453689575195
2014-06-10,ATVI,34.743385314941406
2014-06-11,ATVI,34.55846405029297
2014-06-12,ATVI,34.28596115112305
2014-06-13,ATVI,34.72391128540039
2014-06-16,ATVI,34.743385314941406
2014-06-17,ATVI,35.804168701171875
2014-06-18,ATVI,36.154518127441406
2014-06-19,ATVI,36.076656341552734
2014-06-20,ATVI,36.1447868347168
2014-06-23,ATVI,35.91121292114258
2014-06-24,ATVI,35.38568878173828
2014-06-25,ATVI,35.53166580200195
2014-06-26,ATVI,35.29810333251953
2014-06-27,ATVI,34.92828369140625
2014-06-30,ATVI,34.90882110595703
2014-07-01,ATVI,35.43434524536133
2014-07-02,ATVI,35.77496719360352
2014-07-03,ATVI,35.9306755065918
2014-07-07,ATVI,35.19104766845703
2014-07-08,ATVI,34.34435272216797
2014-07-09,ATVI,34.56819534301758
2014-07-10,ATVI,34.88935470581055
2014-07-11,ATVI,35.00612258911133
2014-07-14,ATVI,35.570587158203125
2014-07-15,ATVI,35.21051025390625
2014-07-16,ATVI,36.12532424926758
2014-07-17,ATVI,36.06693649291992
2014-07-18,ATVI,37.351558685302734
2014-07-21,ATVI,37.39049530029297
2014-07-22,ATVI,37.39049530029297
2014-07-23,ATVI,35.07426452636719
2014-07-24,ATVI,35.85282516479492
2014-07-25,ATVI,35.07426452636719
2014-07-28,ATVI,34.14971923828125
2014-07-29,ATVI,33.41981506347656
2014-07-30,ATVI,33.57552719116211
2014-07-31,ATVI,32.69963073730469
2014-08-01,ATVI,32.80669021606445
2014-08-04,ATVI,33.264095306396484
2014-08-05,ATVI,33.21544647216797
2014-08-06,ATVI,33.35169219970703
2014-08-07,ATVI,32.417415618896484
2014-08-08,ATVI,33.37115859985352
2014-08-11,ATVI,34.1302490234375
2014-08-12,ATVI,34.597389221191406
2014-08-13,ATVI,35.43434524536133
2014-08-14,ATVI,35.60952377319336
2014-08-15,ATVI,35.17158126831055
2014-08-18,ATVI,35.68738555908203
2014-08-19,ATVI,36.01826858520508
2014-08-20,ATVI,36.55353927612305
2014-08-21,ATVI,36.748165130615234
2014-08-22,ATVI,37.137454986572266
2014-08-25,ATVI,36.6119270324707
2014-08-26,ATVI,36.55353927612305
2014-08-27,ATVI,36.222633361816406
2014-08-28,ATVI,36.10585403442383
2014-08-29,ATVI,36.82603073120117
2014-09-02,ATVI,36.9914665222168
2014-09-03,ATVI,36.87468338012695
2014-09-04,ATVI,36.35888671875
2014-09-05,ATVI,36.68003845214844
2014-09-08,ATVI,36.98173904418945
2014-09-09,ATVI,36.446475982666016
2014-09-10,ATVI,36.79682922363281
2014-09-11,ATVI,37.02066421508789
2014-09-12,ATVI,36.164249420166016
2014-09-15,ATVI,35.55112075805664
2014-09-16,ATVI,36.02799606323242
2014-09-17,ATVI,35.43434524536133
2014-09-18,ATVI,36.25182723999024
2014-09-19,ATVI,35.72630310058594
2014-09-22,ATVI,35.628990173339844
2014-09-23,ATVI,35.68738555908203
2014-09-24,ATVI,35.882022857666016
2014-09-25,ATVI,34.86014938354492
2014-09-26,ATVI,34.99640274047852
2014-09-29,ATVI,34.82122802734375
2014-09-30,ATVI,34.65578842163086
2014-10-01,ATVI,34.19838333129883
2014-10-02,ATVI,34.63631820678711
2014-10-03,ATVI,34.986671447753906
2014-10-06,ATVI,35.03533172607422
2014-10-07,ATVI,33.98426818847656
2014-10-08,ATVI,34.334625244140625
2014-10-09,ATVI,34.07185363769531
2014-10-10,ATVI,33.60472106933594
2014-10-13,ATVI,32.33955383300781
2014-10-14,ATVI,31.86268615722656
2014-10-15,ATVI,32.485538482666016
2014-10-16,ATVI,31.74590110778809
2014-10-17,ATVI,33.36141586303711
2014-10-20,ATVI,33.994014739990234
2014-10-21,ATVI,34.7336311340332
2014-10-22,ATVI,34.11079406738281
2014-10-23,ATVI,35.26889419555664
2014-10-24,ATVI,35.37595748901367
2014-10-27,ATVI,35.882022857666016
2014-10-28,ATVI,36.47566604614258
2014-10-29,ATVI,37.86735534667969
2014-10-30,ATVI,38.78216171264648
2014-10-31,ATVI,39.87215042114258
2014-11-03,ATVI,39.8624153137207
2014-11-04,ATVI,39.55099105834961
2014-11-05,ATVI,39.638580322265625
2014-11-06,ATVI,39.70670700073242
2014-11-07,ATVI,39.84295272827149
2014-11-10,ATVI,40.15438079833984
2014-11-11,ATVI,40.03760147094727
2014-11-12,ATVI,40.09600067138672
2014-11-13,ATVI,40.33928680419922
2014-11-14,ATVI,40.35875701904297
2014-11-17,ATVI,40.29064178466797
2014-11-18,ATVI,41.72124099731445
2014-11-19,ATVI,42.28569412231445
2014-11-20,ATVI,41.993743896484375
2014-11-21,ATVI,42.3343620300293
2014-11-24,ATVI,42.431678771972656
2014-11-25,ATVI,42.830684661865234
2014-11-26,ATVI,42.5095329284668
2014-11-28,ATVI,42.752838134765625
2014-12-01,ATVI,41.993743896484375
2014-12-02,ATVI,42.46088409423828
2014-12-03,ATVI,44.75763702392578
2014-12-04,ATVI,45.24424362182617
2014-12-05,ATVI,45.4096908569336
2014-12-08,ATVI,44.77709197998047
2014-12-09,ATVI,44.35862731933594
2014-12-10,ATVI,43.56060028076172
2014-12-11,ATVI,43.910945892333984
2014-12-12,ATVI,43.69683837890625
2014-12-15,ATVI,44.23210144042969
2014-12-16,ATVI,44.23210144042969
2014-12-17,ATVI,44.82576751708984
2014-12-18,ATVI,45.97414016723633
2014-12-19,ATVI,46.1882438659668
2014-12-22,ATVI,46.56779479980469
2014-12-23,ATVI,46.55805587768555
2014-12-24,ATVI,46.77217102050781
2014-12-26,ATVI,47.03493881225586
2014-12-29,ATVI,46.31476593017578
2014-12-30,ATVI,46.11039733886719
2014-12-31,ATVI,45.76002883911133
2015-01-02,ATVI,45.61405563354492
2015-01-05,ATVI,45.32209014892578
2015-01-06,ATVI,44.72844314575195
2015-01-07,ATVI,45.55566787719727
2015-01-08,ATVI,46.84029769897461
2015-01-09,ATVI,46.23690414428711
2015-01-12,ATVI,45.798973083496094
2015-01-13,ATVI,45.17610931396485
2015-01-14,ATVI,45.643253326416016
2015-01-15,ATVI,45.39021682739258
2015-01-16,ATVI,46.80136489868164
2015-01-20,ATVI,46.52886581420898
2015-01-21,ATVI,46.78189849853516
2015-01-22,ATVI,48.03733444213867
2015-01-23,ATVI,48.45581817626953
2015-01-26,ATVI,48.15411376953125
2015-01-27,ATVI,47.11278533935547
2015-01-28,ATVI,53.14664459228516
2015-01-29,ATVI,53.84735870361328
2015-01-30,ATVI,53.38996124267578
2015-02-02,ATVI,53.49700546264648
2015-02-03,ATVI,53.059059143066406
2015-02-04,ATVI,53.097991943359375
2015-02-05,ATVI,54.87896347045898
2015-02-06,ATVI,53.662445068359375
2015-02-09,ATVI,52.82549285888672
2015-02-10,ATVI,53.29262924194336
2015-02-11,ATVI,53.4775390625
2015-02-12,ATVI,54.69404983520508
2015-02-13,ATVI,54.87896347045898
2015-02-17,ATVI,55.23904037475586
2015-02-18,ATVI,56.06626129150391
2015-02-19,ATVI,55.60886001586914
2015-02-20,ATVI,56.12465286254883
2015-02-23,ATVI,56.00788116455078
2015-02-24,ATVI,56.08572006225586
2015-02-25,ATVI,55.8521614074707
2015-02-26,ATVI,56.18303680419922
2015-02-27,ATVI,55.64778900146485
2015-03-02,ATVI,55.91054916381836
2015-03-03,ATVI,55.151458740234375
2015-03-04,ATVI,55.66724395751953
2015-03-05,ATVI,55.842430114746094
2015-03-06,ATVI,54.84975814819336
2015-03-09,ATVI,55.151458740234375
2015-03-10,ATVI,53.57486724853516
2015-03-11,ATVI,53.61379623413086
2015-03-12,ATVI,53.5845947265625
2015-03-13,ATVI,53.81816482543945
2015-03-16,ATVI,54.32422637939453
2015-03-17,ATVI,52.71845245361328
2015-03-18,ATVI,54.13931274414063
2015-03-19,ATVI,54.46047592163086
2015-03-20,ATVI,55.74510192871094
2015-03-23,ATVI,55.73536682128906
2015-03-24,ATVI,56.40688705444336
2015-03-25,ATVI,54.58699417114258
2015-03-26,ATVI,54.5772705078125
2015-03-27,ATVI,56.67938232421875
2015-03-30,ATVI,57.87642288208008
2015-03-31,ATVI,57.24384307861328
2015-04-01,ATVI,55.74510192871094
2015-04-02,ATVI,56.10519790649414
2015-04-06,ATVI,55.58938980102539
2015-04-07,ATVI,56.25117492675781
2015-04-08,ATVI,56.5917854309082
2015-04-09,ATVI,55.95920944213867
2015-04-10,ATVI,56.79616928100586
2015-04-13,ATVI,55.79377365112305
2015-04-14,ATVI,55.54072189331055
2015-04-15,ATVI,55.336368560791016
2015-04-16,ATVI,55.336368560791016
2015-04-17,ATVI,54.52859878540039
2015-04-20,ATVI,55.75483322143555
2015-04-21,ATVI,57.44821548461914
2015-04-22,ATVI,58.20732116699219
2015-04-23,ATVI,58.27543640136719
2015-04-24,ATVI,58.28517150878906
2015-04-27,ATVI,58.23650741577149
2015-04-28,ATVI,57.526065826416016
2015-04-29,ATVI,57.0491943359375
2015-04-30,ATVI,56.53340911865234
2015-05-01,ATVI,57.740177154541016
2015-05-04,ATVI,57.72070693969727
2015-05-05,ATVI,57.57472229003906
2015-05-06,ATVI,59.29729461669922
2015-05-07,ATVI,58.65498733520508
2015-05-08,ATVI,60.22184753417969
2015-05-11,ATVI,60.91282272338867
2015-05-12,ATVI,60.78630447387695
2015-05-13,ATVI,60.07586669921875
2015-05-14,ATVI,61.39941787719727
2015-05-15,ATVI,61.19505310058594
2015-05-18,ATVI,61.603797912597656
2015-05-19,ATVI,60.93228530883789
2015-05-20,ATVI,60.57218933105469
2015-05-21,ATVI,61.0101318359375
2015-05-22,ATVI,60.88362121582031
2015-05-26,ATVI,60.85443115234375
2015-05-27,ATVI,62.14878845214844
2015-05-28,ATVI,61.5745964050293
2015-05-29,ATVI,61.0782585144043
2015-06-01,ATVI,61.20478057861328
2015-06-02,ATVI,61.29236602783203
2015-06-03,ATVI,61.67192077636719
2015-06-04,ATVI,60.95175552368164
2015-06-05,ATVI,61.21451187133789
2015-06-08,ATVI,60.00774383544922
2015-06-09,ATVI,60.1245231628418
2015-06-10,ATVI,60.85443115234375
2015-06-11,ATVI,60.91282272338867
2015-06-12,ATVI,61.06852722167969
2015-06-15,ATVI,59.92014694213867
2015-06-16,ATVI,61.17558670043945
2015-06-17,ATVI,62.75217056274414
2015-06-18,ATVI,63.5210189819336
2015-06-19,ATVI,64.18276977539062
2015-06-22,ATVI,64.83483123779297
2015-06-23,ATVI,64.79589080810547
2015-06-24,ATVI,65.8664321899414
2015-06-25,ATVI,65.64258575439453
2015-06-26,ATVI,65.81776428222656
2015-06-29,ATVI,64.44554901123047
2015-06-30,ATVI,64.71804809570312
2015-07-01,ATVI,66.17784881591797
2015-07-02,ATVI,65.98320770263672
2015-07-06,ATVI,66.18756866455078
2015-07-07,ATVI,68.01720428466797
2015-07-08,ATVI,67.15105438232422
2015-07-09,ATVI,68.61085510253906
2015-07-10,ATVI,70.13878631591797
2015-07-13,ATVI,71.56941986083984
2015-07-14,ATVI,70.31398010253906
2015-07-15,ATVI,70.55726623535156
2015-07-16,ATVI,71.01467895507812
2015-07-17,ATVI,71.50128173828125
2015-07-20,ATVI,72.78590393066406
2015-07-21,ATVI,71.70565032958984
2015-07-22,ATVI,70.96599578857422
2015-07-23,ATVI,69.88574981689453
2015-07-24,ATVI,70.35289001464844
2015-07-27,ATVI,69.31157684326172
2015-07-28,ATVI,69.87602233886719
2015-07-29,ATVI,70.245849609375
2015-07-30,ATVI,70.36263275146484
2015-07-31,ATVI,69.63272857666016
2015-08-03,ATVI,69.06825256347656
2015-08-04,ATVI,69.87602233886719
2015-08-05,ATVI,73.14600372314453
2015-08-06,ATVI,72.02681732177734
2015-08-07,ATVI,71.39422607421875
2015-08-10,ATVI,71.9878921508789
2015-08-11,ATVI,71.8418960571289
2015-08-12,ATVI,71.74459075927734
2015-08-13,ATVI,71.4136734008789
2015-08-14,ATVI,70.86869049072266
2015-08-17,ATVI,71.72511291503906
2015-08-18,ATVI,71.87110137939453
2015-08-19,ATVI,69.69112396240234
2015-08-20,ATVI,65.89563751220703
2015-08-21,ATVI,63.7740478515625
2015-08-24,ATVI,61.99307632446289
2015-08-25,ATVI,61.83736038208008
2015-08-26,ATVI,64.56231689453125
2015-08-27,ATVI,65.36035919189453
2015-08-28,ATVI,66.09025573730469
2015-08-31,ATVI,64.37741088867188
2015-09-01,ATVI,61.73030090332031
2015-09-02,ATVI,62.93708419799805
2015-09-03,ATVI,64.02705383300781
2015-09-04,ATVI,64.59152221679688
2015-09-08,ATVI,66.66444396972656
2015-09-09,ATVI,65.9637451171875
2015-09-10,ATVI,66.89801025390625
2015-09-11,ATVI,67.06346893310547
2015-09-14,ATVI,66.51847076416016
2015-09-15,ATVI,67.52086639404297
2015-09-16,ATVI,68.39676666259766
2015-09-17,ATVI,69.1558609008789
2015-09-18,ATVI,68.19236755371094
2015-09-21,ATVI,68.68870544433594
2015-09-22,ATVI,66.849365234375
2015-09-23,ATVI,67.59872436523438
2015-09-24,ATVI,66.96614837646484
2015-09-25,ATVI,67.62792205810547
2015-09-28,ATVI,64.67910766601562
2015-09-29,ATVI,64.23143768310547
2015-09-30,ATVI,65.93455505371094
2015-10-01,ATVI,65.39926147460938
2015-10-02,ATVI,64.70831298828125
2015-10-05,ATVI,65.77881622314453
2015-10-06,ATVI,64.7667236328125
2015-10-07,ATVI,64.3385009765625
2015-10-08,ATVI,64.03680419921875
2015-10-09,ATVI,63.29718780517578
2015-10-12,ATVI,66.28490447998047
2015-10-13,ATVI,66.58660125732422
2015-10-14,ATVI,68.67899322509766
2015-10-15,ATVI,69.06825256347656
2015-10-16,ATVI,69.7884521484375
2015-10-19,ATVI,70.35289001464844
2015-10-20,ATVI,70.36263275146484
2015-10-21,ATVI,70.8395004272461
2015-10-22,ATVI,72.54261016845703
2015-10-23,ATVI,72.91241455078125
2015-10-26,ATVI,72.09492492675781
2015-10-27,ATVI,73.25304412841797
2015-10-28,ATVI,74.71284484863281
2015-10-29,ATVI,74.0218505859375
2015-10-30,ATVI,70.13878631591797
2015-11-02,ATVI,70.07066345214844
2015-11-03,ATVI,69.97334289550781
2015-11-04,ATVI,72.2992935180664
2015-11-05,ATVI,72.07545471191406
2015-11-06,ATVI,70.44047546386719
2015-11-09,ATVI,69.0390853881836
2015-11-10,ATVI,68.93201446533203
2015-11-11,ATVI,69.38943481445312
2015-11-12,ATVI,69.7397689819336
2015-11-13,ATVI,68.01720428466797
2015-11-16,ATVI,66.16813659667969
2015-11-17,ATVI,66.2751693725586
2015-11-18,ATVI,66.58660125732422
2015-11-19,ATVI,69.17533111572266
2015-11-20,ATVI,70.47941589355469
2015-11-23,ATVI,67.13159942626953
2015-11-24,ATVI,65.2630386352539
2015-11-25,ATVI,67.64737701416016
2015-11-27,ATVI,67.0342788696289
2015-11-30,ATVI,65.97348022460938
2015-12-01,ATVI,66.79096221923828
2015-12-02,ATVI,67.48194885253906
2015-12-03,ATVI,65.41875457763672
2015-12-04,ATVI,68.49405670166016
2015-12-07,ATVI,68.89309692382812
2015-12-08,ATVI,69.08773040771484
2015-12-09,ATVI,65.29222106933594
2015-12-10,ATVI,64.59152221679688
2015-12-11,ATVI,65.3700942993164
2015-12-14,ATVI,67.79336547851562
2015-12-15,ATVI,70.3918228149414
2015-12-16,ATVI,70.10960388183594
2015-12-17,ATVI,69.21424865722656
2015-12-18,ATVI,67.13159942626953
2015-12-21,ATVI,66.86882019042969
2015-12-22,ATVI,67.21916961669922
2015-12-23,ATVI,66.80069732666016
2015-12-24,ATVI,67.10237884521484
2015-12-28,ATVI,67.3359603881836
2015-12-29,ATVI,67.97827911376953
2015-12-30,ATVI,67.78363037109375
2015-12-31,ATVI,66.87857055664062
2016-01-04,ATVI,64.32876586914062
2016-01-05,ATVI,63.19984817504883
2016-01-06,ATVI,61.97361373901367
2016-01-07,ATVI,60.78630447387695
2016-01-08,ATVI,61.4383544921875
2016-01-11,ATVI,62.48941421508789
2016-01-12,ATVI,63.86163330078125
2016-01-13,ATVI,61.68164825439453
2016-01-14,ATVI,62.75217056274414
2016-01-15,ATVI,64.28982543945312
2016-01-19,ATVI,65.5647201538086
2016-01-20,ATVI,65.05867004394531
2016-01-21,ATVI,65.23384857177734
2016-01-22,ATVI,67.50140380859375
2016-01-25,ATVI,68.04638671875
2016-01-26,ATVI,68.93201446533203
2016-01-27,ATVI,67.62792205810547
2016-01-28,ATVI,67.91988372802734
2016-01-29,ATVI,62.82029724121094
2016-02-01,ATVI,62.47966384887695
2016-02-02,ATVI,59.03453826904297
2016-02-03,ATVI,58.01266860961914
2016-02-04,ATVI,57.15625762939453
2016-02-05,ATVI,54.01280212402344
2016-02-08,ATVI,54.81084442138672
2016-02-09,ATVI,56.68911743164063
2016-02-10,ATVI,57.39955139160156
2016-02-11,ATVI,56.63072204589844
2016-02-12,ATVI,57.66232299804688
2016-02-16,ATVI,57.76936721801758
2016-02-17,ATVI,58.23650741577149
2016-02-18,ATVI,56.786434173583984
2016-02-19,ATVI,57.97373580932617
2016-02-22,ATVI,61.5745964050293
2016-02-23,ATVI,59.87149429321289
2016-02-24,ATVI,61.50647735595703
2016-02-25,ATVI,62.94681167602539
2016-02-26,ATVI,62.72298049926758
2016-02-29,ATVI,62.51861190795898
2016-03-01,ATVI,63.725372314453125
2016-03-02,ATVI,64.31903076171875
2016-03-03,ATVI,63.063594818115234
2016-03-04,ATVI,62.70350646972656
2016-03-07,ATVI,61.886016845703125
2016-03-08,ATVI,61.27290725708008
2016-03-09,ATVI,62.20717239379883
2016-03-10,ATVI,61.79842376708984
2016-03-11,ATVI,62.7424430847168
2016-03-14,ATVI,63.05386734008789
2016-03-15,ATVI,63.958946228027344
2016-03-16,ATVI,64.23143768310547
2016-03-17,ATVI,62.93708419799805
2016-03-18,ATVI,62.59645462036133
2016-03-21,ATVI,62.22665023803711
2016-03-22,ATVI,62.15851974487305
2016-03-23,ATVI,63.306907653808594
2016-03-24,ATVI,62.51861190795898
2016-03-28,ATVI,62.90787887573242
2016-03-29,ATVI,64.2606430053711
2016-03-30,ATVI,64.63046264648438
2016-03-31,ATVI,64.3385009765625
2016-04-01,ATVI,64.1535873413086
2016-04-04,ATVI,63.97841644287109
2016-04-05,ATVI,63.69618225097656
2016-04-06,ATVI,64.06600189208984
2016-04-07,ATVI,62.21691131591797
2016-04-08,ATVI,62.51861190795898
2016-04-11,ATVI,61.46754455566406
2016-04-12,ATVI,61.27290725708008
2016-04-13,ATVI,63.03439712524414
2016-04-14,ATVI,63.19984817504883
2016-04-15,ATVI,65.04893493652344
2016-04-18,ATVI,64.73751068115234
2016-04-19,ATVI,64.41634368896484
2016-04-20,ATVI,64.03680419921875
2016-04-21,ATVI,64.40663146972656
2016-04-22,ATVI,64.10493469238281
2016-04-25,ATVI,64.16331481933594
2016-04-26,ATVI,63.57939147949219
2016-04-27,ATVI,61.65245056152344
2016-04-28,ATVI,60.65005111694336
2016-04-29,ATVI,60.192649841308594
2016-05-02,ATVI,61.20478057861328
2016-05-03,ATVI,60.416481018066406
2016-05-04,ATVI,60.22184753417969
2016-05-05,ATVI,60.57218933105469
2016-05-06,ATVI,62.22665023803711
2016-05-09,ATVI,62.79109573364258
2016-05-10,ATVI,62.8105697631836
2016-05-11,ATVI,71.4136734008789
2016-05-12,ATVI,73.0
2016-05-13,ATVI,73.18492126464844
2016-05-16,ATVI,74.56686401367188
2016-05-17,ATVI,73.12651824951172
2016-05-18,ATVI,72.49394226074219
2016-05-19,ATVI,71.53045654296875
2016-05-20,ATVI,71.15092468261719
2016-05-23,ATVI,71.27742767333984
2016-05-24,ATVI,73.33088684082031
2016-05-25,ATVI,72.931884765625
2016-05-26,ATVI,73.09732818603516
2016-05-27,ATVI,73.67150115966797
2016-05-31,ATVI,74.69338989257812
2016-06-01,ATVI,74.56686401367188
2016-06-02,ATVI,74.52793884277344
2016-06-03,ATVI,74.3138198852539
2016-06-06,ATVI,74.44035339355469
2016-06-07,ATVI,75.17998504638672
2016-06-08,ATVI,74.23596954345703
2016-06-09,ATVI,74.20680236816406
2016-06-10,ATVI,73.26276397705078
2016-06-13,ATVI,72.25064849853516
2016-06-14,ATVI,72.52313995361328
2016-06-15,ATVI,72.39662170410156
2016-06-16,ATVI,72.99027252197266
2016-06-17,ATVI,72.52313995361328
2016-06-20,ATVI,73.29197692871094
2016-06-21,ATVI,73.48661804199219
2016-06-22,ATVI,72.7956314086914
2016-06-23,ATVI,74.01213836669922
2016-06-24,ATVI,71.24822998046875
2016-06-27,ATVI,69.58406066894531
2016-06-28,ATVI,70.65457153320312
2016-06-29,ATVI,71.76404571533203
2016-06-30,ATVI,73.72992706298828
2016-07-01,ATVI,73.83697509765625
2016-07-05,ATVI,73.85643005371094
2016-07-06,ATVI,74.68363952636719
2016-07-07,ATVI,74.56686401367188
2016-07-08,ATVI,76.16291809082031
2016-07-11,ATVI,77.04853820800781
2016-07-12,ATVI,77.3794174194336
2016-07-13,ATVI,75.54007720947266
2016-07-14,ATVI,75.95854949951172
2016-07-15,ATVI,75.74445343017578
2016-07-18,ATVI,76.16291809082031
2016-07-19,ATVI,74.45008087158203
2016-07-20,ATVI,74.64472961425781
2016-07-21,ATVI,73.36007690429688
2016-07-22,ATVI,74.28462982177734
2016-07-25,ATVI,74.83935546875
2016-07-26,ATVI,74.78099060058594
2016-07-27,ATVI,74.61553192138672
2016-07-28,ATVI,74.23596954345703
2016-07-29,ATVI,74.27490997314453
2016-08-01,ATVI,74.57660675048828
2016-08-02,ATVI,74.72257232666016
2016-08-03,ATVI,76.52300262451172
2016-08-04,ATVI,76.13372802734375
2016-08-05,ATVI,77.70057678222656
2016-08-08,ATVI,77.14586639404297
2016-08-09,ATVI,76.58139038085938
2016-08-10,ATVI,76.46461486816406
2016-08-11,ATVI,75.763916015625
2016-08-12,ATVI,75.35514831542969
2016-08-15,ATVI,77.35022735595703
2016-08-16,ATVI,75.95854949951172
2016-08-17,ATVI,77.63245391845703
2016-08-18,ATVI,78.8100357055664
2016-08-19,ATVI,79.56912994384766
2016-08-22,ATVI,79.3063735961914
2016-08-23,ATVI,80.1043701171875
2016-08-24,ATVI,80.21143341064453
2016-08-25,ATVI,79.3647689819336
2016-08-26,ATVI,79.03385925292969
2016-08-29,ATVI,79.32583618164062
2016-08-30,ATVI,79.53994750976562
2016-08-31,ATVI,79.0533447265625
2016-09-01,ATVI,79.56912994384766
2016-09-02,ATVI,81.22357940673828
2016-09-06,ATVI,81.62260437011719
2016-09-07,ATVI,80.53260803222656
2016-09-08,ATVI,79.95840454101562
2016-09-09,ATVI,77.72005462646484
2016-09-12,ATVI,78.67378997802734
2016-09-13,ATVI,78.70298767089844
2016-09-14,ATVI,78.66405487060547
2016-09-15,ATVI,81.13599395751953
2016-09-16,ATVI,80.66885375976562
2016-09-19,ATVI,80.55206298828125
2016-09-20,ATVI,80.76616668701172
2016-09-21,ATVI,81.23331451416016
2016-09-22,ATVI,80.94134521484375
2016-09-23,ATVI,82.00214385986328
2016-09-26,ATVI,81.26251220703125
2016-09-27,ATVI,82.91696166992188
2016-09-28,ATVI,82.7223129272461
2016-09-29,ATVI,82.00214385986328
2016-09-30,ATVI,83.11160278320312
2016-10-03,ATVI,83.12132263183594
2016-10-04,ATVI,83.26730346679688
2016-10-05,ATVI,83.17971801757812
2016-10-06,ATVI,82.31356811523438
2016-10-07,ATVI,81.56419372558594
2016-10-10,ATVI,82.46926879882812
2016-10-11,ATVI,81.13599395751953
2016-10-12,ATVI,80.31851196289062
2016-10-13,ATVI,79.56912994384766
2016-10-14,ATVI,80.37687683105469
2016-10-17,ATVI,80.11412811279297
2016-10-18,ATVI,81.75885772705078
2016-10-19,ATVI,80.54232788085938
2016-10-20,ATVI,80.30876159667969
2016-10-21,ATVI,80.64939880371094
2016-10-24,ATVI,81.89508056640625
2016-10-25,ATVI,80.71751403808594
2016-10-26,ATVI,80.36715698242188
2016-10-27,ATVI,80.50341796875
2016-10-28,ATVI,77.32103729248047
2016-10-31,ATVI,76.41595458984375
2016-11-01,ATVI,75.75415802001953
2016-11-02,ATVI,76.9999008178711
2016-11-03,ATVI,78.36235809326172
2016-11-04,ATVI,78.07040405273438
2016-11-07,ATVI,78.90735626220703
2016-11-08,ATVI,79.3063735961914
2016-11-09,ATVI,77.31129455566406
2016-11-10,ATVI,74.73230743408203
2016-11-11,ATVI,75.37461853027344
2016-11-14,ATVI,74.33328247070312
2016-11-15,ATVI,75.54007720947266
2016-11-16,ATVI,76.7176513671875
2016-11-17,ATVI,77.48648071289062
2016-11-18,ATVI,76.87335968017578
2016-11-21,ATVI,76.16291809082031
2016-11-22,ATVI,75.66658020019531
2016-11-23,ATVI,77.22370147705078
2016-11-25,ATVI,77.04853820800781
2016-11-28,ATVI,76.62030792236328
2016-11-29,ATVI,79.18958282470703
2016-11-30,ATVI,77.11666870117188
2016-12-01,ATVI,73.55474090576172
2016-12-02,ATVI,73.82723999023438
2016-12-05,ATVI,75.37461853027344
2016-12-06,ATVI,74.81014251708984
2016-12-07,ATVI,75.8612289428711
2016-12-08,ATVI,75.6957778930664
2016-12-09,ATVI,76.6397933959961
2016-12-12,ATVI,78.45967864990234
2016-12-13,ATVI,78.59591674804688
2016-12-14,ATVI,78.53754425048828
2016-12-15,ATVI,79.32583618164062
2016-12-16,ATVI,77.3794174194336
2016-12-19,ATVI,77.36967468261719
2016-12-20,ATVI,77.36967468261719
2016-12-21,ATVI,77.5254135131836
2016-12-22,ATVI,77.65193939208984
2016-12-23,ATVI,78.50833892822266
2016-12-27,ATVI,78.90735626220703
2016-12-28,ATVI,78.22611236572266
2016-12-29,ATVI,78.01200866699219
2016-12-30,ATVI,76.64952087402344
2017-01-03,ATVI,77.04853820800781
2017-01-04,ATVI,78.46941375732422
2017-01-05,ATVI,76.84415435791016
2017-01-06,ATVI,76.89280700683594
2017-01-09,ATVI,76.53272247314453
2017-01-10,ATVI,76.73710632324219
2017-01-11,ATVI,76.90254974365234
2017-01-12,ATVI,77.46703338623047
2017-01-13,ATVI,78.19691467285156
2017-01-17,ATVI,78.08013916015625
2017-01-18,ATVI,78.37210083007812
2017-01-19,ATVI,78.22611236572266
2017-01-20,ATVI,77.97308349609375
2017-01-23,ATVI,77.73950958251953
2017-01-24,ATVI,78.35263061523438
2017-01-25,ATVI,79.296630859375
2017-01-26,ATVI,79.51074981689453
2017-01-27,ATVI,80.93163299560547
2017-01-30,ATVI,81.59339904785156
2017-01-31,ATVI,81.19438171386719
2017-02-01,ATVI,80.77589416503906
2017-02-02,ATVI,80.29902648925781
2017-02-03,ATVI,79.10198211669922
2017-02-06,ATVI,79.3355712890625
2017-02-07,ATVI,80.00708770751953
2017-02-08,ATVI,79.296630859375
2017-02-09,ATVI,81.0289306640625
2017-02-10,ATVI,83.86095428466797
2017-02-13,ATVI,84.0069580078125
2017-02-14,ATVI,83.75389862060547
2017-02-15,ATVI,85.59326171875
2017-02-16,ATVI,85.4959487915039
2017-02-17,ATVI,84.96070098876953
2017-02-21,ATVI,85.19425964355469
2017-02-22,ATVI,85.03854370117188
2017-02-23,ATVI,84.32811737060547
2017-02-24,ATVI,84.22102355957031
2017-02-27,ATVI,84.6687240600586
2017-02-28,ATVI,84.18212890625
2017-03-01,ATVI,85.46672821044922
2017-03-02,ATVI,84.67843627929688
2017-03-03,ATVI,84.90228271484375
2017-03-06,ATVI,84.80496978759766
2017-03-07,ATVI,85.93389892578125
2017-03-08,ATVI,86.61510467529297
2017-03-09,ATVI,86.64431762695312
2017-03-10,ATVI,87.4034194946289
2017-03-13,ATVI,88.29876708984375
2017-03-14,ATVI,88.46420288085938
2017-03-15,ATVI,89.0578842163086
2017-03-16,ATVI,87.782958984375
2017-03-17,ATVI,87.1893081665039
2017-03-20,ATVI,86.77084350585938
2017-03-21,ATVI,86.04093170166016
2017-03-22,ATVI,86.36209106445312
2017-03-23,ATVI,86.23558044433594
2017-03-24,ATVI,86.95574951171875
2017-03-27,ATVI,86.63458251953125
2017-03-28,ATVI,87.3353042602539
2017-03-29,ATVI,87.37422943115234
2017-03-30,ATVI,87.84137725830078
2017-03-31,ATVI,87.12120056152344
2017-04-03,ATVI,86.72219848632812
2017-04-04,ATVI,86.88763427734375
2017-04-05,ATVI,86.03120422363281
2017-04-06,ATVI,86.1869125366211
2017-04-07,ATVI,86.35237121582031
2017-04-10,ATVI,86.36209106445312
2017-04-11,ATVI,87.27690887451172
2017-04-12,ATVI,87.53965759277344
2017-04-13,ATVI,86.63458251953125
2017-04-17,ATVI,86.81949615478516
2017-04-18,ATVI,86.80976104736328
2017-04-19,ATVI,87.24771118164062
2017-04-20,ATVI,88.76593017578125
2017-04-21,ATVI,89.4763412475586
2017-04-24,ATVI,90.32305145263672
2017-04-25,ATVI,90.49821472167967
2017-04-26,ATVI,90.99454498291016
2017-04-27,ATVI,91.71471405029295
2017-04-28,ATVI,92.27916717529295
2017-05-01,ATVI,92.24998474121094
2017-05-02,ATVI,91.72444915771484
2017-05-03,ATVI,91.58819580078124
2017-05-04,ATVI,92.22079467773438
2017-05-05,ATVI,93.17452239990234
2017-05-08,ATVI,93.16478729248048
2017-05-09,ATVI,93.4372787475586
2017-05-10,ATVI,105.26171875
2017-05-11,ATVI,105.67046356201172
2017-05-12,ATVI,106.16680908203124
2017-05-15,ATVI,107.92827606201172
2017-05-16,ATVI,108.7652359008789
2017-05-17,ATVI,102.4199447631836
2017-05-18,ATVI,104.06468963623048
2017-05-19,ATVI,104.7556381225586
2017-05-22,ATVI,105.4855499267578
2017-05-23,ATVI,106.08892822265624
2017-05-24,ATVI,109.30048370361328
2017-05-25,ATVI,110.77979278564452
2017-05-26,ATVI,109.12532806396484
2017-05-30,ATVI,109.8260269165039
2017-05-31,ATVI,110.29318237304688
2017-06-01,ATVI,110.81869506835938
2017-06-02,ATVI,111.4512710571289
2017-06-05,ATVI,111.6167221069336
2017-06-06,ATVI,110.64351654052734
2017-06-07,ATVI,112.2785186767578
2017-06-08,ATVI,111.2274398803711
2017-06-09,ATVI,107.50007629394533
2017-06-12,ATVI,105.9818878173828
2017-06-13,ATVI,107.0329360961914
2017-06-14,ATVI,107.07186126708984
2017-06-15,ATVI,107.56819915771484
2017-06-16,ATVI,107.54875183105467
2017-06-19,ATVI,110.6046142578125
2017-06-20,ATVI,110.42943572998048
2017-06-21,ATVI,110.13746643066406
2017-06-22,ATVI,109.60220336914062
2017-06-23,ATVI,107.89908599853516
2017-06-26,ATVI,108.862548828125
2017-06-27,ATVI,105.41741943359376
2017-06-28,ATVI,105.89427185058594
2017-06-29,ATVI,103.82136535644533
2017-06-30,ATVI,102.88709259033205
2017-07-03,ATVI,102.5951156616211
2017-07-05,ATVI,103.89923095703124
2017-07-06,ATVI,102.91629028320312
2017-07-07,ATVI,104.57073211669922
2017-07-10,ATVI,104.95027160644533
2017-07-11,ATVI,105.5147476196289
2017-07-12,ATVI,107.71417236328124
2017-07-13,ATVI,106.05974578857422
2017-07-14,ATVI,106.06946563720705
2017-07-17,ATVI,106.50740814208984
2017-07-18,ATVI,107.32489013671876
2017-07-19,ATVI,108.5900650024414
2017-07-20,ATVI,108.9696273803711
2017-07-21,ATVI,109.21292114257812
2017-07-24,ATVI,110.70191955566406
2017-07-25,ATVI,110.61432647705078
2017-07-26,ATVI,114.83802032470705
2017-07-27,ATVI,114.4487533569336
2017-07-28,ATVI,115.08132934570312
2017-07-31,ATVI,113.61178588867188
2017-08-01,ATVI,113.78697204589844
2017-08-02,ATVI,113.69939422607422
2017-08-03,ATVI,115.6652603149414
2017-08-04,ATVI,114.07893371582033
2017-08-07,ATVI,113.82589721679688
2017-08-08,ATVI,113.37823486328124
2017-08-09,ATVI,112.99868774414062
2017-08-10,ATVI,110.93549346923828
2017-08-11,ATVI,112.35636138916016
2017-08-14,ATVI,113.97187042236328
2017-08-15,ATVI,114.28331756591795
2017-08-16,ATVI,116.05455017089844
2017-08-17,ATVI,113.34902954101562
2017-08-18,ATVI,113.74803924560548
2017-08-21,ATVI,113.7091064453125
2017-08-22,ATVI,115.84043884277344
2017-08-23,ATVI,115.01319885253906
2017-08-24,ATVI,114.66284942626952
2017-08-25,ATVI,113.79669952392578
2017-08-28,ATVI,115.54849243164062
2017-08-29,ATVI,116.03508758544922
2017-08-30,ATVI,118.70165252685548
2017-08-31,ATVI,118.24425506591795
2017-09-01,ATVI,116.1129379272461
2017-09-05,ATVI,115.04240417480467
2017-09-06,ATVI,113.86483764648438
2017-09-07,ATVI,115.74311065673828
2017-09-08,ATVI,115.11053466796876
2017-09-11,ATVI,117.94256591796876
2017-09-12,ATVI,117.18346405029295
2017-09-13,ATVI,116.39514923095705
2017-09-14,ATVI,115.99614715576172
2017-09-15,ATVI,116.219970703125
2017-09-18,ATVI,116.74551391601562
2017-09-19,ATVI,116.9888153076172
2017-09-20,ATVI,117.11532592773438
2017-09-21,ATVI,114.85749816894533
2017-09-22,ATVI,115.32464599609376
2017-09-25,ATVI,111.13986206054688
2017-09-26,ATVI,110.86736297607422
2017-09-27,ATVI,112.86243438720705
2017-09-28,ATVI,113.48529815673828
2017-09-29,ATVI,114.89643096923828
2017-10-02,ATVI,114.78936004638672
2017-10-03,ATVI,114.79910278320312
2017-10-04,ATVI,115.3830337524414
2017-10-05,ATVI,116.31730651855467
2017-10-06,ATVI,116.87200927734376
2017-10-09,ATVI,115.44141387939452
2017-10-10,ATVI,114.66284942626952
2017-10-11,ATVI,112.94029235839844
2017-10-12,ATVI,114.00106811523438
2017-10-13,ATVI,115.44141387939452
2017-10-16,ATVI,114.33197021484376
2017-10-17,ATVI,112.87216186523438
2017-10-18,ATVI,110.12774658203124
2017-10-19,ATVI,110.04012298583984
2017-10-20,ATVI,110.57542419433594
2017-10-23,ATVI,110.61432647705078
2017-10-24,ATVI,110.35157012939452
2017-10-25,ATVI,111.49020385742188
2017-10-26,ATVI,112.72618103027344
2017-10-27,ATVI,113.7577896118164
2017-10-30,ATVI,114.42929077148438
2017-10-31,ATVI,116.39514923095705
2017-11-01,ATVI,111.40264892578124
2017-11-02,ATVI,109.6703109741211
2017-11-03,ATVI,110.16667175292967
2017-11-06,ATVI,109.4464874267578
2017-11-07,ATVI,108.70686340332033
2017-11-08,ATVI,111.09121704101562
2017-11-09,ATVI,108.89175415039062
2017-11-10,ATVI,109.7287139892578
2017-11-13,ATVI,109.00855255126952
2017-11-14,ATVI,109.26155853271484
2017-11-15,ATVI,108.49275970458984
2017-11-16,ATVI,108.60952758789062
2017-11-17,ATVI,105.9040298461914
2017-11-20,ATVI,104.7556381225586
2017-11-21,ATVI,104.82376098632812
2017-11-22,ATVI,104.4442138671875
2017-11-24,ATVI,105.04762268066406
2017-11-27,ATVI,104.123046875
2017-11-28,ATVI,106.53662109375
2017-11-29,ATVI,102.66324615478516
2017-11-30,ATVI,103.50018310546876
2017-12-01,ATVI,103.17903900146484
2017-12-04,ATVI,98.12813568115234
2017-12-05,ATVI,100.60980224609376
2017-12-06,ATVI,100.41513061523438
2017-12-07,ATVI,101.5732650756836
2017-12-08,ATVI,102.44914245605467
2017-12-11,ATVI,105.02812957763672
2017-12-12,ATVI,104.77510833740234
2017-12-13,ATVI,102.7119140625
2017-12-14,ATVI,103.56834411621094
2017-12-15,ATVI,106.3516845703125
2017-12-18,ATVI,104.46368408203124
2017-12-19,ATVI,104.13278198242188
2017-12-20,ATVI,105.5439224243164
2017-12-21,ATVI,105.07681274414062
2017-12-22,ATVI,103.17903900146484
2017-12-26,ATVI,102.24478149414062
2017-12-27,ATVI,102.41022491455078
2017-12-28,ATVI,102.4880599975586
2017-12-29,ATVI,102.24478149414062
2018-01-02,ATVI,106.51712799072266
2018-01-03,ATVI,106.8091049194336
2018-01-04,ATVI,104.31771850585938
2018-01-05,ATVI,109.37834930419922
2018-01-08,ATVI,110.18610382080078
2018-01-09,ATVI,109.17398834228516
2018-01-10,ATVI,109.24211883544922
2018-01-11,ATVI,108.9988021850586
2018-01-12,ATVI,110.09851837158205
2018-01-16,ATVI,108.92095184326172
2018-01-17,ATVI,110.10826873779295
2018-01-18,ATVI,112.19092559814452
2018-01-19,ATVI,113.06681823730467
2018-01-22,ATVI,114.82830047607422
2018-01-23,ATVI,114.5168685913086
2018-01-24,ATVI,111.5875473022461
2018-01-25,ATVI,111.43181610107422
2018-01-26,ATVI,112.11307525634766
2018-01-29,ATVI,114.49742126464844
2018-01-30,ATVI,115.5192642211914
2018-01-31,ATVI,123.55792999267578
2018-02-01,ATVI,124.74524688720705
2018-02-02,ATVI,121.19303894042967
2018-02-05,ATVI,118.3805160522461
2018-02-06,ATVI,119.83055877685548
2018-02-07,ATVI,119.75272369384766
2018-02-08,ATVI,113.41715240478516
2018-02-09,ATVI,117.40730285644533
2018-02-12,ATVI,118.94495391845705
2018-02-13,ATVI,119.00334930419922
2018-02-14,ATVI,120.45340728759766
2018-02-15,ATVI,123.09080505371094
2018-02-16,ATVI,122.64314270019533
2018-02-20,ATVI,122.95455932617188
2018-02-21,ATVI,121.55313873291016
2018-02-22,ATVI,121.27092742919922
2018-02-23,ATVI,123.69418334960938
2018-02-26,ATVI,125.1248016357422
2018-02-27,ATVI,122.42902374267578
2018-02-28,ATVI,120.3852996826172
2018-03-01,ATVI,118.89629364013672
2018-03-02,ATVI,121.73804473876952
2018-03-05,ATVI,122.72098541259766
2018-03-06,ATVI,121.2125244140625
2018-03-07,ATVI,123.76231384277344
2018-03-08,ATVI,125.36811065673828
2018-03-09,ATVI,125.04693603515624
2018-03-12,ATVI,124.68684387207033
2018-03-13,ATVI,123.17838287353516
2018-03-14,ATVI,124.54088592529295
2018-03-15,ATVI,125.6600570678711
2018-03-16,ATVI,125.0761489868164
2018-03-19,ATVI,122.07867431640624
2018-03-20,ATVI,123.4508819580078
2018-03-21,ATVI,122.6236572265625
2018-03-22,ATVI,119.68460083007812
2018-03-23,ATVI,118.18585968017578
2018-03-26,ATVI,123.05186462402344
2018-03-27,ATVI,116.76497650146484
2018-03-28,ATVI,116.13240051269533
2018-03-29,ATVI,117.99120330810548
2018-04-02,ATVI,115.53873443603516
2018-04-03,ATVI,116.30756378173828
2018-04-04,ATVI,116.89149475097656
2018-04-05,ATVI,117.98147583007812
2018-04-06,ATVI,115.18839263916016
2018-04-09,ATVI,115.6750030517578
2018-04-10,ATVI,117.47541809082033
2018-04-11,ATVI,115.59713745117188
2018-04-12,ATVI,117.84521484375
2018-04-13,ATVI,117.30023956298828
2018-04-16,ATVI,118.91576385498048
2018-04-17,ATVI,120.97894287109376
2018-04-18,ATVI,121.58233642578124
2018-04-19,ATVI,119.81110382080078
2018-04-20,ATVI,117.65060424804688
2018-04-23,ATVI,116.39514923095705
2018-04-24,ATVI,115.4122085571289
2018-04-25,ATVI,113.55339813232422
2018-04-26,ATVI,116.39514923095705
2018-04-27,ATVI,114.32223510742188
2018-04-30,ATVI,114.8185806274414
2018-05-01,ATVI,116.61898803710938
2018-05-02,ATVI,115.75284576416016
2018-05-03,ATVI,116.94988250732422
2018-05-04,ATVI,120.32689666748048
2018-05-07,ATVI,120.59939575195312
2018-05-08,ATVI,120.5701904296875
2018-05-09,ATVI,127.49940490722656
2018-05-10,ATVI,130.17572021484375
2018-05-11,ATVI,129.25119018554688
2018-05-14,ATVI,128.9786834716797
2018-05-15,ATVI,126.62352752685548
2018-05-16,ATVI,127.35344696044922
2018-05-17,ATVI,127.30474090576172
2018-05-18,ATVI,128.46287536621094
2018-05-21,ATVI,129.34848022460938
2018-05-22,ATVI,128.6380615234375
2018-05-23,ATVI,129.9226837158203
2018-05-24,ATVI,127.9568328857422
2018-05-25,ATVI,128.31692504882812
2018-05-29,ATVI,127.73297882080078
2018-05-30,ATVI,127.84976959228516
2018-05-31,ATVI,127.40210723876952
2018-06-01,ATVI,132.05401611328125
2018-06-04,ATVI,131.05162048339844
2018-06-05,ATVI,133.2899932861328
2018-06-06,ATVI,133.2705078125
2018-06-07,ATVI,133.2413330078125
2018-06-08,ATVI,134.17559814453125
2018-06-11,ATVI,135.43106079101562
2018-06-12,ATVI,136.03440856933594
2018-06-13,ATVI,139.4405975341797
2018-06-14,ATVI,140.52084350585938
2018-06-15,ATVI,142.72030639648438
2018-06-18,ATVI,140.97828674316406
2018-06-19,ATVI,139.25570678710938
2018-06-20,ATVI,139.6936492919922
2018-06-21,ATVI,139.31414794921875
2018-06-22,ATVI,137.4747314453125
2018-06-25,ATVI,136.7545623779297
2018-06-26,ATVI,136.6085968017578
2018-06-27,ATVI,134.058837890625
2018-06-28,ATVI,136.86166381835938
2018-06-29,ATVI,137.24114990234375
2018-07-02,ATVI,139.63528442382812
2018-07-03,ATVI,137.44554138183594
2018-07-05,ATVI,139.39195251464844
2018-07-06,ATVI,141.21185302734375
2018-07-09,ATVI,140.76419067382812
2018-07-10,ATVI,140.32623291015625
2018-07-11,ATVI,141.81521606445312
2018-07-12,ATVI,144.6278076171875
2018-07-13,ATVI,144.74456787109375
2018-07-16,ATVI,142.74954223632812
2018-07-17,ATVI,144.7543182373047
2018-07-18,ATVI,144.93922424316406
2018-07-19,ATVI,143.9952392578125
2018-07-20,ATVI,143.52809143066406
2018-07-23,ATVI,142.63272094726562
2018-07-24,ATVI,140.4527587890625
2018-07-25,ATVI,142.57432556152344
2018-07-26,ATVI,138.09762573242188
2018-07-27,ATVI,130.22438049316406
2018-07-30,ATVI,122.8280258178711
2018-07-31,ATVI,125.29998779296876
2018-08-01,ATVI,124.06399536132812
2018-08-02,ATVI,125.2026596069336
2018-08-03,ATVI,127.36316680908205
2018-08-06,ATVI,125.57245635986328
2018-08-07,ATVI,124.6673812866211
2018-08-08,ATVI,124.96910095214844
2018-08-09,ATVI,124.39490509033205
2018-08-10,ATVI,127.80108642578124
2018-08-13,ATVI,127.80108642578124
2018-08-14,ATVI,128.37525939941406
2018-08-15,ATVI,124.61874389648438
2018-08-16,ATVI,126.23429870605467
2018-08-17,ATVI,124.57978057861328
2018-08-20,ATVI,124.28783416748048
2018-08-21,ATVI,123.36329650878906
2018-08-22,ATVI,124.2002410888672
2018-08-23,ATVI,122.73072814941406
2018-08-24,ATVI,125.51406860351562
2018-08-27,ATVI,125.51406860351562
2018-08-28,ATVI,124.36571502685548
2018-08-29,ATVI,125.0761489868164
2018-08-30,ATVI,112.83324432373048
2018-08-31,ATVI,110.37104034423828
2018-09-04,ATVI,110.47808074951172
2018-09-05,ATVI,108.56087493896484
2018-09-06,ATVI,110.16667175292967
2018-09-07,ATVI,111.8308334350586
2018-09-10,ATVI,110.1763916015625
2018-09-11,ATVI,109.28103637695312
2018-09-12,ATVI,109.97201538085938
2018-09-13,ATVI,110.7895050048828
2018-09-14,ATVI,111.20797729492188
2018-09-17,ATVI,109.6703109741211
2018-09-18,ATVI,109.63140106201172
2018-09-19,ATVI,109.89414978027344
2018-09-20,ATVI,110.42943572998048
2018-09-21,ATVI,111.93788146972656
2018-09-24,ATVI,112.15198516845705
2018-09-25,ATVI,113.13493347167967
2018-09-26,ATVI,114.92562103271484
2018-09-27,ATVI,116.18104553222656
2018-09-28,ATVI,117.26130676269533
2018-10-01,ATVI,114.40008544921876
2018-10-02,ATVI,113.91349029541016
2018-10-03,ATVI,113.27117156982422
2018-10-04,ATVI,110.9549560546875
2018-10-05,ATVI,110.68244171142578
2018-10-08,ATVI,107.65579986572266
2018-10-09,ATVI,106.55606079101562
2018-10-10,ATVI,102.3323745727539
2018-10-11,ATVI,100.82389831542967
2018-10-12,ATVI,103.25692749023438
2018-10-15,ATVI,103.04281616210938
2018-10-16,ATVI,104.54153442382812
2018-10-17,ATVI,105.87484741210938
2018-10-18,ATVI,102.96495819091795
2018-10-19,ATVI,99.3738250732422
2018-10-22,ATVI,98.64395141601562
2018-10-23,ATVI,96.43474578857422
2018-10-24,ATVI,93.6708526611328
2018-10-25,ATVI,95.99681854248048
2018-10-26,ATVI,93.64166259765624
2018-10-29,ATVI,88.74642181396484
2018-10-30,ATVI,92.28892517089844
2018-10-31,ATVI,88.54207611083984
2018-11-01,ATVI,91.67578125
2018-11-02,ATVI,89.98240661621094
2018-11-05,ATVI,90.2062530517578
2018-11-06,ATVI,89.75858306884766
2018-11-07,ATVI,91.28650665283205
2018-11-08,ATVI,91.3546142578125
2018-11-09,ATVI,86.5080795288086
2018-11-12,ATVI,85.31104278564453
2018-11-13,ATVI,85.04826354980469
2018-11-14,ATVI,83.46195220947266
2018-11-15,ATVI,85.88521575927734
2018-11-16,ATVI,83.66632843017578
2018-11-19,ATVI,80.81483459472656
2018-11-20,ATVI,80.79537963867188
2018-11-21,ATVI,81.76856994628906
2018-11-23,ATVI,80.45475769042969
2018-11-26,ATVI,82.6541976928711
2018-11-27,ATVI,82.76123809814453
2018-11-28,ATVI,83.59821319580078
2018-11-29,ATVI,84.0750503540039
2018-11-30,ATVI,81.8172378540039
2018-12-03,ATVI,81.74909210205078
2018-12-04,ATVI,79.00466918945312
2018-12-06,ATVI,81.63231658935547
2018-12-07,ATVI,80.30876159667969
2018-12-10,ATVI,81.48633575439453
2018-12-11,ATVI,81.20408630371094
2018-12-12,ATVI,80.76616668701172
2018-12-13,ATVI,78.6932373046875
2018-12-14,ATVI,78.01200866699219
2018-12-17,ATVI,77.10692596435547
2018-12-18,ATVI,77.85629272460938
2018-12-19,ATVI,76.26024627685547
2018-12-20,ATVI,75.36490631103516
2018-12-21,ATVI,74.5182113647461
2018-12-24,ATVI,72.7177734375
2018-12-26,ATVI,75.80282592773438
2018-12-27,ATVI,77.30156707763672
2018-12-28,ATVI,77.17506408691406
2018-12-31,ATVI,76.79550170898438
2019-01-02,ATVI,78.21637725830078
2019-01-03,ATVI,76.60086822509766
2019-01-04,ATVI,82.1578598022461
2019-01-07,ATVI,85.24290466308594
2019-01-08,ATVI,86.63458251953125
2019-01-09,ATVI,86.52752685546875
2019-01-10,ATVI,88.57125854492188
2019-01-11,ATVI,88.26956939697266
2019-01-14,ATVI,86.20639038085938
2019-01-15,ATVI,87.09201049804688
2019-01-16,ATVI,87.51045989990234
2019-01-17,ATVI,86.91682434082031
2019-01-18,ATVI,90.04080963134766
2019-01-22,ATVI,88.86322021484375
2019-01-23,ATVI,86.74163818359375
2019-01-24,ATVI,89.0286636352539
2019-01-25,ATVI,89.28170776367188
2019-01-28,ATVI,88.04573059082031
2019-01-29,ATVI,84.90228271484375
2019-01-30,ATVI,86.83897399902344
2019-01-31,ATVI,89.768310546875
2019-02-01,ATVI,88.7756576538086
2019-02-04,ATVI,86.06041717529297
2019-02-05,ATVI,90.04080963134766
2019-02-06,ATVI,78.06066131591797
2019-02-07,ATVI,81.84642791748047
2019-02-08,ATVI,94.98467254638672
2019-02-11,ATVI,94.63433837890624
2019-02-12,ATVI,99.58794403076172
2019-02-13,ATVI,99.51007080078124
2019-02-14,ATVI,102.42969512939452
2019-02-15,ATVI,103.97708892822266
2019-02-19,ATVI,100.20104217529295
2019-02-20,ATVI,95.98706817626952
2019-02-21,ATVI,94.26451110839844
2019-02-22,ATVI,93.34970092773438
2019-02-25,ATVI,93.29129791259766
2019-02-26,ATVI,95.8605728149414
2019-02-27,ATVI,95.21823120117188
2019-02-28,ATVI,93.21344757080078
2019-03-01,ATVI,94.7997589111328
2019-03-04,ATVI,94.6830062866211
2019-03-05,ATVI,93.15504455566406
2019-03-06,ATVI,92.23049926757812
2019-03-07,ATVI,96.697509765625
2019-03-08,ATVI,95.72430419921876
2019-03-11,ATVI,96.38609313964844
2019-03-12,ATVI,95.9481430053711
2019-03-13,ATVI,97.44686889648438
2019-03-14,ATVI,96.18173217773438
2019-03-15,ATVI,96.32770538330078
2019-03-18,ATVI,96.9894790649414
2019-03-19,ATVI,94.89707946777344
2019-03-20,ATVI,94.4299545288086
2019-03-21,ATVI,102.0696029663086
2019-03-22,ATVI,99.59766387939452
2019-03-25,ATVI,99.00401306152344
2019-03-26,ATVI,99.57817840576172
2019-03-27,ATVI,97.97241973876952
2019-03-28,ATVI,99.46141815185548
2019-03-29,ATVI,98.90670013427734
2019-04-01,ATVI,99.91880798339844
2019-04-02,ATVI,98.13786315917967
2019-04-03,ATVI,97.4663543701172
2019-04-04,ATVI,95.3155746459961
2019-04-05,ATVI,96.7656478881836
2019-04-08,ATVI,95.32530212402344
2019-04-09,ATVI,95.61727142333984
2019-04-10,ATVI,96.96028137207033
2019-04-11,ATVI,97.88480377197266
2019-04-12,ATVI,99.10134887695312
2019-04-15,ATVI,95.2279815673828
2019-04-16,ATVI,91.3156967163086
2019-04-17,ATVI,89.48606872558594
2019-04-18,ATVI,90.64418029785156
2019-04-22,ATVI,90.04080963134766
2019-04-23,ATVI,92.09424591064452
2019-04-24,ATVI,91.62712860107422
2019-04-25,ATVI,90.48848724365234
2019-04-26,ATVI,91.93855285644533
2019-04-29,ATVI,92.19156646728516
2019-04-30,ATVI,92.11373901367188
2019-05-01,ATVI,92.3180923461914
2019-05-02,ATVI,91.8704071044922
2019-05-03,ATVI,90.02135467529297
2019-05-06,ATVI,91.24759674072266
2019-05-07,ATVI,90.24517822265624
2019-05-08,ATVI,91.36434173583984
2019-05-09,ATVI,90.8193817138672
2019-05-10,ATVI,91.36434173583984
2019-05-13,ATVI,87.99706268310547
2019-05-14,ATVI,92.03588104248048
2019-05-15,ATVI,94.17691802978516
2019-05-16,ATVI,96.34716033935548
2019-05-17,ATVI,94.65379333496094
2019-05-20,ATVI,90.2062530517578
2019-05-21,ATVI,93.08694458007812
2019-05-22,ATVI,91.32544708251952
2019-05-23,ATVI,89.64179992675781
2019-05-24,ATVI,89.79749298095703
2019-05-28,ATVI,90.99454498291016
2019-05-29,ATVI,90.07001495361328
2019-05-30,ATVI,89.6612548828125
2019-05-31,ATVI,90.58580017089844
2019-06-03,ATVI,88.86322021484375
2019-06-04,ATVI,91.60767364501952
2019-06-05,ATVI,92.69764709472656
2019-06-06,ATVI,93.8071060180664
2019-06-07,ATVI,94.39102172851562
2019-06-10,ATVI,92.95069122314452
2019-06-11,ATVI,92.0456085205078
2019-06-12,ATVI,90.18677520751952
2019-06-13,ATVI,91.06268310546876
2019-06-14,ATVI,90.24517822265624
2019-06-17,ATVI,89.96295928955078
2019-06-18,ATVI,89.56393432617188
2019-06-19,ATVI,90.09918975830078
2019-06-20,ATVI,90.6928482055664
2019-06-21,ATVI,92.77549743652344
2019-06-24,ATVI,96.34716033935548
2019-06-25,ATVI,94.30342864990234
2019-06-26,ATVI,94.7121810913086
2019-06-27,ATVI,96.48339080810548
2019-06-28,ATVI,98.54659271240234
2019-07-01,ATVI,98.18650817871094
2019-07-02,ATVI,99.96747589111328
2019-07-03,ATVI,95.4810028076172
2019-07-05,ATVI,91.09185028076172
2019-07-08,ATVI,90.9361572265625
2019-07-09,ATVI,89.58340454101562
2019-07-10,ATVI,91.44220733642578
2019-07-11,ATVI,90.9848175048828
2019-07-12,ATVI,90.332763671875
2019-07-15,ATVI,89.74884796142578
2019-07-16,ATVI,87.150390625
2019-07-17,ATVI,87.29637908935547
2019-07-18,ATVI,86.80004119873047
2019-07-19,ATVI,85.15532684326172
2019-07-22,ATVI,85.77816009521484
2019-07-23,ATVI,85.85602569580078
2019-07-24,ATVI,87.37422943115234
2019-07-25,ATVI,86.77084350585938
2019-07-26,ATVI,87.11145782470703
2019-07-29,ATVI,86.48861694335938
2019-07-30,ATVI,86.19664764404297
2019-07-31,ATVI,90.02135467529297
2019-08-01,ATVI,92.0650634765625
2019-08-02,ATVI,90.4009017944336
2019-08-05,ATVI,86.2160873413086
2019-08-06,ATVI,87.68565368652344
2019-08-07,ATVI,89.79749298095703
2019-08-08,ATVI,92.67819213867188
2019-08-09,ATVI,89.50555419921875
2019-08-12,ATVI,89.31090545654297
2019-08-13,ATVI,89.8656234741211
2019-08-14,ATVI,85.73924255371094
2019-08-15,ATVI,85.52513122558594
2019-08-16,ATVI,87.16014099121094
2019-08-19,ATVI,88.47396087646484
2019-08-20,ATVI,90.21597290039062
2019-08-21,ATVI,91.52005767822266
2019-08-22,ATVI,92.08454132080078
2019-08-23,ATVI,90.42035675048828
2019-08-26,ATVI,91.8509750366211
2019-08-27,ATVI,91.53954315185548
2019-08-28,ATVI,89.92401123046875
2019-08-29,ATVI,90.53712463378906
2019-08-30,ATVI,91.16971588134766
2019-09-03,ATVI,92.28892517089844
2019-09-04,ATVI,95.32530212402344
2019-09-05,ATVI,94.83869171142578
2019-09-06,ATVI,95.88975524902344
2019-09-09,ATVI,96.0357437133789
2019-09-10,ATVI,96.8337631225586
2019-09-11,ATVI,96.45421600341795
2019-09-12,ATVI,95.70484161376952
2019-09-13,ATVI,95.84109497070312
2019-09-16,ATVI,96.46395874023438
2019-09-17,ATVI,95.78272247314452
2019-09-18,ATVI,95.64645385742188
2019-09-19,ATVI,97.01866149902344
2019-09-20,ATVI,96.05518341064452
2019-09-23,ATVI,95.54912567138672
2019-09-24,ATVI,94.7511215209961
2019-09-25,ATVI,95.0138702392578
2019-09-26,ATVI,94.0309600830078
2019-09-27,ATVI,93.10640716552734
2019-09-30,ATVI,95.19879150390624
2019-10-01,ATVI,94.15745544433594
2019-10-02,ATVI,91.72444915771484
2019-10-03,ATVI,91.8120346069336
2019-10-04,ATVI,93.04801177978516
2019-10-07,ATVI,91.06268310546876
2019-10-08,ATVI,90.0602798461914
2019-10-09,ATVI,90.3911361694336
2019-10-10,ATVI,90.050537109375
2019-10-11,ATVI,91.6660614013672
2019-10-14,ATVI,91.36434173583984
2019-10-15,ATVI,92.60033416748048
2019-10-16,ATVI,93.64166259765624
2019-10-17,ATVI,94.16718292236328
2019-10-18,ATVI,92.58086395263672
2019-10-21,ATVI,93.2426528930664
2019-10-22,ATVI,91.77311706542967
2019-10-23,ATVI,93.1453094482422
2019-10-24,ATVI,93.4080810546875
2019-10-25,ATVI,93.7292251586914
2019-10-28,ATVI,94.12824249267578
2019-10-29,ATVI,91.8801727294922
2019-10-30,ATVI,94.12824249267578
2019-10-31,ATVI,93.8168487548828
2019-11-01,ATVI,92.74632263183594
2019-11-04,ATVI,95.51993560791016
2019-11-05,ATVI,95.62698364257812
2019-11-06,ATVI,96.02599334716795
2019-11-07,ATVI,94.62459564208984
2019-11-08,ATVI,95.6367416381836
2019-11-11,ATVI,93.8071060180664
2019-11-12,ATVI,93.74868774414062
2019-11-13,ATVI,93.42754364013672
2019-11-14,ATVI,94.92630004882812
2019-11-15,ATVI,94.92630004882812
2019-11-18,ATVI,94.78031158447266
2019-11-19,ATVI,94.0990753173828
2019-11-20,ATVI,95.49076080322266
2019-11-21,ATVI,96.35689544677734
2019-11-22,ATVI,96.5320816040039
2019-11-25,ATVI,97.125732421875
2019-11-26,ATVI,96.61964416503906
2019-11-27,ATVI,98.08919525146484
2019-11-29,ATVI,98.30329895019533
2019-12-02,ATVI,97.70965576171876
2019-12-03,ATVI,98.55632019042967
2019-12-04,ATVI,97.93347930908205
2019-12-05,ATVI,99.38357543945312
2019-12-06,ATVI,100.46382904052734
2019-12-09,ATVI,99.29598236083984
2019-12-10,ATVI,99.11104583740234
2019-12-11,ATVI,100.43462371826172
2019-12-12,ATVI,102.27397918701172
2019-12-13,ATVI,101.74844360351562
2019-12-16,ATVI,102.88709259033205
2019-12-17,ATVI,102.91629028320312
2019-12-18,ATVI,104.21063995361328
2019-12-19,ATVI,104.46368408203124
2019-12-20,ATVI,105.05731964111328
2019-12-23,ATVI,104.9016342163086
2019-12-24,ATVI,105.6412582397461
2019-12-26,ATVI,105.60233306884766
2019-12-27,ATVI,105.52448272705078
2019-12-30,ATVI,104.06468963623048
2019-12-31,ATVI,104.629150390625
2020-01-02,ATVI,104.46368408203124
2020-01-03,ATVI,104.3274383544922
2020-01-06,ATVI,105.8650894165039
2020-01-07,ATVI,105.4855499267578
2020-01-08,ATVI,106.55606079101562
2020-01-09,ATVI,106.42955017089844
2020-01-10,ATVI,105.68016815185548
2020-01-13,ATVI,106.8772201538086
2020-01-14,ATVI,106.64363861083984
2020-01-15,ATVI,106.67284393310548
2020-01-16,ATVI,108.27862548828124
2020-01-17,ATVI,109.90390014648438
2020-01-21,ATVI,109.39781951904295
2020-01-22,ATVI,110.0596160888672
2020-01-23,ATVI,110.43915557861328
2020-01-24,ATVI,109.31998443603516
2020-01-27,ATVI,107.59740447998048
2020-01-28,ATVI,108.9014892578125
2020-01-29,ATVI,109.20317840576172
2020-01-30,ATVI,108.64845275878906
2020-01-31,ATVI,105.02812957763672
2020-02-03,ATVI,102.22530364990234
2020-02-04,ATVI,104.20094299316406
2020-02-05,ATVI,104.93082427978516
2020-02-06,ATVI,107.05242156982422
2020-02-07,ATVI,106.16680908203124
2020-02-10,ATVI,105.78724670410156
2020-02-11,ATVI,106.1181182861328
2020-02-12,ATVI,106.77992248535156
2020-02-13,ATVI,105.9234848022461
2020-02-14,ATVI,106.75071716308594
2020-02-18,ATVI,106.52687072753906
2020-02-19,ATVI,106.83828735351562
2020-02-20,ATVI,106.27384948730467
2020-02-21,ATVI,105.11573028564452
2020-02-24,ATVI,104.16197967529295
2020-02-25,ATVI,102.55620574951172
2020-02-26,ATVI,103.6851043701172
2020-02-27,ATVI,99.9869384765625
2020-02-28,ATVI,98.6536636352539
2020-03-02,ATVI,104.02574920654295
2020-03-03,ATVI,103.84082794189452
2020-03-04,ATVI,108.8333740234375
2020-03-05,ATVI,107.25678253173828
2020-03-06,ATVI,104.78483581542967
2020-03-09,ATVI,98.22545623779295
2020-03-10,ATVI,100.60980224609376
2020-03-11,ATVI,98.46875762939452
2020-03-12,ATVI,90.84856414794922
2020-03-13,ATVI,94.45913696289062
2020-03-16,ATVI,86.2939682006836
2020-03-17,ATVI,92.85336303710938
2020-03-18,ATVI,87.79270935058594
2020-03-19,ATVI,87.64672088623047
2020-03-20,ATVI,84.61032104492188
2020-03-23,ATVI,92.91175842285156
2020-03-24,ATVI,91.77311706542967
2020-03-25,ATVI,87.23798370361328
2020-03-26,ATVI,96.54180908203124
2020-03-27,ATVI,92.8144302368164
2020-03-30,ATVI,95.07227325439452
2020-03-31,ATVI,97.48580932617188
2020-04-01,ATVI,94.9165496826172
2020-04-02,ATVI,99.54899597167967
2020-04-03,ATVI,100.07453918457033
2020-04-06,ATVI,103.65594482421876
2020-04-07,ATVI,103.4709930419922
2020-04-08,ATVI,103.93817138671876
2020-04-09,ATVI,102.96495819091795
2020-04-13,ATVI,106.37116241455078
2020-04-14,ATVI,109.02798461914062
2020-04-15,ATVI,110.46833038330078
2020-04-16,ATVI,114.9353485107422
2020-04-17,ATVI,112.06439971923828
2020-04-20,ATVI,112.31744384765624
2020-04-21,ATVI,110.23478698730467
2020-04-22,ATVI,111.4999542236328
2020-04-23,ATVI,111.39288330078124
2020-04-24,ATVI,113.19329071044922
2020-04-27,ATVI,112.9110870361328
2020-04-28,ATVI,108.36622619628906
2020-04-29,ATVI,109.75792694091795
2020-04-30,ATVI,111.19825744628906
2020-05-01,ATVI,110.23478698730467
2020-05-04,ATVI,113.69939422607422
2020-05-05,ATVI,116.4049072265625
2020-05-06,ATVI,112.22985076904295
2020-05-07,ATVI,113.6701889038086
2020-05-08,ATVI,113.4950180053711
2020-05-11,ATVI,114.22490692138672
2020-05-12,ATVI,113.25172424316406
2020-05-13,ATVI,113.76750946044922
2020-05-14,ATVI,113.98159790039062
2020-05-15,ATVI,114.96454620361328
2020-05-18,ATVI,113.98159790039062
2020-05-19,ATVI,115.36356353759766
2020-05-20,ATVI,116.34650421142578
2020-05-21,ATVI,114.21517944335938
2020-05-22,ATVI,116.60926055908205
2020-05-26,ATVI,113.51448059082033
2020-05-27,ATVI,114.2346649169922
2020-05-28,ATVI,118.09827423095705
2020-05-29,ATVI,119.5872573852539
2020-06-01,ATVI,119.48995208740234
2020-06-02,ATVI,119.0811996459961
2020-06-03,ATVI,114.76991271972656
2020-06-04,ATVI,114.0400161743164
2020-06-05,ATVI,115.14944458007812
2020-06-08,ATVI,116.30756378173828
2020-06-09,ATVI,117.8257827758789
2020-06-10,ATVI,121.4655532836914
2020-06-11,ATVI,119.13959503173828
2020-06-12,ATVI,118.70165252685548
2020-06-15,ATVI,123.12973022460938
2020-06-16,ATVI,122.36090087890624
2020-06-17,ATVI,124.67711639404295
2020-06-18,ATVI,125.8839111328125
2020-06-19,ATVI,126.7013931274414
2020-06-22,ATVI,126.24400329589844
2020-06-23,ATVI,127.10041809082033
2020-06-24,ATVI,127.36316680908205
2020-06-25,ATVI,127.23663330078124
2020-06-26,ATVI,127.42157745361328
2020-06-29,ATVI,127.18798828125
2020-06-30,ATVI,128.51158142089844
2020-07-01,ATVI,131.59658813476562
2020-07-02,ATVI,130.2535400390625
2020-07-06,ATVI,130.6720733642578
2020-07-07,ATVI,131.16835021972656
2020-07-08,ATVI,131.9761505126953
2020-07-09,ATVI,135.0514678955078
2020-07-10,ATVI,137.0368194580078
2020-07-13,ATVI,131.6842041015625
2020-07-14,ATVI,134.81797790527344
2020-07-15,ATVI,134.72055053710938
2020-07-16,ATVI,134.3507537841797
2020-07-17,ATVI,134.60379028320312
2020-07-20,ATVI,137.73751831054688
2020-07-21,ATVI,135.606201171875
2020-07-22,ATVI,134.59410095214844
2020-07-23,ATVI,131.7328643798828
2020-07-24,ATVI,131.61610412597656
2020-07-27,ATVI,132.5114288330078
2020-07-28,ATVI,131.16835021972656
2020-07-29,ATVI,132.28756713867188
2020-07-30,ATVI,134.8762969970703
2020-07-31,ATVI,137.82508850097656
2020-08-03,ATVI,138.54527282714844
2020-08-04,ATVI,142.399169921875
2020-08-05,ATVI,142.26290893554688
2020-08-06,ATVI,143.01226806640625
2020-08-07,ATVI,140.1316375732422
2020-08-10,ATVI,136.92979431152344
2020-08-11,ATVI,132.06373596191406
2020-08-12,ATVI,136.1511688232422
2020-08-13,ATVI,137.97108459472656
2020-08-14,ATVI,136.66697692871094
2020-08-17,ATVI,136.68643188476562
2020-08-18,ATVI,138.75938415527344
2020-08-19,ATVI,138.05868530273438
2020-08-20,ATVI,139.63528442382812
2020-08-21,ATVI,137.4261016845703
2020-08-24,ATVI,138.51608276367188
2020-08-25,ATVI,138.3993377685547
2020-08-26,ATVI,139.78125
2020-08-27,ATVI,137.97108459472656
2020-08-28,ATVI,137.09521484375
2020-08-31,ATVI,135.7327117919922
2020-09-01,ATVI,134.58433532714844
2020-09-02,ATVI,135.82028198242188
2020-09-03,ATVI,129.26092529296875
2020-09-04,ATVI,126.64299774169922
2020-09-08,ATVI,120.9692153930664
2020-09-09,ATVI,125.2513198852539
2020-09-10,ATVI,123.8498764038086
2020-09-11,ATVI,122.64314270019533
2020-09-14,ATVI,122.79883575439452
2020-09-15,ATVI,124.8912353515625
2020-09-16,ATVI,123.34384155273438
2020-09-17,ATVI,121.90351104736328
2020-09-18,ATVI,122.52635955810548
2020-09-21,ATVI,124.852294921875
2020-09-22,ATVI,127.50914764404295
2020-09-23,ATVI,124.97882843017578
2020-09-24,ATVI,125.85469818115234
2020-09-25,ATVI,127.67457580566406
2020-09-28,ATVI,128.73536682128906
2020-09-29,ATVI,126.53594970703124
2020-09-30,ATVI,126.91548919677734
2020-10-01,ATVI,129.2219696044922
2020-10-02,ATVI,125.61141967773438
2020-10-05,ATVI,127.2171859741211
2020-10-06,ATVI,121.49474334716795
2020-10-07,ATVI,121.66018676757812
2020-10-08,ATVI,122.61392211914062
2020-10-09,ATVI,124.03480529785156
2020-10-12,ATVI,127.3729019165039
2020-10-13,ATVI,129.37770080566406
2020-10-14,ATVI,129.19277954101562
2020-10-15,ATVI,127.82058715820312
2020-10-16,ATVI,128.38504028320312
2020-10-19,ATVI,126.38994598388672
2020-10-20,ATVI,123.94722747802734
2020-10-21,ATVI,124.22943115234376
2020-10-22,ATVI,123.51901245117188
2020-10-23,ATVI,123.3730239868164
2020-10-26,ATVI,123.28543090820312
2020-10-27,ATVI,123.22704315185548
2020-10-28,ATVI,122.234375
2020-10-29,ATVI,120.5799331665039
2020-10-30,ATVI,116.61898803710938
2020-11-02,ATVI,116.59954071044922
2020-11-03,ATVI,117.50460815429688
2020-11-04,ATVI,121.9521484375
2020-11-05,ATVI,124.8912353515625
2020-11-06,ATVI,115.99614715576172
2020-11-09,ATVI,113.83563232421876
2020-11-10,ATVI,115.74311065673828
2020-11-11,ATVI,116.57034301757812
2020-11-12,ATVI,116.12266540527344
2020-11-13,ATVI,117.56298828125
2020-11-16,ATVI,115.42195892333984
2020-11-17,ATVI,115.3440933227539
2020-11-18,ATVI,113.7091064453125
2020-11-19,ATVI,116.92069244384766
2020-11-20,ATVI,118.60433197021484
2020-11-23,ATVI,118.59458923339844
2020-11-24,ATVI,117.02775573730467
2020-11-25,ATVI,118.25398254394533
2020-11-27,ATVI,120.84270477294922
2020-11-30,ATVI,124.3267822265625
2020-12-01,ATVI,123.99545288085938
2020-12-02,ATVI,126.23678588867188
2020-12-03,ATVI,125.10636901855467
2020-12-04,ATVI,125.40847778320312
2020-12-07,ATVI,127.50364685058594
2020-12-08,ATVI,128.7802276611328
2020-12-09,ATVI,129.7742156982422
2020-12-10,ATVI,131.2457275390625
2020-12-11,ATVI,132.337158203125
2020-12-14,ATVI,134.0327911376953
2020-12-15,ATVI,137.0732421875
2020-12-16,ATVI,137.98927307128906
2020-12-17,ATVI,136.2838897705078
2020-12-18,ATVI,138.97354125976562
2020-12-21,ATVI,137.41432189941406
2020-12-22,ATVI,135.8746337890625
2020-12-23,ATVI,137.90158081054688
2020-12-24,ATVI,138.1939239501953
2020-12-28,ATVI,137.13168334960938
2020-12-29,ATVI,137.11219787597656
2020-12-30,ATVI,138.4278106689453
2020-12-31,ATVI,139.9382781982422
2021-01-04,ATVI,135.95254516601562
2021-01-05,ATVI,137.71640014648438
2021-01-06,ATVI,133.31166076660156
2021-01-07,ATVI,137.1511993408203
2021-01-08,ATVI,138.24264526367188
2021-01-11,ATVI,137.61898803710938
2021-01-12,ATVI,135.51405334472656
2021-01-13,ATVI,132.8634033203125
2021-01-14,ATVI,135.39712524414062
2021-01-15,ATVI,135.45555114746094
2021-01-19,ATVI,137.82359313964844
2021-01-20,ATVI,141.8872528076172
2021-01-21,ATVI,142.24781799316406
2021-01-22,ATVI,142.2770538330078
2021-01-25,ATVI,142.56942749023438
2021-01-26,ATVI,142.56942749023438
2021-01-27,ATVI,142.50120544433594
2021-01-28,ATVI,139.36329650878906
2021-01-29,ATVI,139.54849243164062
2021-02-01,ATVI,142.15037536621094
2021-02-02,ATVI,145.17137145996094
2021-02-03,ATVI,137.22914123535156
2021-02-04,ATVI,135.09500122070312
2021-02-05,ATVI,137.61898803710938
2021-02-08,ATVI,138.8273468017578
2021-02-09,ATVI,142.38424682617188
2021-02-10,ATVI,140.92251586914062
2021-02-11,ATVI,143.57313537597656
2021-02-12,ATVI,143.97268676757812
2021-02-16,ATVI,142.06268310546875
2021-02-17,ATVI,142.11138916015625
2021-02-18,ATVI,143.65113830566406
2021-02-19,ATVI,142.2283477783203
2021-02-22,ATVI,138.63243103027344
2021-02-23,ATVI,137.57022094726562
2021-02-24,ATVI,134.16921997070312
2021-02-25,ATVI,131.79148864746094
2021-02-26,ATVI,130.5538330078125
2021-03-01,ATVI,133.76968383789062
2021-03-02,ATVI,133.49649047851562
2021-03-03,ATVI,129.81805419921875
2021-03-04,ATVI,128.10079956054688
2021-03-05,ATVI,129.37899780273438
2021-03-08,ATVI,124.1199188232422
2021-03-09,ATVI,127.7495574951172
2021-03-10,ATVI,126.959228515625
2021-03-11,ATVI,128.1496124267578
2021-03-12,ATVI,127.32022857666016
2021-03-15,ATVI,127.71051788330078
2021-03-16,ATVI,128.53990173339844
2021-03-17,ATVI,127.42757415771484
2021-03-18,ATVI,124.8907241821289
2021-03-19,ATVI,125.28099822998048
2021-03-22,ATVI,128.21788024902344
2021-03-23,ATVI,129.81805419921875
2021-03-24,ATVI,126.64701080322266
2021-03-25,ATVI,126.8714370727539
2021-03-26,ATVI,129.62294006347656
2021-03-29,ATVI,131.6914520263672
2021-03-30,ATVI,131.1645050048828
2021-03-31,ATVI,132.08168029785156
2021-04-01,ATVI,134.60879516601562
2021-04-05,ATVI,138.10186767578125
2021-04-06,ATVI,137.8480987548828
2021-04-07,ATVI,138.5603790283203
2021-04-08,ATVI,138.11158752441406
2021-04-09,ATVI,137.04806518554688
2021-04-12,ATVI,138.0140380859375
2021-04-13,ATVI,138.65794372558594
2021-04-14,ATVI,138.1701202392578
2021-04-15,ATVI,139.3019256591797
2021-04-16,ATVI,137.6237030029297
2021-04-19,ATVI,136.23818969726562
2021-04-20,ATVI,137.43836975097656
2021-04-21,ATVI,137.6139373779297
2021-04-22,ATVI,137.82862854003906
2021-04-23,ATVI,139.6629638671875
2021-04-26,ATVI,140.29718017578125
2021-04-27,ATVI,139.97518920898438
2021-04-28,ATVI,140.49234008789062
2021-04-29,ATVI,142.7852325439453
2021-04-30,ATVI,138.62872314453125
2021-05-03,ATVI,137.75054931640625
2021-05-04,ATVI,133.73062133789062
2021-05-05,ATVI,134.51123046875
2021-05-06,ATVI,137.90664672851562
2021-05-07,ATVI,138.96043395996094
2021-05-10,ATVI,137.23342895507812
2021-05-11,ATVI,137.92617797851562
2021-05-12,ATVI,136.2772216796875
2021-05-13,ATVI,135.75038146972656
2021-05-14,ATVI,135.25277709960938
2021-05-17,ATVI,134.18923950195312
2021-05-18,ATVI,134.70635986328125
2021-05-19,ATVI,135.50643920898438
2021-05-20,ATVI,138.3653106689453
2021-05-21,ATVI,136.76512145996094
2021-05-24,ATVI,138.63844299316406
2021-05-25,ATVI,139.780029296875
2021-05-26,ATVI,140.49234008789062
2021-05-27,ATVI,139.45803833007812
2021-05-28,ATVI,139.45803833007812
2021-06-01,ATVI,140.2981719970703
2021-06-02,ATVI,138.12953186035156
2021-06-03,ATVI,138.7058868408203
2021-06-04,ATVI,141.8513946533203
2021-06-07,ATVI,142.34959411621094
2021-06-08,ATVI,142.1347198486328
2021-06-09,ATVI,142.44729614257812
2021-06-10,ATVI,142.2909698486328
2021-06-11,ATVI,143.0041046142578
2021-06-14,ATVI,145.11412048339844
2021-06-15,ATVI,141.45089721679688
2021-06-16,ATVI,139.3017578125
2021-06-17,ATVI,138.64723205566406
2021-06-18,ATVI,137.85597229003906
2021-06-21,ATVI,137.69969177246094
2021-06-22,ATVI,137.60203552246094
2021-06-23,ATVI,135.41383361816406
2021-06-24,ATVI,135.44308471679688
2021-06-25,ATVI,135.384521484375
2021-06-28,ATVI,139.67300415039062
2021-06-29,ATVI,140.76707458496094
2021-06-30,ATVI,140.5033416748047
2021-07-01,ATVI,138.85238647460938
2021-07-02,ATVI,140.09304809570312
2021-07-06,ATVI,139.6925048828125
2021-07-07,ATVI,139.64366149902344
2021-07-08,ATVI,137.2014617919922
2021-07-09,ATVI,137.72901916503906
2021-07-12,ATVI,138.1197509765625
2021-07-13,ATVI,139.9367218017578
2021-07-14,ATVI,139.8097381591797
2021-07-15,ATVI,139.36036682128906
2021-07-16,ATVI,139.7902069091797
2021-07-19,ATVI,137.97323608398438
2021-07-20,ATVI,137.8072052001953
2021-07-21,ATVI,137.46524047851562
2021-07-22,ATVI,138.9989013671875
2021-07-23,ATVI,141.63650512695312
2021-07-26,ATVI,141.89044189453125
2021-07-27,ATVI,138.64723205566406
2021-07-28,ATVI,140.2395477294922
2021-07-29,ATVI,140.0637664794922
2021-07-30,ATVI,140.6302947998047
2021-08-02,ATVI,140.7768096923828
2021-08-03,ATVI,136.56655883789062
2021-08-04,ATVI,136.67396545410156
2021-08-05,ATVI,133.7042999267578
2021-08-06,ATVI,133.18653869628906
2021-08-09,ATVI,133.0107421875
2021-08-10,ATVI,133.86058044433594
2021-08-11,ATVI,135.10125732421875
2021-08-12,ATVI,135.77525329589844
2021-08-13,ATVI,135.472412109375
2021-08-16,ATVI,136.76187133789062
2021-08-17,ATVI,137.77781677246094
2021-08-18,ATVI,136.7521209716797
2021-08-19,ATVI,137.3480224609375
2021-08-20,ATVI,136.927978515625
2021-08-23,ATVI,139.51669311523438
2021-08-24,ATVI,139.2725067138672
2021-08-25,ATVI,138.57887268066406
2021-08-26,ATVI,138.19789123535156
2021-08-27,ATVI,139.63389587402344
2021-08-30,ATVI,139.9757537841797
2021-08-31,ATVI,142.01988220214844
2021-09-01,ATVI,143.2130889892578
2021-09-02,ATVI,142.20570373535156
2021-09-03,ATVI,143.37937927246094
2021-09-07,ATVI,142.0296630859375
2021-09-08,ATVI,140.93429565429688
2021-09-09,ATVI,139.18359375
2021-09-10,ATVI,141.941650390625
2021-09-13,ATVI,141.5015411376953
2021-09-14,ATVI,142.17636108398438
2021-09-15,ATVI,134.02938842773438
2021-09-16,ATVI,132.97308349609375
2021-09-17,ATVI,130.9388427734375
2021-09-20,ATVI,127.23204803466795
2021-09-21,ATVI,123.97522735595705
2021-09-22,ATVI,123.62313079833984
2021-09-23,ATVI,125.08038330078124
2021-09-24,ATVI,127.04621887207033
2021-09-27,ATVI,129.08050537109375
2021-09-28,ATVI,130.83120727539062
2021-09-29,ATVI,134.9096221923828
2021-09-30,ATVI,139.1249237060547
2021-10-01,ATVI,140.4355010986328
2021-10-04,ATVI,140.01490783691406
2021-10-05,ATVI,140.92446899414062
2021-10-06,ATVI,131.1246337890625
2021-10-07,ATVI,134.5672607421875
2021-10-08,ATVI,136.9145965576172
2021-10-11,ATVI,136.40599060058594
2021-10-12,ATVI,133.66749572753906
2021-10-13,ATVI,133.44259643554688
2021-10-14,ATVI,132.72862243652344
2021-10-15,ATVI,131.78968811035156
2021-10-18,ATVI,131.75057983398438
2021-10-19,ATVI,133.74575805664062
2021-10-20,ATVI,136.14190673828125
2021-10-21,ATVI,137.5404815673828
2021-10-22,ATVI,137.9708709716797
2021-10-25,ATVI,139.06622314453125
2021-10-26,ATVI,139.2716522216797
2021-10-27,ATVI,137.2862091064453
2021-10-28,ATVI,137.1492919921875
2021-10-29,ATVI,137.1688690185547
2021-11-01,ATVI,138.65545654296875
2021-11-02,ATVI,137.0906219482422
2021-11-03,ATVI,136.4353485107422
2021-11-04,ATVI,139.34983825683594
2021-11-05,ATVI,136.5037841796875
2021-11-08,ATVI,135.1248016357422
2021-11-09,ATVI,136.7189483642578
2021-11-10,ATVI,136.2201385498047
2021-11-11,ATVI,141.27655029296875
2021-11-12,ATVI,142.2448272705078
2021-11-15,ATVI,138.1762237548828
2021-11-16,ATVI,136.49398803710938
2021-11-17,ATVI,135.10520935058594
2021-11-18,ATVI,134.31300354003906
2021-11-19,ATVI,129.48153686523438
2021-11-22,ATVI,123.50576782226562
2021-11-23,ATVI,125.58895874023438
2021-11-24,ATVI,123.86762237548828
2021-11-26,ATVI,123.20256805419922
2021-11-29,ATVI,122.1365203857422
2021-11-30,ATVI,121.49100494384766
2021-12-01,ATVI,117.58866119384766
2021-12-02,ATVI,119.8968505859375
2021-12-03,ATVI,122.51795196533205
2021-12-06,ATVI,123.5351104736328
2021-12-07,ATVI,123.5448989868164
2021-12-08,ATVI,123.76036071777344
2021-12-09,ATVI,122.41864013671876
2021-12-10,ATVI,123.04542541503906
2021-12-13,ATVI,124.15209197998048
2021-12-14,ATVI,124.23043060302734
2021-12-15,ATVI,126.23810577392578
2021-12-16,ATVI,126.71800231933594
2021-12-17,ATVI,124.88658905029295
2021-12-20,ATVI,127.23703002929688
2021-12-21,ATVI,129.44056701660156
2021-12-22,ATVI,128.7550506591797
2021-12-23,ATVI,129.80291748046875
2021-12-27,ATVI,130.29261779785156
2021-12-28,ATVI,130.7137451171875
2021-12-29,ATVI,130.3905487060547
2021-12-30,ATVI,131.68328857421875
2021-12-31,ATVI,129.1761474609375
2022-01-03,ATVI,132.16314697265625
2022-01-04,ATVI,132.95643615722656
2022-01-05,ATVI,131.0369415283203
2022-01-06,ATVI,127.0118179321289
2022-01-07,ATVI,129.0586395263672
2022-01-10,ATVI,126.23810577392578
2022-01-11,ATVI,128.098876953125
2022-01-12,ATVI,129.76377868652344
2022-01-13,ATVI,128.13803100585938
2022-01-14,ATVI,127.7462921142578
2022-01-18,ATVI,131.14463806152344
2022-01-19,ATVI,134.08270263671875
2022-01-20,ATVI,136.01202392578125
2022-01-21,ATVI,136.13931274414062
2022-01-24,ATVI,132.40798950195312
2022-01-25,ATVI,128.3045196533203
2022-01-26,ATVI,127.2957992553711
2022-01-27,ATVI,128.35348510742188
2022-01-28,ATVI,129.19573974609375
2022-01-31,ATVI,129.9204864501953
2022-02-01,ATVI,127.25662994384766
2022-02-02,ATVI,134.33729553222656
2022-02-03,ATVI,134.45484924316406
2022-02-04,ATVI,134.86619567871094
2022-02-07,ATVI,133.5832061767578
2022-02-08,ATVI,131.5951385498047
2022-02-09,ATVI,132.98580932617188
2022-02-10,ATVI,132.1925506591797
2022-02-11,ATVI,131.3307342529297
2022-02-14,ATVI,130.6451416015625
2022-02-15,ATVI,131.72244262695312
2022-02-16,ATVI,130.5374298095703
2022-02-17,ATVI,127.70710754394533
2022-02-18,ATVI,126.65924835205078
2022-02-22,ATVI,124.46548461914062
2022-02-23,ATVI,124.10311889648438
2022-02-24,ATVI,124.86701965332033
2022-02-25,ATVI,126.05204010009766
2022-02-28,ATVI,127.40351104736328
2022-03-01,ATVI,125.50360107421876
2022-03-02,ATVI,126.59064483642578
2022-03-03,ATVI,125.1999969482422
2022-03-04,ATVI,123.87786865234376
2022-03-07,ATVI,123.65261840820312
2022-03-08,ATVI,120.29873657226562
2022-03-09,ATVI,123.09364318847656
2022-03-10,ATVI,121.2892074584961
2022-03-11,ATVI,119.96531677246094
2022-03-14,ATVI,116.8271713256836
2022-03-15,ATVI,118.46488189697266
2022-03-16,ATVI,121.40689849853516
2022-03-17,ATVI,122.76021575927734
2022-03-18,ATVI,123.83893585205078
2022-03-21,ATVI,123.13286590576172
2022-03-22,ATVI,125.45703887939452
2022-03-23,ATVI,122.23064422607422
2022-03-24,ATVI,123.1426773071289
2022-03-25,ATVI,124.8588409423828
2022-03-28,ATVI,125.5649185180664
2022-03-29,ATVI,126.33966827392578
2022-03-30,ATVI,125.21188354492188
2022-03-31,ATVI,124.06451416015624
2022-04-01,ATVI,122.80924224853516
2022-04-04,ATVI,125.54533386230467
2022-04-05,ATVI,123.42707061767578
2022-04-06,ATVI,122.43659210205078
2022-04-07,ATVI,121.0146255493164
2022-04-08,ATVI,121.09307861328124
2022-04-11,ATVI,120.21046447753906
2022-04-12,ATVI,121.18133544921876
2022-04-13,ATVI,121.2303695678711
2022-04-14,ATVI,120.23008728027344
2022-04-18,ATVI,119.7986068725586
2022-04-19,ATVI,121.64226531982422
2022-04-20,ATVI,120.92634582519533
2022-04-21,ATVI,121.3480453491211
2022-04-22,ATVI,125.61395263671876
2022-04-25,ATVI,125.67279815673828
2022-04-26,ATVI,122.22083282470705
2022-04-27,ATVI,118.87677764892578
2022-04-28,ATVI,121.02442169189452
2022-04-29,ATVI,115.7680435180664
2022-05-02,ATVI,117.68033599853516
2022-05-03,ATVI,120.14181518554688
2022-05-04,ATVI,121.32844543457033
2022-05-05,ATVI,117.29788970947266
2022-05-06,ATVI,113.06138610839844
2022-05-09,ATVI,109.87421417236328
2022-05-10,ATVI,109.44273376464844
2022-05-11,ATVI,118.16085815429688
2022-05-12,ATVI,118.61198425292967
2022-05-13,ATVI,122.52484893798828
2022-05-16,ATVI,124.927490234375
2022-05-17,ATVI,125.9866180419922
2022-05-18,ATVI,126.47694396972656
2022-05-19,ATVI,127.50665283203124
2022-05-20,ATVI,128.23231506347656
2022-05-23,ATVI,131.18414306640625
2022-05-24,ATVI,134.0379180908203
2022-05-25,ATVI,134.69496154785156
2022-05-26,ATVI,135.99925231933594
2022-05-27,ATVI,135.85214233398438
2022-05-31,ATVI,135.96981811523438
2022-06-01,ATVI,136.83279418945312
2022-06-02,ATVI,138.76473999023438
2022-06-03,ATVI,138.27442932128906
2022-06-06,ATVI,137.63694763183594
2022-06-07,ATVI,138.432373046875
2022-06-08,ATVI,136.71388244628906
2022-06-09,ATVI,133.36524963378906
2022-06-10,ATVI,131.03793334960938
2022-06-13,ATVI,126.4421844482422
2022-06-14,ATVI,125.0771942138672
2022-06-15,ATVI,126.93315887451172
2022-06-16,ATVI,125.67621612548828
2022-06-17,ATVI,126.22613525390624
2022-06-21,ATVI,128.0428466796875
2022-06-22,ATVI,126.70732879638672
2022-06-23,ATVI,126.6385726928711
2022-06-24,ATVI,127.8562469482422
2022-06-27,ATVI,123.33907318115234
2022-06-28,ATVI,120.66802215576172
2022-06-29,ATVI,120.61892700195312
2022-06-30,ATVI,119.46017456054688
2022-07-01,ATVI,120.5207290649414
2022-07-05,ATVI,122.50436401367188
2022-07-06,ATVI,122.11156463623048
2022-07-07,ATVI,123.33907318115234
2022-07-08,ATVI,123.36852264404295
2022-07-11,ATVI,121.6107406616211
2022-07-12,ATVI,119.78421783447266
2022-07-13,ATVI,119.48963165283205
2022-07-14,ATVI,120.08863830566406
2022-07-15,ATVI,120.94297790527344
2022-07-18,ATVI,121.39471435546876
2022-07-19,ATVI,124.46835327148438
2022-07-20,ATVI,125.29322814941406
2022-07-21,ATVI,127.8661117553711
2022-07-22,ATVI,127.81696319580078
2022-07-25,ATVI,127.58131408691406
2022-07-26,ATVI,128.39634704589844
2022-07-27,ATVI,129.8006134033203
2022-07-28,ATVI,130.78256225585938
2022-07-29,ATVI,128.8677215576172
2022-08-01,ATVI,128.5142059326172
2022-08-02,ATVI,126.56985473632812
2022-08-03,ATVI,130.88082885742188
2022-08-04,ATVI,130.841552734375
2022-08-05,ATVI,130.1737823486328
2022-08-08,ATVI,128.69097900390625
2022-08-09,ATVI,126.95281219482422
2022-08-10,ATVI,128.79901123046875
2022-08-11,ATVI,127.34561920166016
2022-08-12,ATVI,129.0051727294922
2022-08-15,ATVI,129.23106384277344
2022-08-16,ATVI,132.67787170410156
2022-08-17,ATVI,130.77276611328125
2022-08-18,ATVI,130.0854034423828
2022-08-19,ATVI,128.1311798095703
2022-08-22,ATVI,125.8136978149414
2022-08-23,ATVI,124.44872283935548
2022-08-24,ATVI,123.34889221191406
2022-08-25,ATVI,125.31289672851562
2022-08-26,ATVI,129.790771484375
2022-08-29,ATVI,127.26707458496094
2022-08-30,ATVI,124.37574768066406
2022-08-31,ATVI,124.76911163330078
2022-09-01,ATVI,125.56570434570312
2022-09-02,ATVI,123.25462341308594
2022-09-06,ATVI,122.66456604003906
2022-09-07,ATVI,123.4709701538086
2022-09-08,ATVI,125.03463745117188
2022-09-09,ATVI,126.79498291015624
2022-09-12,ATVI,128.68321228027344
2022-09-13,ATVI,125.47718811035156
2022-09-14,ATVI,124.81829833984376
2022-09-15,ATVI,122.349853515625
2022-09-16,ATVI,119.72406768798828
2022-09-19,ATVI,120.89435577392578
2022-09-20,ATVI,118.54393005371094
2022-09-21,ATVI,115.5444564819336
2022-09-22,ATVI,115.47561645507812
2022-09-23,ATVI,113.72508239746094
2022-09-26,ATVI,112.91864776611328
2022-09-27,ATVI,113.2333526611328
2022-09-28,ATVI,116.39021301269533
2022-09-29,ATVI,115.52477264404295
2022-09-30,ATVI,113.79393005371094
2022-10-03,ATVI,117.87520599365234
2022-10-04,ATVI,121.15989685058594
2022-10-05,ATVI,120.63866424560548
2022-10-06,ATVI,121.61227416992188
2022-10-07,ATVI,120.28461456298828
2022-10-10,ATVI,118.6816177368164
2022-10-11,ATVI,117.27529907226562
2022-10-12,ATVI,116.91141510009766
2022-10-13,ATVI,119.21269989013672
2022-10-14,ATVI,118.37676239013672
2022-10-17,ATVI,119.02581787109376
2022-10-18,ATVI,121.32706451416016
2022-10-19,ATVI,121.78929901123048
2022-10-20,ATVI,121.50409698486328
2022-10-21,ATVI,122.92024993896484
2022-10-24,ATVI,123.5889892578125
2022-10-25,ATVI,125.62471771240234
2022-10-26,ATVI,125.142822265625
2022-10-27,ATVI,125.58538055419922
2022-10-28,ATVI,126.11643981933594
2022-10-31,ATVI,123.87419128417967
2022-11-01,ATVI,124.17903900146484
2022-11-02,ATVI,126.52948760986328
2022-11-03,ATVI,124.52326965332033
2022-11-04,ATVI,127.61126708984376
2022-11-07,ATVI,130.2272491455078
2022-11-08,ATVI,126.96219635009766
2022-11-09,ATVI,124.19873046875
2022-11-10,ATVI,128.14231872558594
2022-11-11,ATVI,129.05690002441406
2022-11-14,ATVI,127.41454315185548
2022-11-15,ATVI,126.64749908447266
2022-11-16,ATVI,127.1982192993164
2022-11-17,ATVI,126.5196304321289
2022-11-18,ATVI,127.92594909667967
2022-11-21,ATVI,125.7427215576172
2022-11-22,ATVI,127.3752212524414
2022-11-23,ATVI,128.79139709472656
2022-11-25,ATVI,127.35557556152344
2022-11-28,ATVI,126.22460174560548
2022-11-29,ATVI,125.66322326660156
2022-11-30,ATVI,128.80502319335938
2022-12-01,ATVI,129.63235473632812
2022-12-02,ATVI,130.28237915039062
2022-12-05,ATVI,128.4504852294922
2022-12-06,ATVI,125.48594665527344
2022-12-07,ATVI,124.10707092285156
2022-12-08,ATVI,124.20557403564452
2022-12-09,ATVI,122.82671356201172
2022-12-12,ATVI,123.70328521728516
2022-12-13,ATVI,123.78206634521484
2022-12-14,ATVI,122.77747344970705
2022-12-15,ATVI,119.8917236328125
2022-12-16,ATVI,119.9015655517578
2022-12-19,ATVI,118.96591186523438
2022-12-20,ATVI,118.60149383544922
2022-12-21,ATVI,120.65008544921876
2022-12-22,ATVI,119.5863800048828
2022-12-23,ATVI,119.675048828125
2022-12-27,ATVI,118.9954605102539
2022-12-28,ATVI,117.73477172851562
2022-12-29,ATVI,120.3447723388672
2022-12-30,ATVI,120.33492279052734
2023-01-03,ATVI,120.94554901123048
2023-01-04,ATVI,123.12218475341795
2023-01-05,ATVI,122.7971649169922
2023-01-06,ATVI,122.0190887451172
2023-01-09,ATVI,122.29486083984376
2023-01-10,ATVI,122.14713287353516
2023-01-11,ATVI,124.20557403564452
2023-01-12,ATVI,124.5108871459961
2023-01-13,ATVI,123.5653839111328
2023-01-17,ATVI,121.83196258544922
2023-01-18,ATVI,121.84181213378906
2023-01-19,ATVI,121.8516616821289
2023-01-20,ATVI,124.0873794555664
2023-01-23,ATVI,125.48594665527344
2023-01-24,ATVI,125.5647201538086
2023-01-25,ATVI,125.63367462158205
2023-01-26,ATVI,127.18981170654295
2023-01-27,ATVI,126.92388153076172
2023-01-30,ATVI,127.04206848144533
2023-01-31,ATVI,126.73674774169922
2023-02-01,ATVI,114.99677276611328
2023-02-02,ATVI,114.23839569091795
2023-02-03,ATVI,112.19965362548828
2023-02-06,ATVI,110.49578094482422
2023-02-07,ATVI,112.45573425292967
2023-02-08,ATVI,110.9980697631836
2023-02-09,ATVI,110.10182189941406
2023-02-10,ATVI,110.1116714477539
2023-02-13,ATVI,111.4905242919922
2023-02-14,ATVI,110.55486297607422
2023-02-15,ATVI,111.62841033935548
2023-02-16,ATVI,110.03287506103516
2023-02-17,ATVI,110.3086395263672
2023-02-21,ATVI,110.32835388183594
2023-02-22,ATVI,110.05258178710938
2023-02-23,ATVI,109.04798126220705
2023-02-24,ATVI,108.11231994628906
2023-02-27,ATVI,109.4123992919922
2023-02-28,ATVI,109.45185089111328
2023-03-01,ATVI,108.92896270751952
2023-03-02,ATVI,110.78375244140624
2023-03-03,ATVI,111.6322021484375
2023-03-06,ATVI,111.67168426513672
2023-03-07,ATVI,110.63575744628906
2023-03-08,ATVI,110.77387237548828
2023-03-09,ATVI,108.9782943725586
2023-03-10,ATVI,107.7253189086914
2023-03-13,ATVI,108.5935287475586
2023-03-14,ATVI,109.98461151123048
2023-03-15,ATVI,109.88593292236328
2023-03-16,ATVI,112.0071029663086
2023-03-17,ATVI,111.82952880859376
2023-03-20,ATVI,111.99723052978516
2023-03-21,ATVI,113.398193359375
2023-03-22,ATVI,111.6420669555664
2023-03-23,ATVI,114.4834442138672
2023-03-24,ATVI,117.43331909179688
2023-03-27,ATVI,117.0485610961914
2023-03-28,ATVI,116.43688201904295
2023-03-29,ATVI,117.5911865234375
2023-03-30,ATVI,117.5023956298828
2023-03-31,ATVI,118.83428192138672
2023-04-03,ATVI,119.72222137451172
2023-04-04,ATVI,123.56002807617188
2023-04-05,ATVI,124.45781707763672
2023-04-06,ATVI,123.48110961914062
2023-04-10,ATVI,123.93494415283205
2023-04-11,ATVI,123.99413299560548
2023-04-12,ATVI,124.43807983398438
2023-04-13,ATVI,126.55924987792967
2023-04-14,ATVI,126.15475463867188
2023-04-17,ATVI,126.36193084716795
2023-04-18,ATVI,127.30904388427734
2023-04-19,ATVI,126.46058654785156
2023-04-20,ATVI,127.07227325439452
2023-04-21,ATVI,127.37813568115234
2023-04-24,ATVI,127.74314880371094
2023-04-25,ATVI,127.76288604736328
2023-04-26,ATVI,123.441650390625
2023-04-27,ATVI,124.81299591064452
2023-04-28,ATVI,125.57266998291016
2023-05-01,ATVI,125.71078491210938
2023-05-02,ATVI,124.46768951416016
2023-05-03,ATVI,123.39231872558594
2023-05-04,ATVI,122.34652709960938
2023-05-05,ATVI,123.73762512207033
2023-05-08,ATVI,124.07305908203124
2023-05-09,ATVI,123.7277374267578
2023-05-10,ATVI,123.06674194335938
2023-05-11,ATVI,123.63895416259766
2023-05-12,ATVI,123.78694152832033
2023-05-15,ATVI,123.16539001464844
2023-05-16,ATVI,123.441650390625
2023-05-17,ATVI,123.24433135986328
2023-05-18,ATVI,124.51702117919922
2023-05-19,ATVI,123.97440338134766
2023-05-22,ATVI,123.441650390625
2023-05-23,ATVI,123.60935974121094
2023-05-24,ATVI,123.71788024902344
2023-05-25,ATVI,123.71788024902344
2023-05-26,ATVI,125.09911346435548
2023-05-30,ATVI,124.9706573486328
2023-05-31,ATVI,126.47252655029295
2023-06-01,ATVI,126.1662139892578
2023-06-02,ATVI,126.14644622802734
2023-06-05,ATVI,125.50421142578124
2023-06-06,ATVI,125.6227798461914
2023-06-07,ATVI,124.73351287841795
2023-06-08,ATVI,125.59313201904295
2023-06-09,ATVI,124.43708801269533
2023-06-12,ATVI,124.2592544555664
2023-06-13,ATVI,125.80062866210938
2023-06-14,ATVI,126.37371063232422
2023-06-15,ATVI,127.45069122314452
2023-06-16,ATVI,127.12464141845705
2023-06-20,ATVI,124.90149688720705
2023-06-21,ATVI,123.08344268798828
2023-06-22,ATVI,123.95294189453124
2023-06-23,ATVI,123.75533294677734
2023-06-26,ATVI,125.15839385986328
2023-06-27,ATVI,129.81219482421875
2023-06-28,ATVI,129.10076904296875
2023-06-29,ATVI,128.89328002929688
2023-06-30,ATVI,128.1522216796875
2023-07-03,ATVI,129.30825805664062
2023-07-05,ATVI,128.33995056152344
2023-07-06,ATVI,129.14028930664062
2023-07-07,ATVI,127.658203125
2023-07-10,ATVI,128.982177734375
2023-07-11,ATVI,135.69119262695312
2023-07-12,ATVI,133.85337829589844
2023-07-13,ATVI,135.0785675048828
2023-07-14,ATVI,135.70106506347656
2023-07-17,ATVI,136.60020446777344
2023-07-18,ATVI,137.21278381347656
2023-07-19,ATVI,135.20703125
2023-07-20,ATVI,135.49356079101562
2023-07-21,ATVI,135.42437744140625
2023-07-24,ATVI,136.11602783203125
2023-07-25,ATVI,137.90444946289062
2023-07-26,ATVI,137.17327880859375
2023-07-27,ATVI,135.86900329589844
2023-07-28,ATVI,136.2050018310547
2023-07-31,ATVI,134.72286987304688
2023-08-01,ATVI,134.49562072753906
2023-08-02,ATVI,124.80267333984376
2023-08-03,ATVI,122.35227966308594
2023-08-04,ATVI,121.1270751953125
2023-08-07,ATVI,122.56966400146484
2023-08-08,ATVI,121.14683532714844
2023-08-09,ATVI,120.46505737304688
2023-08-10,ATVI,120.8108901977539
2023-08-11,ATVI,120.74171447753906
2023-08-14,ATVI,121.30492401123048
2023-08-15,ATVI,119.9710464477539
2023-08-16,ATVI,119.23988342285156
2023-08-17,ATVI,117.3427734375
2023-08-18,ATVI,116.9475555419922
2023-08-21,ATVI,117.1846694946289
2023-08-22,ATVI,118.10359954833984
2023-08-23,ATVI,119.87222290039062
2023-08-24,ATVI,118.47906494140624
2023-08-25,ATVI,118.26168060302734
2023-08-28,ATVI,119.08177947998048
2023-08-29,ATVI,119.70524597167967
2023-08-30,ATVI,119.29949951171876
2023-08-31,ATVI,118.73540496826172
2023-09-01,ATVI,119.2895965576172
2023-09-05,ATVI,120.23963928222656
2023-09-06,ATVI,119.64586639404295
2023-09-07,ATVI,119.6854476928711
2023-09-08,ATVI,120.48704528808594
2023-09-11,ATVI,121.25895690917967
2023-09-12,ATVI,120.16046142578124
2023-09-13,ATVI,120.4177703857422
2023-09-14,ATVI,121.763671875
2023-09-15,ATVI,119.21041870117188
2023-09-18,ATVI,119.3489761352539
2023-09-19,ATVI,119.7448272705078
2023-09-20,ATVI,119.20053100585938
2023-09-21,ATVI,117.56765747070312
2023-09-22,ATVI,117.76557159423828
2023-09-25,ATVI,118.46820831298828
2023-09-26,ATVI,117.1322021484375
2023-09-27,ATVI,116.74625396728516
2023-09-28,ATVI,117.9437026977539
2023-09-29,ATVI,119.15103912353516
2023-10-02,ATVI,118.90363311767578
2023-10-03,ATVI,118.30986785888672
2023-10-04,ATVI,119.4677276611328
2023-10-05,ATVI,119.5370101928711
2023-10-06,ATVI,121.68450164794922
2023-10-09,ATVI,123.2975845336914
2023-10-10,ATVI,126.75138854980467
2023-10-11,ATVI,128.3446807861328
2023-10-12,ATVI,130.20518493652344
2023-10-13,ATVI,129.92807006835938
2023-10-16,ATVI,129.77963256835938
2023-10-17,ATVI,129.6707763671875
2023-10-18,ATVI,128.9087677001953
2023-10-19,ATVI,126.89982604980467
2023-10-20,ATVI,126.1180191040039
2023-10-23,ATVI,125.02942657470705
2023-10-24,ATVI,126.3357391357422
2023-10-25,ATVI,124.41585540771484
2023-10-26,ATVI,122.35743713378906
2023-10-27,ATVI,121.35791015625
2023-10-30,ATVI,120.05160522460938
2023-10-31,ATVI,122.50588989257812
2023-11-01,ATVI,122.49598693847656
2023-11-02,ATVI,126.94931030273438
2023-11-03,ATVI,128.24569702148438
2023-11-06,ATVI,127.92903137207033
2023-11-07,ATVI,128.38426208496094
2023-11-08,ATVI,129.3837890625
2023-11-09,ATVI,129.93798828125
2023-11-10,ATVI,131.40264892578125
2023-11-13,ATVI,131.3036651611328
2023-11-14,ATVI,133.04541015625
2023-11-15,ATVI,133.03549194335938
2023-11-16,ATVI,132.0161895751953
2023-11-17,ATVI,132.3131103515625
2023-11-20,ATVI,134.044921875
2023-11-21,ATVI,134.64862060546875
2023-11-22,ATVI,134.70797729492188
2023-11-24,ATVI,135.18299865722656
2023-11-27,ATVI,135.69760131835938
2023-11-28,ATVI,135.15257263183594
2023-11-29,ATVI,136.0741729736328
2023-11-30,ATVI,136.7678680419922
2023-12-01,ATVI,136.52011108398438
2023-12-04,ATVI,136.57958984375
2023-12-05,ATVI,136.18321228027344
2023-12-06,ATVI,135.90573120117188
2023-12-07,ATVI,134.3300323486328
2023-12-08,ATVI,135.90573120117188
2023-12-11,ATVI,137.3129425048828
2023-12-12,ATVI,139.0670166015625
2023-12-13,ATVI,141.06883239746094
2023-12-14,ATVI,139.58233642578125
2023-12-15,ATVI,137.58050537109375
2023-12-18,ATVI,136.84716796875
2023-12-19,ATVI,137.30303955078125
2023-12-20,ATVI,135.36065673828125
2023-12-21,ATVI,136.63905334472656
2023-12-22,ATVI,136.43093872070312
2023-12-26,ATVI,136.05435180664062
2023-12-27,ATVI,135.47958374023438
2023-12-28,ATVI,135.5291290283203
2023-12-29,ATVI,135.57867431640625
2024-01-02,ATVI,134.5579376220703
2024-01-03,ATVI,134.48858642578125
2024-01-04,ATVI,134.74624633789062
2024-01-05,ATVI,134.3894805908203
2024-01-08,ATVI,135.23184204101562
2024-01-09,ATVI,136.4805145263672
2024-01-10,ATVI,136.39129638671875
2024-01-11,ATVI,136.50033569335938
2024-01-12,ATVI,136.6787109375
2024-01-16,ATVI,135.91561889648438
2024-01-17,ATVI,135.39039611816406
2024-01-18,ATVI,136.78770446777344
2024-01-19,ATVI,136.4805145263672
2024-01-22,ATVI,136.33184814453125
2024-01-23,ATVI,137.9174346923828
2024-01-24,ATVI,136.61923217773438
2024-01-25,ATVI,137.68951416015625
2024-01-26,ATVI,138.16517639160156
2024-01-29,ATVI,137.33274841308594
2024-01-30,ATVI,136.31202697753906
2024-01-31,ATVI,136.34178161621094
2024-02-01,ATVI,136.6787109375
2024-02-02,ATVI,135.4102020263672
2024-02-05,ATVI,133.72549438476562
2024-02-06,ATVI,134.04261779785156
2024-02-07,ATVI,135.5192413330078
2024-02-08,ATVI,137.60032653808594
2024-02-09,ATVI,139.34449768066406
2024-02-12,ATVI,136.31202697753906
2024-02-13,ATVI,137.7489776611328
2024-02-14,ATVI,141.79226684570312
2024-02-15,ATVI,142.7535400390625
2024-02-16,ATVI,140.9994354248047
2024-02-20,ATVI,139.77061462402344
2024-02-21,ATVI,139.89944458007812
2024-02-22,ATVI,142.22830200195312
2024-02-23,ATVI,141.30665588378906
2024-02-26,ATVI,141.29673767089844
2024-02-27,ATVI,138.42892456054688
2024-02-28,ATVI,139.00448608398438
2024-02-29,ATVI,138.40908813476562
2024-03-01,ATVI,139.7090301513672
2024-03-04,ATVI,137.74423217773438
2024-03-05,ATVI,135.23365783691406
2024-03-06,ATVI,134.47950744628906
2024-03-07,ATVI,134.3603973388672
2024-03-08,ATVI,134.11231994628906
2024-03-11,ATVI,135.68020629882812
2024-03-12,ATVI,134.97567749023438
2024-03-13,ATVI,135.908447265625
2024-03-14,ATVI,133.99325561523438
2024-03-15,ATVI,133.23912048339844
2024-03-18,ATVI,131.46282958984375
2024-03-19,ATVI,131.9391632080078
2024-03-20,ATVI,131.30406188964844
2024-03-21,ATVI,131.46282958984375
2024-03-22,ATVI,130.68882751464844
2024-03-25,ATVI,129.5178985595703
2024-03-26,ATVI,129.89495849609375
2024-03-27,ATVI,130.85751342773438
2024-03-28,ATVI,131.65138244628906
2024-04-01,ATVI,132.3162078857422
2024-04-02,ATVI,131.1353759765625
2024-04-03,ATVI,131.50253295898438
2024-04-04,ATVI,128.5652618408203
2024-04-05,ATVI,129.28964233398438
2024-04-08,ATVI,129.0018768310547
2024-04-09,ATVI,129.6865997314453
2024-04-10,ATVI,128.30726623535156
2024-04-11,ATVI,128.18817138671875
2024-04-12,ATVI,126.90807342529295
2024-04-15,ATVI,126.07453918457033
2024-04-16,ATVI,125.578369140625
2024-04-17,ATVI,125.34020233154295
2024-04-18,ATVI,124.66543579101562
2024-04-19,ATVI,126.29283905029295
2024-04-22,ATVI,126.14398956298828
2024-04-23,ATVI,126.1638412475586
2024-04-24,ATVI,127.15615844726562
2024-04-25,ATVI,126.33253479003906
2024-04-26,ATVI,126.9180145263672
2024-04-29,ATVI,126.9180145263672
2024-04-30,ATVI,125.8462905883789
2024-05-01,ATVI,127.1958465576172
2024-05-02,ATVI,127.51339721679688
2024-05-03,ATVI,128.5652618408203
2024-05-06,ATVI,129.5575714111328
2024-05-07,ATVI,129.24005126953125
2024-05-08,ATVI,124.27842712402344
2024-05-09,ATVI,126.14398956298828
2024-05-10,ATVI,126.1638412475586
2024-05-13,ATVI,125.60814666748048
2024-05-14,ATVI,125.61805725097656
2024-05-15,ATVI,126.64015197753906
2024-05-16,ATVI,128.16831970214844
2024-05-17,ATVI,126.76915740966795
2024-05-20,ATVI,127.31493377685548
2024-05-21,ATVI,127.8607177734375
2024-05-22,ATVI,134.1024169921875
2024-05-23,ATVI,133.3680877685547
2024-05-24,ATVI,134.02304077148438
2024-05-28,ATVI,131.03614807128906
2024-05-29,ATVI,131.1454620361328
2024-05-30,ATVI,130.41004943847656
2024-05-31,ATVI,132.04978942871094
2024-06-03,ATVI,132.1591033935547
2024-06-04,ATVI,135.6471405029297
2024-06-05,ATVI,137.09803771972656
2024-06-06,ATVI,136.54151916503906
2024-06-07,ATVI,135.96514892578125
2024-06-10,ATVI,135.35897827148438
2024-06-11,ATVI,135.83596801757812
2024-06-12,ATVI,134.7825927734375
2024-06-13,ATVI,135.02108764648438
2024-06-14,ATVI,135.13038635253906
2024-06-17,ATVI,136.67071533203125
2024-06-18,ATVI,137.26698303222656
2024-06-20,ATVI,136.98870849609375
2024-06-21,ATVI,138.19114685058594
2024-06-24,ATVI,140.34759521484375
2024-06-25,ATVI,139.75135803222656
2024-06-26,ATVI,139.69174194335938
2024-06-27,ATVI,138.64830017089844
2024-06-28,ATVI,138.45945739746094
2024-07-01,ATVI,136.46202087402344
2024-07-02,ATVI,138.0122833251953
2024-07-03,ATVI,137.80360412597656
2024-07-05,ATVI,137.3961639404297
2024-07-08,ATVI,138.7774658203125
2024-07-09,ATVI,139.70167541503906
2024-07-10,ATVI,143.18971252441406
2024-07-11,ATVI,144.39215087890625
2024-07-12,ATVI,144.76979064941406
2024-07-15,ATVI,144.09405517578125
2024-07-16,ATVI,145.7536163330078
2024-07-17,ATVI,146.08154296875
2024-07-18,ATVI,145.6045379638672
2024-07-19,ATVI,139.3240203857422
2024-07-22,ATVI,142.35498046875
2024-07-23,ATVI,141.10284423828125
2024-07-24,ATVI,140.29791259765625
2024-07-25,ATVI,140.91404724121094
2024-07-26,ATVI,144.2729034423828
2024-07-29,ATVI,146.92623901367188
2024-07-30,ATVI,148.18829345703125
2024-07-31,ATVI,149.9969482421875
2024-08-01,ATVI,147.47279357910156
2024-08-02,ATVI,147.90011596679688
2024-08-05,ATVI,144.59092712402344
2024-08-06,ATVI,144.81947326660156
2024-08-07,ATVI,143.50772094726562
2024-08-08,ATVI,146.10142517089844
2024-08-09,ATVI,145.68405151367188
2024-08-12,ATVI,144.99835205078125
2024-08-13,ATVI,145.98216247558594
2024-08-14,ATVI,145.544921875
2024-08-15,ATVI,146.12127685546875
2024-08-16,ATVI,147.43304443359375
2024-08-19,ATVI,148.73486328125
2024-08-20,ATVI,148.11874389648438
2024-08-21,ATVI,148.8143768310547
2024-08-22,ATVI,146.21075439453125
2024-08-23,ATVI,146.6976776123047
2024-08-26,ATVI,147.6317901611328
2024-08-27,ATVI,148.27774047851562
2024-08-28,ATVI,148.57626342773438
2024-08-29,ATVI,149.5016326904297
2024-08-30,ATVI,151.06378173828125
2024-09-03,ATVI,145.5016326904297
2024-09-04,ATVI,146.347412109375
2024-09-05,ATVI,145.1832275390625
2024-09-06,ATVI,143.29269409179688
2024-09-09,ATVI,143.5812530517578
2024-09-10,ATVI,143.083740234375
2024-09-11,ATVI,142.98423767089844
2024-09-12,ATVI,144.02902221679688
2024-09-13,ATVI,145.1036376953125
2024-09-16,ATVI,145.79019165039062
2024-09-17,ATVI,141.87977600097656
2024-09-18,ATVI,139.75042724609375
2024-09-19,ATVI,140.0389862060547
2024-09-20,ATVI,138.85491943359375
2024-09-23,ATVI,140.36734008789062
2024-09-24,ATVI,140.93450927734375
2024-09-25,ATVI,140.77529907226562
2024-09-26,ATVI,142.8946990966797
2024-09-27,ATVI,143.92950439453125
2024-09-30,ATVI,142.7255401611328
2024-10-01,ATVI,141.5414581298828
2024-10-02,ATVI,142.48672485351562
2024-10-03,ATVI,139.98922729492188
2024-10-04,ATVI,141.98919677734375
2024-10-07,ATVI,142.188232421875
2024-10-08,ATVI,142.6160888671875
2024-10-09,ATVI,143.02403259277344
2024-10-10,ATVI,141.26284790039062
2024-10-11,ATVI,142.5265350341797
2024-10-14,ATVI,143.45188903808594
2024-10-15,ATVI,145.69068908691406
2024-10-16,ATVI,144.3175811767578
2024-10-17,ATVI,143.48175048828125
2024-10-18,ATVI,143.63101196289062
2024-10-21,ATVI,144.98423767089844
2024-10-22,ATVI,144.99417114257812
2024-10-23,ATVI,144.1384735107422
2024-10-24,ATVI,144.30758666992188
2024-10-25,ATVI,144.4767608642578
2024-10-28,ATVI,143.46185302734375
2024-10-29,ATVI,144.89468383789062
2024-10-30,ATVI,148.3971405029297
2024-10-31,ATVI,150.09861755371094
2024-11-01,ATVI,150.50657653808594
2024-11-04,ATVI,152.12844848632812
2024-11-05,ATVI,154.72544860839844
2024-11-06,ATVI,157.1732177734375
2024-11-07,ATVI,159.2030487060547
2024-11-08,ATVI,157.12347412109375
2024-11-11,ATVI,158.59608459472656
2024-11-12,ATVI,162.05874633789062
2024-11-13,ATVI,161.90951538085938
2024-11-14,ATVI,163.3025360107422
2024-11-15,ATVI,160.5562744140625
2024-11-18,ATVI,163.1930694580078
2024-11-19,ATVI,165.30252075195312
2024-11-20,ATVI,165.879638671875
2024-11-21,ATVI,167.1333465576172
2024-11-22,ATVI,165.83982849121094
2024-11-25,ATVI,163.32241821289062
2024-11-26,ATVI,164.19805908203125
2024-11-27,ATVI,162.47470092773438
2024-11-29,ATVI,163.04251098632812
2024-12-02,ATVI,165.32371520996094
2024-12-03,ATVI,167.0570526123047
2024-12-04,ATVI,166.77810668945312
2024-12-05,ATVI,164.98501586914062
2024-12-06,ATVI,166.36968994140625
2024-12-09,ATVI,164.97506713867188
2024-12-10,ATVI,164.666259765625
2024-12-11,ATVI,163.29153442382812
2024-12-12,ATVI,161.9666290283203
2024-12-13,ATVI,157.0157012939453
2024-12-16,ATVI,155.8003692626953
2024-12-17,ATVI,154.196533203125
2024-12-18,ATVI,149.34519958496094
2024-12-19,ATVI,147.32298278808594
2024-12-20,ATVI,147.2333526611328
2024-12-23,ATVI,146.73526000976562
2024-12-24,ATVI,148.6080322265625
2024-12-26,ATVI,148.49847412109375
2024-12-27,ATVI,147.5521240234375
2024-12-30,ATVI,145.97817993164062
2024-12-31,ATVI,145.73910522460938
2025-01-02,ATVI,145.3406219482422
2025-01-03,ATVI,145.72914123535156
2025-01-06,ATVI,144.69313049316406
2025-01-07,ATVI,144.11534118652344
2025-01-08,ATVI,143.6471405029297
2025-01-10,ATVI,140.30999755859375
2025-01-13,ATVI,141.41574096679688
2025-01-14,ATVI,141.20654296875
2025-01-15,ATVI,141.58509826660156
2025-01-16,ATVI,140.85787963867188
2025-01-17,ATVI,141.45558166503906
2025-01-21,ATVI,142.7306671142578
2025-01-22,ATVI,141.8042449951172
2025-01-23,ATVI,118.12537384033205
2025-01-24,ATVI,116.11311340332033
2025-01-27,ATVI,117.45794677734376
2025-01-28,ATVI,116.0832290649414
2025-01-29,ATVI,116.65103912353516
2025-01-30,ATVI,118.22499084472656
2025-01-31,ATVI,122.43877410888672
2025-02-03,ATVI,122.43877410888672
2025-02-04,ATVI,120.7851333618164
2025-02-05,ATVI,129.96978759765625
2025-02-06,ATVI,131.49391174316406
2025-02-07,ATVI,128.10696411132812
2025-02-10,ATVI,131.58355712890625
2025-02-11,ATVI,132.83876037597656
2025-02-12,ATVI,130.66709899902344
2025-02-13,ATVI,129.32228088378906
2025-02-14,ATVI,128.90386962890625
2025-02-18,ATVI,127.85791015625
2025-02-19,ATVI,128.8441162109375
2025-02-20,ATVI,129.4916229248047
2025-02-21,ATVI,130.4479522705078
2025-02-24,ATVI,133.53607177734375
2025-02-25,ATVI,131.22494506835938
2025-02-26,ATVI,130.8758087158203
2025-02-27,ATVI,130.1475372314453
2025-02-28,ATVI,128.8107452392578
2025-03-03,ATVI,128.9204864501953
2025-03-04,ATVI,131.50428771972656
2025-03-05,ATVI,133.72894287109375
2025-03-06,ATVI,136.46237182617188
2025-03-07,ATVI,139.70460510253906
2025-03-10,ATVI,140.09364318847656
2025-03-11,ATVI,137.54978942871094
2025-03-12,ATVI,135.7939910888672
2025-03-13,ATVI,137.39015197753906
2025-03-14,ATVI,138.37779235839844
2025-03-17,ATVI,142.5577392578125
2025-03-18,ATVI,141.53021240234375
2025-03-19,ATVI,141.62997436523438
2025-03-20,ATVI,142.9069061279297
2025-03-21,ATVI,143.9543914794922
2025-03-24,ATVI,144.20379638671875
2025-03-25,ATVI,144.15391540527344
2025-03-26,ATVI,144.84226989746094
2025-03-27,ATVI,144.95201110839844
2025-03-28,ATVI,143.90452575683594
2025-03-31,ATVI,144.1738739013672
2025-04-01,ATVI,145.32110595703125
2025-04-02,ATVI,144.5230255126953
2025-04-03,ATVI,144.50308227539062
2025-04-04,ATVI,135.01585388183594
2025-04-07,ATVI,134.29757690429688
2025-04-08,ATVI,132.21258544921875
2025-04-09,ATVI,136.2528839111328
2025-04-10,ATVI,139.05616760253906
2025-04-11,ATVI,142.58767700195312
2025-04-14,ATVI,145.15151977539062
2025-04-15,ATVI,145.26124572753906
2025-04-16,ATVI,142.62757873535156
2025-04-17,ATVI,145.26124572753906
2025-04-21,ATVI,141.59005737304688
2025-04-22,ATVI,145.5206298828125
2025-04-23,ATVI,143.38575744628906
2025-04-24,ATVI,145.83987426757812
2025-04-25,ATVI,146.2489013671875
2025-04-28,ATVI,146.36859130859375
2025-04-29,ATVI,145.62039184570312
2025-04-30,ATVI,144.74249267578125
2025-05-01,ATVI,144.7524871826172
2025-05-02,ATVI,150.7381134033203
2025-05-05,ATVI,154.36940002441406
2025-05-06,ATVI,154.1698760986328
2025-05-07,ATVI,155.1275634765625
2025-05-08,ATVI,155.28720092773438
2025-05-09,ATVI,152.93284606933594
2025-05-12,ATVI,148.91249084472656
2025-05-13,ATVI,148.70298767089844
2025-05-14,ATVI,146.8773651123047
2025-05-15,ATVI,149.2117919921875
2025-05-16,ATVI,151.1770477294922
2025-05-19,ATVI,150.11959838867188
2025-05-20,ATVI,151.55615234375
2025-05-21,ATVI,150.13954162597656
2025-05-22,ATVI,146.27882385253906
2025-05-23,ATVI,146.53819274902344
2025-05-27,ATVI,146.5581512451172
2025-05-28,ATVI,146.7179718017578
2025-05-29,ATVI,142.6824188232422
2025-05-30,ATVI,143.6213836669922
2025-06-02,ATVI,145.7190704345703
2025-06-03,ATVI,146.07867431640625
2025-06-04,ATVI,148.29623413085938
2025-06-05,ATVI,147.7168731689453
2025-06-06,ATVI,149.40501403808594
2025-06-09,ATVI,146.75791931152344
2025-06-10,ATVI,146.99766540527344
2025-06-11,ATVI,147.51707458496094
2025-06-12,ATVI,149.8844757080078
2025-06-13,ATVI,148.31619262695312
2025-06-16,ATVI,150.93331909179688
2025-06-17,ATVI,150.16416931152344
2025-06-18,ATVI,150.8334197998047
2025-06-20,ATVI,150.39390563964844
2025-06-23,ATVI,154.2396697998047
2025-06-24,ATVI,157.7757568359375
2025-06-25,ATVI,157.64590454101562
2025-06-26,ATVI,157.55599975585938
2025-06-27,ATVI,157.5659942626953
2025-06-30,ATVI,159.52381896972656
2025-07-01,ATVI,158.884521484375
2025-07-02,ATVI,156.8567657470703
2025-07-03,ATVI,155.19859313964844
2025-07-07,ATVI,153.36062622070312
2025-07-08,ATVI,152.47161865234375
2025-07-09,ATVI,152.51156616210938
2025-07-10,ATVI,151.13308715820312
2025-07-11,ATVI,148.52597045898438
2025-07-14,ATVI,148.6658172607422
2025-07-15,ATVI,148.575927734375
2025-07-16,ATVI,149.18524169921875
2025-07-17,ATVI,149.6647186279297
2025-07-18,ATVI,149.9444122314453
2025-07-21,ATVI,153.2207794189453
2025-07-22,ATVI,156.84678649902344
2025-07-23,ATVI,153.56040954589844
2025-07-24,ATVI,152.47161865234375
2025-07-25,ATVI,151.51266479492188
2025-07-28,ATVI,151.8223419189453
2025-07-29,ATVI,147.626953125
2025-07-30,ATVI,156.08761596679688
2025-07-31,ATVI,152.32177734375
2025-08-01,ATVI,156.90672302246094
2025-08-04,ATVI,159.59375
2025-08-05,ATVI,160.81240844726562
2025-08-06,ATVI,162.8201904296875
2025-08-07,ATVI,162.57046508789062
2025-08-08,ATVI,167.45506286621094
2025-08-11,ATVI,175.9157257080078
2025-08-12,ATVI,177.7137451171875
2025-08-13,ATVI,178.20318603515625
2025-08-14,ATVI,178.81251525878906
2025-08-15,ATVI,174.47731018066406
2025-08-18,ATVI,168.973388671875
2025-08-19,ATVI,170.49169921875
2025-08-20,ATVI,171.1409912109375
2025-08-21,ATVI,171.36074829101562
2025-08-22,ATVI,171.21090698242188
2025-08-25,ATVI,172.5694122314453
2025-08-26,ATVI,172.0399932861328
2025-08-27,ATVI,172.60000610351562
2025-08-28,ATVI,170.99000549316406
2025-08-29,ATVI,171.9499969482422
2025-09-02,ATVI,171.4499969482422
2025-09-03,ATVI,167.86000061035156
2025-09-04,ATVI,168.02999877929688
2025-09-05,ATVI,168.6199951171875
2025-09-08,ATVI,168.05999755859375
2025-09-09,ATVI,166.0399932861328
2025-09-10,ATVI,170.27000427246094
2025-09-11,ATVI,169.88999938964844
2025-09-12,ATVI,172.3800048828125
2025-09-15,ATVI,171.77000427246094
2025-09-16,ATVI,172.0800018310547
2025-09-17,ATVI,173.58999633789062
2025-09-18,ATVI,173.1699981689453
2025-09-19,ATVI,173.08999633789062
2025-09-22,ATVI,173.4199981689453
2025-09-23,ATVI,174.07000732421875
2025-09-24,ATVI,167.35000610351562
2025-09-25,ATVI,168.32000732421875
2025-09-26,ATVI,193.3500061035156
2025-09-29,ATVI,202.0500030517578
2025-09-30,ATVI,201.6999969482422
2025-10-01,ATVI,201.6300048828125
2025-10-02,ATVI,201.0
2025-10-03,ATVI,200.69000244140625
2025-10-06,ATVI,200.4600067138672
2025-10-07,ATVI,200.0200042724609
2025-10-08,ATVI,200.00999450683597
2025-10-09,ATVI,200.0500030517578
2025-10-10,ATVI,200.0200042724609
2025-10-13,ATVI,200.2899932861328
2025-10-14,ATVI,200.1999969482422
2025-10-15,ATVI,200.75
2025-10-16,ATVI,200.3500061035156
2025-10-17,ATVI,200.3000030517578
2025-10-20,ATVI,200.58999633789065
2025-10-21,ATVI,200.5500030517578
2025-10-22,ATVI,200.75
2025-10-23,ATVI,200.6199951171875
2025-10-24,ATVI,200.83999633789065
2025-10-27,ATVI,200.5
2025-10-28,ATVI,200.3000030517578
2025-10-29,ATVI,200.1999969482422
2025-10-30,ATVI,199.9199981689453
2025-10-31,ATVI,200.05999755859372
2025-11-03,ATVI,199.88999938964844
2025-11-04,ATVI,200.77999877929688
2025-11-05,ATVI,200.7400054931641
2025-11-06,ATVI,200.3800048828125
2025-11-07,ATVI,200.6000061035156
2025-11-10,ATVI,201.3999938964844
2025-11-11,ATVI,201.92999267578125
2025-11-12,ATVI,202.0
2025-11-13,ATVI,201.33999633789065
2025-11-14,ATVI,201.05999755859372
2010-01-04,EA,17.66364288330078
2010-01-05,EA,18.15997886657715
2010-01-06,EA,17.69284439086914
2010-01-07,EA,17.556594848632812
2010-01-08,EA,17.90694236755371
2010-01-11,EA,17.780431747436523
2010-01-12,EA,16.398488998413086
2010-01-13,EA,16.70990753173828
2010-01-14,EA,16.719642639160156
2010-01-15,EA,16.57365608215332
2010-01-19,EA,16.70990753173828
2010-01-20,EA,16.74883460998535
2010-01-21,EA,16.914278030395508
2010-01-22,EA,16.320627212524414
2010-01-25,EA,16.3790225982666
2010-01-26,EA,16.291425704956055
2010-01-27,EA,16.670982360839844
2010-01-28,EA,16.320627212524414
2010-01-29,EA,15.843755722045898
2010-02-01,EA,16.291425704956055
2010-02-02,EA,16.61258888244629
2010-02-03,EA,16.80722999572754
2010-02-04,EA,16.52499771118164
2010-02-05,EA,16.797496795654297
2010-02-08,EA,17.021331787109375
2010-02-09,EA,15.532331466674805
2010-02-10,EA,15.512866020202637
2010-02-11,EA,15.688042640686035
2010-02-12,EA,15.629652976989746
2010-02-16,EA,15.872950553894045
2010-02-17,EA,16.184377670288086
2010-02-18,EA,16.145450592041016
2010-02-19,EA,16.301158905029297
2010-02-22,EA,16.145450592041016
2010-02-23,EA,15.872950553894045
2010-02-24,EA,16.077322006225586
2010-02-25,EA,16.11625099182129
2010-02-26,EA,16.135717391967773
2010-03-01,EA,16.41794776916504
2010-03-02,EA,16.291425704956055
2010-03-03,EA,16.35955047607422
2010-03-04,EA,16.369285583496094
2010-03-05,EA,16.6612491607666
2010-03-08,EA,16.81696128845215
2010-03-09,EA,17.108919143676758
2010-03-10,EA,17.410614013671875
2010-03-11,EA,17.420347213745117
2010-03-12,EA,17.293832778930664
2010-03-15,EA,17.391151428222656
2010-03-16,EA,17.43981170654297
2010-03-17,EA,17.653913497924805
2010-03-18,EA,18.03346824645996
2010-03-19,EA,17.92641258239746
2010-03-22,EA,18.06266212463379
2010-03-23,EA,18.023731231689453
2010-03-24,EA,18.03346824645996
2010-03-25,EA,18.06266212463379
2010-03-26,EA,18.34488868713379
2010-03-29,EA,18.179443359375
2010-03-30,EA,18.286500930786133
2010-03-31,EA,18.15997886657715
2010-04-01,EA,18.33515930175781
2010-04-05,EA,18.588191986083984
2010-04-06,EA,18.597925186157227
2010-04-07,EA,18.66604423522949
2010-04-08,EA,18.675779342651367
2010-04-09,EA,18.84122657775879
2010-04-12,EA,18.880149841308597
2010-04-13,EA,18.80229377746582
2010-04-14,EA,19.21103858947754
2010-04-15,EA,18.928808212280277
2010-04-16,EA,19.04559898376465
2010-04-19,EA,19.18184471130371
2010-04-20,EA,19.434877395629883
2010-04-21,EA,19.22077369689941
2010-04-22,EA,19.3083553314209
2010-04-23,EA,19.434877395629883
2010-04-26,EA,19.366758346557617
2010-04-27,EA,19.240234375
2010-04-28,EA,19.103988647460938
2010-04-29,EA,19.26943016052246
2010-04-30,EA,18.85095596313477
2010-05-03,EA,19.19157600402832
2010-05-04,EA,18.558992385864254
2010-05-05,EA,18.7828311920166
2010-05-06,EA,17.69284439086914
2010-05-07,EA,17.15757942199707
2010-05-10,EA,17.751235961914062
2010-05-11,EA,18.29623031616211
2010-05-12,EA,17.235437393188477
2010-05-13,EA,17.605255126953125
2010-05-14,EA,16.953208923339844
2010-05-17,EA,17.28409767150879
2010-05-18,EA,17.069995880126953
2010-05-19,EA,16.6612491607666
2010-05-20,EA,15.93134307861328
2010-05-21,EA,16.252498626708984
2010-05-24,EA,15.843755722045898
2010-05-25,EA,15.80482578277588
2010-05-26,EA,15.824296951293944
2010-05-27,EA,16.27196502685547
2010-05-28,EA,16.067594528198242
2010-06-01,EA,15.658848762512209
2010-06-02,EA,15.93134307861328
2010-06-03,EA,16.281692504882812
2010-06-04,EA,15.386350631713867
2010-06-07,EA,14.948407173156738
2010-06-08,EA,15.07492446899414
2010-06-09,EA,14.802430152893066
2010-06-10,EA,15.493403434753418
2010-06-11,EA,15.882681846618652
2010-06-14,EA,15.921612739562988
2010-06-15,EA,15.872950553894045
2010-06-16,EA,15.580988883972168
2010-06-17,EA,15.736702919006348
2010-06-18,EA,15.600455284118652
2010-06-21,EA,15.357154846191406
2010-06-22,EA,14.909480094909668
2010-06-23,EA,14.880284309387209
2010-06-24,EA,14.636984825134276
2010-06-25,EA,14.73430347442627
2010-06-28,EA,14.685640335083008
2010-06-29,EA,14.257433891296388
2010-06-30,EA,14.014134407043455
2010-07-01,EA,13.946008682250977
2010-07-02,EA,14.208773612976074
2010-07-06,EA,14.043327331542969
2010-07-07,EA,14.549393653869627
2010-07-08,EA,14.36448860168457
2010-07-09,EA,14.442341804504396
2010-07-12,EA,14.41314697265625
2010-07-13,EA,14.73430347442627
2010-07-14,EA,14.967873573303224
2010-07-15,EA,15.07492446899414
2010-07-16,EA,14.393680572509766
2010-07-19,EA,14.685640335083008
2010-07-20,EA,14.948407173156738
2010-07-21,EA,14.471539497375488
2010-07-22,EA,15.172245979309082
2010-07-23,EA,15.454473495483398
2010-07-26,EA,15.9508056640625
2010-07-27,EA,16.077322006225586
2010-07-28,EA,15.726969718933104
2010-07-29,EA,15.580988883972168
2010-07-30,EA,15.503134727478027
2010-08-02,EA,16.057859420776367
2010-08-03,EA,15.746437072753906
2010-08-04,EA,16.914278030395508
2010-08-05,EA,16.76829719543457
2010-08-06,EA,16.61258888244629
2010-08-09,EA,16.69044303894043
2010-08-10,EA,16.26223373413086
2010-08-11,EA,15.649113655090332
2010-08-12,EA,15.337691307067873
2010-08-13,EA,15.250102996826172
2010-08-16,EA,15.619915962219238
2010-08-17,EA,15.717235565185549
2010-08-18,EA,15.892414093017578
2010-08-19,EA,15.639385223388672
2010-08-20,EA,15.366886138916016
2010-08-23,EA,15.045729637145996
2010-08-24,EA,14.62725067138672
2010-08-25,EA,14.890016555786133
2010-08-26,EA,14.860820770263672
2010-08-27,EA,15.133315086364746
2010-08-30,EA,14.870553970336914
2010-08-31,EA,14.821892738342283
2010-09-01,EA,15.678311347961426
2010-09-02,EA,15.921612739562988
2010-09-03,EA,16.01893424987793
2010-09-07,EA,15.629652976989746
2010-09-08,EA,15.814559936523438
2010-09-09,EA,15.843755722045898
2010-09-10,EA,15.80482578277588
2010-09-13,EA,16.08705711364746
2010-09-14,EA,16.26223373413086
2010-09-15,EA,16.194107055664062
2010-09-16,EA,15.94107437133789
2010-09-17,EA,15.824296951293944
2010-09-20,EA,15.911879539489746
2010-09-21,EA,15.85348892211914
2010-09-22,EA,15.717235565185549
2010-09-23,EA,15.726969718933104
2010-09-24,EA,16.01893424987793
2010-09-27,EA,16.125986099243164
2010-09-28,EA,16.106521606445312
2010-09-29,EA,15.79509449005127
2010-09-30,EA,16.009201049804688
2010-10-01,EA,15.999467849731444
2010-10-04,EA,16.505537033081055
2010-10-05,EA,17.342487335205078
2010-10-06,EA,16.943477630615234
2010-10-07,EA,17.108919143676758
2010-10-08,EA,17.177043914794922
2010-10-11,EA,17.186771392822266
2010-10-12,EA,16.164913177490234
2010-10-13,EA,16.310897827148438
2010-10-14,EA,16.077322006225586
2010-10-15,EA,15.532331466674805
2010-10-18,EA,15.347424507141112
2010-10-19,EA,15.16251277923584
2010-10-20,EA,14.987337112426758
2010-10-21,EA,15.152780532836914
2010-10-22,EA,15.191712379455566
2010-10-25,EA,15.20144271850586
2010-10-26,EA,15.386350631713867
2010-10-27,EA,15.366886138916016
2010-10-28,EA,15.211174011230469
2010-10-29,EA,15.405813217163086
2010-11-01,EA,15.376619338989258
2010-11-02,EA,15.765898704528809
2010-11-03,EA,15.08465576171875
2010-11-04,EA,15.42527675628662
2010-11-05,EA,15.902148246765137
2010-11-08,EA,16.08705711364746
2010-11-09,EA,15.902148246765137
2010-11-10,EA,15.746437072753906
2010-11-11,EA,15.571258544921877
2010-11-12,EA,15.405813217163086
2010-11-15,EA,15.25983428955078
2010-11-16,EA,14.977605819702148
2010-11-17,EA,15.006799697875977
2010-11-18,EA,15.123584747314451
2010-11-19,EA,14.938674926757812
2010-11-22,EA,14.997069358825684
2010-11-23,EA,14.45207405090332
2010-11-24,EA,14.578590393066406
2010-11-26,EA,14.422879219055176
2010-11-29,EA,14.607789039611816
2010-11-30,EA,14.510465621948242
2010-12-01,EA,14.646714210510254
2010-12-02,EA,14.675912857055664
2010-12-03,EA,14.773232460021973
2010-12-06,EA,15.01653289794922
2010-12-07,EA,15.094388008117676
2010-12-08,EA,15.327957153320312
2010-12-09,EA,15.327957153320312
2010-12-10,EA,15.396082878112791
2010-12-13,EA,15.337691307067873
2010-12-14,EA,15.366886138916016
2010-12-15,EA,15.28902816772461
2010-12-16,EA,15.444741249084473
2010-12-17,EA,15.483671188354492
2010-12-20,EA,15.42527675628662
2010-12-21,EA,15.503134727478027
2010-12-22,EA,15.551793098449709
2010-12-23,EA,15.512866020202637
2010-12-27,EA,15.697773933410645
2010-12-28,EA,15.717235565185549
2010-12-29,EA,16.106521606445312
2010-12-30,EA,16.174652099609375
2010-12-31,EA,15.94107437133789
2011-01-03,EA,15.94107437133789
2011-01-04,EA,15.94107437133789
2011-01-05,EA,15.843755722045898
2011-01-06,EA,15.79509449005127
2011-01-07,EA,15.619915962219238
2011-01-10,EA,15.580988883972168
2011-01-11,EA,15.571258544921877
2011-01-12,EA,15.600455284118652
2011-01-13,EA,15.610187530517578
2011-01-14,EA,15.52259922027588
2011-01-18,EA,15.571258544921877
2011-01-19,EA,15.415545463562012
2011-01-20,EA,15.337691307067873
2011-01-21,EA,14.72457218170166
2011-01-24,EA,14.880284309387209
2011-01-25,EA,14.967873573303224
2011-01-26,EA,14.928943634033203
2011-01-27,EA,14.675912857055664
2011-01-28,EA,14.598054885864258
2011-01-31,EA,15.172245979309082
2011-02-01,EA,15.20144271850586
2011-02-02,EA,17.605255126953125
2011-02-03,EA,17.624717712402344
2011-02-04,EA,17.741498947143555
2011-02-07,EA,17.790163040161133
2011-02-08,EA,17.809627532958984
2011-02-09,EA,17.546863555908203
2011-02-10,EA,17.712308883666992
2011-02-11,EA,17.722036361694336
2011-02-14,EA,17.90694236755371
2011-02-15,EA,18.03346824645996
2011-02-16,EA,18.422746658325195
2011-02-17,EA,18.84122657775879
2011-02-18,EA,18.76336669921875
2011-02-22,EA,18.36435317993164
2011-02-23,EA,18.3546199798584
2011-02-24,EA,18.29623031616211
2011-02-25,EA,18.66604423522949
2011-02-28,EA,18.29623031616211
2011-03-01,EA,17.90694236755371
2011-03-02,EA,18.208641052246094
2011-03-03,EA,18.451940536499023
2011-03-04,EA,18.286500930786133
2011-03-07,EA,17.95560646057129
2011-03-08,EA,18.247568130493164
2011-03-09,EA,18.12105178833008
2011-03-10,EA,18.03346824645996
2011-03-11,EA,18.04319953918457
2011-03-14,EA,18.101587295532227
2011-03-15,EA,17.87775230407715
2011-03-16,EA,17.722036361694336
2011-03-17,EA,18.16971778869629
2011-03-18,EA,18.091856002807617
2011-03-21,EA,18.43248176574707
2011-03-22,EA,18.31569099426269
2011-03-23,EA,18.588191986083984
2011-03-24,EA,19.3083553314209
2011-03-25,EA,19.1721134185791
2011-03-28,EA,19.18184471130371
2011-03-29,EA,19.133180618286133
2011-03-30,EA,19.152647018432617
2011-03-31,EA,19.00666618347168
2011-04-01,EA,19.20130729675293
2011-04-04,EA,19.16238021850586
2011-04-05,EA,19.49327087402344
2011-04-06,EA,19.70737838745117
2011-04-07,EA,19.70737838745117
2011-04-08,EA,19.327823638916016
2011-04-11,EA,19.318090438842773
2011-04-12,EA,19.21103858947754
2011-04-13,EA,19.357023239135746
2011-04-14,EA,19.415416717529297
2011-04-15,EA,19.59058952331543
2011-04-18,EA,19.337556838989254
2011-04-19,EA,19.45433807373047
2011-04-20,EA,19.95067405700684
2011-04-21,EA,19.863086700439453
2011-04-25,EA,19.989601135253903
2011-04-26,EA,19.68791007995605
2011-04-27,EA,19.697641372680664
2011-04-28,EA,19.940940856933597
2011-04-29,EA,19.63925170898437
2011-05-02,EA,19.75603485107422
2011-05-03,EA,19.61978530883789
2011-05-04,EA,19.38621711730957
2011-05-05,EA,21.09905242919922
2011-05-06,EA,21.16718101501465
2011-05-09,EA,21.449411392211918
2011-05-10,EA,22.150117874145508
2011-05-11,EA,22.00413703918457
2011-05-12,EA,22.266902923583984
2011-05-13,EA,23.064929962158203
2011-05-16,EA,22.49073982238769
2011-05-17,EA,22.75349998474121
2011-05-18,EA,23.08438873291016
2011-05-19,EA,23.14278221130371
2011-05-20,EA,23.00653839111328
2011-05-23,EA,22.724306106567383
2011-05-24,EA,22.568592071533203
2011-05-25,EA,23.113588333129883
2011-05-26,EA,22.93840980529785
2011-05-27,EA,23.259565353393555
2011-05-31,EA,23.75590133666992
2011-06-01,EA,23.765634536743164
2011-06-02,EA,23.590456008911133
2011-06-03,EA,23.386085510253903
2011-06-06,EA,23.162248611450195
2011-06-07,EA,22.724306106567383
2011-06-08,EA,22.11118507385254
2011-06-09,EA,22.481002807617188
2011-06-10,EA,22.19877243041992
2011-06-13,EA,22.17931365966797
2011-06-14,EA,22.57832717895508
2011-06-15,EA,22.11118507385254
2011-06-16,EA,21.81922721862793
2011-06-17,EA,21.6440486907959
2011-06-20,EA,21.76083374023437
2011-06-21,EA,22.07225799560547
2011-06-22,EA,21.936012268066406
2011-06-23,EA,21.313161849975582
2011-06-24,EA,21.186647415161133
2011-06-27,EA,21.128250122070312
2011-06-28,EA,21.94573974609375
2011-06-29,EA,22.977338790893555
2011-06-30,EA,22.967601776123047
2011-07-01,EA,23.54179573059082
2011-07-05,EA,23.668310165405277
2011-07-06,EA,23.697509765625
2011-07-07,EA,24.164648056030277
2011-07-08,EA,24.37875366210937
2011-07-11,EA,23.73643684387207
2011-07-12,EA,23.522327423095703
2011-07-13,EA,23.269302368164062
2011-07-14,EA,22.880014419555664
2011-07-15,EA,22.967601776123047
2011-07-18,EA,22.977338790893555
2011-07-19,EA,23.454212188720703
2011-07-20,EA,23.36662101745605
2011-07-21,EA,23.249834060668945
2011-07-22,EA,23.288761138916016
2011-07-25,EA,23.425010681152344
2011-07-26,EA,23.17197799682617
2011-07-27,EA,22.354490280151367
2011-07-28,EA,21.955472946166992
2011-07-29,EA,21.65377616882324
2011-08-01,EA,21.36182403564453
2011-08-02,EA,20.641651153564453
2011-08-03,EA,20.768163681030277
2011-08-04,EA,19.610055923461918
2011-08-05,EA,19.464073181152344
2011-08-08,EA,17.66364288330078
2011-08-09,EA,18.101587295532227
2011-08-10,EA,17.14785385131836
2011-08-11,EA,18.6368465423584
2011-08-12,EA,19.395952224731445
2011-08-15,EA,19.71710586547852
2011-08-16,EA,19.483539581298828
2011-08-17,EA,19.376483917236328
2011-08-18,EA,18.36435317993164
2011-08-19,EA,18.79256248474121
2011-08-22,EA,19.07479476928711
2011-08-23,EA,19.765769958496094
2011-08-24,EA,19.79496192932129
2011-08-25,EA,19.85335350036621
2011-08-26,EA,20.923877716064453
2011-08-29,EA,21.682979583740234
2011-08-30,EA,21.955472946166992
2011-08-31,EA,21.97493934631348
2011-09-01,EA,21.371553421020508
2011-09-02,EA,21.4007511138916
2011-09-06,EA,21.30342483520508
2011-09-07,EA,21.94573974609375
2011-09-08,EA,21.48833465576172
2011-09-09,EA,20.787633895874023
2011-09-12,EA,21.478605270385746
2011-09-13,EA,21.517534255981445
2011-09-14,EA,22.07225799560547
2011-09-15,EA,22.354490280151367
2011-09-16,EA,22.393415451049805
2011-09-19,EA,22.25716590881348
2011-09-20,EA,22.29608917236328
2011-09-21,EA,21.36182403564453
2011-09-22,EA,20.20370864868164
2011-09-23,EA,20.680578231811523
2011-09-26,EA,21.176910400390625
2011-09-27,EA,21.33262634277344
2011-09-28,EA,20.44701385498047
2011-09-29,EA,20.067461013793945
2011-09-30,EA,19.90201568603516
2011-10-03,EA,19.23050880432129
2011-10-04,EA,19.72683906555176
2011-10-05,EA,20.39834976196289
2011-10-06,EA,21.955472946166992
2011-10-07,EA,21.78030014038086
2011-10-10,EA,22.95787239074707
2011-10-11,EA,22.880014419555664
2011-10-12,EA,23.0941219329834
2011-10-13,EA,23.191444396972656
2011-10-14,EA,23.88241577148437
2011-10-17,EA,23.191444396972656
2011-10-18,EA,23.853219985961918
2011-10-19,EA,22.987070083618164
2011-10-20,EA,22.78270149230957
2011-10-21,EA,22.948139190673828
2011-10-24,EA,24.27170181274414
2011-10-25,EA,23.814292907714844
2011-10-26,EA,23.73643684387207
2011-10-27,EA,23.84349250793457
2011-10-28,EA,23.454212188720703
2011-10-31,EA,22.724306106567383
2011-11-01,EA,21.858152389526367
2011-11-02,EA,22.850818634033203
2011-11-03,EA,23.72670555114746
2011-11-04,EA,24.524734497070312
2011-11-07,EA,23.8337516784668
2011-11-08,EA,23.590456008911133
2011-11-09,EA,22.41288375854492
2011-11-10,EA,22.93840980529785
2011-11-11,EA,23.259565353393555
2011-11-14,EA,23.113588333129883
2011-11-15,EA,23.17197799682617
2011-11-16,EA,22.44207763671875
2011-11-17,EA,21.721908569335938
2011-11-18,EA,21.4007511138916
2011-11-21,EA,21.050392150878903
2011-11-22,EA,21.27423095703125
2011-11-23,EA,20.37888526916504
2011-11-25,EA,20.27183151245117
2011-11-28,EA,21.49806785583496
2011-11-29,EA,21.108783721923828
2011-11-30,EA,22.568592071533203
2011-12-01,EA,22.7048454284668
2011-12-02,EA,22.38368034362793
2011-12-05,EA,22.12091827392578
2011-12-06,EA,22.5296630859375
2011-12-07,EA,21.984664916992188
2011-12-08,EA,20.91415023803711
2011-12-09,EA,21.4007511138916
2011-12-12,EA,21.09905242919922
2011-12-13,EA,20.30102157592773
2011-12-14,EA,19.79496192932129
2011-12-15,EA,20.359424591064453
2011-12-16,EA,19.68791007995605
2011-12-19,EA,19.318090438842773
2011-12-20,EA,20.018800735473636
2011-12-21,EA,19.75603485107422
2011-12-22,EA,19.75603485107422
2011-12-23,EA,20.15504646301269
2011-12-27,EA,20.44701385498047
2011-12-28,EA,19.989601135253903
2011-12-29,EA,20.30102157592773
2011-12-30,EA,20.04800033569336
2012-01-03,EA,20.72924041748047
2012-01-04,EA,19.746301651000977
2012-01-05,EA,19.979875564575195
2012-01-06,EA,19.14291763305664
2012-01-09,EA,18.89961242675781
2012-01-10,EA,18.938539505004883
2012-01-11,EA,18.860685348510746
2012-01-12,EA,18.98720359802246
2012-01-13,EA,17.556594848632812
2012-01-17,EA,17.264631271362305
2012-01-18,EA,17.77069664001465
2012-01-19,EA,17.069995880126953
2012-01-20,EA,17.449541091918945
2012-01-23,EA,17.498201370239258
2012-01-24,EA,17.459278106689453
2012-01-25,EA,17.556594848632812
2012-01-26,EA,17.186771392822266
2012-01-27,EA,17.653913497924805
2012-01-30,EA,17.546863555908203
2012-01-31,EA,18.082124710083008
2012-02-01,EA,17.945878982543945
2012-02-02,EA,19.04559898376465
2012-02-03,EA,18.72443962097168
2012-02-06,EA,18.490869522094727
2012-02-07,EA,17.994535446166992
2012-02-08,EA,17.751235961914062
2012-02-09,EA,17.391151428222656
2012-02-10,EA,16.953208923339844
2012-02-13,EA,17.021331787109375
2012-02-14,EA,17.186771392822266
2012-02-15,EA,17.274364471435547
2012-02-16,EA,17.293832778930664
2012-02-17,EA,17.001863479614258
2012-02-21,EA,16.758569717407227
2012-02-22,EA,16.670982360839844
2012-02-23,EA,16.729373931884766
2012-02-24,EA,16.476337432861328
2012-02-27,EA,16.35955047607422
2012-02-28,EA,16.26223373413086
2012-02-29,EA,15.902148246765137
2012-03-01,EA,16.242769241333008
2012-03-02,EA,16.330360412597656
2012-03-05,EA,16.04813003540039
2012-03-06,EA,15.999467849731444
2012-03-07,EA,16.067594528198242
2012-03-08,EA,16.933744430541992
2012-03-09,EA,16.797496795654297
2012-03-12,EA,16.388750076293945
2012-03-13,EA,16.81696128845215
2012-03-14,EA,16.057859420776367
2012-03-15,EA,16.26223373413086
2012-03-16,EA,16.99213409423828
2012-03-19,EA,16.70990753173828
2012-03-20,EA,16.5541934967041
2012-03-21,EA,16.46660804748535
2012-03-22,EA,16.505537033081055
2012-03-23,EA,16.408220291137695
2012-03-26,EA,16.544462203979492
2012-03-27,EA,16.563928604125977
2012-03-28,EA,16.340089797973633
2012-03-29,EA,16.04813003540039
2012-03-30,EA,16.04813003540039
2012-04-02,EA,16.26223373413086
2012-04-03,EA,16.203840255737305
2012-04-04,EA,15.824296951293944
2012-04-05,EA,15.834026336669922
2012-04-09,EA,15.473939895629885
2012-04-10,EA,15.133315086364746
2012-04-11,EA,15.464207649230955
2012-04-12,EA,16.077322006225586
2012-04-13,EA,15.746437072753906
2012-04-16,EA,14.802430152893066
2012-04-17,EA,14.870553970336914
2012-04-18,EA,14.666178703308104
2012-04-19,EA,14.36448860168457
2012-04-20,EA,14.52993106842041
2012-04-23,EA,14.471539497375488
2012-04-24,EA,14.48127269744873
2012-04-25,EA,14.607789039611816
2012-04-26,EA,15.503134727478027
2012-04-27,EA,14.909480094909668
2012-04-30,EA,14.967873573303224
2012-05-01,EA,15.123584747314451
2012-05-02,EA,15.444741249084473
2012-05-03,EA,15.250102996826172
2012-05-04,EA,14.71484088897705
2012-05-07,EA,14.72457218170166
2012-05-08,EA,14.091988563537598
2012-05-09,EA,13.7416353225708
2012-05-10,EA,14.315826416015623
2012-05-11,EA,14.17957592010498
2012-05-14,EA,13.994668960571287
2012-05-15,EA,13.92654514312744
2012-05-16,EA,14.023865699768066
2012-05-17,EA,13.858420372009276
2012-05-18,EA,13.722171783447266
2012-05-21,EA,13.994668960571287
2012-05-22,EA,13.877883911132812
2012-05-23,EA,14.296363830566406
2012-05-24,EA,13.83895778656006
2012-05-25,EA,13.83895778656006
2012-05-29,EA,13.994668960571287
2012-05-30,EA,13.770833969116213
2012-05-31,EA,13.255033493041992
2012-06-01,EA,12.768431663513184
2012-06-04,EA,12.719771385192873
2012-06-05,EA,12.787898063659668
2012-06-06,EA,13.342620849609377
2012-06-07,EA,13.06039333343506
2012-06-08,EA,13.109054565429688
2012-06-11,EA,12.476470947265623
2012-06-12,EA,12.447272300720217
2012-06-13,EA,11.960671424865724
2012-06-14,EA,11.98987102508545
2012-06-15,EA,12.106653213500977
2012-06-18,EA,12.096920013427734
2012-06-19,EA,12.330493927001951
2012-06-20,EA,12.320758819580078
2012-06-21,EA,11.67844295501709
2012-06-22,EA,11.931475639343262
2012-06-25,EA,11.795228004455566
2012-06-26,EA,11.649248123168944
2012-06-27,EA,11.78549575805664
2012-06-28,EA,11.571391105651855
2012-06-29,EA,12.01906681060791
2012-07-02,EA,11.95094108581543
2012-07-03,EA,12.252631187438965
2012-07-05,EA,12.057994842529297
2012-07-06,EA,11.69790744781494
2012-07-09,EA,11.620051383972168
2012-07-10,EA,11.27943229675293
2012-07-11,EA,11.367019653320312
2012-07-12,EA,11.27943229675293
2012-07-13,EA,11.396214485168455
2012-07-16,EA,11.221038818359377
2012-07-17,EA,11.05559253692627
2012-07-18,EA,11.191840171813965
2012-07-19,EA,11.941207885742188
2012-07-20,EA,11.658981323242188
2012-07-23,EA,11.50326919555664
2012-07-24,EA,11.230770111083984
2012-07-25,EA,11.201573371887209
2012-07-26,EA,10.656580924987791
2012-07-27,EA,11.104252815246582
2012-07-30,EA,10.929076194763184
2012-07-31,EA,10.724705696105955
2012-08-01,EA,11.367019653320312
2012-08-02,EA,11.065327644348145
2012-08-03,EA,11.649248123168944
2012-08-06,EA,11.87308406829834
2012-08-07,EA,12.447272300720217
2012-08-08,EA,12.593255043029783
2012-08-09,EA,12.768431663513184
2012-08-10,EA,12.72950553894043
2012-08-13,EA,12.52513027191162
2012-08-14,EA,12.369420051574709
2012-08-15,EA,12.739234924316406
2012-08-16,EA,13.439943313598633
2012-08-17,EA,13.401015281677246
2012-08-20,EA,13.196642875671388
2012-08-21,EA,13.196642875671388
2012-08-22,EA,13.079858779907228
2012-08-23,EA,12.894948959350586
2012-08-24,EA,12.972804069519045
2012-08-27,EA,12.583523750305176
2012-08-28,EA,12.486205101013184
2012-08-29,EA,12.505669593811035
2012-08-30,EA,12.65164852142334
2012-08-31,EA,12.972804069519045
2012-09-04,EA,12.680845260620115
2012-09-05,EA,12.787898063659668
2012-09-06,EA,13.264764785766602
2012-09-07,EA,13.66378116607666
2012-09-10,EA,13.46913719177246
2012-09-11,EA,13.439943313598633
2012-09-12,EA,13.615118980407717
2012-09-13,EA,13.858420372009276
2012-09-14,EA,14.111452102661133
2012-09-17,EA,13.829224586486816
2012-09-18,EA,13.624850273132324
2012-09-19,EA,13.556727409362791
2012-09-20,EA,13.118783950805664
2012-09-21,EA,12.885218620300291
2012-09-24,EA,12.953344345092772
2012-09-25,EA,12.340224266052246
2012-09-26,EA,12.262367248535156
2012-09-27,EA,12.437543869018556
2012-09-28,EA,12.349952697753906
2012-10-01,EA,12.01906681060791
2012-10-02,EA,12.311028480529783
2012-10-03,EA,12.505669593811035
2012-10-04,EA,12.680845260620115
2012-10-05,EA,12.602987289428713
2012-10-08,EA,12.632184028625488
2012-10-09,EA,12.661380767822266
2012-10-10,EA,12.544596672058104
2012-10-11,EA,12.700305938720703
2012-10-12,EA,13.05066204071045
2012-10-15,EA,13.32315731048584
2012-10-16,EA,13.605386734008787
2012-10-17,EA,13.498334884643556
2012-10-18,EA,13.459406852722168
2012-10-19,EA,12.72950553894043
2012-10-22,EA,12.700305938720703
2012-10-23,EA,12.427809715270996
2012-10-24,EA,12.087188720703123
2012-10-25,EA,11.882817268371582
2012-10-26,EA,11.59085464477539
2012-10-31,EA,12.01906681060791
2012-11-01,EA,12.65164852142334
2012-11-02,EA,12.64191436767578
2012-11-05,EA,12.846285820007324
2012-11-06,EA,13.391282081604004
2012-11-07,EA,13.079858779907228
2012-11-08,EA,12.564058303833008
2012-11-09,EA,12.544596672058104
2012-11-12,EA,12.671113014221191
2012-11-13,EA,12.632184028625488
2012-11-14,EA,12.408347129821776
2012-11-15,EA,12.700305938720703
2012-11-16,EA,12.700305938720703
2012-11-19,EA,13.342620849609377
2012-11-20,EA,13.488601684570312
2012-11-21,EA,13.595654487609863
2012-11-23,EA,13.98493766784668
2012-11-26,EA,14.208773612976074
2012-11-27,EA,14.345023155212402
2012-11-28,EA,14.62725067138672
2012-11-29,EA,14.62725067138672
2012-11-30,EA,14.41314697265625
2012-12-03,EA,14.140649795532228
2012-12-04,EA,14.053061485290527
2012-12-05,EA,14.237967491149902
2012-12-06,EA,14.422879219055176
2012-12-07,EA,14.442341804504396
2012-12-10,EA,14.422879219055176
2012-12-11,EA,14.744033813476562
2012-12-12,EA,14.919215202331545
2012-12-13,EA,14.841354370117188
2012-12-14,EA,14.890016555786133
2012-12-17,EA,15.006799697875977
2012-12-18,EA,14.510465621948242
2012-12-19,EA,14.014134407043455
2012-12-20,EA,13.566461563110352
2012-12-21,EA,13.517800331115724
2012-12-24,EA,13.73190212249756
2012-12-26,EA,13.780562400817873
2012-12-27,EA,13.644317626953123
2012-12-28,EA,13.546996116638184
2012-12-31,EA,14.1309175491333
2013-01-02,EA,14.160115242004396
2013-01-03,EA,14.345023155212402
2013-01-04,EA,14.48127269744873
2013-01-07,EA,14.062793731689451
2013-01-08,EA,13.401015281677246
2013-01-09,EA,13.332889556884766
2013-01-10,EA,13.624850273132324
2013-01-11,EA,13.858420372009276
2013-01-14,EA,14.043327331542969
2013-01-15,EA,14.218504905700684
2013-01-16,EA,14.208773612976074
2013-01-17,EA,14.121186256408691
2013-01-18,EA,14.072524070739746
2013-01-22,EA,14.043327331542969
2013-01-23,EA,13.67351245880127
2013-01-24,EA,13.877883911132812
2013-01-25,EA,14.37421703338623
2013-01-28,EA,14.636984825134276
2013-01-29,EA,14.549393653869627
2013-01-30,EA,14.675912857055664
2013-01-31,EA,15.308494567871094
2013-02-01,EA,15.7561674118042
2013-02-04,EA,15.571258544921877
2013-02-05,EA,16.437408447265625
2013-02-06,EA,16.427677154541016
2013-02-07,EA,16.41794776916504
2013-02-08,EA,16.904542922973633
2013-02-11,EA,16.943477630615234
2013-02-12,EA,17.069995880126953
2013-02-13,EA,16.70990753173828
2013-02-14,EA,16.69044303894043
2013-02-15,EA,16.51526641845703
2013-02-19,EA,17.118650436401367
2013-02-20,EA,17.0115966796875
2013-02-21,EA,17.167312622070312
2013-02-22,EA,17.3327579498291
2013-02-25,EA,17.225706100463867
2013-02-26,EA,17.215972900390625
2013-02-27,EA,17.63444709777832
2013-02-28,EA,17.060266494750977
2013-03-01,EA,17.556594848632812
2013-03-04,EA,17.712308883666992
2013-03-05,EA,18.01399803161621
2013-03-06,EA,18.12105178833008
2013-03-07,EA,18.208641052246094
2013-03-08,EA,18.082124710083008
2013-03-11,EA,18.617382049560547
2013-03-12,EA,18.73417282104492
2013-03-13,EA,18.43248176574707
2013-03-14,EA,18.821758270263672
2013-03-15,EA,18.374082565307617
2013-03-18,EA,18.208641052246094
2013-03-19,EA,16.69044303894043
2013-03-20,EA,16.875350952148438
2013-03-21,EA,17.225706100463867
2013-03-22,EA,17.48847007751465
2013-03-25,EA,17.089454650878906
2013-03-26,EA,17.293832778930664
2013-03-27,EA,17.31329345703125
2013-03-28,EA,17.225706100463867
2013-04-01,EA,17.43981170654297
2013-04-02,EA,17.07972526550293
2013-04-03,EA,16.778032302856445
2013-04-04,EA,16.787763595581055
2013-04-05,EA,16.885086059570312
2013-04-08,EA,16.80722999572754
2013-04-09,EA,16.982404708862305
2013-04-10,EA,17.32302474975586
2013-04-11,EA,17.15757942199707
2013-04-12,EA,17.108919143676758
2013-04-15,EA,16.456871032714844
2013-04-16,EA,16.904542922973633
2013-04-17,EA,16.5541934967041
2013-04-18,EA,16.486072540283203
2013-04-19,EA,16.632047653198242
2013-04-22,EA,16.81696128845215
2013-04-23,EA,16.953208923339844
2013-04-24,EA,17.32302474975586
2013-04-25,EA,17.459278106689453
2013-04-26,EA,17.400880813598633
2013-04-29,EA,17.293832778930664
2013-04-30,EA,17.13811492919922
2013-05-01,EA,16.836421966552734
2013-05-02,EA,17.069995880126953
2013-05-03,EA,17.478736877441406
2013-05-06,EA,17.799896240234375
2013-05-07,EA,17.91667938232422
2013-05-08,EA,20.98226928710937
2013-05-09,EA,21.06012535095215
2013-05-10,EA,21.877614974975582
2013-05-13,EA,21.15744972229004
2013-05-14,EA,21.80949592590332
2013-05-15,EA,22.0333309173584
2013-05-16,EA,21.42994880676269
2013-05-17,EA,21.614850997924805
2013-05-20,EA,21.20610809326172
2013-05-21,EA,21.381282806396484
2013-05-22,EA,21.16718101501465
2013-05-23,EA,22.04306030273437
2013-05-24,EA,22.159852981567383
2013-05-28,EA,22.636716842651367
2013-05-29,EA,22.53939819335937
2013-05-30,EA,22.724306106567383
2013-05-31,EA,22.37395668029785
2013-06-03,EA,22.37395668029785
2013-06-04,EA,22.11118507385254
2013-06-05,EA,22.266902923583984
2013-06-06,EA,22.65618324279785
2013-06-07,EA,22.977338790893555
2013-06-10,EA,22.25716590881348
2013-06-11,EA,21.99440574645996
2013-06-12,EA,20.962804794311523
2013-06-13,EA,20.91415023803711
2013-06-14,EA,21.225570678710938
2013-06-17,EA,21.82896041870117
2013-06-18,EA,22.41288375854492
2013-06-19,EA,22.22797393798828
2013-06-20,EA,21.55646514892578
2013-06-21,EA,21.39101791381836
2013-06-24,EA,21.030933380126957
2013-06-25,EA,21.19637680053711
2013-06-26,EA,21.20610809326172
2013-06-27,EA,21.614850997924805
2013-06-28,EA,22.37395668029785
2013-07-01,EA,22.55886459350586
2013-07-02,EA,22.88975143432617
2013-07-03,EA,22.68537712097168
2013-07-05,EA,23.191444396972656
2013-07-08,EA,22.909217834472656
2013-07-09,EA,22.93840980529785
2013-07-10,EA,23.259565353393555
2013-07-11,EA,23.619653701782227
2013-07-12,EA,23.668310165405277
2013-07-15,EA,23.54179573059082
2013-07-16,EA,23.54179573059082
2013-07-17,EA,23.17197799682617
2013-07-18,EA,23.512601852416992
2013-07-19,EA,23.619653701782227
2013-07-22,EA,23.36662101745605
2013-07-23,EA,23.191444396972656
2013-07-24,EA,24.729103088378903
2013-07-25,EA,23.9797420501709
2013-07-26,EA,25.128116607666016
2013-07-29,EA,24.797231674194336
2013-07-30,EA,25.37142372131348
2013-07-31,EA,25.42008209228516
2013-08-01,EA,25.81909942626953
2013-08-02,EA,25.85802459716797
2013-08-05,EA,25.81909942626953
2013-08-06,EA,25.73149871826172
2013-08-07,EA,25.63418960571289
2013-08-08,EA,25.926145553588867
2013-08-09,EA,25.935874938964844
2013-08-12,EA,25.965072631835938
2013-08-13,EA,25.838552474975582
2013-08-14,EA,25.94560813903809
2013-08-15,EA,25.770437240600582
2013-08-16,EA,26.1694450378418
2013-08-19,EA,25.85802459716797
2013-08-20,EA,26.03319549560547
2013-08-21,EA,25.94560813903809
2013-08-22,EA,27.035600662231445
2013-08-23,EA,27.220502853393555
2013-08-26,EA,27.113454818725582
2013-08-27,EA,26.26676750183105
2013-08-28,EA,26.403017044067383
2013-08-29,EA,26.831222534179688
2013-08-30,EA,25.926145553588867
2013-09-03,EA,26.62685203552246
2013-09-04,EA,27.23996925354004
2013-09-05,EA,26.93827438354492
2013-09-06,EA,26.04292678833008
2013-09-09,EA,26.3835506439209
2013-09-10,EA,26.22783470153809
2013-09-11,EA,25.994272232055664
2013-09-12,EA,25.682846069335938
2013-09-13,EA,25.955341339111328
2013-09-16,EA,26.237567901611328
2013-09-17,EA,26.86042022705078
2013-09-18,EA,26.140249252319336
2013-09-19,EA,26.25703239440918
2013-09-20,EA,25.82882308959961
2013-09-23,EA,25.48820304870605
2013-09-24,EA,25.838552474975582
2013-09-25,EA,25.887216567993164
2013-09-26,EA,25.44927406311035
2013-09-27,EA,25.25463485717773
2013-09-30,EA,24.865354537963867
2013-10-01,EA,25.7120418548584
2013-10-02,EA,24.933483123779297
2013-10-03,EA,24.407947540283203
2013-10-04,EA,25.06972312927246
2013-10-07,EA,24.573396682739254
2013-10-08,EA,23.425010681152344
2013-10-09,EA,23.50286674499512
2013-10-10,EA,24.544198989868164
2013-10-11,EA,24.057594299316406
2013-10-14,EA,23.931076049804688
2013-10-15,EA,23.327695846557617
2013-10-16,EA,23.561260223388672
2013-10-17,EA,23.872690200805664
2013-10-18,EA,24.359289169311523
2013-10-21,EA,23.84349250793457
2013-10-22,EA,24.553930282592773
2013-10-23,EA,23.950544357299805
2013-10-24,EA,24.077056884765625
2013-10-25,EA,24.086790084838867
2013-10-28,EA,24.164648056030277
2013-10-29,EA,23.483402252197266
2013-10-30,EA,25.30329704284668
2013-10-31,EA,25.546594619750977
2013-11-01,EA,24.943208694458008
2013-11-04,EA,25.040529251098636
2013-11-05,EA,24.87508773803711
2013-11-06,EA,25.05026054382324
2013-11-07,EA,24.65124893188477
2013-11-08,EA,25.01133918762207
2013-11-11,EA,25.293561935424805
2013-11-12,EA,25.73149871826172
2013-11-13,EA,25.7120418548584
2013-11-14,EA,25.264368057250977
2013-11-15,EA,23.415281295776367
2013-11-18,EA,23.473676681518555
2013-11-19,EA,22.69510841369629
2013-11-20,EA,22.38368034362793
2013-11-21,EA,22.76323509216309
2013-11-22,EA,22.519933700561523
2013-11-25,EA,22.16958236694336
2013-11-26,EA,21.916553497314453
2013-11-27,EA,21.517534255981445
2013-11-29,EA,21.575925827026367
2013-12-02,EA,21.313161849975582
2013-12-03,EA,20.962804794311523
2013-12-04,EA,21.741369247436523
2013-12-05,EA,20.44701385498047
2013-12-06,EA,21.6440486907959
2013-12-09,EA,21.59539031982422
2013-12-10,EA,21.468870162963867
2013-12-11,EA,20.515134811401367
2013-12-12,EA,20.408079147338867
2013-12-13,EA,21.624584197998047
2013-12-16,EA,21.468870162963867
2013-12-17,EA,22.140382766723636
2013-12-18,EA,22.247434616088867
2013-12-19,EA,22.792428970336918
2013-12-20,EA,22.909217834472656
2013-12-23,EA,23.22064018249512
2013-12-24,EA,23.191444396972656
2013-12-26,EA,23.03573226928711
2013-12-27,EA,22.549131393432617
2013-12-30,EA,22.27663230895996
2013-12-31,EA,22.32529640197754
2014-01-02,EA,22.218238830566406
2014-01-03,EA,22.07225799560547
2014-01-06,EA,21.926279067993164
2014-01-07,EA,22.481002807617188
2014-01-08,EA,22.68537712097168
2014-01-09,EA,22.140382766723636
2014-01-10,EA,22.393415451049805
2014-01-13,EA,21.78030014038086
2014-01-14,EA,21.858152389526367
2014-01-15,EA,21.342357635498047
2014-01-16,EA,20.962804794311523
2014-01-17,EA,23.454212188720703
2014-01-21,EA,23.668310165405277
2014-01-22,EA,23.522327423095703
2014-01-23,EA,23.230369567871094
2014-01-24,EA,23.201175689697266
2014-01-27,EA,23.814292907714844
2014-01-28,EA,24.203577041625977
2014-01-29,EA,24.544198989868164
2014-01-30,EA,25.33249282836914
2014-01-31,EA,25.69257164001465
2014-02-03,EA,25.38115119934082
2014-02-04,EA,25.47846984863281
2014-02-05,EA,25.45901107788086
2014-02-06,EA,25.75096893310547
2014-02-07,EA,26.471141815185547
2014-02-10,EA,26.159717559814453
2014-02-11,EA,26.675512313842773
2014-02-12,EA,27.113454818725582
2014-02-13,EA,26.821489334106445
2014-02-14,EA,26.840953826904297
2014-02-18,EA,27.63898468017578
2014-02-19,EA,27.162113189697266
2014-02-20,EA,27.045333862304688
2014-02-21,EA,27.24970054626465
2014-02-24,EA,27.210773468017575
2014-02-25,EA,27.34702491760254
2014-02-26,EA,27.51246833801269
2014-02-27,EA,27.77523422241211
2014-02-28,EA,27.823894500732425
2014-03-03,EA,27.337289810180664
2014-03-04,EA,28.037996292114254
2014-03-05,EA,28.31049346923828
2014-03-06,EA,28.427276611328125
2014-03-07,EA,28.59272766113281
2014-03-10,EA,28.427276611328125
2014-03-11,EA,29.00147247314453
2014-03-12,EA,29.176647186279297
2014-03-13,EA,28.91387939453125
2014-03-14,EA,28.80683135986328
2014-03-17,EA,29.293428421020508
2014-03-18,EA,29.4296817779541
2014-03-19,EA,29.41994857788086
2014-03-20,EA,29.43941307067871
2014-03-21,EA,28.95281219482422
2014-03-24,EA,28.222904205322266
2014-03-25,EA,28.5051383972168
2014-03-26,EA,27.80443000793457
2014-03-27,EA,27.716840744018555
2014-03-28,EA,27.765499114990234
2014-03-31,EA,28.23263931274414
2014-04-01,EA,28.68031120300293
2014-04-02,EA,28.349422454833984
2014-04-03,EA,28.096391677856445
2014-04-04,EA,27.83362197875977
2014-04-07,EA,27.580589294433597
2014-04-08,EA,27.960145950317383
2014-04-09,EA,27.40542221069336
2014-04-10,EA,26.490602493286133
2014-04-11,EA,25.955341339111328
2014-04-14,EA,26.548995971679688
2014-04-15,EA,26.73390388488769
2014-04-16,EA,26.85069465637207
2014-04-17,EA,26.831222534179688
2014-04-21,EA,27.23023796081543
2014-04-22,EA,27.366485595703125
2014-04-23,EA,27.39568328857422
2014-04-24,EA,27.34702491760254
2014-04-25,EA,27.454072952270508
2014-04-28,EA,27.42487907409668
2014-04-29,EA,27.30809593200684
2014-04-30,EA,27.541667938232425
2014-05-01,EA,27.96987533569336
2014-05-02,EA,27.736305236816406
2014-05-05,EA,27.989337921142575
2014-05-06,EA,27.29836654663086
2014-05-07,EA,33.040260314941406
2014-05-08,EA,33.36141586303711
2014-05-09,EA,34.17890930175781
2014-05-12,EA,34.36381912231445
2014-05-13,EA,34.1010627746582
2014-05-14,EA,33.21544647216797
2014-05-15,EA,32.88455581665039
2014-05-16,EA,33.51713943481445
2014-05-19,EA,33.643646240234375
2014-05-20,EA,33.45874786376953
2014-05-21,EA,33.67284393310547
2014-05-22,EA,33.643646240234375
2014-05-23,EA,33.94534683227539
2014-05-27,EA,34.139991760253906
2014-05-28,EA,33.770172119140625
2014-05-29,EA,33.828556060791016
2014-05-30,EA,34.18864059448242
2014-06-02,EA,33.6339225769043
2014-06-03,EA,33.79936218261719
2014-06-04,EA,34.01348114013672
2014-06-05,EA,33.84803009033203
2014-06-06,EA,33.9161376953125
2014-06-09,EA,33.97453689575195
2014-06-10,EA,34.743385314941406
2014-06-11,EA,34.55846405029297
2014-06-12,EA,34.28596115112305
2014-06-13,EA,34.72391128540039
2014-06-16,EA,34.743385314941406
2014-06-17,EA,35.804168701171875
2014-06-18,EA,36.154518127441406
2014-06-19,EA,36.076656341552734
2014-06-20,EA,36.1447868347168
2014-06-23,EA,35.91121292114258
2014-06-24,EA,35.38568878173828
2014-06-25,EA,35.53166580200195
2014-06-26,EA,35.29810333251953
2014-06-27,EA,34.92828369140625
2014-06-30,EA,34.90882110595703
2014-07-01,EA,35.43434524536133
2014-07-02,EA,35.77496719360352
2014-07-03,EA,35.9306755065918
2014-07-07,EA,35.19104766845703
2014-07-08,EA,34.34435272216797
2014-07-09,EA,34.56819534301758
2014-07-10,EA,34.88935470581055
2014-07-11,EA,35.00612258911133
2014-07-14,EA,35.570587158203125
2014-07-15,EA,35.21051025390625
2014-07-16,EA,36.12532424926758
2014-07-17,EA,36.06693649291992
2014-07-18,EA,37.351558685302734
2014-07-21,EA,37.39049530029297
2014-07-22,EA,37.39049530029297
2014-07-23,EA,35.07426452636719
2014-07-24,EA,35.85282516479492
2014-07-25,EA,35.07426452636719
2014-07-28,EA,34.14971923828125
2014-07-29,EA,33.41981506347656
2014-07-30,EA,33.57552719116211
2014-07-31,EA,32.69963073730469
2014-08-01,EA,32.80669021606445
2014-08-04,EA,33.264095306396484
2014-08-05,EA,33.21544647216797
2014-08-06,EA,33.35169219970703
2014-08-07,EA,32.417415618896484
2014-08-08,EA,33.37115859985352
2014-08-11,EA,34.1302490234375
2014-08-12,EA,34.597389221191406
2014-08-13,EA,35.43434524536133
2014-08-14,EA,35.60952377319336
2014-08-15,EA,35.17158126831055
2014-08-18,EA,35.68738555908203
2014-08-19,EA,36.01826858520508
2014-08-20,EA,36.55353927612305
2014-08-21,EA,36.748165130615234
2014-08-22,EA,37.137454986572266
2014-08-25,EA,36.6119270324707
2014-08-26,EA,36.55353927612305
2014-08-27,EA,36.222633361816406
2014-08-28,EA,36.10585403442383
2014-08-29,EA,36.82603073120117
2014-09-02,EA,36.9914665222168
2014-09-03,EA,36.87468338012695
2014-09-04,EA,36.35888671875
2014-09-05,EA,36.68003845214844
2014-09-08,EA,36.98173904418945
2014-09-09,EA,36.446475982666016
2014-09-10,EA,36.79682922363281
2014-09-11,EA,37.02066421508789
2014-09-12,EA,36.164249420166016
2014-09-15,EA,35.55112075805664
2014-09-16,EA,36.02799606323242
2014-09-17,EA,35.43434524536133
2014-09-18,EA,36.25182723999024
2014-09-19,EA,35.72630310058594
2014-09-22,EA,35.628990173339844
2014-09-23,EA,35.68738555908203
2014-09-24,EA,35.882022857666016
2014-09-25,EA,34.86014938354492
2014-09-26,EA,34.99640274047852
2014-09-29,EA,34.82122802734375
2014-09-30,EA,34.65578842163086
2014-10-01,EA,34.19838333129883
2014-10-02,EA,34.63631820678711
2014-10-03,EA,34.986671447753906
2014-10-06,EA,35.03533172607422
2014-10-07,EA,33.98426818847656
2014-10-08,EA,34.334625244140625
2014-10-09,EA,34.07185363769531
2014-10-10,EA,33.60472106933594
2014-10-13,EA,32.33955383300781
2014-10-14,EA,31.86268615722656
2014-10-15,EA,32.485538482666016
2014-10-16,EA,31.74590110778809
2014-10-17,EA,33.36141586303711
2014-10-20,EA,33.994014739990234
2014-10-21,EA,34.7336311340332
2014-10-22,EA,34.11079406738281
2014-10-23,EA,35.26889419555664
2014-10-24,EA,35.37595748901367
2014-10-27,EA,35.882022857666016
2014-10-28,EA,36.47566604614258
2014-10-29,EA,37.86735534667969
2014-10-30,EA,38.78216171264648
2014-10-31,EA,39.87215042114258
2014-11-03,EA,39.8624153137207
2014-11-04,EA,39.55099105834961
2014-11-05,EA,39.638580322265625
2014-11-06,EA,39.70670700073242
2014-11-07,EA,39.84295272827149
2014-11-10,EA,40.15438079833984
2014-11-11,EA,40.03760147094727
2014-11-12,EA,40.09600067138672
2014-11-13,EA,40.33928680419922
2014-11-14,EA,40.35875701904297
2014-11-17,EA,40.29064178466797
2014-11-18,EA,41.72124099731445
2014-11-19,EA,42.28569412231445
2014-11-20,EA,41.993743896484375
2014-11-21,EA,42.3343620300293
2014-11-24,EA,42.431678771972656
2014-11-25,EA,42.830684661865234
2014-11-26,EA,42.5095329284668
2014-11-28,EA,42.752838134765625
2014-12-01,EA,41.993743896484375
2014-12-02,EA,42.46088409423828
2014-12-03,EA,44.75763702392578
2014-12-04,EA,45.24424362182617
2014-12-05,EA,45.4096908569336
2014-12-08,EA,44.77709197998047
2014-12-09,EA,44.35862731933594
2014-12-10,EA,43.56060028076172
2014-12-11,EA,43.910945892333984
2014-12-12,EA,43.69683837890625
2014-12-15,EA,44.23210144042969
2014-12-16,EA,44.23210144042969
2014-12-17,EA,44.82576751708984
2014-12-18,EA,45.97414016723633
2014-12-19,EA,46.1882438659668
2014-12-22,EA,46.56779479980469
2014-12-23,EA,46.55805587768555
2014-12-24,EA,46.77217102050781
2014-12-26,EA,47.03493881225586
2014-12-29,EA,46.31476593017578
2014-12-30,EA,46.11039733886719
2014-12-31,EA,45.76002883911133
2015-01-02,EA,45.61405563354492
2015-01-05,EA,45.32209014892578
2015-01-06,EA,44.72844314575195
2015-01-07,EA,45.55566787719727
2015-01-08,EA,46.84029769897461
2015-01-09,EA,46.23690414428711
2015-01-12,EA,45.798973083496094
2015-01-13,EA,45.17610931396485
2015-01-14,EA,45.643253326416016
2015-01-15,EA,45.39021682739258
2015-01-16,EA,46.80136489868164
2015-01-20,EA,46.52886581420898
2015-01-21,EA,46.78189849853516
2015-01-22,EA,48.03733444213867
2015-01-23,EA,48.45581817626953
2015-01-26,EA,48.15411376953125
2015-01-27,EA,47.11278533935547
2015-01-28,EA,53.14664459228516
2015-01-29,EA,53.84735870361328
2015-01-30,EA,53.38996124267578
2015-02-02,EA,53.49700546264648
2015-02-03,EA,53.059059143066406
2015-02-04,EA,53.097991943359375
2015-02-05,EA,54.87896347045898
2015-02-06,EA,53.662445068359375
2015-02-09,EA,52.82549285888672
2015-02-10,EA,53.29262924194336
2015-02-11,EA,53.4775390625
2015-02-12,EA,54.69404983520508
2015-02-13,EA,54.87896347045898
2015-02-17,EA,55.23904037475586
2015-02-18,EA,56.06626129150391
2015-02-19,EA,55.60886001586914
2015-02-20,EA,56.12465286254883
2015-02-23,EA,56.00788116455078
2015-02-24,EA,56.08572006225586
2015-02-25,EA,55.8521614074707
2015-02-26,EA,56.18303680419922
2015-02-27,EA,55.64778900146485
2015-03-02,EA,55.91054916381836
2015-03-03,EA,55.151458740234375
2015-03-04,EA,55.66724395751953
2015-03-05,EA,55.842430114746094
2015-03-06,EA,54.84975814819336
2015-03-09,EA,55.151458740234375
2015-03-10,EA,53.57486724853516
2015-03-11,EA,53.61379623413086
2015-03-12,EA,53.5845947265625
2015-03-13,EA,53.81816482543945
2015-03-16,EA,54.32422637939453
2015-03-17,EA,52.71845245361328
2015-03-18,EA,54.13931274414063
2015-03-19,EA,54.46047592163086
2015-03-20,EA,55.74510192871094
2015-03-23,EA,55.73536682128906
2015-03-24,EA,56.40688705444336
2015-03-25,EA,54.58699417114258
2015-03-26,EA,54.5772705078125
2015-03-27,EA,56.67938232421875
2015-03-30,EA,57.87642288208008
2015-03-31,EA,57.24384307861328
2015-04-01,EA,55.74510192871094
2015-04-02,EA,56.10519790649414
2015-04-06,EA,55.58938980102539
2015-04-07,EA,56.25117492675781
2015-04-08,EA,56.5917854309082
2015-04-09,EA,55.95920944213867
2015-04-10,EA,56.79616928100586
2015-04-13,EA,55.79377365112305
2015-04-14,EA,55.54072189331055
2015-04-15,EA,55.336368560791016
2015-04-16,EA,55.336368560791016
2015-04-17,EA,54.52859878540039
2015-04-20,EA,55.75483322143555
2015-04-21,EA,57.44821548461914
2015-04-22,EA,58.20732116699219
2015-04-23,EA,58.27543640136719
2015-04-24,EA,58.28517150878906
2015-04-27,EA,58.23650741577149
2015-04-28,EA,57.526065826416016
2015-04-29,EA,57.0491943359375
2015-04-30,EA,56.53340911865234
2015-05-01,EA,57.740177154541016
2015-05-04,EA,57.72070693969727
2015-05-05,EA,57.57472229003906
2015-05-06,EA,59.29729461669922
2015-05-07,EA,58.65498733520508
2015-05-08,EA,60.22184753417969
2015-05-11,EA,60.91282272338867
2015-05-12,EA,60.78630447387695
2015-05-13,EA,60.07586669921875
2015-05-14,EA,61.39941787719727
2015-05-15,EA,61.19505310058594
2015-05-18,EA,61.603797912597656
2015-05-19,EA,60.93228530883789
2015-05-20,EA,60.57218933105469
2015-05-21,EA,61.0101318359375
2015-05-22,EA,60.88362121582031
2015-05-26,EA,60.85443115234375
2015-05-27,EA,62.14878845214844
2015-05-28,EA,61.5745964050293
2015-05-29,EA,61.0782585144043
2015-06-01,EA,61.20478057861328
2015-06-02,EA,61.29236602783203
2015-06-03,EA,61.67192077636719
2015-06-04,EA,60.95175552368164
2015-06-05,EA,61.21451187133789
2015-06-08,EA,60.00774383544922
2015-06-09,EA,60.1245231628418
2015-06-10,EA,60.85443115234375
2015-06-11,EA,60.91282272338867
2015-06-12,EA,61.06852722167969
2015-06-15,EA,59.92014694213867
2015-06-16,EA,61.17558670043945
2015-06-17,EA,62.75217056274414
2015-06-18,EA,63.5210189819336
2015-06-19,EA,64.18276977539062
2015-06-22,EA,64.83483123779297
2015-06-23,EA,64.79589080810547
2015-06-24,EA,65.8664321899414
2015-06-25,EA,65.64258575439453
2015-06-26,EA,65.81776428222656
2015-06-29,EA,64.44554901123047
2015-06-30,EA,64.71804809570312
2015-07-01,EA,66.17784881591797
2015-07-02,EA,65.98320770263672
2015-07-06,EA,66.18756866455078
2015-07-07,EA,68.01720428466797
2015-07-08,EA,67.15105438232422
2015-07-09,EA,68.61085510253906
2015-07-10,EA,70.13878631591797
2015-07-13,EA,71.56941986083984
2015-07-14,EA,70.31398010253906
2015-07-15,EA,70.55726623535156
2015-07-16,EA,71.01467895507812
2015-07-17,EA,71.50128173828125
2015-07-20,EA,72.78590393066406
2015-07-21,EA,71.70565032958984
2015-07-22,EA,70.96599578857422
2015-07-23,EA,69.88574981689453
2015-07-24,EA,70.35289001464844
2015-07-27,EA,69.31157684326172
2015-07-28,EA,69.87602233886719
2015-07-29,EA,70.245849609375
2015-07-30,EA,70.36263275146484
2015-07-31,EA,69.63272857666016
2015-08-03,EA,69.06825256347656
2015-08-04,EA,69.87602233886719
2015-08-05,EA,73.14600372314453
2015-08-06,EA,72.02681732177734
2015-08-07,EA,71.39422607421875
2015-08-10,EA,71.9878921508789
2015-08-11,EA,71.8418960571289
2015-08-12,EA,71.74459075927734
2015-08-13,EA,71.4136734008789
2015-08-14,EA,70.86869049072266
2015-08-17,EA,71.72511291503906
2015-08-18,EA,71.87110137939453
2015-08-19,EA,69.69112396240234
2015-08-20,EA,65.89563751220703
2015-08-21,EA,63.7740478515625
2015-08-24,EA,61.99307632446289
2015-08-25,EA,61.83736038208008
2015-08-26,EA,64.56231689453125
2015-08-27,EA,65.36035919189453
2015-08-28,EA,66.09025573730469
2015-08-31,EA,64.37741088867188
2015-09-01,EA,61.73030090332031
2015-09-02,EA,62.93708419799805
2015-09-03,EA,64.02705383300781
2015-09-04,EA,64.59152221679688
2015-09-08,EA,66.66444396972656
2015-09-09,EA,65.9637451171875
2015-09-10,EA,66.89801025390625
2015-09-11,EA,67.06346893310547
2015-09-14,EA,66.51847076416016
2015-09-15,EA,67.52086639404297
2015-09-16,EA,68.39676666259766
2015-09-17,EA,69.1558609008789
2015-09-18,EA,68.19236755371094
2015-09-21,EA,68.68870544433594
2015-09-22,EA,66.849365234375
2015-09-23,EA,67.59872436523438
2015-09-24,EA,66.96614837646484
2015-09-25,EA,67.62792205810547
2015-09-28,EA,64.67910766601562
2015-09-29,EA,64.23143768310547
2015-09-30,EA,65.93455505371094
2015-10-01,EA,65.39926147460938
2015-10-02,EA,64.70831298828125
2015-10-05,EA,65.77881622314453
2015-10-06,EA,64.7667236328125
2015-10-07,EA,64.3385009765625
2015-10-08,EA,64.03680419921875
2015-10-09,EA,63.29718780517578
2015-10-12,EA,66.28490447998047
2015-10-13,EA,66.58660125732422
2015-10-14,EA,68.67899322509766
2015-10-15,EA,69.06825256347656
2015-10-16,EA,69.7884521484375
2015-10-19,EA,70.35289001464844
2015-10-20,EA,70.36263275146484
2015-10-21,EA,70.8395004272461
2015-10-22,EA,72.54261016845703
2015-10-23,EA,72.91241455078125
2015-10-26,EA,72.09492492675781
2015-10-27,EA,73.25304412841797
2015-10-28,EA,74.71284484863281
2015-10-29,EA,74.0218505859375
2015-10-30,EA,70.13878631591797
2015-11-02,EA,70.07066345214844
2015-11-03,EA,69.97334289550781
2015-11-04,EA,72.2992935180664
2015-11-05,EA,72.07545471191406
2015-11-06,EA,70.44047546386719
2015-11-09,EA,69.0390853881836
2015-11-10,EA,68.93201446533203
2015-11-11,EA,69.38943481445312
2015-11-12,EA,69.7397689819336
2015-11-13,EA,68.01720428466797
2015-11-16,EA,66.16813659667969
2015-11-17,EA,66.2751693725586
2015-11-18,EA,66.58660125732422
2015-11-19,EA,69.17533111572266
2015-11-20,EA,70.47941589355469
2015-11-23,EA,67.13159942626953
2015-11-24,EA,65.2630386352539
2015-11-25,EA,67.64737701416016
2015-11-27,EA,67.0342788696289
2015-11-30,EA,65.97348022460938
2015-12-01,EA,66.79096221923828
2015-12-02,EA,67.48194885253906
2015-12-03,EA,65.41875457763672
2015-12-04,EA,68.49405670166016
2015-12-07,EA,68.89309692382812
2015-12-08,EA,69.08773040771484
2015-12-09,EA,65.29222106933594
2015-12-10,EA,64.59152221679688
2015-12-11,EA,65.3700942993164
2015-12-14,EA,67.79336547851562
2015-12-15,EA,70.3918228149414
2015-12-16,EA,70.10960388183594
2015-12-17,EA,69.21424865722656
2015-12-18,EA,67.13159942626953
2015-12-21,EA,66.86882019042969
2015-12-22,EA,67.21916961669922
2015-12-23,EA,66.80069732666016
2015-12-24,EA,67.10237884521484
2015-12-28,EA,67.3359603881836
2015-12-29,EA,67.97827911376953
2015-12-30,EA,67.78363037109375
2015-12-31,EA,66.87857055664062
2016-01-04,EA,64.32876586914062
2016-01-05,EA,63.19984817504883
2016-01-06,EA,61.97361373901367
2016-01-07,EA,60.78630447387695
2016-01-08,EA,61.4383544921875
2016-01-11,EA,62.48941421508789
2016-01-12,EA,63.86163330078125
2016-01-13,EA,61.68164825439453
2016-01-14,EA,62.75217056274414
2016-01-15,EA,64.28982543945312
2016-01-19,EA,65.5647201538086
2016-01-20,EA,65.05867004394531
2016-01-21,EA,65.23384857177734
2016-01-22,EA,67.50140380859375
2016-01-25,EA,68.04638671875
2016-01-26,EA,68.93201446533203
2016-01-27,EA,67.62792205810547
2016-01-28,EA,67.91988372802734
2016-01-29,EA,62.82029724121094
2016-02-01,EA,62.47966384887695
2016-02-02,EA,59.03453826904297
2016-02-03,EA,58.01266860961914
2016-02-04,EA,57.15625762939453
2016-02-05,EA,54.01280212402344
2016-02-08,EA,54.81084442138672
2016-02-09,EA,56.68911743164063
2016-02-10,EA,57.39955139160156
2016-02-11,EA,56.63072204589844
2016-02-12,EA,57.66232299804688
2016-02-16,EA,57.76936721801758
2016-02-17,EA,58.23650741577149
2016-02-18,EA,56.786434173583984
2016-02-19,EA,57.97373580932617
2016-02-22,EA,61.5745964050293
2016-02-23,EA,59.87149429321289
2016-02-24,EA,61.50647735595703
2016-02-25,EA,62.94681167602539
2016-02-26,EA,62.72298049926758
2016-02-29,EA,62.51861190795898
2016-03-01,EA,63.725372314453125
2016-03-02,EA,64.31903076171875
2016-03-03,EA,63.063594818115234
2016-03-04,EA,62.70350646972656
2016-03-07,EA,61.886016845703125
2016-03-08,EA,61.27290725708008
2016-03-09,EA,62.20717239379883
2016-03-10,EA,61.79842376708984
2016-03-11,EA,62.7424430847168
2016-03-14,EA,63.05386734008789
2016-03-15,EA,63.958946228027344
2016-03-16,EA,64.23143768310547
2016-03-17,EA,62.93708419799805
2016-03-18,EA,62.59645462036133
2016-03-21,EA,62.22665023803711
2016-03-22,EA,62.15851974487305
2016-03-23,EA,63.306907653808594
2016-03-24,EA,62.51861190795898
2016-03-28,EA,62.90787887573242
2016-03-29,EA,64.2606430053711
2016-03-30,EA,64.63046264648438
2016-03-31,EA,64.3385009765625
2016-04-01,EA,64.1535873413086
2016-04-04,EA,63.97841644287109
2016-04-05,EA,63.69618225097656
2016-04-06,EA,64.06600189208984
2016-04-07,EA,62.21691131591797
2016-04-08,EA,62.51861190795898
2016-04-11,EA,61.46754455566406
2016-04-12,EA,61.27290725708008
2016-04-13,EA,63.03439712524414
2016-04-14,EA,63.19984817504883
2016-04-15,EA,65.04893493652344
2016-04-18,EA,64.73751068115234
2016-04-19,EA,64.41634368896484
2016-04-20,EA,64.03680419921875
2016-04-21,EA,64.40663146972656
2016-04-22,EA,64.10493469238281
2016-04-25,EA,64.16331481933594
2016-04-26,EA,63.57939147949219
2016-04-27,EA,61.65245056152344
2016-04-28,EA,60.65005111694336
2016-04-29,EA,60.192649841308594
2016-05-02,EA,61.20478057861328
2016-05-03,EA,60.416481018066406
2016-05-04,EA,60.22184753417969
2016-05-05,EA,60.57218933105469
2016-05-06,EA,62.22665023803711
2016-05-09,EA,62.79109573364258
2016-05-10,EA,62.8105697631836
2016-05-11,EA,71.4136734008789
2016-05-12,EA,73.0
2016-05-13,EA,73.18492126464844
2016-05-16,EA,74.56686401367188
2016-05-17,EA,73.12651824951172
2016-05-18,EA,72.49394226074219
2016-05-19,EA,71.53045654296875
2016-05-20,EA,71.15092468261719
2016-05-23,EA,71.27742767333984
2016-05-24,EA,73.33088684082031
2016-05-25,EA,72.931884765625
2016-05-26,EA,73.09732818603516
2016-05-27,EA,73.67150115966797
2016-05-31,EA,74.69338989257812
2016-06-01,EA,74.56686401367188
2016-06-02,EA,74.52793884277344
2016-06-03,EA,74.3138198852539
2016-06-06,EA,74.44035339355469
2016-06-07,EA,75.17998504638672
2016-06-08,EA,74.23596954345703
2016-06-09,EA,74.20680236816406
2016-06-10,EA,73.26276397705078
2016-06-13,EA,72.25064849853516
2016-06-14,EA,72.52313995361328
2016-06-15,EA,72.39662170410156
2016-06-16,EA,72.99027252197266
2016-06-17,EA,72.52313995361328
2016-06-20,EA,73.29197692871094
2016-06-21,EA,73.48661804199219
2016-06-22,EA,72.7956314086914
2016-06-23,EA,74.01213836669922
2016-06-24,EA,71.24822998046875
2016-06-27,EA,69.58406066894531
2016-06-28,EA,70.65457153320312
2016-06-29,EA,71.76404571533203
2016-06-30,EA,73.72992706298828
2016-07-01,EA,73.83697509765625
2016-07-05,EA,73.85643005371094
2016-07-06,EA,74.68363952636719
2016-07-07,EA,74.56686401367188
2016-07-08,EA,76.16291809082031
2016-07-11,EA,77.04853820800781
2016-07-12,EA,77.3794174194336
2016-07-13,EA,75.54007720947266
2016-07-14,EA,75.95854949951172
2016-07-15,EA,75.74445343017578
2016-07-18,EA,76.16291809082031
2016-07-19,EA,74.45008087158203
2016-07-20,EA,74.64472961425781
2016-07-21,EA,73.36007690429688
2016-07-22,EA,74.28462982177734
2016-07-25,EA,74.83935546875
2016-07-26,EA,74.78099060058594
2016-07-27,EA,74.61553192138672
2016-07-28,EA,74.23596954345703
2016-07-29,EA,74.27490997314453
2016-08-01,EA,74.57660675048828
2016-08-02,EA,74.72257232666016
2016-08-03,EA,76.52300262451172
2016-08-04,EA,76.13372802734375
2016-08-05,EA,77.70057678222656
2016-08-08,EA,77.14586639404297
2016-08-09,EA,76.58139038085938
2016-08-10,EA,76.46461486816406
2016-08-11,EA,75.763916015625
2016-08-12,EA,75.35514831542969
2016-08-15,EA,77.35022735595703
2016-08-16,EA,75.95854949951172
2016-08-17,EA,77.63245391845703
2016-08-18,EA,78.8100357055664
2016-08-19,EA,79.56912994384766
2016-08-22,EA,79.3063735961914
2016-08-23,EA,80.1043701171875
2016-08-24,EA,80.21143341064453
2016-08-25,EA,79.3647689819336
2016-08-26,EA,79.03385925292969
2016-08-29,EA,79.32583618164062
2016-08-30,EA,79.53994750976562
2016-08-31,EA,79.0533447265625
2016-09-01,EA,79.56912994384766
2016-09-02,EA,81.22357940673828
2016-09-06,EA,81.62260437011719
2016-09-07,EA,80.53260803222656
2016-09-08,EA,79.95840454101562
2016-09-09,EA,77.72005462646484
2016-09-12,EA,78.67378997802734
2016-09-13,EA,78.70298767089844
2016-09-14,EA,78.66405487060547
2016-09-15,EA,81.13599395751953
2016-09-16,EA,80.66885375976562
2016-09-19,EA,80.55206298828125
2016-09-20,EA,80.76616668701172
2016-09-21,EA,81.23331451416016
2016-09-22,EA,80.94134521484375
2016-09-23,EA,82.00214385986328
2016-09-26,EA,81.26251220703125
2016-09-27,EA,82.91696166992188
2016-09-28,EA,82.7223129272461
2016-09-29,EA,82.00214385986328
2016-09-30,EA,83.11160278320312
2016-10-03,EA,83.12132263183594
2016-10-04,EA,83.26730346679688
2016-10-05,EA,83.17971801757812
2016-10-06,EA,82.31356811523438
2016-10-07,EA,81.56419372558594
2016-10-10,EA,82.46926879882812
2016-10-11,EA,81.13599395751953
2016-10-12,EA,80.31851196289062
2016-10-13,EA,79.56912994384766
2016-10-14,EA,80.37687683105469
2016-10-17,EA,80.11412811279297
2016-10-18,EA,81.75885772705078
2016-10-19,EA,80.54232788085938
2016-10-20,EA,80.30876159667969
2016-10-21,EA,80.64939880371094
2016-10-24,EA,81.89508056640625
2016-10-25,EA,80.71751403808594
2016-10-26,EA,80.36715698242188
2016-10-27,EA,80.50341796875
2016-10-28,EA,77.32103729248047
2016-10-31,EA,76.41595458984375
2016-11-01,EA,75.75415802001953
2016-11-02,EA,76.9999008178711
2016-11-03,EA,78.36235809326172
2016-11-04,EA,78.07040405273438
2016-11-07,EA,78.90735626220703
2016-11-08,EA,79.3063735961914
2016-11-09,EA,77.31129455566406
2016-11-10,EA,74.73230743408203
2016-11-11,EA,75.37461853027344
2016-11-14,EA,74.33328247070312
2016-11-15,EA,75.54007720947266
2016-11-16,EA,76.7176513671875
2016-11-17,EA,77.48648071289062
2016-11-18,EA,76.87335968017578
2016-11-21,EA,76.16291809082031
2016-11-22,EA,75.66658020019531
2016-11-23,EA,77.22370147705078
2016-11-25,EA,77.04853820800781
2016-11-28,EA,76.62030792236328
2016-11-29,EA,79.18958282470703
2016-11-30,EA,77.11666870117188
2016-12-01,EA,73.55474090576172
2016-12-02,EA,73.82723999023438
2016-12-05,EA,75.37461853027344
2016-12-06,EA,74.81014251708984
2016-12-07,EA,75.8612289428711
2016-12-08,EA,75.6957778930664
2016-12-09,EA,76.6397933959961
2016-12-12,EA,78.45967864990234
2016-12-13,EA,78.59591674804688
2016-12-14,EA,78.53754425048828
2016-12-15,EA,79.32583618164062
2016-12-16,EA,77.3794174194336
2016-12-19,EA,77.36967468261719
2016-12-20,EA,77.36967468261719
2016-12-21,EA,77.5254135131836
2016-12-22,EA,77.65193939208984
2016-12-23,EA,78.50833892822266
2016-12-27,EA,78.90735626220703
2016-12-28,EA,78.22611236572266
2016-12-29,EA,78.01200866699219
2016-12-30,EA,76.64952087402344
2017-01-03,EA,77.04853820800781
2017-01-04,EA,78.46941375732422
2017-01-05,EA,76.84415435791016
2017-01-06,EA,76.89280700683594
2017-01-09,EA,76.53272247314453
2017-01-10,EA,76.73710632324219
2017-01-11,EA,76.90254974365234
2017-01-12,EA,77.46703338623047
2017-01-13,EA,78.19691467285156
2017-01-17,EA,78.08013916015625
2017-01-18,EA,78.37210083007812
2017-01-19,EA,78.22611236572266
2017-01-20,EA,77.97308349609375
2017-01-23,EA,77.73950958251953
2017-01-24,EA,78.35263061523438
2017-01-25,EA,79.296630859375
2017-01-26,EA,79.51074981689453
2017-01-27,EA,80.93163299560547
2017-01-30,EA,81.59339904785156
2017-01-31,EA,81.19438171386719
2017-02-01,EA,80.77589416503906
2017-02-02,EA,80.29902648925781
2017-02-03,EA,79.10198211669922
2017-02-06,EA,79.3355712890625
2017-02-07,EA,80.00708770751953
2017-02-08,EA,79.296630859375
2017-02-09,EA,81.0289306640625
2017-02-10,EA,83.86095428466797
2017-02-13,EA,84.0069580078125
2017-02-14,EA,83.75389862060547
2017-02-15,EA,85.59326171875
2017-02-16,EA,85.4959487915039
2017-02-17,EA,84.96070098876953
2017-02-21,EA,85.19425964355469
2017-02-22,EA,85.03854370117188
2017-02-23,EA,84.32811737060547
2017-02-24,EA,84.22102355957031
2017-02-27,EA,84.6687240600586
2017-02-28,EA,84.18212890625
2017-03-01,EA,85.46672821044922
2017-03-02,EA,84.67843627929688
2017-03-03,EA,84.90228271484375
2017-03-06,EA,84.80496978759766
2017-03-07,EA,85.93389892578125
2017-03-08,EA,86.61510467529297
2017-03-09,EA,86.64431762695312
2017-03-10,EA,87.4034194946289
2017-03-13,EA,88.29876708984375
2017-03-14,EA,88.46420288085938
2017-03-15,EA,89.0578842163086
2017-03-16,EA,87.782958984375
2017-03-17,EA,87.1893081665039
2017-03-20,EA,86.77084350585938
2017-03-21,EA,86.04093170166016
2017-03-22,EA,86.36209106445312
2017-03-23,EA,86.23558044433594
2017-03-24,EA,86.95574951171875
2017-03-27,EA,86.63458251953125
2017-03-28,EA,87.3353042602539
2017-03-29,EA,87.37422943115234
2017-03-30,EA,87.84137725830078
2017-03-31,EA,87.12120056152344
2017-04-03,EA,86.72219848632812
2017-04-04,EA,86.88763427734375
2017-04-05,EA,86.03120422363281
2017-04-06,EA,86.1869125366211
2017-04-07,EA,86.35237121582031
2017-04-10,EA,86.36209106445312
2017-04-11,EA,87.27690887451172
2017-04-12,EA,87.53965759277344
2017-04-13,EA,86.63458251953125
2017-04-17,EA,86.81949615478516
2017-04-18,EA,86.80976104736328
2017-04-19,EA,87.24771118164062
2017-04-20,EA,88.76593017578125
2017-04-21,EA,89.4763412475586
2017-04-24,EA,90.32305145263672
2017-04-25,EA,90.49821472167967
2017-04-26,EA,90.99454498291016
2017-04-27,EA,91.71471405029295
2017-04-28,EA,92.27916717529295
2017-05-01,EA,92.24998474121094
2017-05-02,EA,91.72444915771484
2017-05-03,EA,91.58819580078124
2017-05-04,EA,92.22079467773438
2017-05-05,EA,93.17452239990234
2017-05-08,EA,93.16478729248048
2017-05-09,EA,93.4372787475586
2017-05-10,EA,105.26171875
2017-05-11,EA,105.67046356201172
2017-05-12,EA,106.16680908203124
2017-05-15,EA,107.92827606201172
2017-05-16,EA,108.7652359008789
2017-05-17,EA,102.4199447631836
2017-05-18,EA,104.06468963623048
2017-05-19,EA,104.7556381225586
2017-05-22,EA,105.4855499267578
2017-05-23,EA,106.08892822265624
2017-05-24,EA,109.30048370361328
2017-05-25,EA,110.77979278564452
2017-05-26,EA,109.12532806396484
2017-05-30,EA,109.8260269165039
2017-05-31,EA,110.29318237304688
2017-06-01,EA,110.81869506835938
2017-06-02,EA,111.4512710571289
2017-06-05,EA,111.6167221069336
2017-06-06,EA,110.64351654052734
2017-06-07,EA,112.2785186767578
2017-06-08,EA,111.2274398803711
2017-06-09,EA,107.50007629394533
2017-06-12,EA,105.9818878173828
2017-06-13,EA,107.0329360961914
2017-06-14,EA,107.07186126708984
2017-06-15,EA,107.56819915771484
2017-06-16,EA,107.54875183105467
2017-06-19,EA,110.6046142578125
2017-06-20,EA,110.42943572998048
2017-06-21,EA,110.13746643066406
2017-06-22,EA,109.60220336914062
2017-06-23,EA,107.89908599853516
2017-06-26,EA,108.862548828125
2017-06-27,EA,105.41741943359376
2017-06-28,EA,105.89427185058594
2017-06-29,EA,103.82136535644533
2017-06-30,EA,102.88709259033205
2017-07-03,EA,102.5951156616211
2017-07-05,EA,103.89923095703124
2017-07-06,EA,102.91629028320312
2017-07-07,EA,104.57073211669922
2017-07-10,EA,104.95027160644533
2017-07-11,EA,105.5147476196289
2017-07-12,EA,107.71417236328124
2017-07-13,EA,106.05974578857422
2017-07-14,EA,106.06946563720705
2017-07-17,EA,106.50740814208984
2017-07-18,EA,107.32489013671876
2017-07-19,EA,108.5900650024414
2017-07-20,EA,108.9696273803711
2017-07-21,EA,109.21292114257812
2017-07-24,EA,110.70191955566406
2017-07-25,EA,110.61432647705078
2017-07-26,EA,114.83802032470705
2017-07-27,EA,114.4487533569336
2017-07-28,EA,115.08132934570312
2017-07-31,EA,113.61178588867188
2017-08-01,EA,113.78697204589844
2017-08-02,EA,113.69939422607422
2017-08-03,EA,115.6652603149414
2017-08-04,EA,114.07893371582033
2017-08-07,EA,113.82589721679688
2017-08-08,EA,113.37823486328124
2017-08-09,EA,112.99868774414062
2017-08-10,EA,110.93549346923828
2017-08-11,EA,112.35636138916016
2017-08-14,EA,113.97187042236328
2017-08-15,EA,114.28331756591795
2017-08-16,EA,116.05455017089844
2017-08-17,EA,113.34902954101562
2017-08-18,EA,113.74803924560548
2017-08-21,EA,113.7091064453125
2017-08-22,EA,115.84043884277344
2017-08-23,EA,115.01319885253906
2017-08-24,EA,114.66284942626952
2017-08-25,EA,113.79669952392578
2017-08-28,EA,115.54849243164062
2017-08-29,EA,116.03508758544922
2017-08-30,EA,118.70165252685548
2017-08-31,EA,118.24425506591795
2017-09-01,EA,116.1129379272461
2017-09-05,EA,115.04240417480467
2017-09-06,EA,113.86483764648438
2017-09-07,EA,115.74311065673828
2017-09-08,EA,115.11053466796876
2017-09-11,EA,117.94256591796876
2017-09-12,EA,117.18346405029295
2017-09-13,EA,116.39514923095705
2017-09-14,EA,115.99614715576172
2017-09-15,EA,116.219970703125
2017-09-18,EA,116.74551391601562
2017-09-19,EA,116.9888153076172
2017-09-20,EA,117.11532592773438
2017-09-21,EA,114.85749816894533
2017-09-22,EA,115.32464599609376
2017-09-25,EA,111.13986206054688
2017-09-26,EA,110.86736297607422
2017-09-27,EA,112.86243438720705
2017-09-28,EA,113.48529815673828
2017-09-29,EA,114.89643096923828
2017-10-02,EA,114.78936004638672
2017-10-03,EA,114.79910278320312
2017-10-04,EA,115.3830337524414
2017-10-05,EA,116.31730651855467
2017-10-06,EA,116.87200927734376
2017-10-09,EA,115.44141387939452
2017-10-10,EA,114.66284942626952
2017-10-11,EA,112.94029235839844
2017-10-12,EA,114.00106811523438
2017-10-13,EA,115.44141387939452
2017-10-16,EA,114.33197021484376
2017-10-17,EA,112.87216186523438
2017-10-18,EA,110.12774658203124
2017-10-19,EA,110.04012298583984
2017-10-20,EA,110.57542419433594
2017-10-23,EA,110.61432647705078
2017-10-24,EA,110.35157012939452
2017-10-25,EA,111.49020385742188
2017-10-26,EA,112.72618103027344
2017-10-27,EA,113.7577896118164
2017-10-30,EA,114.42929077148438
2017-10-31,EA,116.39514923095705
2017-11-01,EA,111.40264892578124
2017-11-02,EA,109.6703109741211
2017-11-03,EA,110.16667175292967
2017-11-06,EA,109.4464874267578
2017-11-07,EA,108.70686340332033
2017-11-08,EA,111.09121704101562
2017-11-09,EA,108.89175415039062
2017-11-10,EA,109.7287139892578
2017-11-13,EA,109.00855255126952
2017-11-14,EA,109.26155853271484
2017-11-15,EA,108.49275970458984
2017-11-16,EA,108.60952758789062
2017-11-17,EA,105.9040298461914
2017-11-20,EA,104.7556381225586
2017-11-21,EA,104.82376098632812
2017-11-22,EA,104.4442138671875
2017-11-24,EA,105.04762268066406
2017-11-27,EA,104.123046875
2017-11-28,EA,106.53662109375
2017-11-29,EA,102.66324615478516
2017-11-30,EA,103.50018310546876
2017-12-01,EA,103.17903900146484
2017-12-04,EA,98.12813568115234
2017-12-05,EA,100.60980224609376
2017-12-06,EA,100.41513061523438
2017-12-07,EA,101.5732650756836
2017-12-08,EA,102.44914245605467
2017-12-11,EA,105.02812957763672
2017-12-12,EA,104.77510833740234
2017-12-13,EA,102.7119140625
2017-12-14,EA,103.56834411621094
2017-12-15,EA,106.3516845703125
2017-12-18,EA,104.46368408203124
2017-12-19,EA,104.13278198242188
2017-12-20,EA,105.5439224243164
2017-12-21,EA,105.07681274414062
2017-12-22,EA,103.17903900146484
2017-12-26,EA,102.24478149414062
2017-12-27,EA,102.41022491455078
2017-12-28,EA,102.4880599975586
2017-12-29,EA,102.24478149414062
2018-01-02,EA,106.51712799072266
2018-01-03,EA,106.8091049194336
2018-01-04,EA,104.31771850585938
2018-01-05,EA,109.37834930419922
2018-01-08,EA,110.18610382080078
2018-01-09,EA,109.17398834228516
2018-01-10,EA,109.24211883544922
2018-01-11,EA,108.9988021850586
2018-01-12,EA,110.09851837158205
2018-01-16,EA,108.92095184326172
2018-01-17,EA,110.10826873779295
2018-01-18,EA,112.19092559814452
2018-01-19,EA,113.06681823730467
2018-01-22,EA,114.82830047607422
2018-01-23,EA,114.5168685913086
2018-01-24,EA,111.5875473022461
2018-01-25,EA,111.43181610107422
2018-01-26,EA,112.11307525634766
2018-01-29,EA,114.49742126464844
2018-01-30,EA,115.5192642211914
2018-01-31,EA,123.55792999267578
2018-02-01,EA,124.74524688720705
2018-02-02,EA,121.19303894042967
2018-02-05,EA,118.3805160522461
2018-02-06,EA,119.83055877685548
2018-02-07,EA,119.75272369384766
2018-02-08,EA,113.41715240478516
2018-02-09,EA,117.40730285644533
2018-02-12,EA,118.94495391845705
2018-02-13,EA,119.00334930419922
2018-02-14,EA,120.45340728759766
2018-02-15,EA,123.09080505371094
2018-02-16,EA,122.64314270019533
2018-02-20,EA,122.95455932617188
2018-02-21,EA,121.55313873291016
2018-02-22,EA,121.27092742919922
2018-02-23,EA,123.69418334960938
2018-02-26,EA,125.1248016357422
2018-02-27,EA,122.42902374267578
2018-02-28,EA,120.3852996826172
2018-03-01,EA,118.89629364013672
2018-03-02,EA,121.73804473876952
2018-03-05,EA,122.72098541259766
2018-03-06,EA,121.2125244140625
2018-03-07,EA,123.76231384277344
2018-03-08,EA,125.36811065673828
2018-03-09,EA,125.04693603515624
2018-03-12,EA,124.68684387207033
2018-03-13,EA,123.17838287353516
2018-03-14,EA,124.54088592529295
2018-03-15,EA,125.6600570678711
2018-03-16,EA,125.0761489868164
2018-03-19,EA,122.07867431640624
2018-03-20,EA,123.4508819580078
2018-03-21,EA,122.6236572265625
2018-03-22,EA,119.68460083007812
2018-03-23,EA,118.18585968017578
2018-03-26,EA,123.05186462402344
2018-03-27,EA,116.76497650146484
2018-03-28,EA,116.13240051269533
2018-03-29,EA,117.99120330810548
2018-04-02,EA,115.53873443603516
2018-04-03,EA,116.30756378173828
2018-04-04,EA,116.89149475097656
2018-04-05,EA,117.98147583007812
2018-04-06,EA,115.18839263916016
2018-04-09,EA,115.6750030517578
2018-04-10,EA,117.47541809082033
2018-04-11,EA,115.59713745117188
2018-04-12,EA,117.84521484375
2018-04-13,EA,117.30023956298828
2018-04-16,EA,118.91576385498048
2018-04-17,EA,120.97894287109376
2018-04-18,EA,121.58233642578124
2018-04-19,EA,119.81110382080078
2018-04-20,EA,117.65060424804688
2018-04-23,EA,116.39514923095705
2018-04-24,EA,115.4122085571289
2018-04-25,EA,113.55339813232422
2018-04-26,EA,116.39514923095705
2018-04-27,EA,114.32223510742188
2018-04-30,EA,114.8185806274414
2018-05-01,EA,116.61898803710938
2018-05-02,EA,115.75284576416016
2018-05-03,EA,116.94988250732422
2018-05-04,EA,120.32689666748048
2018-05-07,EA,120.59939575195312
2018-05-08,EA,120.5701904296875
2018-05-09,EA,127.49940490722656
2018-05-10,EA,130.17572021484375
2018-05-11,EA,129.25119018554688
2018-05-14,EA,128.9786834716797
2018-05-15,EA,126.62352752685548
2018-05-16,EA,127.35344696044922
2018-05-17,EA,127.30474090576172
2018-05-18,EA,128.46287536621094
2018-05-21,EA,129.34848022460938
2018-05-22,EA,128.6380615234375
2018-05-23,EA,129.9226837158203
2018-05-24,EA,127.9568328857422
2018-05-25,EA,128.31692504882812
2018-05-29,EA,127.73297882080078
2018-05-30,EA,127.84976959228516
2018-05-31,EA,127.40210723876952
2018-06-01,EA,132.05401611328125
2018-06-04,EA,131.05162048339844
2018-06-05,EA,133.2899932861328
2018-06-06,EA,133.2705078125
2018-06-07,EA,133.2413330078125
2018-06-08,EA,134.17559814453125
2018-06-11,EA,135.43106079101562
2018-06-12,EA,136.03440856933594
2018-06-13,EA,139.4405975341797
2018-06-14,EA,140.52084350585938
2018-06-15,EA,142.72030639648438
2018-06-18,EA,140.97828674316406
2018-06-19,EA,139.25570678710938
2018-06-20,EA,139.6936492919922
2018-06-21,EA,139.31414794921875
2018-06-22,EA,137.4747314453125
2018-06-25,EA,136.7545623779297
2018-06-26,EA,136.6085968017578
2018-06-27,EA,134.058837890625
2018-06-28,EA,136.86166381835938
2018-06-29,EA,137.24114990234375
2018-07-02,EA,139.63528442382812
2018-07-03,EA,137.44554138183594
2018-07-05,EA,139.39195251464844
2018-07-06,EA,141.21185302734375
2018-07-09,EA,140.76419067382812
2018-07-10,EA,140.32623291015625
2018-07-11,EA,141.81521606445312
2018-07-12,EA,144.6278076171875
2018-07-13,EA,144.74456787109375
2018-07-16,EA,142.74954223632812
2018-07-17,EA,144.7543182373047
2018-07-18,EA,144.93922424316406
2018-07-19,EA,143.9952392578125
2018-07-20,EA,143.52809143066406
2018-07-23,EA,142.63272094726562
2018-07-24,EA,140.4527587890625
2018-07-25,EA,142.57432556152344
2018-07-26,EA,138.09762573242188
2018-07-27,EA,130.22438049316406
2018-07-30,EA,122.8280258178711
2018-07-31,EA,125.29998779296876
2018-08-01,EA,124.06399536132812
2018-08-02,EA,125.2026596069336
2018-08-03,EA,127.36316680908205
2018-08-06,EA,125.57245635986328
2018-08-07,EA,124.6673812866211
2018-08-08,EA,124.96910095214844
2018-08-09,EA,124.39490509033205
2018-08-10,EA,127.80108642578124
2018-08-13,EA,127.80108642578124
2018-08-14,EA,128.37525939941406
2018-08-15,EA,124.61874389648438
2018-08-16,EA,126.23429870605467
2018-08-17,EA,124.57978057861328
2018-08-20,EA,124.28783416748048
2018-08-21,EA,123.36329650878906
2018-08-22,EA,124.2002410888672
2018-08-23,EA,122.73072814941406
2018-08-24,EA,125.51406860351562
2018-08-27,EA,125.51406860351562
2018-08-28,EA,124.36571502685548
2018-08-29,EA,125.0761489868164
2018-08-30,EA,112.83324432373048
2018-08-31,EA,110.37104034423828
2018-09-04,EA,110.47808074951172
2018-09-05,EA,108.56087493896484
2018-09-06,EA,110.16667175292967
2018-09-07,EA,111.8308334350586
2018-09-10,EA,110.1763916015625
2018-09-11,EA,109.28103637695312
2018-09-12,EA,109.97201538085938
2018-09-13,EA,110.7895050048828
2018-09-14,EA,111.20797729492188
2018-09-17,EA,109.6703109741211
2018-09-18,EA,109.63140106201172
2018-09-19,EA,109.89414978027344
2018-09-20,EA,110.42943572998048
2018-09-21,EA,111.93788146972656
2018-09-24,EA,112.15198516845705
2018-09-25,EA,113.13493347167967
2018-09-26,EA,114.92562103271484
2018-09-27,EA,116.18104553222656
2018-09-28,EA,117.26130676269533
2018-10-01,EA,114.40008544921876
2018-10-02,EA,113.91349029541016
2018-10-03,EA,113.27117156982422
2018-10-04,EA,110.9549560546875
2018-10-05,EA,110.68244171142578
2018-10-08,EA,107.65579986572266
2018-10-09,EA,106.55606079101562
2018-10-10,EA,102.3323745727539
2018-10-11,EA,100.82389831542967
2018-10-12,EA,103.25692749023438
2018-10-15,EA,103.04281616210938
2018-10-16,EA,104.54153442382812
2018-10-17,EA,105.87484741210938
2018-10-18,EA,102.96495819091795
2018-10-19,EA,99.3738250732422
2018-10-22,EA,98.64395141601562
2018-10-23,EA,96.43474578857422
2018-10-24,EA,93.6708526611328
2018-10-25,EA,95.99681854248048
2018-10-26,EA,93.64166259765624
2018-10-29,EA,88.74642181396484
2018-10-30,EA,92.28892517089844
2018-10-31,EA,88.54207611083984
2018-11-01,EA,91.67578125
2018-11-02,EA,89.98240661621094
2018-11-05,EA,90.2062530517578
2018-11-06,EA,89.75858306884766
2018-11-07,EA,91.28650665283205
2018-11-08,EA,91.3546142578125
2018-11-09,EA,86.5080795288086
2018-11-12,EA,85.31104278564453
2018-11-13,EA,85.04826354980469
2018-11-14,EA,83.46195220947266
2018-11-15,EA,85.88521575927734
2018-11-16,EA,83.66632843017578
2018-11-19,EA,80.81483459472656
2018-11-20,EA,80.79537963867188
2018-11-21,EA,81.76856994628906
2018-11-23,EA,80.45475769042969
2018-11-26,EA,82.6541976928711
2018-11-27,EA,82.76123809814453
2018-11-28,EA,83.59821319580078
2018-11-29,EA,84.0750503540039
2018-11-30,EA,81.8172378540039
2018-12-03,EA,81.74909210205078
2018-12-04,EA,79.00466918945312
2018-12-06,EA,81.63231658935547
2018-12-07,EA,80.30876159667969
2018-12-10,EA,81.48633575439453
2018-12-11,EA,81.20408630371094
2018-12-12,EA,80.76616668701172
2018-12-13,EA,78.6932373046875
2018-12-14,EA,78.01200866699219
2018-12-17,EA,77.10692596435547
2018-12-18,EA,77.85629272460938
2018-12-19,EA,76.26024627685547
2018-12-20,EA,75.36490631103516
2018-12-21,EA,74.5182113647461
2018-12-24,EA,72.7177734375
2018-12-26,EA,75.80282592773438
2018-12-27,EA,77.30156707763672
2018-12-28,EA,77.17506408691406
2018-12-31,EA,76.79550170898438
2019-01-02,EA,78.21637725830078
2019-01-03,EA,76.60086822509766
2019-01-04,EA,82.1578598022461
2019-01-07,EA,85.24290466308594
2019-01-08,EA,86.63458251953125
2019-01-09,EA,86.52752685546875
2019-01-10,EA,88.57125854492188
2019-01-11,EA,88.26956939697266
2019-01-14,EA,86.20639038085938
2019-01-15,EA,87.09201049804688
2019-01-16,EA,87.51045989990234
2019-01-17,EA,86.91682434082031
2019-01-18,EA,90.04080963134766
2019-01-22,EA,88.86322021484375
2019-01-23,EA,86.74163818359375
2019-01-24,EA,89.0286636352539
2019-01-25,EA,89.28170776367188
2019-01-28,EA,88.04573059082031
2019-01-29,EA,84.90228271484375
2019-01-30,EA,86.83897399902344
2019-01-31,EA,89.768310546875
2019-02-01,EA,88.7756576538086
2019-02-04,EA,86.06041717529297
2019-02-05,EA,90.04080963134766
2019-02-06,EA,78.06066131591797
2019-02-07,EA,81.84642791748047
2019-02-08,EA,94.98467254638672
2019-02-11,EA,94.63433837890624
2019-02-12,EA,99.58794403076172
2019-02-13,EA,99.51007080078124
2019-02-14,EA,102.42969512939452
2019-02-15,EA,103.97708892822266
2019-02-19,EA,100.20104217529295
2019-02-20,EA,95.98706817626952
2019-02-21,EA,94.26451110839844
2019-02-22,EA,93.34970092773438
2019-02-25,EA,93.29129791259766
2019-02-26,EA,95.8605728149414
2019-02-27,EA,95.21823120117188
2019-02-28,EA,93.21344757080078
2019-03-01,EA,94.7997589111328
2019-03-04,EA,94.6830062866211
2019-03-05,EA,93.15504455566406
2019-03-06,EA,92.23049926757812
2019-03-07,EA,96.697509765625
2019-03-08,EA,95.72430419921876
2019-03-11,EA,96.38609313964844
2019-03-12,EA,95.9481430053711
2019-03-13,EA,97.44686889648438
2019-03-14,EA,96.18173217773438
2019-03-15,EA,96.32770538330078
2019-03-18,EA,96.9894790649414
2019-03-19,EA,94.89707946777344
2019-03-20,EA,94.4299545288086
2019-03-21,EA,102.0696029663086
2019-03-22,EA,99.59766387939452
2019-03-25,EA,99.00401306152344
2019-03-26,EA,99.57817840576172
2019-03-27,EA,97.97241973876952
2019-03-28,EA,99.46141815185548
2019-03-29,EA,98.90670013427734
2019-04-01,EA,99.91880798339844
2019-04-02,EA,98.13786315917967
2019-04-03,EA,97.4663543701172
2019-04-04,EA,95.3155746459961
2019-04-05,EA,96.7656478881836
2019-04-08,EA,95.32530212402344
2019-04-09,EA,95.61727142333984
2019-04-10,EA,96.96028137207033
2019-04-11,EA,97.88480377197266
2019-04-12,EA,99.10134887695312
2019-04-15,EA,95.2279815673828
2019-04-16,EA,91.3156967163086
2019-04-17,EA,89.48606872558594
2019-04-18,EA,90.64418029785156
2019-04-22,EA,90.04080963134766
2019-04-23,EA,92.09424591064452
2019-04-24,EA,91.62712860107422
2019-04-25,EA,90.48848724365234
2019-04-26,EA,91.93855285644533
2019-04-29,EA,92.19156646728516
2019-04-30,EA,92.11373901367188
2019-05-01,EA,92.3180923461914
2019-05-02,EA,91.8704071044922
2019-05-03,EA,90.02135467529297
2019-05-06,EA,91.24759674072266
2019-05-07,EA,90.24517822265624
2019-05-08,EA,91.36434173583984
2019-05-09,EA,90.8193817138672
2019-05-10,EA,91.36434173583984
2019-05-13,EA,87.99706268310547
2019-05-14,EA,92.03588104248048
2019-05-15,EA,94.17691802978516
2019-05-16,EA,96.34716033935548
2019-05-17,EA,94.65379333496094
2019-05-20,EA,90.2062530517578
2019-05-21,EA,93.08694458007812
2019-05-22,EA,91.32544708251952
2019-05-23,EA,89.64179992675781
2019-05-24,EA,89.79749298095703
2019-05-28,EA,90.99454498291016
2019-05-29,EA,90.07001495361328
2019-05-30,EA,89.6612548828125
2019-05-31,EA,90.58580017089844
2019-06-03,EA,88.86322021484375
2019-06-04,EA,91.60767364501952
2019-06-05,EA,92.69764709472656
2019-06-06,EA,93.8071060180664
2019-06-07,EA,94.39102172851562
2019-06-10,EA,92.95069122314452
2019-06-11,EA,92.0456085205078
2019-06-12,EA,90.18677520751952
2019-06-13,EA,91.06268310546876
2019-06-14,EA,90.24517822265624
2019-06-17,EA,89.96295928955078
2019-06-18,EA,89.56393432617188
2019-06-19,EA,90.09918975830078
2019-06-20,EA,90.6928482055664
2019-06-21,EA,92.77549743652344
2019-06-24,EA,96.34716033935548
2019-06-25,EA,94.30342864990234
2019-06-26,EA,94.7121810913086
2019-06-27,EA,96.48339080810548
2019-06-28,EA,98.54659271240234
2019-07-01,EA,98.18650817871094
2019-07-02,EA,99.96747589111328
2019-07-03,EA,95.4810028076172
2019-07-05,EA,91.09185028076172
2019-07-08,EA,90.9361572265625
2019-07-09,EA,89.58340454101562
2019-07-10,EA,91.44220733642578
2019-07-11,EA,90.9848175048828
2019-07-12,EA,90.332763671875
2019-07-15,EA,89.74884796142578
2019-07-16,EA,87.150390625
2019-07-17,EA,87.29637908935547
2019-07-18,EA,86.80004119873047
2019-07-19,EA,85.15532684326172
2019-07-22,EA,85.77816009521484
2019-07-23,EA,85.85602569580078
2019-07-24,EA,87.37422943115234
2019-07-25,EA,86.77084350585938
2019-07-26,EA,87.11145782470703
2019-07-29,EA,86.48861694335938
2019-07-30,EA,86.19664764404297
2019-07-31,EA,90.02135467529297
2019-08-01,EA,92.0650634765625
2019-08-02,EA,90.4009017944336
2019-08-05,EA,86.2160873413086
2019-08-06,EA,87.68565368652344
2019-08-07,EA,89.79749298095703
2019-08-08,EA,92.67819213867188
2019-08-09,EA,89.50555419921875
2019-08-12,EA,89.31090545654297
2019-08-13,EA,89.8656234741211
2019-08-14,EA,85.73924255371094
2019-08-15,EA,85.52513122558594
2019-08-16,EA,87.16014099121094
2019-08-19,EA,88.47396087646484
2019-08-20,EA,90.21597290039062
2019-08-21,EA,91.52005767822266
2019-08-22,EA,92.08454132080078
2019-08-23,EA,90.42035675048828
2019-08-26,EA,91.8509750366211
2019-08-27,EA,91.53954315185548
2019-08-28,EA,89.92401123046875
2019-08-29,EA,90.53712463378906
2019-08-30,EA,91.16971588134766
2019-09-03,EA,92.28892517089844
2019-09-04,EA,95.32530212402344
2019-09-05,EA,94.83869171142578
2019-09-06,EA,95.88975524902344
2019-09-09,EA,96.0357437133789
2019-09-10,EA,96.8337631225586
2019-09-11,EA,96.45421600341795
2019-09-12,EA,95.70484161376952
2019-09-13,EA,95.84109497070312
2019-09-16,EA,96.46395874023438
2019-09-17,EA,95.78272247314452
2019-09-18,EA,95.64645385742188
2019-09-19,EA,97.01866149902344
2019-09-20,EA,96.05518341064452
2019-09-23,EA,95.54912567138672
2019-09-24,EA,94.7511215209961
2019-09-25,EA,95.0138702392578
2019-09-26,EA,94.0309600830078
2019-09-27,EA,93.10640716552734
2019-09-30,EA,95.19879150390624
2019-10-01,EA,94.15745544433594
2019-10-02,EA,91.72444915771484
2019-10-03,EA,91.8120346069336
2019-10-04,EA,93.04801177978516
2019-10-07,EA,91.06268310546876
2019-10-08,EA,90.0602798461914
2019-10-09,EA,90.3911361694336
2019-10-10,EA,90.050537109375
2019-10-11,EA,91.6660614013672
2019-10-14,EA,91.36434173583984
2019-10-15,EA,92.60033416748048
2019-10-16,EA,93.64166259765624
2019-10-17,EA,94.16718292236328
2019-10-18,EA,92.58086395263672
2019-10-21,EA,93.2426528930664
2019-10-22,EA,91.77311706542967
2019-10-23,EA,93.1453094482422
2019-10-24,EA,93.4080810546875
2019-10-25,EA,93.7292251586914
2019-10-28,EA,94.12824249267578
2019-10-29,EA,91.8801727294922
2019-10-30,EA,94.12824249267578
2019-10-31,EA,93.8168487548828
2019-11-01,EA,92.74632263183594
2019-11-04,EA,95.51993560791016
2019-11-05,EA,95.62698364257812
2019-11-06,EA,96.02599334716795
2019-11-07,EA,94.62459564208984
2019-11-08,EA,95.6367416381836
2019-11-11,EA,93.8071060180664
2019-11-12,EA,93.74868774414062
2019-11-13,EA,93.42754364013672
2019-11-14,EA,94.92630004882812
2019-11-15,EA,94.92630004882812
2019-11-18,EA,94.78031158447266
2019-11-19,EA,94.0990753173828
2019-11-20,EA,95.49076080322266
2019-11-21,EA,96.35689544677734
2019-11-22,EA,96.5320816040039
2019-11-25,EA,97.125732421875
2019-11-26,EA,96.61964416503906
2019-11-27,EA,98.08919525146484
2019-11-29,EA,98.30329895019533
2019-12-02,EA,97.70965576171876
2019-12-03,EA,98.55632019042967
2019-12-04,EA,97.93347930908205
2019-12-05,EA,99.38357543945312
2019-12-06,EA,100.46382904052734
2019-12-09,EA,99.29598236083984
2019-12-10,EA,99.11104583740234
2019-12-11,EA,100.43462371826172
2019-12-12,EA,102.27397918701172
2019-12-13,EA,101.74844360351562
2019-12-16,EA,102.88709259033205
2019-12-17,EA,102.91629028320312
2019-12-18,EA,104.21063995361328
2019-12-19,EA,104.46368408203124
2019-12-20,EA,105.05731964111328
2019-12-23,EA,104.9016342163086
2019-12-24,EA,105.6412582397461
2019-12-26,EA,105.60233306884766
2019-12-27,EA,105.52448272705078
2019-12-30,EA,104.06468963623048
2019-12-31,EA,104.629150390625
2020-01-02,EA,104.46368408203124
2020-01-03,EA,104.3274383544922
2020-01-06,EA,105.8650894165039
2020-01-07,EA,105.4855499267578
2020-01-08,EA,106.55606079101562
2020-01-09,EA,106.42955017089844
2020-01-10,EA,105.68016815185548
2020-01-13,EA,106.8772201538086
2020-01-14,EA,106.64363861083984
2020-01-15,EA,106.67284393310548
2020-01-16,EA,108.27862548828124
2020-01-17,EA,109.90390014648438
2020-01-21,EA,109.39781951904295
2020-01-22,EA,110.0596160888672
2020-01-23,EA,110.43915557861328
2020-01-24,EA,109.31998443603516
2020-01-27,EA,107.59740447998048
2020-01-28,EA,108.9014892578125
2020-01-29,EA,109.20317840576172
2020-01-30,EA,108.64845275878906
2020-01-31,EA,105.02812957763672
2020-02-03,EA,102.22530364990234
2020-02-04,EA,104.20094299316406
2020-02-05,EA,104.93082427978516
2020-02-06,EA,107.05242156982422
2020-02-07,EA,106.16680908203124
2020-02-10,EA,105.78724670410156
2020-02-11,EA,106.1181182861328
2020-02-12,EA,106.77992248535156
2020-02-13,EA,105.9234848022461
2020-02-14,EA,106.75071716308594
2020-02-18,EA,106.52687072753906
2020-02-19,EA,106.83828735351562
2020-02-20,EA,106.27384948730467
2020-02-21,EA,105.11573028564452
2020-02-24,EA,104.16197967529295
2020-02-25,EA,102.55620574951172
2020-02-26,EA,103.6851043701172
2020-02-27,EA,99.9869384765625
2020-02-28,EA,98.6536636352539
2020-03-02,EA,104.02574920654295
2020-03-03,EA,103.84082794189452
2020-03-04,EA,108.8333740234375
2020-03-05,EA,107.25678253173828
2020-03-06,EA,104.78483581542967
2020-03-09,EA,98.22545623779295
2020-03-10,EA,100.60980224609376
2020-03-11,EA,98.46875762939452
2020-03-12,EA,90.84856414794922
2020-03-13,EA,94.45913696289062
2020-03-16,EA,86.2939682006836
2020-03-17,EA,92.85336303710938
2020-03-18,EA,87.79270935058594
2020-03-19,EA,87.64672088623047
2020-03-20,EA,84.61032104492188
2020-03-23,EA,92.91175842285156
2020-03-24,EA,91.77311706542967
2020-03-25,EA,87.23798370361328
2020-03-26,EA,96.54180908203124
2020-03-27,EA,92.8144302368164
2020-03-30,EA,95.07227325439452
2020-03-31,EA,97.48580932617188
2020-04-01,EA,94.9165496826172
2020-04-02,EA,99.54899597167967
2020-04-03,EA,100.07453918457033
2020-04-06,EA,103.65594482421876
2020-04-07,EA,103.4709930419922
2020-04-08,EA,103.93817138671876
2020-04-09,EA,102.96495819091795
2020-04-13,EA,106.37116241455078
2020-04-14,EA,109.02798461914062
2020-04-15,EA,110.46833038330078
2020-04-16,EA,114.9353485107422
2020-04-17,EA,112.06439971923828
2020-04-20,EA,112.31744384765624
2020-04-21,EA,110.23478698730467
2020-04-22,EA,111.4999542236328
2020-04-23,EA,111.39288330078124
2020-04-24,EA,113.19329071044922
2020-04-27,EA,112.9110870361328
2020-04-28,EA,108.36622619628906
2020-04-29,EA,109.75792694091795
2020-04-30,EA,111.19825744628906
2020-05-01,EA,110.23478698730467
2020-05-04,EA,113.69939422607422
2020-05-05,EA,116.4049072265625
2020-05-06,EA,112.22985076904295
2020-05-07,EA,113.6701889038086
2020-05-08,EA,113.4950180053711
2020-05-11,EA,114.22490692138672
2020-05-12,EA,113.25172424316406
2020-05-13,EA,113.76750946044922
2020-05-14,EA,113.98159790039062
2020-05-15,EA,114.96454620361328
2020-05-18,EA,113.98159790039062
2020-05-19,EA,115.36356353759766
2020-05-20,EA,116.34650421142578
2020-05-21,EA,114.21517944335938
2020-05-22,EA,116.60926055908205
2020-05-26,EA,113.51448059082033
2020-05-27,EA,114.2346649169922
2020-05-28,EA,118.09827423095705
2020-05-29,EA,119.5872573852539
2020-06-01,EA,119.48995208740234
2020-06-02,EA,119.0811996459961
2020-06-03,EA,114.76991271972656
2020-06-04,EA,114.0400161743164
2020-06-05,EA,115.14944458007812
2020-06-08,EA,116.30756378173828
2020-06-09,EA,117.8257827758789
2020-06-10,EA,121.4655532836914
2020-06-11,EA,119.13959503173828
2020-06-12,EA,118.70165252685548
2020-06-15,EA,123.12973022460938
2020-06-16,EA,122.36090087890624
2020-06-17,EA,124.67711639404295
2020-06-18,EA,125.8839111328125
2020-06-19,EA,126.7013931274414
2020-06-22,EA,126.24400329589844
2020-06-23,EA,127.10041809082033
2020-06-24,EA,127.36316680908205
2020-06-25,EA,127.23663330078124
2020-06-26,EA,127.42157745361328
2020-06-29,EA,127.18798828125
2020-06-30,EA,128.51158142089844
2020-07-01,EA,131.59658813476562
2020-07-02,EA,130.2535400390625
2020-07-06,EA,130.6720733642578
2020-07-07,EA,131.16835021972656
2020-07-08,EA,131.9761505126953
2020-07-09,EA,135.0514678955078
2020-07-10,EA,137.0368194580078
2020-07-13,EA,131.6842041015625
2020-07-14,EA,134.81797790527344
2020-07-15,EA,134.72055053710938
2020-07-16,EA,134.3507537841797
2020-07-17,EA,134.60379028320312
2020-07-20,EA,137.73751831054688
2020-07-21,EA,135.606201171875
2020-07-22,EA,134.59410095214844
2020-07-23,EA,131.7328643798828
2020-07-24,EA,131.61610412597656
2020-07-27,EA,132.5114288330078
2020-07-28,EA,131.16835021972656
2020-07-29,EA,132.28756713867188
2020-07-30,EA,134.8762969970703
2020-07-31,EA,137.82508850097656
2020-08-03,EA,138.54527282714844
2020-08-04,EA,142.399169921875
2020-08-05,EA,142.26290893554688
2020-08-06,EA,143.01226806640625
2020-08-07,EA,140.1316375732422
2020-08-10,EA,136.92979431152344
2020-08-11,EA,132.06373596191406
2020-08-12,EA,136.1511688232422
2020-08-13,EA,137.97108459472656
2020-08-14,EA,136.66697692871094
2020-08-17,EA,136.68643188476562
2020-08-18,EA,138.75938415527344
2020-08-19,EA,138.05868530273438
2020-08-20,EA,139.63528442382812
2020-08-21,EA,137.4261016845703
2020-08-24,EA,138.51608276367188
2020-08-25,EA,138.3993377685547
2020-08-26,EA,139.78125
2020-08-27,EA,137.97108459472656
2020-08-28,EA,137.09521484375
2020-08-31,EA,135.7327117919922
2020-09-01,EA,134.58433532714844
2020-09-02,EA,135.82028198242188
2020-09-03,EA,129.26092529296875
2020-09-04,EA,126.64299774169922
2020-09-08,EA,120.9692153930664
2020-09-09,EA,125.2513198852539
2020-09-10,EA,123.8498764038086
2020-09-11,EA,122.64314270019533
2020-09-14,EA,122.79883575439452
2020-09-15,EA,124.8912353515625
2020-09-16,EA,123.34384155273438
2020-09-17,EA,121.90351104736328
2020-09-18,EA,122.52635955810548
2020-09-21,EA,124.852294921875
2020-09-22,EA,127.50914764404295
2020-09-23,EA,124.97882843017578
2020-09-24,EA,125.85469818115234
2020-09-25,EA,127.67457580566406
2020-09-28,EA,128.73536682128906
2020-09-29,EA,126.53594970703124
2020-09-30,EA,126.91548919677734
2020-10-01,EA,129.2219696044922
2020-10-02,EA,125.61141967773438
2020-10-05,EA,127.2171859741211
2020-10-06,EA,121.49474334716795
2020-10-07,EA,121.66018676757812
2020-10-08,EA,122.61392211914062
2020-10-09,EA,124.03480529785156
2020-10-12,EA,127.3729019165039
2020-10-13,EA,129.37770080566406
2020-10-14,EA,129.19277954101562
2020-10-15,EA,127.82058715820312
2020-10-16,EA,128.38504028320312
2020-10-19,EA,126.38994598388672
2020-10-20,EA,123.94722747802734
2020-10-21,EA,124.22943115234376
2020-10-22,EA,123.51901245117188
2020-10-23,EA,123.3730239868164
2020-10-26,EA,123.28543090820312
2020-10-27,EA,123.22704315185548
2020-10-28,EA,122.234375
2020-10-29,EA,120.5799331665039
2020-10-30,EA,116.61898803710938
2020-11-02,EA,116.59954071044922
2020-11-03,EA,117.50460815429688
2020-11-04,EA,121.9521484375
2020-11-05,EA,124.8912353515625
2020-11-06,EA,115.99614715576172
2020-11-09,EA,113.83563232421876
2020-11-10,EA,115.74311065673828
2020-11-11,EA,116.57034301757812
2020-11-12,EA,116.12266540527344
2020-11-13,EA,117.56298828125
2020-11-16,EA,115.42195892333984
2020-11-17,EA,115.3440933227539
2020-11-18,EA,113.7091064453125
2020-11-19,EA,116.92069244384766
2020-11-20,EA,118.60433197021484
2020-11-23,EA,118.59458923339844
2020-11-24,EA,117.02775573730467
2020-11-25,EA,118.25398254394533
2020-11-27,EA,120.84270477294922
2020-11-30,EA,124.3267822265625
2020-12-01,EA,123.99545288085938
2020-12-02,EA,126.23678588867188
2020-12-03,EA,125.10636901855467
2020-12-04,EA,125.40847778320312
2020-12-07,EA,127.50364685058594
2020-12-08,EA,128.7802276611328
2020-12-09,EA,129.7742156982422
2020-12-10,EA,131.2457275390625
2020-12-11,EA,132.337158203125
2020-12-14,EA,134.0327911376953
2020-12-15,EA,137.0732421875
2020-12-16,EA,137.98927307128906
2020-12-17,EA,136.2838897705078
2020-12-18,EA,138.97354125976562
2020-12-21,EA,137.41432189941406
2020-12-22,EA,135.8746337890625
2020-12-23,EA,137.90158081054688
2020-12-24,EA,138.1939239501953
2020-12-28,EA,137.13168334960938
2020-12-29,EA,137.11219787597656
2020-12-30,EA,138.4278106689453
2020-12-31,EA,139.9382781982422
2021-01-04,EA,135.95254516601562
2021-01-05,EA,137.71640014648438
2021-01-06,EA,133.31166076660156
2021-01-07,EA,137.1511993408203
2021-01-08,EA,138.24264526367188
2021-01-11,EA,137.61898803710938
2021-01-12,EA,135.51405334472656
2021-01-13,EA,132.8634033203125
2021-01-14,EA,135.39712524414062
2021-01-15,EA,135.45555114746094
2021-01-19,EA,137.82359313964844
2021-01-20,EA,141.8872528076172
2021-01-21,EA,142.24781799316406
2021-01-22,EA,142.2770538330078
2021-01-25,EA,142.56942749023438
2021-01-26,EA,142.56942749023438
2021-01-27,EA,142.50120544433594
2021-01-28,EA,139.36329650878906
2021-01-29,EA,139.54849243164062
2021-02-01,EA,142.15037536621094
2021-02-02,EA,145.17137145996094
2021-02-03,EA,137.22914123535156
2021-02-04,EA,135.09500122070312
2021-02-05,EA,137.61898803710938
2021-02-08,EA,138.8273468017578
2021-02-09,EA,142.38424682617188
2021-02-10,EA,140.92251586914062
2021-02-11,EA,143.57313537597656
2021-02-12,EA,143.97268676757812
2021-02-16,EA,142.06268310546875
2021-02-17,EA,142.11138916015625
2021-02-18,EA,143.65113830566406
2021-02-19,EA,142.2283477783203
2021-02-22,EA,138.63243103027344
2021-02-23,EA,137.57022094726562
2021-02-24,EA,134.16921997070312
2021-02-25,EA,131.79148864746094
2021-02-26,EA,130.5538330078125
2021-03-01,EA,133.76968383789062
2021-03-02,EA,133.49649047851562
2021-03-03,EA,129.81805419921875
2021-03-04,EA,128.10079956054688
2021-03-05,EA,129.37899780273438
2021-03-08,EA,124.1199188232422
2021-03-09,EA,127.7495574951172
2021-03-10,EA,126.959228515625
2021-03-11,EA,128.1496124267578
2021-03-12,EA,127.32022857666016
2021-03-15,EA,127.71051788330078
2021-03-16,EA,128.53990173339844
2021-03-17,EA,127.42757415771484
2021-03-18,EA,124.8907241821289
2021-03-19,EA,125.28099822998048
2021-03-22,EA,128.21788024902344
2021-03-23,EA,129.81805419921875
2021-03-24,EA,126.64701080322266
2021-03-25,EA,126.8714370727539
2021-03-26,EA,129.62294006347656
2021-03-29,EA,131.6914520263672
2021-03-30,EA,131.1645050048828
2021-03-31,EA,132.08168029785156
2021-04-01,EA,134.60879516601562
2021-04-05,EA,138.10186767578125
2021-04-06,EA,137.8480987548828
2021-04-07,EA,138.5603790283203
2021-04-08,EA,138.11158752441406
2021-04-09,EA,137.04806518554688
2021-04-12,EA,138.0140380859375
2021-04-13,EA,138.65794372558594
2021-04-14,EA,138.1701202392578
2021-04-15,EA,139.3019256591797
2021-04-16,EA,137.6237030029297
2021-04-19,EA,136.23818969726562
2021-04-20,EA,137.43836975097656
2021-04-21,EA,137.6139373779297
2021-04-22,EA,137.82862854003906
2021-04-23,EA,139.6629638671875
2021-04-26,EA,140.29718017578125
2021-04-27,EA,139.97518920898438
2021-04-28,EA,140.49234008789062
2021-04-29,EA,142.7852325439453
2021-04-30,EA,138.62872314453125
2021-05-03,EA,137.75054931640625
2021-05-04,EA,133.73062133789062
2021-05-05,EA,134.51123046875
2021-05-06,EA,137.90664672851562
2021-05-07,EA,138.96043395996094
2021-05-10,EA,137.23342895507812
2021-05-11,EA,137.92617797851562
2021-05-12,EA,136.2772216796875
2021-05-13,EA,135.75038146972656
2021-05-14,EA,135.25277709960938
2021-05-17,EA,134.18923950195312
2021-05-18,EA,134.70635986328125
2021-05-19,EA,135.50643920898438
2021-05-20,EA,138.3653106689453
2021-05-21,EA,136.76512145996094
2021-05-24,EA,138.63844299316406
2021-05-25,EA,139.780029296875
2021-05-26,EA,140.49234008789062
2021-05-27,EA,139.45803833007812
2021-05-28,EA,139.45803833007812
2021-06-01,EA,140.2981719970703
2021-06-02,EA,138.12953186035156
2021-06-03,EA,138.7058868408203
2021-06-04,EA,141.8513946533203
2021-06-07,EA,142.34959411621094
2021-06-08,EA,142.1347198486328
2021-06-09,EA,142.44729614257812
2021-06-10,EA,142.2909698486328
2021-06-11,EA,143.0041046142578
2021-06-14,EA,145.11412048339844
2021-06-15,EA,141.45089721679688
2021-06-16,EA,139.3017578125
2021-06-17,EA,138.64723205566406
2021-06-18,EA,137.85597229003906
2021-06-21,EA,137.69969177246094
2021-06-22,EA,137.60203552246094
2021-06-23,EA,135.41383361816406
2021-06-24,EA,135.44308471679688
2021-06-25,EA,135.384521484375
2021-06-28,EA,139.67300415039062
2021-06-29,EA,140.76707458496094
2021-06-30,EA,140.5033416748047
2021-07-01,EA,138.85238647460938
2021-07-02,EA,140.09304809570312
2021-07-06,EA,139.6925048828125
2021-07-07,EA,139.64366149902344
2021-07-08,EA,137.2014617919922
2021-07-09,EA,137.72901916503906
2021-07-12,EA,138.1197509765625
2021-07-13,EA,139.9367218017578
2021-07-14,EA,139.8097381591797
2021-07-15,EA,139.36036682128906
2021-07-16,EA,139.7902069091797
2021-07-19,EA,137.97323608398438
2021-07-20,EA,137.8072052001953
2021-07-21,EA,137.46524047851562
2021-07-22,EA,138.9989013671875
2021-07-23,EA,141.63650512695312
2021-07-26,EA,141.89044189453125
2021-07-27,EA,138.64723205566406
2021-07-28,EA,140.2395477294922
2021-07-29,EA,140.0637664794922
2021-07-30,EA,140.6302947998047
2021-08-02,EA,140.7768096923828
2021-08-03,EA,136.56655883789062
2021-08-04,EA,136.67396545410156
2021-08-05,EA,133.7042999267578
2021-08-06,EA,133.18653869628906
2021-08-09,EA,133.0107421875
2021-08-10,EA,133.86058044433594
2021-08-11,EA,135.10125732421875
2021-08-12,EA,135.77525329589844
2021-08-13,EA,135.472412109375
2021-08-16,EA,136.76187133789062
2021-08-17,EA,137.77781677246094
2021-08-18,EA,136.7521209716797
2021-08-19,EA,137.3480224609375
2021-08-20,EA,136.927978515625
2021-08-23,EA,139.51669311523438
2021-08-24,EA,139.2725067138672
2021-08-25,EA,138.57887268066406
2021-08-26,EA,138.19789123535156
2021-08-27,EA,139.63389587402344
2021-08-30,EA,139.9757537841797
2021-08-31,EA,142.01988220214844
2021-09-01,EA,143.2130889892578
2021-09-02,EA,142.20570373535156
2021-09-03,EA,143.37937927246094
2021-09-07,EA,142.0296630859375
2021-09-08,EA,140.93429565429688
2021-09-09,EA,139.18359375
2021-09-10,EA,141.941650390625
2021-09-13,EA,141.5015411376953
2021-09-14,EA,142.17636108398438
2021-09-15,EA,134.02938842773438
2021-09-16,EA,132.97308349609375
2021-09-17,EA,130.9388427734375
2021-09-20,EA,127.23204803466795
2021-09-21,EA,123.97522735595705
2021-09-22,EA,123.62313079833984
2021-09-23,EA,125.08038330078124
2021-09-24,EA,127.04621887207033
2021-09-27,EA,129.08050537109375
2021-09-28,EA,130.83120727539062
2021-09-29,EA,134.9096221923828
2021-09-30,EA,139.1249237060547
2021-10-01,EA,140.4355010986328
2021-10-04,EA,140.01490783691406
2021-10-05,EA,140.92446899414062
2021-10-06,EA,131.1246337890625
2021-10-07,EA,134.5672607421875
2021-10-08,EA,136.9145965576172
2021-10-11,EA,136.40599060058594
2021-10-12,EA,133.66749572753906
2021-10-13,EA,133.44259643554688
2021-10-14,EA,132.72862243652344
2021-10-15,EA,131.78968811035156
2021-10-18,EA,131.75057983398438
2021-10-19,EA,133.74575805664062
2021-10-20,EA,136.14190673828125
2021-10-21,EA,137.5404815673828
2021-10-22,EA,137.9708709716797
2021-10-25,EA,139.06622314453125
2021-10-26,EA,139.2716522216797
2021-10-27,EA,137.2862091064453
2021-10-28,EA,137.1492919921875
2021-10-29,EA,137.1688690185547
2021-11-01,EA,138.65545654296875
2021-11-02,EA,137.0906219482422
2021-11-03,EA,136.4353485107422
2021-11-04,EA,139.34983825683594
2021-11-05,EA,136.5037841796875
2021-11-08,EA,135.1248016357422
2021-11-09,EA,136.7189483642578
2021-11-10,EA,136.2201385498047
2021-11-11,EA,141.27655029296875
2021-11-12,EA,142.2448272705078
2021-11-15,EA,138.1762237548828
2021-11-16,EA,136.49398803710938
2021-11-17,EA,135.10520935058594
2021-11-18,EA,134.31300354003906
2021-11-19,EA,129.48153686523438
2021-11-22,EA,123.50576782226562
2021-11-23,EA,125.58895874023438
2021-11-24,EA,123.86762237548828
2021-11-26,EA,123.20256805419922
2021-11-29,EA,122.1365203857422
2021-11-30,EA,121.49100494384766
2021-12-01,EA,117.58866119384766
2021-12-02,EA,119.8968505859375
2021-12-03,EA,122.51795196533205
2021-12-06,EA,123.5351104736328
2021-12-07,EA,123.5448989868164
2021-12-08,EA,123.76036071777344
2021-12-09,EA,122.41864013671876
2021-12-10,EA,123.04542541503906
2021-12-13,EA,124.15209197998048
2021-12-14,EA,124.23043060302734
2021-12-15,EA,126.23810577392578
2021-12-16,EA,126.71800231933594
2021-12-17,EA,124.88658905029295
2021-12-20,EA,127.23703002929688
2021-12-21,EA,129.44056701660156
2021-12-22,EA,128.7550506591797
2021-12-23,EA,129.80291748046875
2021-12-27,EA,130.29261779785156
2021-12-28,EA,130.7137451171875
2021-12-29,EA,130.3905487060547
2021-12-30,EA,131.68328857421875
2021-12-31,EA,129.1761474609375
2022-01-03,EA,132.16314697265625
2022-01-04,EA,132.95643615722656
2022-01-05,EA,131.0369415283203
2022-01-06,EA,127.0118179321289
2022-01-07,EA,129.0586395263672
2022-01-10,EA,126.23810577392578
2022-01-11,EA,128.098876953125
2022-01-12,EA,129.76377868652344
2022-01-13,EA,128.13803100585938
2022-01-14,EA,127.7462921142578
2022-01-18,EA,131.14463806152344
2022-01-19,EA,134.08270263671875
2022-01-20,EA,136.01202392578125
2022-01-21,EA,136.13931274414062
2022-01-24,EA,132.40798950195312
2022-01-25,EA,128.3045196533203
2022-01-26,EA,127.2957992553711
2022-01-27,EA,128.35348510742188
2022-01-28,EA,129.19573974609375
2022-01-31,EA,129.9204864501953
2022-02-01,EA,127.25662994384766
2022-02-02,EA,134.33729553222656
2022-02-03,EA,134.45484924316406
2022-02-04,EA,134.86619567871094
2022-02-07,EA,133.5832061767578
2022-02-08,EA,131.5951385498047
2022-02-09,EA,132.98580932617188
2022-02-10,EA,132.1925506591797
2022-02-11,EA,131.3307342529297
2022-02-14,EA,130.6451416015625
2022-02-15,EA,131.72244262695312
2022-02-16,EA,130.5374298095703
2022-02-17,EA,127.70710754394533
2022-02-18,EA,126.65924835205078
2022-02-22,EA,124.46548461914062
2022-02-23,EA,124.10311889648438
2022-02-24,EA,124.86701965332033
2022-02-25,EA,126.05204010009766
2022-02-28,EA,127.40351104736328
2022-03-01,EA,125.50360107421876
2022-03-02,EA,126.59064483642578
2022-03-03,EA,125.1999969482422
2022-03-04,EA,123.87786865234376
2022-03-07,EA,123.65261840820312
2022-03-08,EA,120.29873657226562
2022-03-09,EA,123.09364318847656
2022-03-10,EA,121.2892074584961
2022-03-11,EA,119.96531677246094
2022-03-14,EA,116.8271713256836
2022-03-15,EA,118.46488189697266
2022-03-16,EA,121.40689849853516
2022-03-17,EA,122.76021575927734
2022-03-18,EA,123.83893585205078
2022-03-21,EA,123.13286590576172
2022-03-22,EA,125.45703887939452
2022-03-23,EA,122.23064422607422
2022-03-24,EA,123.1426773071289
2022-03-25,EA,124.8588409423828
2022-03-28,EA,125.5649185180664
2022-03-29,EA,126.33966827392578
2022-03-30,EA,125.21188354492188
2022-03-31,EA,124.06451416015624
2022-04-01,EA,122.80924224853516
2022-04-04,EA,125.54533386230467
2022-04-05,EA,123.42707061767578
2022-04-06,EA,122.43659210205078
2022-04-07,EA,121.0146255493164
2022-04-08,EA,121.09307861328124
2022-04-11,EA,120.21046447753906
2022-04-12,EA,121.18133544921876
2022-04-13,EA,121.2303695678711
2022-04-14,EA,120.23008728027344
2022-04-18,EA,119.7986068725586
2022-04-19,EA,121.64226531982422
2022-04-20,EA,120.92634582519533
2022-04-21,EA,121.3480453491211
2022-04-22,EA,125.61395263671876
2022-04-25,EA,125.67279815673828
2022-04-26,EA,122.22083282470705
2022-04-27,EA,118.87677764892578
2022-04-28,EA,121.02442169189452
2022-04-29,EA,115.7680435180664
2022-05-02,EA,117.68033599853516
2022-05-03,EA,120.14181518554688
2022-05-04,EA,121.32844543457033
2022-05-05,EA,117.29788970947266
2022-05-06,EA,113.06138610839844
2022-05-09,EA,109.87421417236328
2022-05-10,EA,109.44273376464844
2022-05-11,EA,118.16085815429688
2022-05-12,EA,118.61198425292967
2022-05-13,EA,122.52484893798828
2022-05-16,EA,124.927490234375
2022-05-17,EA,125.9866180419922
2022-05-18,EA,126.47694396972656
2022-05-19,EA,127.50665283203124
2022-05-20,EA,128.23231506347656
2022-05-23,EA,131.18414306640625
2022-05-24,EA,134.0379180908203
2022-05-25,EA,134.69496154785156
2022-05-26,EA,135.99925231933594
2022-05-27,EA,135.85214233398438
2022-05-31,EA,135.96981811523438
2022-06-01,EA,136.83279418945312
2022-06-02,EA,138.76473999023438
2022-06-03,EA,138.27442932128906
2022-06-06,EA,137.63694763183594
2022-06-07,EA,138.432373046875
2022-06-08,EA,136.71388244628906
2022-06-09,EA,133.36524963378906
2022-06-10,EA,131.03793334960938
2022-06-13,EA,126.4421844482422
2022-06-14,EA,125.0771942138672
2022-06-15,EA,126.93315887451172
2022-06-16,EA,125.67621612548828
2022-06-17,EA,126.22613525390624
2022-06-21,EA,128.0428466796875
2022-06-22,EA,126.70732879638672
2022-06-23,EA,126.6385726928711
2022-06-24,EA,127.8562469482422
2022-06-27,EA,123.33907318115234
2022-06-28,EA,120.66802215576172
2022-06-29,EA,120.61892700195312
2022-06-30,EA,119.46017456054688
2022-07-01,EA,120.5207290649414
2022-07-05,EA,122.50436401367188
2022-07-06,EA,122.11156463623048
2022-07-07,EA,123.33907318115234
2022-07-08,EA,123.36852264404295
2022-07-11,EA,121.6107406616211
2022-07-12,EA,119.78421783447266
2022-07-13,EA,119.48963165283205
2022-07-14,EA,120.08863830566406
2022-07-15,EA,120.94297790527344
2022-07-18,EA,121.39471435546876
2022-07-19,EA,124.46835327148438
2022-07-20,EA,125.29322814941406
2022-07-21,EA,127.8661117553711
2022-07-22,EA,127.81696319580078
2022-07-25,EA,127.58131408691406
2022-07-26,EA,128.39634704589844
2022-07-27,EA,129.8006134033203
2022-07-28,EA,130.78256225585938
2022-07-29,EA,128.8677215576172
2022-08-01,EA,128.5142059326172
2022-08-02,EA,126.56985473632812
2022-08-03,EA,130.88082885742188
2022-08-04,EA,130.841552734375
2022-08-05,EA,130.1737823486328
2022-08-08,EA,128.69097900390625
2022-08-09,EA,126.95281219482422
2022-08-10,EA,128.79901123046875
2022-08-11,EA,127.34561920166016
2022-08-12,EA,129.0051727294922
2022-08-15,EA,129.23106384277344
2022-08-16,EA,132.67787170410156
2022-08-17,EA,130.77276611328125
2022-08-18,EA,130.0854034423828
2022-08-19,EA,128.1311798095703
2022-08-22,EA,125.8136978149414
2022-08-23,EA,124.44872283935548
2022-08-24,EA,123.34889221191406
2022-08-25,EA,125.31289672851562
2022-08-26,EA,129.790771484375
2022-08-29,EA,127.26707458496094
2022-08-30,EA,124.37574768066406
2022-08-31,EA,124.76911163330078
2022-09-01,EA,125.56570434570312
2022-09-02,EA,123.25462341308594
2022-09-06,EA,122.66456604003906
2022-09-07,EA,123.4709701538086
2022-09-08,EA,125.03463745117188
2022-09-09,EA,126.79498291015624
2022-09-12,EA,128.68321228027344
2022-09-13,EA,125.47718811035156
2022-09-14,EA,124.81829833984376
2022-09-15,EA,122.349853515625
2022-09-16,EA,119.72406768798828
2022-09-19,EA,120.89435577392578
2022-09-20,EA,118.54393005371094
2022-09-21,EA,115.5444564819336
2022-09-22,EA,115.47561645507812
2022-09-23,EA,113.72508239746094
2022-09-26,EA,112.91864776611328
2022-09-27,EA,113.2333526611328
2022-09-28,EA,116.39021301269533
2022-09-29,EA,115.52477264404295
2022-09-30,EA,113.79393005371094
2022-10-03,EA,117.87520599365234
2022-10-04,EA,121.15989685058594
2022-10-05,EA,120.63866424560548
2022-10-06,EA,121.61227416992188
2022-10-07,EA,120.28461456298828
2022-10-10,EA,118.6816177368164
2022-10-11,EA,117.27529907226562
2022-10-12,EA,116.91141510009766
2022-10-13,EA,119.21269989013672
2022-10-14,EA,118.37676239013672
2022-10-17,EA,119.02581787109376
2022-10-18,EA,121.32706451416016
2022-10-19,EA,121.78929901123048
2022-10-20,EA,121.50409698486328
2022-10-21,EA,122.92024993896484
2022-10-24,EA,123.5889892578125
2022-10-25,EA,125.62471771240234
2022-10-26,EA,125.142822265625
2022-10-27,EA,125.58538055419922
2022-10-28,EA,126.11643981933594
2022-10-31,EA,123.87419128417967
2022-11-01,EA,124.17903900146484
2022-11-02,EA,126.52948760986328
2022-11-03,EA,124.52326965332033
2022-11-04,EA,127.61126708984376
2022-11-07,EA,130.2272491455078
2022-11-08,EA,126.96219635009766
2022-11-09,EA,124.19873046875
2022-11-10,EA,128.14231872558594
2022-11-11,EA,129.05690002441406
2022-11-14,EA,127.41454315185548
2022-11-15,EA,126.64749908447266
2022-11-16,EA,127.1982192993164
2022-11-17,EA,126.5196304321289
2022-11-18,EA,127.92594909667967
2022-11-21,EA,125.7427215576172
2022-11-22,EA,127.3752212524414
2022-11-23,EA,128.79139709472656
2022-11-25,EA,127.35557556152344
2022-11-28,EA,126.22460174560548
2022-11-29,EA,125.66322326660156
2022-11-30,EA,128.80502319335938
2022-12-01,EA,129.63235473632812
2022-12-02,EA,130.28237915039062
2022-12-05,EA,128.4504852294922
2022-12-06,EA,125.48594665527344
2022-12-07,EA,124.10707092285156
2022-12-08,EA,124.20557403564452
2022-12-09,EA,122.82671356201172
2022-12-12,EA,123.70328521728516
2022-12-13,EA,123.78206634521484
2022-12-14,EA,122.77747344970705
2022-12-15,EA,119.8917236328125
2022-12-16,EA,119.9015655517578
2022-12-19,EA,118.96591186523438
2022-12-20,EA,118.60149383544922
2022-12-21,EA,120.65008544921876
2022-12-22,EA,119.5863800048828
2022-12-23,EA,119.675048828125
2022-12-27,EA,118.9954605102539
2022-12-28,EA,117.73477172851562
2022-12-29,EA,120.3447723388672
2022-12-30,EA,120.33492279052734
2023-01-03,EA,120.94554901123048
2023-01-04,EA,123.12218475341795
2023-01-05,EA,122.7971649169922
2023-01-06,EA,122.0190887451172
2023-01-09,EA,122.29486083984376
2023-01-10,EA,122.14713287353516
2023-01-11,EA,124.20557403564452
2023-01-12,EA,124.5108871459961
2023-01-13,EA,123.5653839111328
2023-01-17,EA,121.83196258544922
2023-01-18,EA,121.84181213378906
2023-01-19,EA,121.8516616821289
2023-01-20,EA,124.0873794555664
2023-01-23,EA,125.48594665527344
2023-01-24,EA,125.5647201538086
2023-01-25,EA,125.63367462158205
2023-01-26,EA,127.18981170654295
2023-01-27,EA,126.92388153076172
2023-01-30,EA,127.04206848144533
2023-01-31,EA,126.73674774169922
2023-02-01,EA,114.99677276611328
2023-02-02,EA,114.23839569091795
2023-02-03,EA,112.19965362548828
2023-02-06,EA,110.49578094482422
2023-02-07,EA,112.45573425292967
2023-02-08,EA,110.9980697631836
2023-02-09,EA,110.10182189941406
2023-02-10,EA,110.1116714477539
2023-02-13,EA,111.4905242919922
2023-02-14,EA,110.55486297607422
2023-02-15,EA,111.62841033935548
2023-02-16,EA,110.03287506103516
2023-02-17,EA,110.3086395263672
2023-02-21,EA,110.32835388183594
2023-02-22,EA,110.05258178710938
2023-02-23,EA,109.04798126220705
2023-02-24,EA,108.11231994628906
2023-02-27,EA,109.4123992919922
2023-02-28,EA,109.45185089111328
2023-03-01,EA,108.92896270751952
2023-03-02,EA,110.78375244140624
2023-03-03,EA,111.6322021484375
2023-03-06,EA,111.67168426513672
2023-03-07,EA,110.63575744628906
2023-03-08,EA,110.77387237548828
2023-03-09,EA,108.9782943725586
2023-03-10,EA,107.7253189086914
2023-03-13,EA,108.5935287475586
2023-03-14,EA,109.98461151123048
2023-03-15,EA,109.88593292236328
2023-03-16,EA,112.0071029663086
2023-03-17,EA,111.82952880859376
2023-03-20,EA,111.99723052978516
2023-03-21,EA,113.398193359375
2023-03-22,EA,111.6420669555664
2023-03-23,EA,114.4834442138672
2023-03-24,EA,117.43331909179688
2023-03-27,EA,117.0485610961914
2023-03-28,EA,116.43688201904295
2023-03-29,EA,117.5911865234375
2023-03-30,EA,117.5023956298828
2023-03-31,EA,118.83428192138672
2023-04-03,EA,119.72222137451172
2023-04-04,EA,123.56002807617188
2023-04-05,EA,124.45781707763672
2023-04-06,EA,123.48110961914062
2023-04-10,EA,123.93494415283205
2023-04-11,EA,123.99413299560548
2023-04-12,EA,124.43807983398438
2023-04-13,EA,126.55924987792967
2023-04-14,EA,126.15475463867188
2023-04-17,EA,126.36193084716795
2023-04-18,EA,127.30904388427734
2023-04-19,EA,126.46058654785156
2023-04-20,EA,127.07227325439452
2023-04-21,EA,127.37813568115234
2023-04-24,EA,127.74314880371094
2023-04-25,EA,127.76288604736328
2023-04-26,EA,123.441650390625
2023-04-27,EA,124.81299591064452
2023-04-28,EA,125.57266998291016
2023-05-01,EA,125.71078491210938
2023-05-02,EA,124.46768951416016
2023-05-03,EA,123.39231872558594
2023-05-04,EA,122.34652709960938
2023-05-05,EA,123.73762512207033
2023-05-08,EA,124.07305908203124
2023-05-09,EA,123.7277374267578
2023-05-10,EA,123.06674194335938
2023-05-11,EA,123.63895416259766
2023-05-12,EA,123.78694152832033
2023-05-15,EA,123.16539001464844
2023-05-16,EA,123.441650390625
2023-05-17,EA,123.24433135986328
2023-05-18,EA,124.51702117919922
2023-05-19,EA,123.97440338134766
2023-05-22,EA,123.441650390625
2023-05-23,EA,123.60935974121094
2023-05-24,EA,123.71788024902344
2023-05-25,EA,123.71788024902344
2023-05-26,EA,125.09911346435548
2023-05-30,EA,124.9706573486328
2023-05-31,EA,126.47252655029295
2023-06-01,EA,126.1662139892578
2023-06-02,EA,126.14644622802734
2023-06-05,EA,125.50421142578124
2023-06-06,EA,125.6227798461914
2023-06-07,EA,124.73351287841795
2023-06-08,EA,125.59313201904295
2023-06-09,EA,124.43708801269533
2023-06-12,EA,124.2592544555664
2023-06-13,EA,125.80062866210938
2023-06-14,EA,126.37371063232422
2023-06-15,EA,127.45069122314452
2023-06-16,EA,127.12464141845705
2023-06-20,EA,124.90149688720705
2023-06-21,EA,123.08344268798828
2023-06-22,EA,123.95294189453124
2023-06-23,EA,123.75533294677734
2023-06-26,EA,125.15839385986328
2023-06-27,EA,129.81219482421875
2023-06-28,EA,129.10076904296875
2023-06-29,EA,128.89328002929688
2023-06-30,EA,128.1522216796875
2023-07-03,EA,129.30825805664062
2023-07-05,EA,128.33995056152344
2023-07-06,EA,129.14028930664062
2023-07-07,EA,127.658203125
2023-07-10,EA,128.982177734375
2023-07-11,EA,135.69119262695312
2023-07-12,EA,133.85337829589844
2023-07-13,EA,135.0785675048828
2023-07-14,EA,135.70106506347656
2023-07-17,EA,136.60020446777344
2023-07-18,EA,137.21278381347656
2023-07-19,EA,135.20703125
2023-07-20,EA,135.49356079101562
2023-07-21,EA,135.42437744140625
2023-07-24,EA,136.11602783203125
2023-07-25,EA,137.90444946289062
2023-07-26,EA,137.17327880859375
2023-07-27,EA,135.86900329589844
2023-07-28,EA,136.2050018310547
2023-07-31,EA,134.72286987304688
2023-08-01,EA,134.49562072753906
2023-08-02,EA,124.80267333984376
2023-08-03,EA,122.35227966308594
2023-08-04,EA,121.1270751953125
2023-08-07,EA,122.56966400146484
2023-08-08,EA,121.14683532714844
2023-08-09,EA,120.46505737304688
2023-08-10,EA,120.8108901977539
2023-08-11,EA,120.74171447753906
2023-08-14,EA,121.30492401123048
2023-08-15,EA,119.9710464477539
2023-08-16,EA,119.23988342285156
2023-08-17,EA,117.3427734375
2023-08-18,EA,116.9475555419922
2023-08-21,EA,117.1846694946289
2023-08-22,EA,118.10359954833984
2023-08-23,EA,119.87222290039062
2023-08-24,EA,118.47906494140624
2023-08-25,EA,118.26168060302734
2023-08-28,EA,119.08177947998048
2023-08-29,EA,119.70524597167967
2023-08-30,EA,119.29949951171876
2023-08-31,EA,118.73540496826172
2023-09-01,EA,119.2895965576172
2023-09-05,EA,120.23963928222656
2023-09-06,EA,119.64586639404295
2023-09-07,EA,119.6854476928711
2023-09-08,EA,120.48704528808594
2023-09-11,EA,121.25895690917967
2023-09-12,EA,120.16046142578124
2023-09-13,EA,120.4177703857422
2023-09-14,EA,121.763671875
2023-09-15,EA,119.21041870117188
2023-09-18,EA,119.3489761352539
2023-09-19,EA,119.7448272705078
2023-09-20,EA,119.20053100585938
2023-09-21,EA,117.56765747070312
2023-09-22,EA,117.76557159423828
2023-09-25,EA,118.46820831298828
2023-09-26,EA,117.1322021484375
2023-09-27,EA,116.74625396728516
2023-09-28,EA,117.9437026977539
2023-09-29,EA,119.15103912353516
2023-10-02,EA,118.90363311767578
2023-10-03,EA,118.30986785888672
2023-10-04,EA,119.4677276611328
2023-10-05,EA,119.5370101928711
2023-10-06,EA,121.68450164794922
2023-10-09,EA,123.2975845336914
2023-10-10,EA,126.75138854980467
2023-10-11,EA,128.3446807861328
2023-10-12,EA,130.20518493652344
2023-10-13,EA,129.92807006835938
2023-10-16,EA,129.77963256835938
2023-10-17,EA,129.6707763671875
2023-10-18,EA,128.9087677001953
2023-10-19,EA,126.89982604980467
2023-10-20,EA,126.1180191040039
2023-10-23,EA,125.02942657470705
2023-10-24,EA,126.3357391357422
2023-10-25,EA,124.41585540771484
2023-10-26,EA,122.35743713378906
2023-10-27,EA,121.35791015625
2023-10-30,EA,120.05160522460938
2023-10-31,EA,122.50588989257812
2023-11-01,EA,122.49598693847656
2023-11-02,EA,126.94931030273438
2023-11-03,EA,128.24569702148438
2023-11-06,EA,127.92903137207033
2023-11-07,EA,128.38426208496094
2023-11-08,EA,129.3837890625
2023-11-09,EA,129.93798828125
2023-11-10,EA,131.40264892578125
2023-11-13,EA,131.3036651611328
2023-11-14,EA,133.04541015625
2023-11-15,EA,133.03549194335938
2023-11-16,EA,132.0161895751953
2023-11-17,EA,132.3131103515625
2023-11-20,EA,134.044921875
2023-11-21,EA,134.64862060546875
2023-11-22,EA,134.70797729492188
2023-11-24,EA,135.18299865722656
2023-11-27,EA,135.69760131835938
2023-11-28,EA,135.15257263183594
2023-11-29,EA,136.0741729736328
2023-11-30,EA,136.7678680419922
2023-12-01,EA,136.52011108398438
2023-12-04,EA,136.57958984375
2023-12-05,EA,136.18321228027344
2023-12-06,EA,135.90573120117188
2023-12-07,EA,134.3300323486328
2023-12-08,EA,135.90573120117188
2023-12-11,EA,137.3129425048828
2023-12-12,EA,139.0670166015625
2023-12-13,EA,141.06883239746094
2023-12-14,EA,139.58233642578125
2023-12-15,EA,137.58050537109375
2023-12-18,EA,136.84716796875
2023-12-19,EA,137.30303955078125
2023-12-20,EA,135.36065673828125
2023-12-21,EA,136.63905334472656
2023-12-22,EA,136.43093872070312
2023-12-26,EA,136.05435180664062
2023-12-27,EA,135.47958374023438
2023-12-28,EA,135.5291290283203
2023-12-29,EA,135.57867431640625
2024-01-02,EA,134.5579376220703
2024-01-03,EA,134.48858642578125
2024-01-04,EA,134.74624633789062
2024-01-05,EA,134.3894805908203
2024-01-08,EA,135.23184204101562
2024-01-09,EA,136.4805145263672
2024-01-10,EA,136.39129638671875
2024-01-11,EA,136.50033569335938
2024-01-12,EA,136.6787109375
2024-01-16,EA,135.91561889648438
2024-01-17,EA,135.39039611816406
2024-01-18,EA,136.78770446777344
2024-01-19,EA,136.4805145263672
2024-01-22,EA,136.33184814453125
2024-01-23,EA,137.9174346923828
2024-01-24,EA,136.61923217773438
2024-01-25,EA,137.68951416015625
2024-01-26,EA,138.16517639160156
2024-01-29,EA,137.33274841308594
2024-01-30,EA,136.31202697753906
2024-01-31,EA,136.34178161621094
2024-02-01,EA,136.6787109375
2024-02-02,EA,135.4102020263672
2024-02-05,EA,133.72549438476562
2024-02-06,EA,134.04261779785156
2024-02-07,EA,135.5192413330078
2024-02-08,EA,137.60032653808594
2024-02-09,EA,139.34449768066406
2024-02-12,EA,136.31202697753906
2024-02-13,EA,137.7489776611328
2024-02-14,EA,141.79226684570312
2024-02-15,EA,142.7535400390625
2024-02-16,EA,140.9994354248047
2024-02-20,EA,139.77061462402344
2024-02-21,EA,139.89944458007812
2024-02-22,EA,142.22830200195312
2024-02-23,EA,141.30665588378906
2024-02-26,EA,141.29673767089844
2024-02-27,EA,138.42892456054688
2024-02-28,EA,139.00448608398438
2024-02-29,EA,138.40908813476562
2024-03-01,EA,139.7090301513672
2024-03-04,EA,137.74423217773438
2024-03-05,EA,135.23365783691406
2024-03-06,EA,134.47950744628906
2024-03-07,EA,134.3603973388672
2024-03-08,EA,134.11231994628906
2024-03-11,EA,135.68020629882812
2024-03-12,EA,134.97567749023438
2024-03-13,EA,135.908447265625
2024-03-14,EA,133.99325561523438
2024-03-15,EA,133.23912048339844
2024-03-18,EA,131.46282958984375
2024-03-19,EA,131.9391632080078
2024-03-20,EA,131.30406188964844
2024-03-21,EA,131.46282958984375
2024-03-22,EA,130.68882751464844
2024-03-25,EA,129.5178985595703
2024-03-26,EA,129.89495849609375
2024-03-27,EA,130.85751342773438
2024-03-28,EA,131.65138244628906
2024-04-01,EA,132.3162078857422
2024-04-02,EA,131.1353759765625
2024-04-03,EA,131.50253295898438
2024-04-04,EA,128.5652618408203
2024-04-05,EA,129.28964233398438
2024-04-08,EA,129.0018768310547
2024-04-09,EA,129.6865997314453
2024-04-10,EA,128.30726623535156
2024-04-11,EA,128.18817138671875
2024-04-12,EA,126.90807342529295
2024-04-15,EA,126.07453918457033
2024-04-16,EA,125.578369140625
2024-04-17,EA,125.34020233154295
2024-04-18,EA,124.66543579101562
2024-04-19,EA,126.29283905029295
2024-04-22,EA,126.14398956298828
2024-04-23,EA,126.1638412475586
2024-04-24,EA,127.15615844726562
2024-04-25,EA,126.33253479003906
2024-04-26,EA,126.9180145263672
2024-04-29,EA,126.9180145263672
2024-04-30,EA,125.8462905883789
2024-05-01,EA,127.1958465576172
2024-05-02,EA,127.51339721679688
2024-05-03,EA,128.5652618408203
2024-05-06,EA,129.5575714111328
2024-05-07,EA,129.24005126953125
2024-05-08,EA,124.27842712402344
2024-05-09,EA,126.14398956298828
2024-05-10,EA,126.1638412475586
2024-05-13,EA,125.60814666748048
2024-05-14,EA,125.61805725097656
2024-05-15,EA,126.64015197753906
2024-05-16,EA,128.16831970214844
2024-05-17,EA,126.76915740966795
2024-05-20,EA,127.31493377685548
2024-05-21,EA,127.8607177734375
2024-05-22,EA,134.1024169921875
2024-05-23,EA,133.3680877685547
2024-05-24,EA,134.02304077148438
2024-05-28,EA,131.03614807128906
2024-05-29,EA,131.1454620361328
2024-05-30,EA,130.41004943847656
2024-05-31,EA,132.04978942871094
2024-06-03,EA,132.1591033935547
2024-06-04,EA,135.6471405029297
2024-06-05,EA,137.09803771972656
2024-06-06,EA,136.54151916503906
2024-06-07,EA,135.96514892578125
2024-06-10,EA,135.35897827148438
2024-06-11,EA,135.83596801757812
2024-06-12,EA,134.7825927734375
2024-06-13,EA,135.02108764648438
2024-06-14,EA,135.13038635253906
2024-06-17,EA,136.67071533203125
2024-06-18,EA,137.26698303222656
2024-06-20,EA,136.98870849609375
2024-06-21,EA,138.19114685058594
2024-06-24,EA,140.34759521484375
2024-06-25,EA,139.75135803222656
2024-06-26,EA,139.69174194335938
2024-06-27,EA,138.64830017089844
2024-06-28,EA,138.45945739746094
2024-07-01,EA,136.46202087402344
2024-07-02,EA,138.0122833251953
2024-07-03,EA,137.80360412597656
2024-07-05,EA,137.3961639404297
2024-07-08,EA,138.7774658203125
2024-07-09,EA,139.70167541503906
2024-07-10,EA,143.18971252441406
2024-07-11,EA,144.39215087890625
2024-07-12,EA,144.76979064941406
2024-07-15,EA,144.09405517578125
2024-07-16,EA,145.7536163330078
2024-07-17,EA,146.08154296875
2024-07-18,EA,145.6045379638672
2024-07-19,EA,139.3240203857422
2024-07-22,EA,142.35498046875
2024-07-23,EA,141.10284423828125
2024-07-24,EA,140.29791259765625
2024-07-25,EA,140.91404724121094
2024-07-26,EA,144.2729034423828
2024-07-29,EA,146.92623901367188
2024-07-30,EA,148.18829345703125
2024-07-31,EA,149.9969482421875
2024-08-01,EA,147.47279357910156
2024-08-02,EA,147.90011596679688
2024-08-05,EA,144.59092712402344
2024-08-06,EA,144.81947326660156
2024-08-07,EA,143.50772094726562
2024-08-08,EA,146.10142517089844
2024-08-09,EA,145.68405151367188
2024-08-12,EA,144.99835205078125
2024-08-13,EA,145.98216247558594
2024-08-14,EA,145.544921875
2024-08-15,EA,146.12127685546875
2024-08-16,EA,147.43304443359375
2024-08-19,EA,148.73486328125
2024-08-20,EA,148.11874389648438
2024-08-21,EA,148.8143768310547
2024-08-22,EA,146.21075439453125
2024-08-23,EA,146.6976776123047
2024-08-26,EA,147.6317901611328
2024-08-27,EA,148.27774047851562
2024-08-28,EA,148.57626342773438
2024-08-29,EA,149.5016326904297
2024-08-30,EA,151.06378173828125
2024-09-03,EA,145.5016326904297
2024-09-04,EA,146.347412109375
2024-09-05,EA,145.1832275390625
2024-09-06,EA,143.29269409179688
2024-09-09,EA,143.5812530517578
2024-09-10,EA,143.083740234375
2024-09-11,EA,142.98423767089844
2024-09-12,EA,144.02902221679688
2024-09-13,EA,145.1036376953125
2024-09-16,EA,145.79019165039062
2024-09-17,EA,141.87977600097656
2024-09-18,EA,139.75042724609375
2024-09-19,EA,140.0389862060547
2024-09-20,EA,138.85491943359375
2024-09-23,EA,140.36734008789062
2024-09-24,EA,140.93450927734375
2024-09-25,EA,140.77529907226562
2024-09-26,EA,142.8946990966797
2024-09-27,EA,143.92950439453125
2024-09-30,EA,142.7255401611328
2024-10-01,EA,141.5414581298828
2024-10-02,EA,142.48672485351562
2024-10-03,EA,139.98922729492188
2024-10-04,EA,141.98919677734375
2024-10-07,EA,142.188232421875
2024-10-08,EA,142.6160888671875
2024-10-09,EA,143.02403259277344
2024-10-10,EA,141.26284790039062
2024-10-11,EA,142.5265350341797
2024-10-14,EA,143.45188903808594
2024-10-15,EA,145.69068908691406
2024-10-16,EA,144.3175811767578
2024-10-17,EA,143.48175048828125
2024-10-18,EA,143.63101196289062
2024-10-21,EA,144.98423767089844
2024-10-22,EA,144.99417114257812
2024-10-23,EA,144.1384735107422
2024-10-24,EA,144.30758666992188
2024-10-25,EA,144.4767608642578
2024-10-28,EA,143.46185302734375
2024-10-29,EA,144.89468383789062
2024-10-30,EA,148.3971405029297
2024-10-31,EA,150.09861755371094
2024-11-01,EA,150.50657653808594
2024-11-04,EA,152.12844848632812
2024-11-05,EA,154.72544860839844
2024-11-06,EA,157.1732177734375
2024-11-07,EA,159.2030487060547
2024-11-08,EA,157.12347412109375
2024-11-11,EA,158.59608459472656
2024-11-12,EA,162.05874633789062
2024-11-13,EA,161.90951538085938
2024-11-14,EA,163.3025360107422
2024-11-15,EA,160.5562744140625
2024-11-18,EA,163.1930694580078
2024-11-19,EA,165.30252075195312
2024-11-20,EA,165.879638671875
2024-11-21,EA,167.1333465576172
2024-11-22,EA,165.83982849121094
2024-11-25,EA,163.32241821289062
2024-11-26,EA,164.19805908203125
2024-11-27,EA,162.47470092773438
2024-11-29,EA,163.04251098632812
2024-12-02,EA,165.32371520996094
2024-12-03,EA,167.0570526123047
2024-12-04,EA,166.77810668945312
2024-12-05,EA,164.98501586914062
2024-12-06,EA,166.36968994140625
2024-12-09,EA,164.97506713867188
2024-12-10,EA,164.666259765625
2024-12-11,EA,163.29153442382812
2024-12-12,EA,161.9666290283203
2024-12-13,EA,157.0157012939453
2024-12-16,EA,155.8003692626953
2024-12-17,EA,154.196533203125
2024-12-18,EA,149.34519958496094
2024-12-19,EA,147.32298278808594
2024-12-20,EA,147.2333526611328
2024-12-23,EA,146.73526000976562
2024-12-24,EA,148.6080322265625
2024-12-26,EA,148.49847412109375
2024-12-27,EA,147.5521240234375
2024-12-30,EA,145.97817993164062
2024-12-31,EA,145.73910522460938
2025-01-02,EA,145.3406219482422
2025-01-03,EA,145.72914123535156
2025-01-06,EA,144.69313049316406
2025-01-07,EA,144.11534118652344
2025-01-08,EA,143.6471405029297
2025-01-10,EA,140.30999755859375
2025-01-13,EA,141.41574096679688
2025-01-14,EA,141.20654296875
2025-01-15,EA,141.58509826660156
2025-01-16,EA,140.85787963867188
2025-01-17,EA,141.45558166503906
2025-01-21,EA,142.7306671142578
2025-01-22,EA,141.8042449951172
2025-01-23,EA,118.12537384033205
2025-01-24,EA,116.11311340332033
2025-01-27,EA,117.45794677734376
2025-01-28,EA,116.0832290649414
2025-01-29,EA,116.65103912353516
2025-01-30,EA,118.22499084472656
2025-01-31,EA,122.43877410888672
2025-02-03,EA,122.43877410888672
2025-02-04,EA,120.7851333618164
2025-02-05,EA,129.96978759765625
2025-02-06,EA,131.49391174316406
2025-02-07,EA,128.10696411132812
2025-02-10,EA,131.58355712890625
2025-02-11,EA,132.83876037597656
2025-02-12,EA,130.66709899902344
2025-02-13,EA,129.32228088378906
2025-02-14,EA,128.90386962890625
2025-02-18,EA,127.85791015625
2025-02-19,EA,128.8441162109375
2025-02-20,EA,129.4916229248047
2025-02-21,EA,130.4479522705078
2025-02-24,EA,133.53607177734375
2025-02-25,EA,131.22494506835938
2025-02-26,EA,130.8758087158203
2025-02-27,EA,130.1475372314453
2025-02-28,EA,128.8107452392578
2025-03-03,EA,128.9204864501953
2025-03-04,EA,131.50428771972656
2025-03-05,EA,133.72894287109375
2025-03-06,EA,136.46237182617188
2025-03-07,EA,139.70460510253906
2025-03-10,EA,140.09364318847656
2025-03-11,EA,137.54978942871094
2025-03-12,EA,135.7939910888672
2025-03-13,EA,137.39015197753906
2025-03-14,EA,138.37779235839844
2025-03-17,EA,142.5577392578125
2025-03-18,EA,141.53021240234375
2025-03-19,EA,141.62997436523438
2025-03-20,EA,142.9069061279297
2025-03-21,EA,143.9543914794922
2025-03-24,EA,144.20379638671875
2025-03-25,EA,144.15391540527344
2025-03-26,EA,144.84226989746094
2025-03-27,EA,144.95201110839844
2025-03-28,EA,143.90452575683594
2025-03-31,EA,144.1738739013672
2025-04-01,EA,145.32110595703125
2025-04-02,EA,144.5230255126953
2025-04-03,EA,144.50308227539062
2025-04-04,EA,135.01585388183594
2025-04-07,EA,134.29757690429688
2025-04-08,EA,132.21258544921875
2025-04-09,EA,136.2528839111328
2025-04-10,EA,139.05616760253906
2025-04-11,EA,142.58767700195312
2025-04-14,EA,145.15151977539062
2025-04-15,EA,145.26124572753906
2025-04-16,EA,142.62757873535156
2025-04-17,EA,145.26124572753906
2025-04-21,EA,141.59005737304688
2025-04-22,EA,145.5206298828125
2025-04-23,EA,143.38575744628906
2025-04-24,EA,145.83987426757812
2025-04-25,EA,146.2489013671875
2025-04-28,EA,146.36859130859375
2025-04-29,EA,145.62039184570312
2025-04-30,EA,144.74249267578125
2025-05-01,EA,144.7524871826172
2025-05-02,EA,150.7381134033203
2025-05-05,EA,154.36940002441406
2025-05-06,EA,154.1698760986328
2025-05-07,EA,155.1275634765625
2025-05-08,EA,155.28720092773438
2025-05-09,EA,152.93284606933594
2025-05-12,EA,148.91249084472656
2025-05-13,EA,148.70298767089844
2025-05-14,EA,146.8773651123047
2025-05-15,EA,149.2117919921875
2025-05-16,EA,151.1770477294922
2025-05-19,EA,150.11959838867188
2025-05-20,EA,151.55615234375
2025-05-21,EA,150.13954162597656
2025-05-22,EA,146.27882385253906
2025-05-23,EA,146.53819274902344
2025-05-27,EA,146.5581512451172
2025-05-28,EA,146.7179718017578
2025-05-29,EA,142.6824188232422
2025-05-30,EA,143.6213836669922
2025-06-02,EA,145.7190704345703
2025-06-03,EA,146.07867431640625
2025-06-04,EA,148.29623413085938
2025-06-05,EA,147.7168731689453
2025-06-06,EA,149.40501403808594
2025-06-09,EA,146.75791931152344
2025-06-10,EA,146.99766540527344
2025-06-11,EA,147.51707458496094
2025-06-12,EA,149.8844757080078
2025-06-13,EA,148.31619262695312
2025-06-16,EA,150.93331909179688
2025-06-17,EA,150.16416931152344
2025-06-18,EA,150.8334197998047
2025-06-20,EA,150.39390563964844
2025-06-23,EA,154.2396697998047
2025-06-24,EA,157.7757568359375
2025-06-25,EA,157.64590454101562
2025-06-26,EA,157.55599975585938
2025-06-27,EA,157.5659942626953
2025-06-30,EA,159.52381896972656
2025-07-01,EA,158.884521484375
2025-07-02,EA,156.8567657470703
2025-07-03,EA,155.19859313964844
2025-07-07,EA,153.36062622070312
2025-07-08,EA,152.47161865234375
2025-07-09,EA,152.51156616210938
2025-07-10,EA,151.13308715820312
2025-07-11,EA,148.52597045898438
2025-07-14,EA,148.6658172607422
2025-07-15,EA,148.575927734375
2025-07-16,EA,149.18524169921875
2025-07-17,EA,149.6647186279297
2025-07-18,EA,149.9444122314453
2025-07-21,EA,153.2207794189453
2025-07-22,EA,156.84678649902344
2025-07-23,EA,153.56040954589844
2025-07-24,EA,152.47161865234375
2025-07-25,EA,151.51266479492188
2025-07-28,EA,151.8223419189453
2025-07-29,EA,147.626953125
2025-07-30,EA,156.08761596679688
2025-07-31,EA,152.32177734375
2025-08-01,EA,156.90672302246094
2025-08-04,EA,159.59375
2025-08-05,EA,160.81240844726562
2025-08-06,EA,162.8201904296875
2025-08-07,EA,162.57046508789062
2025-08-08,EA,167.45506286621094
2025-08-11,EA,175.9157257080078
2025-08-12,EA,177.7137451171875
2025-08-13,EA,178.20318603515625
2025-08-14,EA,178.81251525878906
2025-08-15,EA,174.47731018066406
2025-08-18,EA,168.973388671875
2025-08-19,EA,170.49169921875
2025-08-20,EA,171.1409912109375
2025-08-21,EA,171.36074829101562
2025-08-22,EA,171.21090698242188
2025-08-25,EA,172.5694122314453
2025-08-26,EA,172.0399932861328
2025-08-27,EA,172.60000610351562
2025-08-28,EA,170.99000549316406
2025-08-29,EA,171.9499969482422
2025-09-02,EA,171.4499969482422
2025-09-03,EA,167.86000061035156
2025-09-04,EA,168.02999877929688
2025-09-05,EA,168.6199951171875
2025-09-08,EA,168.05999755859375
2025-09-09,EA,166.0399932861328
2025-09-10,EA,170.27000427246094
2025-09-11,EA,169.88999938964844
2025-09-12,EA,172.3800048828125
2025-09-15,EA,171.77000427246094
2025-09-16,EA,172.0800018310547
2025-09-17,EA,173.58999633789062
2025-09-18,EA,173.1699981689453
2025-09-19,EA,173.08999633789062
2025-09-22,EA,173.4199981689453
2025-09-23,EA,174.07000732421875
2025-09-24,EA,167.35000610351562
2025-09-25,EA,168.32000732421875
2025-09-26,EA,193.3500061035156
2025-09-29,EA,202.0500030517578
2025-09-30,EA,201.6999969482422
2025-10-01,EA,201.6300048828125
2025-10-02,EA,201.0
2025-10-03,EA,200.69000244140625
2025-10-06,EA,200.4600067138672
2025-10-07,EA,200.0200042724609
2025-10-08,EA,200.00999450683597
2025-10-09,EA,200.0500030517578
2025-10-10,EA,200.0200042724609
2025-10-13,EA,200.2899932861328
2025-10-14,EA,200.1999969482422
2025-10-15,EA,200.75
2025-10-16,EA,200.3500061035156
2025-10-17,EA,200.3000030517578
2025-10-20,EA,200.58999633789065
2025-10-21,EA,200.5500030517578
2025-10-22,EA,200.75
2025-10-23,EA,200.6199951171875
2025-10-24,EA,200.83999633789065
2025-10-27,EA,200.5
2025-10-28,EA,200.3000030517578
2025-10-29,EA,200.1999969482422
2025-10-30,EA,199.9199981689453
2025-10-31,EA,200.05999755859372
2025-11-03,EA,199.88999938964844
2025-11-04,EA,200.77999877929688
2025-11-05,EA,200.7400054931641
2025-11-06,EA,200.3800048828125
2025-11-07,EA,200.6000061035156
2025-11-10,EA,201.3999938964844
2025-11-11,EA,201.92999267578125
2025-11-12,EA,202.0
2025-11-13,EA,201.33999633789065
2025-11-14,EA,201.05999755859372
2010-01-04,NTDOY,
2010-01-05,NTDOY,
2010-01-06,NTDOY,
2010-01-07,NTDOY,
2010-01-08,NTDOY,
2010-01-11,NTDOY,
2010-01-12,NTDOY,
2010-01-13,NTDOY,
2010-01-14,NTDOY,
2010-01-15,NTDOY,
2010-01-19,NTDOY,
2010-01-20,NTDOY,2.683384656906128
2010-01-21,NTDOY,2.683384656906128
2010-01-22,NTDOY,2.683384656906128
2010-01-25,NTDOY,2.683384656906128
2010-01-26,NTDOY,2.792707681655884
2010-01-27,NTDOY,2.733077049255371
2010-01-28,NTDOY,2.733077049255371
2010-01-29,NTDOY,2.733077049255371
2010-02-01,NTDOY,2.733077049255371
2010-02-02,NTDOY,2.882153987884521
2010-02-03,NTDOY,2.9318463802337646
2010-02-04,NTDOY,2.9318463802337646
2010-02-05,NTDOY,2.733077049255371
2010-02-08,NTDOY,2.733077049255371
2010-02-09,NTDOY,2.733077049255371
2010-02-10,NTDOY,2.633692502975464
2010-02-11,NTDOY,2.534307718276977
2010-02-12,NTDOY,2.534307718276977
2010-02-16,NTDOY,2.554184675216675
2010-02-17,NTDOY,2.554184675216675
2010-02-18,NTDOY,2.554184675216675
2010-02-19,NTDOY,2.554184675216675
2010-02-22,NTDOY,2.554184675216675
2010-02-23,NTDOY,2.554184675216675
2010-02-24,NTDOY,2.554184675216675
2010-02-25,NTDOY,2.554184675216675
2010-02-26,NTDOY,2.554184675216675
2010-03-01,NTDOY,2.554184675216675
2010-03-02,NTDOY,2.3752925395965576
2010-03-03,NTDOY,2.395169258117676
2010-03-04,NTDOY,2.395169258117676
2010-03-05,NTDOY,2.534307718276977
2010-03-08,NTDOY,2.534307718276977
2010-03-09,NTDOY,2.534307718276977
2010-03-10,NTDOY,2.494553804397583
2010-03-11,NTDOY,2.494553804397583
2010-03-12,NTDOY,2.534307718276977
2010-03-15,NTDOY,2.534307718276977
2010-03-16,NTDOY,2.534307718276977
2010-03-17,NTDOY,2.4846153259277344
2010-03-18,NTDOY,2.534307718276977
2010-03-19,NTDOY,2.683384656906128
2010-03-22,NTDOY,2.782769203186035
2010-03-23,NTDOY,2.683384656906128
2010-03-24,NTDOY,2.6237540245056152
2010-03-25,NTDOY,2.6237540245056152
2010-03-26,NTDOY,2.6237540245056152
2010-03-29,NTDOY,2.7728307247161865
2010-03-30,NTDOY,2.633692502975464
2010-03-31,NTDOY,2.633692502975464
2010-04-01,NTDOY,2.633692502975464
2010-04-05,NTDOY,2.633692502975464
2010-04-06,NTDOY,2.8324615955352783
2010-04-07,NTDOY,2.8324615955352783
2010-04-08,NTDOY,2.792707681655884
2010-04-09,NTDOY,2.921907901763916
2010-04-12,NTDOY,2.921907901763916
2010-04-13,NTDOY,2.9318463802337646
2010-04-14,NTDOY,2.9318463802337646
2010-04-15,NTDOY,2.9318463802337646
2010-04-16,NTDOY,2.9616615772247314
2010-04-19,NTDOY,2.9616615772247314
2010-04-20,NTDOY,2.8523383140563965
2010-04-21,NTDOY,2.8523383140563965
2010-04-22,NTDOY,2.733077049255371
2010-04-23,NTDOY,2.683384656906128
2010-04-26,NTDOY,2.703261613845825
2010-04-27,NTDOY,2.6734461784362797
2010-04-28,NTDOY,2.6734461784362797
2010-04-29,NTDOY,2.6734461784362797
2010-04-30,NTDOY,2.574061632156372
2010-05-03,NTDOY,2.574061632156372
2010-05-04,NTDOY,2.4249846935272217
2010-05-05,NTDOY,2.3752925395965576
2010-05-06,NTDOY,2.3752925395965576
2010-05-07,NTDOY,2.1864616870880127
2010-05-10,NTDOY,2.1864616870880127
2010-05-11,NTDOY,2.2460923194885254
2010-05-12,NTDOY,2.2460923194885254
2010-05-13,NTDOY,2.28584623336792
2010-05-14,NTDOY,2.126830816268921
2010-05-17,NTDOY,2.126830816268921
2010-05-18,NTDOY,2.136769294738769
2010-05-19,NTDOY,1.997630834579468
2010-05-20,NTDOY,1.9578770399093628
2010-05-21,NTDOY,1.9380000829696653
2010-05-24,NTDOY,1.9380000829696653
2010-05-25,NTDOY,1.818738579750061
2010-05-26,NTDOY,1.8386154174804688
2010-05-27,NTDOY,1.8485538959503172
2010-05-28,NTDOY,1.8485538959503172
2010-06-01,NTDOY,1.9181231260299685
2010-06-02,NTDOY,1.90818464756012
2010-06-03,NTDOY,1.90818464756012
2010-06-04,NTDOY,1.8386154174804688
2010-06-07,NTDOY,1.8684308528900144
2010-06-08,NTDOY,1.7889230251312256
2010-06-09,NTDOY,1.7889230251312256
2010-06-10,NTDOY,1.7889230251312256
2010-06-11,NTDOY,1.7889230251312256
2010-06-14,NTDOY,1.90818464756012
2010-06-15,NTDOY,1.928061604499817
2010-06-16,NTDOY,1.8883076906204224
2010-06-17,NTDOY,1.8883076906204224
2010-06-18,NTDOY,1.8883076906204224
2010-06-21,NTDOY,1.8386154174804688
2010-06-22,NTDOY,1.7491692304611206
2010-06-23,NTDOY,1.6398462057113647
2010-06-24,NTDOY,1.6398462057113647
2010-06-25,NTDOY,1.6497845649719238
2010-06-28,NTDOY,1.6497845649719238
2010-06-29,NTDOY,1.570276975631714
2010-06-30,NTDOY,1.570276975631714
2010-07-01,NTDOY,1.5504000186920166
2010-07-02,NTDOY,1.5802154541015625
2010-07-06,NTDOY,1.629907727241516
2010-07-07,NTDOY,1.629907727241516
2010-07-08,NTDOY,1.629907727241516
2010-07-09,NTDOY,1.629907727241516
2010-07-12,NTDOY,1.629907727241516
2010-07-13,NTDOY,1.8286770582199097
2010-07-14,NTDOY,1.7889230251312256
2010-07-15,NTDOY,1.7889230251312256
2010-07-16,NTDOY,1.7889230251312256
2010-07-19,NTDOY,1.818738579750061
2010-07-20,NTDOY,1.818738579750061
2010-07-21,NTDOY,1.818738579750061
2010-07-22,NTDOY,1.7889230251312256
2010-07-23,NTDOY,1.7889230251312256
2010-07-26,NTDOY,1.8088001012802124
2010-07-27,NTDOY,1.8088001012802124
2010-07-28,NTDOY,1.8088001012802124
2010-07-29,NTDOY,1.8883076906204224
2010-07-30,NTDOY,1.8883076906204224
2010-08-02,NTDOY,1.8883076906204224
2010-08-03,NTDOY,1.8883076906204224
2010-08-04,NTDOY,1.8883076906204224
2010-08-05,NTDOY,1.9876923561096191
2010-08-06,NTDOY,2.0075693130493164
2010-08-09,NTDOY,2.0075693130493164
2010-08-10,NTDOY,2.0075693130493164
2010-08-11,NTDOY,1.8883076906204224
2010-08-12,NTDOY,1.7789846658706665
2010-08-13,NTDOY,1.7789846658706665
2010-08-16,NTDOY,1.7789846658706665
2010-08-17,NTDOY,1.7789846658706665
2010-08-18,NTDOY,1.7789846658706665
2010-08-19,NTDOY,1.7889230251312256
2010-08-20,NTDOY,1.7889230251312256
2010-08-23,NTDOY,1.7889230251312256
2010-08-24,NTDOY,1.7889230251312256
2010-08-25,NTDOY,1.7889230251312256
2010-08-26,NTDOY,1.7889230251312256
2010-08-27,NTDOY,1.7889230251312256
2010-08-30,NTDOY,1.7889230251312256
2010-08-31,NTDOY,1.7889230251312256
2010-09-01,NTDOY,1.7889230251312256
2010-09-02,NTDOY,1.7889230251312256
2010-09-03,NTDOY,1.7889230251312256
2010-09-07,NTDOY,1.7889230251312256
2010-09-08,NTDOY,1.7889230251312256
2010-09-09,NTDOY,1.90818464756012
2010-09-10,NTDOY,1.90818464756012
2010-09-13,NTDOY,1.90818464756012
2010-09-14,NTDOY,1.9380000829696653
2010-09-15,NTDOY,1.928061604499817
2010-09-16,NTDOY,1.8386154174804688
2010-09-17,NTDOY,1.8386154174804688
2010-09-20,NTDOY,1.8883076906204224
2010-09-21,NTDOY,1.8883076906204224
2010-09-22,NTDOY,2.1864616870880127
2010-09-23,NTDOY,2.126830816268921
2010-09-24,NTDOY,2.136769294738769
2010-09-27,NTDOY,2.1864616870880127
2010-09-28,NTDOY,2.1864616870880127
2010-09-29,NTDOY,2.1864616870880127
2010-09-30,NTDOY,2.1864616870880127
2010-10-01,NTDOY,2.1864616870880127
2010-10-04,NTDOY,2.1665847301483154
2010-10-05,NTDOY,2.1665847301483154
2010-10-06,NTDOY,2.1665847301483154
2010-10-07,NTDOY,2.2361538410186768
2010-10-08,NTDOY,2.2361538410186768
2010-10-11,NTDOY,2.2361538410186768
2010-10-12,NTDOY,2.2361538410186768
2010-10-13,NTDOY,2.2361538410186768
2010-10-14,NTDOY,2.28584623336792
2010-10-15,NTDOY,2.28584623336792
2010-10-18,NTDOY,2.2759077548980717
2010-10-19,NTDOY,2.3454768657684326
2010-10-20,NTDOY,2.3454768657684326
2010-10-21,NTDOY,2.4249846935272217
2010-10-22,NTDOY,2.4249846935272217
2010-10-25,NTDOY,2.454800128936768
2010-10-26,NTDOY,2.454800128936768
2010-10-27,NTDOY,2.454800128936768
2010-10-28,NTDOY,2.5839998722076416
2010-10-29,NTDOY,2.544246196746826
2010-11-01,NTDOY,2.544246196746826
2010-11-02,NTDOY,2.544246196746826
2010-11-03,NTDOY,2.544246196746826
2010-11-04,NTDOY,2.5839998722076416
2010-11-05,NTDOY,2.733077049255371
2010-11-08,NTDOY,2.733077049255371
2010-11-09,NTDOY,2.733077049255371
2010-11-10,NTDOY,2.733077049255371
2010-11-11,NTDOY,2.733077049255371
2010-11-12,NTDOY,2.733077049255371
2010-11-15,NTDOY,2.633692502975464
2010-11-16,NTDOY,2.633692502975464
2010-11-17,NTDOY,2.0771384239196777
2010-11-18,NTDOY,2.0870769023895264
2010-11-19,NTDOY,2.0870769023895264
2010-11-22,NTDOY,2.037384510040283
2010-11-23,NTDOY,2.037384510040283
2010-11-24,NTDOY,1.9380000829696653
2010-11-26,NTDOY,1.9380000829696653
2010-11-29,NTDOY,1.9380000829696653
2010-11-30,NTDOY,1.9380000829696653
2010-12-01,NTDOY,1.9380000829696653
2010-12-02,NTDOY,1.9380000829696653
2010-12-03,NTDOY,1.9380000829696653
2010-12-06,NTDOY,2.037384510040283
2010-12-07,NTDOY,2.0075693130493164
2010-12-08,NTDOY,2.0870769023895264
2010-12-09,NTDOY,2.0870769023895264
2010-12-10,NTDOY,2.136769294738769
2010-12-13,NTDOY,2.0870769023895264
2010-12-14,NTDOY,2.0870769023895264
2010-12-15,NTDOY,2.0870769023895264
2010-12-16,NTDOY,1.9876923561096191
2010-12-17,NTDOY,1.898246169090271
2010-12-20,NTDOY,1.898246169090271
2010-12-21,NTDOY,1.9479385614395144
2010-12-22,NTDOY,1.9181231260299685
2010-12-23,NTDOY,2.0870769023895264
2010-12-27,NTDOY,2.0870769023895264
2010-12-28,NTDOY,1.9876923561096191
2010-12-29,NTDOY,1.9876923561096191
2010-12-30,NTDOY,1.9876923561096191
2010-12-31,NTDOY,2.097015380859375
2011-01-03,NTDOY,2.146707773208618
2011-01-04,NTDOY,2.1665847301483154
2011-01-05,NTDOY,2.1665847301483154
2011-01-06,NTDOY,2.106953859329224
2011-01-07,NTDOY,2.0771384239196777
2011-01-10,NTDOY,2.047322988510132
2011-01-11,NTDOY,2.047322988510132
2011-01-12,NTDOY,2.0870769023895264
2011-01-13,NTDOY,2.136769294738769
2011-01-14,NTDOY,2.136769294738769
2011-01-18,NTDOY,2.116892576217652
2011-01-19,NTDOY,2.1864616870880127
2011-01-20,NTDOY,2.1864616870880127
2011-01-21,NTDOY,2.1864616870880127
2011-01-24,NTDOY,2.156646251678467
2011-01-25,NTDOY,2.176523208618164
2011-01-26,NTDOY,2.2361538410186768
2011-01-27,NTDOY,2.28584623336792
2011-01-28,NTDOY,2.28584623336792
2011-01-31,NTDOY,2.28584623336792
2011-02-01,NTDOY,2.28584623336792
2011-02-02,NTDOY,2.395169258117676
2011-02-03,NTDOY,2.395169258117676
2011-02-04,NTDOY,2.3852310180664062
2011-02-07,NTDOY,2.3752925395965576
2011-02-08,NTDOY,2.3752925395965576
2011-02-09,NTDOY,2.3752925395965576
2011-02-10,NTDOY,2.3752925395965576
2011-02-11,NTDOY,2.3752925395965576
2011-02-14,NTDOY,2.3752925395965576
2011-02-15,NTDOY,2.3752925395965576
2011-02-16,NTDOY,2.3752925395965576
2011-02-17,NTDOY,2.3752925395965576
2011-02-18,NTDOY,2.3752925395965576
2011-02-22,NTDOY,2.3752925395965576
2011-02-23,NTDOY,2.136769294738769
2011-02-24,NTDOY,2.136769294738769
2011-02-25,NTDOY,2.136769294738769
2011-02-28,NTDOY,2.136769294738769
2011-03-01,NTDOY,2.136769294738769
2011-03-02,NTDOY,2.067199945449829
2011-03-03,NTDOY,2.067199945449829
2011-03-04,NTDOY,2.067199945449829
2011-03-07,NTDOY,2.20633864402771
2011-03-08,NTDOY,2.20633864402771
2011-03-09,NTDOY,2.20633864402771
2011-03-10,NTDOY,2.067199945449829
2011-03-11,NTDOY,2.0771384239196777
2011-03-14,NTDOY,2.0771384239196777
2011-03-15,NTDOY,2.0771384239196777
2011-03-16,NTDOY,1.997630834579468
2011-03-17,NTDOY,1.997630834579468
2011-03-18,NTDOY,2.0274462699890137
2011-03-21,NTDOY,2.037384510040283
2011-03-22,NTDOY,2.037384510040283
2011-03-23,NTDOY,2.037384510040283
2011-03-24,NTDOY,2.037384510040283
2011-03-25,NTDOY,2.037384510040283
2011-03-28,NTDOY,1.9876923561096191
2011-03-29,NTDOY,1.9876923561096191
2011-03-30,NTDOY,1.9876923561096191
2011-03-31,NTDOY,1.9876923561096191
2011-04-01,NTDOY,1.9876923561096191
2011-04-04,NTDOY,1.9876923561096191
2011-04-05,NTDOY,1.9876923561096191
2011-04-06,NTDOY,2.0075693130493164
2011-04-07,NTDOY,1.997630834579468
2011-04-08,NTDOY,2.037384510040283
2011-04-11,NTDOY,2.037384510040283
2011-04-12,NTDOY,2.037384510040283
2011-04-13,NTDOY,2.037384510040283
2011-04-14,NTDOY,2.037384510040283
2011-04-15,NTDOY,2.037384510040283
2011-04-18,NTDOY,2.037384510040283
2011-04-19,NTDOY,2.037384510040283
2011-04-20,NTDOY,2.0075693130493164
2011-04-21,NTDOY,2.0075693130493164
2011-04-25,NTDOY,2.0075693130493164
2011-04-26,NTDOY,2.0075693130493164
2011-04-27,NTDOY,2.0075693130493164
2011-04-28,NTDOY,2.0075693130493164
2011-04-29,NTDOY,2.0075693130493164
2011-05-02,NTDOY,2.047322988510132
2011-05-03,NTDOY,1.9678153991699217
2011-05-04,NTDOY,1.9678153991699217
2011-05-05,NTDOY,1.9678153991699217
2011-05-06,NTDOY,1.9678153991699217
2011-05-09,NTDOY,1.9678153991699217
2011-05-10,NTDOY,1.9678153991699217
2011-05-11,NTDOY,1.8783692121505735
2011-05-12,NTDOY,1.8783692121505735
2011-05-13,NTDOY,1.8783692121505735
2011-05-16,NTDOY,1.8783692121505735
2011-05-17,NTDOY,1.8783692121505735
2011-05-18,NTDOY,1.8386154174804688
2011-05-19,NTDOY,1.8386154174804688
2011-05-20,NTDOY,1.8386154174804688
2011-05-23,NTDOY,1.8386154174804688
2011-05-24,NTDOY,1.7491692304611206
2011-05-25,NTDOY,1.7491692304611206
2011-05-26,NTDOY,1.7491692304611206
2011-05-27,NTDOY,1.7491692304611206
2011-05-31,NTDOY,1.7491692304611206
2011-06-01,NTDOY,1.7491692304611206
2011-06-02,NTDOY,1.7491692304611206
2011-06-03,NTDOY,1.9181231260299685
2011-06-06,NTDOY,1.928061604499817
2011-06-07,NTDOY,2.136769294738769
2011-06-08,NTDOY,2.0572614669799805
2011-06-09,NTDOY,2.0771384239196777
2011-06-10,NTDOY,2.0870769023895264
2011-06-13,NTDOY,2.067199945449829
2011-06-14,NTDOY,2.0870769023895264
2011-06-15,NTDOY,2.0075693130493164
2011-06-16,NTDOY,2.0075693130493164
2011-06-17,NTDOY,1.9876923561096191
2011-06-20,NTDOY,1.9678153991699217
2011-06-21,NTDOY,1.9678153991699217
2011-06-22,NTDOY,1.9678153991699217
2011-06-23,NTDOY,1.8684308528900144
2011-06-24,NTDOY,1.8684308528900144
2011-06-27,NTDOY,1.8684308528900144
2011-06-28,NTDOY,1.8684308528900144
2011-06-29,NTDOY,1.8684308528900144
2011-06-30,NTDOY,1.9678153991699217
2011-07-01,NTDOY,1.90818464756012
2011-07-05,NTDOY,2.0870769023895264
2011-07-06,NTDOY,2.037384510040283
2011-07-07,NTDOY,2.037384510040283
2011-07-08,NTDOY,2.037384510040283
2011-07-11,NTDOY,2.037384510040283
2011-07-12,NTDOY,1.858492374420166
2011-07-13,NTDOY,1.858492374420166
2011-07-14,NTDOY,1.858492374420166
2011-07-15,NTDOY,1.818738579750061
2011-07-18,NTDOY,1.5802154541015625
2011-07-19,NTDOY,1.6398462057113647
2011-07-20,NTDOY,1.6398462057113647
2011-07-21,NTDOY,1.7094154357910156
2011-07-22,NTDOY,1.898246169090271
2011-07-25,NTDOY,1.898246169090271
2011-07-26,NTDOY,1.898246169090271
2011-07-27,NTDOY,1.8286770582199097
2011-07-28,NTDOY,1.7392308712005615
2011-07-29,NTDOY,1.7392308712005615
2011-08-01,NTDOY,1.669661521911621
2011-08-02,NTDOY,1.669661521911621
2011-08-03,NTDOY,1.669661521911621
2011-08-04,NTDOY,1.669661521911621
2011-08-05,NTDOY,1.669661521911621
2011-08-08,NTDOY,1.669661521911621
2011-08-09,NTDOY,1.669661521911621
2011-08-10,NTDOY,1.470892310142517
2011-08-11,NTDOY,1.470892310142517
2011-08-12,NTDOY,1.5106462240219116
2011-08-15,NTDOY,1.431138515472412
2011-08-16,NTDOY,1.431138515472412
2011-08-17,NTDOY,1.431138515472412
2011-08-18,NTDOY,1.431138515472412
2011-08-19,NTDOY,1.431138515472412
2011-08-22,NTDOY,1.341692328453064
2011-08-23,NTDOY,1.2919999361038208
2011-08-24,NTDOY,1.2919999361038208
2011-08-25,NTDOY,1.2919999361038208
2011-08-26,NTDOY,1.2919999361038208
2011-08-29,NTDOY,1.2919999361038208
2011-08-30,NTDOY,1.2919999361038208
2011-08-31,NTDOY,1.2919999361038208
2011-09-01,NTDOY,1.2919999361038208
2011-09-02,NTDOY,1.2919999361038208
2011-09-06,NTDOY,1.1926155090332031
2011-09-07,NTDOY,1.1926155090332031
2011-09-08,NTDOY,1.1926155090332031
2011-09-09,NTDOY,1.14292311668396
2011-09-12,NTDOY,1.073353886604309
2011-09-13,NTDOY,1.0634154081344604
2011-09-14,NTDOY,1.0634154081344604
2011-09-15,NTDOY,1.0634154081344604
2011-09-16,NTDOY,1.0832923650741575
2011-09-19,NTDOY,1.0832923650741575
2011-09-20,NTDOY,1.0832923650741575
2011-09-21,NTDOY,1.0534769296646118
2011-09-22,NTDOY,0.9938461780548096
2011-09-23,NTDOY,0.9938461780548096
2011-09-26,NTDOY,0.9839076995849608
2011-09-27,NTDOY,1.0932308435440063
2011-09-28,NTDOY,1.0932308435440063
2011-09-29,NTDOY,1.0634154081344604
2011-09-30,NTDOY,1.0634154081344604
2011-10-03,NTDOY,0.9640308022499084
2011-10-04,NTDOY,0.9938461780548096
2011-10-05,NTDOY,0.9938461780548096
2011-10-06,NTDOY,1.0037846565246582
2011-10-07,NTDOY,1.0037846565246582
2011-10-10,NTDOY,1.0037846565246582
2011-10-11,NTDOY,1.0832923650741575
2011-10-12,NTDOY,1.1627999544143677
2011-10-13,NTDOY,1.2124923467636108
2011-10-14,NTDOY,1.2820615768432615
2011-10-17,NTDOY,1.2025538682937622
2011-10-18,NTDOY,1.2025538682937622
2011-10-19,NTDOY,1.2025538682937622
2011-10-20,NTDOY,1.073353886604309
2011-10-21,NTDOY,1.073353886604309
2011-10-24,NTDOY,1.073353886604309
2011-10-25,NTDOY,1.2124923467636108
2011-10-26,NTDOY,1.2124923467636108
2011-10-27,NTDOY,1.3019384145736694
2011-10-28,NTDOY,1.2820615768432615
2011-10-31,NTDOY,1.2820615768432615
2011-11-01,NTDOY,1.2820615768432615
2011-11-02,NTDOY,1.1627999544143677
2011-11-03,NTDOY,1.1826770305633545
2011-11-04,NTDOY,1.152861475944519
2011-11-07,NTDOY,1.152861475944519
2011-11-08,NTDOY,1.2423076629638672
2011-11-09,NTDOY,1.232369303703308
2011-11-10,NTDOY,1.232369303703308
2011-11-11,NTDOY,1.232369303703308
2011-11-14,NTDOY,1.232369303703308
2011-11-15,NTDOY,1.3615692853927612
2011-11-16,NTDOY,1.3615692853927612
2011-11-17,NTDOY,1.2919999361038208
2011-11-18,NTDOY,1.3516308069229126
2011-11-21,NTDOY,1.3516308069229126
2011-11-22,NTDOY,1.3118770122528076
2011-11-23,NTDOY,1.3118770122528076
2011-11-25,NTDOY,1.3118770122528076
2011-11-28,NTDOY,1.3615692853927612
2011-11-29,NTDOY,1.3615692853927612
2011-11-30,NTDOY,1.460953950881958
2011-12-01,NTDOY,1.470892310142517
2011-12-02,NTDOY,1.470892310142517
2011-12-05,NTDOY,1.4808307886123655
2011-12-06,NTDOY,1.4808307886123655
2011-12-07,NTDOY,1.4212000370025637
2011-12-08,NTDOY,1.3913846015930176
2011-12-09,NTDOY,1.3913846015930176
2011-12-12,NTDOY,1.3913846015930176
2011-12-13,NTDOY,1.3913846015930176
2011-12-14,NTDOY,1.3913846015930176
2011-12-15,NTDOY,1.3913846015930176
2011-12-16,NTDOY,1.3913846015930176
2011-12-19,NTDOY,1.2423076629638672
2011-12-20,NTDOY,1.2423076629638672
2011-12-21,NTDOY,1.2423076629638672
2011-12-22,NTDOY,1.2423076629638672
2011-12-23,NTDOY,1.2423076629638672
2011-12-27,NTDOY,1.2423076629638672
2011-12-28,NTDOY,1.2124923467636108
2011-12-29,NTDOY,1.2522461414337158
2011-12-30,NTDOY,1.2522461414337158
2012-01-03,NTDOY,1.2919999361038208
2012-01-04,NTDOY,1.2919999361038208
2012-01-05,NTDOY,1.3913846015930176
2012-01-06,NTDOY,1.3913846015930176
2012-01-09,NTDOY,1.3913846015930176
2012-01-10,NTDOY,1.3913846015930176
2012-01-11,NTDOY,1.341692328453064
2012-01-12,NTDOY,1.4013230800628662
2012-01-13,NTDOY,1.4013230800628662
2012-01-17,NTDOY,1.4013230800628662
2012-01-18,NTDOY,1.4410769939422607
2012-01-19,NTDOY,1.460953950881958
2012-01-20,NTDOY,1.460953950881958
2012-01-23,NTDOY,1.460953950881958
2012-01-24,NTDOY,1.460953950881958
2012-01-25,NTDOY,1.460953950881958
2012-01-26,NTDOY,1.5504000186920166
2012-01-27,NTDOY,1.5504000186920166
2012-01-30,NTDOY,1.5504000186920166
2012-01-31,NTDOY,1.570276975631714
2012-02-01,NTDOY,1.6000924110412598
2012-02-02,NTDOY,1.540461540222168
2012-02-03,NTDOY,1.540461540222168
2012-02-06,NTDOY,1.540461540222168
2012-02-07,NTDOY,1.540461540222168
2012-02-08,NTDOY,1.540461540222168
2012-02-09,NTDOY,1.540461540222168
2012-02-10,NTDOY,1.540461540222168
2012-02-13,NTDOY,1.5603384971618652
2012-02-14,NTDOY,1.6000924110412598
2012-02-15,NTDOY,1.6000924110412598
2012-02-16,NTDOY,1.6000924110412598
2012-02-17,NTDOY,1.6398462057113647
2012-02-21,NTDOY,1.6398462057113647
2012-02-22,NTDOY,1.6398462057113647
2012-02-23,NTDOY,1.729292392730713
2012-02-24,NTDOY,1.6398462057113647
2012-02-27,NTDOY,1.6398462057113647
2012-02-28,NTDOY,1.6398462057113647
2012-02-29,NTDOY,1.689538598060608
2012-03-01,NTDOY,1.689538598060608
2012-03-02,NTDOY,1.689538598060608
2012-03-05,NTDOY,1.689538598060608
2012-03-06,NTDOY,1.689538598060608
2012-03-07,NTDOY,1.689538598060608
2012-03-08,NTDOY,1.689538598060608
2012-03-09,NTDOY,1.689538598060608
2012-03-12,NTDOY,1.689538598060608
2012-03-13,NTDOY,1.689538598060608
2012-03-14,NTDOY,1.6000924110412598
2012-03-15,NTDOY,1.6000924110412598
2012-03-16,NTDOY,1.6796001195907593
2012-03-19,NTDOY,1.6796001195907593
2012-03-20,NTDOY,1.6796001195907593
2012-03-21,NTDOY,1.6796001195907593
2012-03-22,NTDOY,1.6796001195907593
2012-03-23,NTDOY,1.4907692670822144
2012-03-26,NTDOY,1.4907692670822144
2012-03-27,NTDOY,1.4907692670822144
2012-03-28,NTDOY,1.4907692670822144
2012-03-29,NTDOY,1.4907692670822144
2012-03-30,NTDOY,1.4907692670822144
2012-04-02,NTDOY,1.4907692670822144
2012-04-03,NTDOY,1.4907692670822144
2012-04-04,NTDOY,1.4907692670822144
2012-04-05,NTDOY,1.4907692670822144
2012-04-09,NTDOY,1.4907692670822144
2012-04-10,NTDOY,1.4907692670822144
2012-04-11,NTDOY,1.4907692670822144
2012-04-12,NTDOY,1.4907692670822144
2012-04-13,NTDOY,1.4907692670822144
2012-04-16,NTDOY,1.4907692670822144
2012-04-17,NTDOY,1.4907692670822144
2012-04-18,NTDOY,1.2919999361038208
2012-04-19,NTDOY,1.2919999361038208
2012-04-20,NTDOY,1.2919999361038208
2012-04-23,NTDOY,1.2919999361038208
2012-04-24,NTDOY,1.2919999361038208
2012-04-25,NTDOY,1.2423076629638672
2012-04-26,NTDOY,1.2919999361038208
2012-04-27,NTDOY,1.2919999361038208
2012-04-30,NTDOY,1.2919999361038208
2012-05-01,NTDOY,1.2919999361038208
2012-05-02,NTDOY,1.2919999361038208
2012-05-03,NTDOY,1.2919999361038208
2012-05-04,NTDOY,1.2999999523162842
2012-05-07,NTDOY,1.2999999523162842
2012-05-08,NTDOY,1.2999999523162842
2012-05-09,NTDOY,1.2200000286102295
2012-05-10,NTDOY,1.2200000286102295
2012-05-11,NTDOY,1.2200000286102295
2012-05-14,NTDOY,1.2200000286102295
2012-05-15,NTDOY,1.2200000286102295
2012-05-16,NTDOY,1.2200000286102295
2012-05-17,NTDOY,1.2200000286102295
2012-05-18,NTDOY,1.2200000286102295
2012-05-21,NTDOY,1.2200000286102295
2012-05-22,NTDOY,1.2200000286102295
2012-05-23,NTDOY,1.2200000286102295
2012-05-24,NTDOY,1.399999976158142
2012-05-25,NTDOY,1.399999976158142
2012-05-29,NTDOY,1.399999976158142
2012-05-30,NTDOY,1.1299999952316284
2012-05-31,NTDOY,1.1299999952316284
2012-06-01,NTDOY,1.1299999952316284
2012-06-04,NTDOY,1.1299999952316284
2012-06-05,NTDOY,1.1299999952316284
2012-06-06,NTDOY,1.1299999952316284
2012-06-07,NTDOY,1.5
2012-06-08,NTDOY,1.5
2012-06-11,NTDOY,1.5
2012-06-12,NTDOY,1.5
2012-06-13,NTDOY,1.5
2012-06-14,NTDOY,1.5
2012-06-15,NTDOY,1.5
2012-06-18,NTDOY,1.5
2012-06-19,NTDOY,1.5
2012-06-20,NTDOY,1.5
2012-06-21,NTDOY,1.5
2012-06-22,NTDOY,1.5
2012-06-25,NTDOY,1.5
2012-06-26,NTDOY,1.5
2012-06-27,NTDOY,1.5
2012-06-28,NTDOY,1.5
2012-06-29,NTDOY,1.5
2012-07-02,NTDOY,1.5
2012-07-03,NTDOY,1.5
2012-07-05,NTDOY,1.5
2012-07-06,NTDOY,1.5
2012-07-09,NTDOY,1.5
2012-07-10,NTDOY,1.3899999856948853
2012-07-11,NTDOY,1.3899999856948853
2012-07-12,NTDOY,1.3899999856948853
2012-07-13,NTDOY,1.3899999856948853
2012-07-16,NTDOY,1.3899999856948853
2012-07-17,NTDOY,1.3899999856948853
2012-07-18,NTDOY,1.3899999856948853
2012-07-19,NTDOY,1.3899999856948853
2012-07-20,NTDOY,1.2999999523162842
2012-07-23,NTDOY,1.2999999523162842
2012-07-24,NTDOY,1.2999999523162842
2012-07-25,NTDOY,1.2599999904632568
2012-07-26,NTDOY,1.2599999904632568
2012-07-27,NTDOY,1.3300000429153442
2012-07-30,NTDOY,1.3300000429153442
2012-07-31,NTDOY,1.3300000429153442
2012-08-01,NTDOY,1.3300000429153442
2012-08-02,NTDOY,1.3300000429153442
2012-08-03,NTDOY,1.3300000429153442
2012-08-06,NTDOY,1.3300000429153442
2012-08-07,NTDOY,1.3300000429153442
2012-08-08,NTDOY,1.3300000429153442
2012-08-09,NTDOY,1.3300000429153442
2012-08-10,NTDOY,1.3300000429153442
2012-08-13,NTDOY,1.3300000429153442
2012-08-14,NTDOY,1.3300000429153442
2012-08-15,NTDOY,1.3300000429153442
2012-08-16,NTDOY,1.350000023841858
2012-08-17,NTDOY,1.350000023841858
2012-08-20,NTDOY,1.350000023841858
2012-08-21,NTDOY,1.350000023841858
2012-08-22,NTDOY,1.350000023841858
2012-08-23,NTDOY,1.350000023841858
2012-08-24,NTDOY,1.399999976158142
2012-08-27,NTDOY,1.399999976158142
2012-08-28,NTDOY,1.399999976158142
2012-08-29,NTDOY,1.399999976158142
2012-08-30,NTDOY,1.399999976158142
2012-08-31,NTDOY,1.399999976158142
2012-09-04,NTDOY,1.399999976158142
2012-09-05,NTDOY,1.4900000095367432
2012-09-06,NTDOY,1.4900000095367432
2012-09-07,NTDOY,1.5499999523162842
2012-09-10,NTDOY,1.5499999523162842
2012-09-11,NTDOY,1.5800000429153442
2012-09-12,NTDOY,1.4800000190734863
2012-09-13,NTDOY,1.4800000190734863
2012-09-14,NTDOY,1.4800000190734863
2012-09-17,NTDOY,1.4800000190734863
2012-09-18,NTDOY,1.7300000190734863
2012-09-19,NTDOY,1.7300000190734863
2012-09-20,NTDOY,1.7300000190734863
2012-09-21,NTDOY,1.7300000190734863
2012-09-24,NTDOY,1.7200000286102295
2012-09-25,NTDOY,1.7200000286102295
2012-09-26,NTDOY,1.7200000286102295
2012-09-27,NTDOY,1.7200000286102295
2012-09-28,NTDOY,1.7200000286102295
2012-10-01,NTDOY,1.590000033378601
2012-10-02,NTDOY,1.590000033378601
2012-10-03,NTDOY,1.590000033378601
2012-10-04,NTDOY,1.590000033378601
2012-10-05,NTDOY,1.590000033378601
2012-10-08,NTDOY,1.590000033378601
2012-10-09,NTDOY,1.590000033378601
2012-10-10,NTDOY,1.5700000524520874
2012-10-11,NTDOY,1.6100000143051147
2012-10-12,NTDOY,1.690000057220459
2012-10-15,NTDOY,1.690000057220459
2012-10-16,NTDOY,1.7100000381469729
2012-10-17,NTDOY,1.7100000381469729
2012-10-18,NTDOY,1.7100000381469729
2012-10-19,NTDOY,1.7100000381469729
2012-10-22,NTDOY,1.75
2012-10-23,NTDOY,1.75
2012-10-24,NTDOY,1.75
2012-10-25,NTDOY,1.7000000476837158
2012-10-26,NTDOY,1.7000000476837158
2012-10-31,NTDOY,1.7000000476837158
2012-11-01,NTDOY,1.9800000190734863
2012-11-02,NTDOY,1.9600000381469729
2012-11-05,NTDOY,1.830000042915344
2012-11-06,NTDOY,1.830000042915344
2012-11-07,NTDOY,1.830000042915344
2012-11-08,NTDOY,2.0199999809265137
2012-11-09,NTDOY,2.0199999809265137
2012-11-12,NTDOY,1.899999976158142
2012-11-13,NTDOY,1.899999976158142
2012-11-14,NTDOY,1.899999976158142
2012-11-15,NTDOY,1.899999976158142
2012-11-16,NTDOY,1.850000023841858
2012-11-19,NTDOY,1.850000023841858
2012-11-20,NTDOY,1.850000023841858
2012-11-21,NTDOY,1.850000023841858
2012-11-23,NTDOY,2.0
2012-11-26,NTDOY,2.0
2012-11-27,NTDOY,2.0
2012-11-28,NTDOY,2.0
2012-11-29,NTDOY,2.0
2012-11-30,NTDOY,2.0
2012-12-03,NTDOY,2.0
2012-12-04,NTDOY,1.919999957084656
2012-12-05,NTDOY,1.899999976158142
2012-12-06,NTDOY,1.899999976158142
2012-12-07,NTDOY,1.899999976158142
2012-12-10,NTDOY,1.899999976158142
2012-12-11,NTDOY,2.0
2012-12-12,NTDOY,2.130000114440918
2012-12-13,NTDOY,2.130000114440918
2012-12-14,NTDOY,2.0999999046325684
2012-12-17,NTDOY,2.0999999046325684
2012-12-18,NTDOY,2.0999999046325684
2012-12-19,NTDOY,2.0999999046325684
2012-12-20,NTDOY,2.0799999237060547
2012-12-21,NTDOY,2.0999999046325684
2012-12-24,NTDOY,2.0999999046325684
2012-12-26,NTDOY,2.0999999046325684
2012-12-27,NTDOY,2.0999999046325684
2012-12-28,NTDOY,2.0999999046325684
2012-12-31,NTDOY,2.0999999046325684
2013-01-02,NTDOY,2.0999999046325684
2013-01-03,NTDOY,2.0999999046325684
2013-01-04,NTDOY,2.0999999046325684
2013-01-07,NTDOY,2.0999999046325684
2013-01-08,NTDOY,1.9900000095367432
2013-01-09,NTDOY,1.9900000095367432
2013-01-10,NTDOY,1.9900000095367432
2013-01-11,NTDOY,1.940000057220459
2013-01-14,NTDOY,1.9600000381469729
2013-01-15,NTDOY,1.9600000381469729
2013-01-16,NTDOY,1.9600000381469729
2013-01-17,NTDOY,1.9600000381469729
2013-01-18,NTDOY,1.9600000381469729
2013-01-22,NTDOY,1.9600000381469729
2013-01-23,NTDOY,1.9600000381469729
2013-01-24,NTDOY,1.870000004768372
2013-01-25,NTDOY,1.870000004768372
2013-01-28,NTDOY,1.870000004768372
2013-01-29,NTDOY,1.899999976158142
2013-01-30,NTDOY,1.899999976158142
2013-01-31,NTDOY,1.899999976158142
2013-02-01,NTDOY,1.909999966621399
2013-02-04,NTDOY,1.909999966621399
2013-02-05,NTDOY,1.909999966621399
2013-02-06,NTDOY,1.940000057220459
2013-02-07,NTDOY,2.069999933242798
2013-02-08,NTDOY,2.069999933242798
2013-02-11,NTDOY,2.069999933242798
2013-02-12,NTDOY,2.069999933242798
2013-02-13,NTDOY,2.0999999046325684
2013-02-14,NTDOY,2.0999999046325684
2013-02-15,NTDOY,2.0899999141693115
2013-02-19,NTDOY,2.0999999046325684
2013-02-20,NTDOY,2.0999999046325684
2013-02-21,NTDOY,2.0999999046325684
2013-02-22,NTDOY,2.0999999046325684
2013-02-25,NTDOY,2.039999961853028
2013-02-26,NTDOY,2.049999952316284
2013-02-27,NTDOY,2.049999952316284
2013-02-28,NTDOY,2.200000047683716
2013-03-01,NTDOY,2.220000028610229
2013-03-04,NTDOY,2.200000047683716
2013-03-05,NTDOY,2.200000047683716
2013-03-06,NTDOY,2.200000047683716
2013-03-07,NTDOY,2.2699999809265137
2013-03-08,NTDOY,2.190000057220459
2013-03-11,NTDOY,2.200000047683716
2013-03-12,NTDOY,2.200000047683716
2013-03-13,NTDOY,2.200000047683716
2013-03-14,NTDOY,2.200000047683716
2013-03-15,NTDOY,2.200000047683716
2013-03-18,NTDOY,2.200000047683716
2013-03-19,NTDOY,2.200000047683716
2013-03-20,NTDOY,2.190000057220459
2013-03-21,NTDOY,2.190000057220459
2013-03-22,NTDOY,2.190000057220459
2013-03-25,NTDOY,2.190000057220459
2013-03-26,NTDOY,2.119999885559082
2013-03-27,NTDOY,2.119999885559082
2013-03-28,NTDOY,2.0999999046325684
2013-04-01,NTDOY,2.0999999046325684
2013-04-02,NTDOY,2.0999999046325684
2013-04-03,NTDOY,2.0999999046325684
2013-04-04,NTDOY,2.0999999046325684
2013-04-05,NTDOY,2.150000095367432
2013-04-08,NTDOY,2.150000095367432
2013-04-09,NTDOY,2.150000095367432
2013-04-10,NTDOY,2.150000095367432
2013-04-11,NTDOY,2.150000095367432
2013-04-12,NTDOY,2.190000057220459
2013-04-15,NTDOY,2.190000057220459
2013-04-16,NTDOY,2.0999999046325684
2013-04-17,NTDOY,2.009999990463257
2013-04-18,NTDOY,1.940000057220459
2013-04-19,NTDOY,2.130000114440918
2013-04-22,NTDOY,1.9700000286102293
2013-04-23,NTDOY,1.9700000286102293
2013-04-24,NTDOY,1.9700000286102293
2013-04-25,NTDOY,1.9700000286102293
2013-04-26,NTDOY,1.9700000286102293
2013-04-29,NTDOY,2.25
2013-04-30,NTDOY,2.25
2013-05-01,NTDOY,2.259999990463257
2013-05-02,NTDOY,2.259999990463257
2013-05-03,NTDOY,2.259999990463257
2013-05-06,NTDOY,2.259999990463257
2013-05-07,NTDOY,2.190000057220459
2013-05-08,NTDOY,2.25
2013-05-09,NTDOY,2.25
2013-05-10,NTDOY,2.25
2013-05-13,NTDOY,2.25
2013-05-14,NTDOY,2.25
2013-05-15,NTDOY,2.25
2013-05-16,NTDOY,2.25
2013-05-17,NTDOY,2.490000009536743
2013-05-20,NTDOY,2.490000009536743
2013-05-21,NTDOY,2.5
2013-05-22,NTDOY,2.5
2013-05-23,NTDOY,2.5
2013-05-24,NTDOY,2.450000047683716
2013-05-28,NTDOY,2.5199999809265137
2013-05-29,NTDOY,2.5199999809265137
2013-05-30,NTDOY,2.630000114440918
2013-05-31,NTDOY,2.630000114440918
2013-06-03,NTDOY,2.630000114440918
2013-06-04,NTDOY,2.630000114440918
2013-06-05,NTDOY,2.630000114440918
2013-06-06,NTDOY,2.75
2013-06-07,NTDOY,2.700000047683716
2013-06-10,NTDOY,2.7799999713897705
2013-06-11,NTDOY,2.7100000381469727
2013-06-12,NTDOY,2.759999990463257
2013-06-13,NTDOY,2.75
2013-06-14,NTDOY,2.75
2013-06-17,NTDOY,2.6700000762939453
2013-06-18,NTDOY,2.7300000190734863
2013-06-19,NTDOY,2.809999942779541
2013-06-20,NTDOY,2.720000028610229
2013-06-21,NTDOY,2.549999952316284
2013-06-24,NTDOY,2.549999952316284
2013-06-25,NTDOY,2.549999952316284
2013-06-26,NTDOY,2.640000104904175
2013-06-27,NTDOY,2.5999999046325684
2013-06-28,NTDOY,2.559999942779541
2013-07-01,NTDOY,2.559999942779541
2013-07-02,NTDOY,2.619999885559082
2013-07-03,NTDOY,2.619999885559082
2013-07-05,NTDOY,2.619999885559082
2013-07-08,NTDOY,2.619999885559082
2013-07-09,NTDOY,2.619999885559082
2013-07-10,NTDOY,2.950000047683716
2013-07-11,NTDOY,3.0299999713897705
2013-07-12,NTDOY,3.0299999713897705
2013-07-15,NTDOY,3.0299999713897705
2013-07-16,NTDOY,3.0299999713897705
2013-07-17,NTDOY,3.119999885559082
2013-07-18,NTDOY,3.0799999237060547
2013-07-19,NTDOY,3.069999933242798
2013-07-22,NTDOY,3.0999999046325684
2013-07-23,NTDOY,3.0999999046325684
2013-07-24,NTDOY,3.0999999046325684
2013-07-25,NTDOY,3.119999885559082
2013-07-26,NTDOY,3.119999885559082
2013-07-29,NTDOY,3.0899999141693115
2013-07-30,NTDOY,3.049999952316284
2013-07-31,NTDOY,3.0999999046325684
2013-08-01,NTDOY,3.180000066757202
2013-08-02,NTDOY,3.1700000762939453
2013-08-05,NTDOY,3.1600000858306885
2013-08-06,NTDOY,3.180000066757202
2013-08-07,NTDOY,3.059999942779541
2013-08-08,NTDOY,3.200000047683716
2013-08-09,NTDOY,3.240000009536743
2013-08-12,NTDOY,3.2300000190734863
2013-08-13,NTDOY,3.200000047683716
2013-08-14,NTDOY,3.0899999141693115
2013-08-15,NTDOY,3.150000095367432
2013-08-16,NTDOY,3.150000095367432
2013-08-19,NTDOY,3.150000095367432
2013-08-20,NTDOY,3.140000104904175
2013-08-21,NTDOY,3.0999999046325684
2013-08-22,NTDOY,3.259999990463257
2013-08-23,NTDOY,3.259999990463257
2013-08-26,NTDOY,3.25
2013-08-27,NTDOY,3.0999999046325684
2013-08-28,NTDOY,3.049999952316284
2013-08-29,NTDOY,3.049999952316284
2013-08-30,NTDOY,3.0
2013-09-03,NTDOY,3.059999942779541
2013-09-04,NTDOY,3.059999942779541
2013-09-05,NTDOY,3.0
2013-09-06,NTDOY,3.0799999237060547
2013-09-09,NTDOY,3.0199999809265137
2013-09-10,NTDOY,3.0199999809265137
2013-09-11,NTDOY,3.140000104904175
2013-09-12,NTDOY,3.190000057220459
2013-09-13,NTDOY,3.059999942779541
2013-09-16,NTDOY,3.059999942779541
2013-09-17,NTDOY,3.059999942779541
2013-09-18,NTDOY,3.059999942779541
2013-09-19,NTDOY,3.200000047683716
2013-09-20,NTDOY,3.2100000381469727
2013-09-23,NTDOY,3.150000095367432
2013-09-24,NTDOY,3.059999942779541
2013-09-25,NTDOY,3.069999933242798
2013-09-26,NTDOY,3.069999933242798
2013-09-27,NTDOY,3.059999942779541
2013-09-30,NTDOY,3.140000104904175
2013-10-01,NTDOY,3.2100000381469727
2013-10-02,NTDOY,3.200000047683716
2013-10-03,NTDOY,3.0199999809265137
2013-10-04,NTDOY,3.069999933242798
2013-10-07,NTDOY,3.039999961853028
2013-10-08,NTDOY,3.009999990463257
2013-10-09,NTDOY,2.900000095367432
2013-10-10,NTDOY,2.900000095367432
2013-10-11,NTDOY,3.0
2013-10-14,NTDOY,2.9800000190734863
2013-10-15,NTDOY,2.9100000858306885
2013-10-16,NTDOY,2.3499999046325684
2013-10-17,NTDOY,2.4200000762939453
2013-10-18,NTDOY,2.440000057220459
2013-10-21,NTDOY,2.4100000858306885
2013-10-22,NTDOY,2.4100000858306885
2013-10-23,NTDOY,2.400000095367432
2013-10-24,NTDOY,2.470000028610229
2013-10-25,NTDOY,2.430000066757202
2013-10-28,NTDOY,2.4200000762939453
2013-10-29,NTDOY,2.4600000381469727
2013-10-30,NTDOY,2.509999990463257
2013-10-31,NTDOY,2.539999961853028
2013-11-01,NTDOY,2.5199999809265137
2013-11-04,NTDOY,2.539999961853028
2013-11-05,NTDOY,2.470000028610229
2013-11-06,NTDOY,2.5199999809265137
2013-11-07,NTDOY,2.509999990463257
2013-11-08,NTDOY,2.470000028610229
2013-11-11,NTDOY,2.539999961853028
2013-11-12,NTDOY,2.539999961853028
2013-11-13,NTDOY,2.539999961853028
2013-11-14,NTDOY,2.569999933242798
2013-11-15,NTDOY,2.650000095367432
2013-11-18,NTDOY,2.6600000858306885
2013-11-19,NTDOY,2.640000104904175
2013-11-20,NTDOY,2.609999895095825
2013-11-21,NTDOY,2.559999942779541
2013-11-22,NTDOY,2.5899999141693115
2013-11-25,NTDOY,2.5799999237060547
2013-11-26,NTDOY,2.609999895095825
2013-11-27,NTDOY,2.609999895095825
2013-11-29,NTDOY,2.609999895095825
2013-12-02,NTDOY,2.6600000858306885
2013-12-03,NTDOY,2.5199999809265137
2013-12-04,NTDOY,2.5799999237060547
2013-12-05,NTDOY,2.549999952316284
2013-12-06,NTDOY,2.619999885559082
2013-12-09,NTDOY,2.650000095367432
2013-12-10,NTDOY,2.6700000762939453
2013-12-11,NTDOY,2.609999895095825
2013-12-12,NTDOY,2.619999885559082
2013-12-13,NTDOY,2.5999999046325684
2013-12-16,NTDOY,2.5999999046325684
2013-12-17,NTDOY,2.5
2013-12-18,NTDOY,2.5299999713897705
2013-12-19,NTDOY,2.5999999046325684
2013-12-20,NTDOY,2.690000057220459
2013-12-23,NTDOY,2.7300000190734863
2013-12-24,NTDOY,2.7300000190734863
2013-12-26,NTDOY,2.7300000190734863
2013-12-27,NTDOY,2.7300000190734863
2013-12-30,NTDOY,2.7799999713897705
2013-12-31,NTDOY,2.799999952316284
2014-01-02,NTDOY,2.700000047683716
2014-01-03,NTDOY,2.700000047683716
2014-01-06,NTDOY,2.7699999809265137
2014-01-07,NTDOY,2.720000028610229
2014-01-08,NTDOY,2.890000104904175
2014-01-09,NTDOY,2.8499999046325684
2014-01-10,NTDOY,2.9100000858306885
2014-01-13,NTDOY,2.9100000858306885
2014-01-14,NTDOY,2.7799999713897705
2014-01-15,NTDOY,2.8299999237060547
2014-01-16,NTDOY,2.8399999141693115
2014-01-17,NTDOY,2.819999933242798
2014-01-21,NTDOY,2.819999933242798
2014-01-22,NTDOY,2.880000114440918
2014-01-23,NTDOY,2.900000095367432
2014-01-24,NTDOY,2.8499999046325684
2014-01-27,NTDOY,2.75
2014-01-28,NTDOY,2.759999990463257
2014-01-29,NTDOY,2.7799999713897705
2014-01-30,NTDOY,2.700000047683716
2014-01-31,NTDOY,2.7300000190734863
2014-02-03,NTDOY,2.680000066757202
2014-02-04,NTDOY,2.690000057220459
2014-02-05,NTDOY,2.740000009536743
2014-02-06,NTDOY,2.819999933242798
2014-02-07,NTDOY,2.930000066757202
2014-02-10,NTDOY,2.880000114440918
2014-02-11,NTDOY,3.059999942779541
2014-02-12,NTDOY,3.059999942779541
2014-02-13,NTDOY,3.119999885559082
2014-02-14,NTDOY,3.150000095367432
2014-02-18,NTDOY,3.190000057220459
2014-02-19,NTDOY,3.190000057220459
2014-02-20,NTDOY,3.1700000762939453
2014-02-21,NTDOY,3.2100000381469727
2014-02-24,NTDOY,3.200000047683716
2014-02-25,NTDOY,3.2300000190734863
2014-02-26,NTDOY,3.180000066757202
2014-02-27,NTDOY,3.190000057220459
2014-02-28,NTDOY,3.190000057220459
2014-03-03,NTDOY,3.140000104904175
2014-03-04,NTDOY,3.2100000381469727
2014-03-05,NTDOY,3.180000066757202
2014-03-06,NTDOY,3.400000095367432
2014-03-07,NTDOY,3.559999942779541
2014-03-10,NTDOY,3.440000057220459
2014-03-11,NTDOY,3.400000095367432
2014-03-12,NTDOY,3.319999933242798
2014-03-13,NTDOY,3.369999885559082
2014-03-14,NTDOY,3.309999942779541
2014-03-17,NTDOY,3.490000009536743
2014-03-18,NTDOY,3.490000009536743
2014-03-19,NTDOY,3.5199999809265137
2014-03-20,NTDOY,3.450000047683716
2014-03-21,NTDOY,3.400000095367432
2014-03-24,NTDOY,3.299999952316284
2014-03-25,NTDOY,3.380000114440918
2014-03-26,NTDOY,3.4600000381469727
2014-03-27,NTDOY,3.4200000762939453
2014-03-28,NTDOY,3.450000047683716
2014-03-31,NTDOY,3.5
2014-04-01,NTDOY,3.5199999809265137
2014-04-02,NTDOY,3.490000009536743
2014-04-03,NTDOY,3.5
2014-04-04,NTDOY,3.4600000381469727
2014-04-07,NTDOY,3.4800000190734863
2014-04-08,NTDOY,3.400000095367432
2014-04-09,NTDOY,3.5
2014-04-10,NTDOY,3.5199999809265137
2014-04-11,NTDOY,3.4600000381469727
2014-04-14,NTDOY,3.430000066757202
2014-04-15,NTDOY,3.4200000762939453
2014-04-16,NTDOY,3.3299999237060547
2014-04-17,NTDOY,3.430000066757202
2014-04-21,NTDOY,3.430000066757202
2014-04-22,NTDOY,3.5
2014-04-23,NTDOY,3.5899999141693115
2014-04-24,NTDOY,3.630000114440918
2014-04-25,NTDOY,3.640000104904175
2014-04-28,NTDOY,3.619999885559082
2014-04-29,NTDOY,3.7300000190734863
2014-04-30,NTDOY,3.700000047683716
2014-05-01,NTDOY,3.7200000286102295
2014-05-02,NTDOY,3.7200000286102295
2014-05-05,NTDOY,3.700000047683716
2014-05-06,NTDOY,3.7100000381469727
2014-05-07,NTDOY,3.859999895095825
2014-05-08,NTDOY,3.859999895095825
2014-05-09,NTDOY,3.859999895095825
2014-05-12,NTDOY,3.869999885559082
2014-05-13,NTDOY,3.829999923706055
2014-05-14,NTDOY,3.690000057220459
2014-05-15,NTDOY,3.690000057220459
2014-05-16,NTDOY,3.7799999713897705
2014-05-19,NTDOY,3.890000104904175
2014-05-20,NTDOY,3.890000104904175
2014-05-21,NTDOY,3.849999904632568
2014-05-22,NTDOY,3.859999895095825
2014-05-23,NTDOY,3.910000085830689
2014-05-27,NTDOY,3.819999933242798
2014-05-28,NTDOY,3.7200000286102295
2014-05-29,NTDOY,3.9800000190734863
2014-05-30,NTDOY,3.940000057220459
2014-06-02,NTDOY,3.940000057220459
2014-06-03,NTDOY,3.9600000381469727
2014-06-04,NTDOY,4.059999942779541
2014-06-05,NTDOY,4.03000020980835
2014-06-06,NTDOY,4.059999942779541
2014-06-09,NTDOY,4.019999980926514
2014-06-10,NTDOY,4.079999923706055
2014-06-11,NTDOY,4.0
2014-06-12,NTDOY,3.990000009536743
2014-06-13,NTDOY,3.880000114440918
2014-06-16,NTDOY,3.920000076293945
2014-06-17,NTDOY,3.940000057220459
2014-06-18,NTDOY,3.930000066757202
2014-06-19,NTDOY,3.819999933242798
2014-06-20,NTDOY,3.829999923706055
2014-06-23,NTDOY,3.799999952316284
2014-06-24,NTDOY,3.7200000286102295
2014-06-25,NTDOY,3.690000057220459
2014-06-26,NTDOY,3.7300000190734863
2014-06-27,NTDOY,3.680000066757202
2014-06-30,NTDOY,3.5999999046325684
2014-07-01,NTDOY,3.630000114440918
2014-07-02,NTDOY,3.660000085830689
2014-07-03,NTDOY,3.7899999618530273
2014-07-07,NTDOY,3.640000104904175
2014-07-08,NTDOY,3.5999999046325684
2014-07-09,NTDOY,3.670000076293945
2014-07-10,NTDOY,3.630000114440918
2014-07-11,NTDOY,3.5299999713897705
2014-07-14,NTDOY,3.619999885559082
2014-07-15,NTDOY,3.5899999141693115
2014-07-16,NTDOY,3.539999961853028
2014-07-17,NTDOY,3.5799999237060547
2014-07-18,NTDOY,3.509999990463257
2014-07-21,NTDOY,3.509999990463257
2014-07-22,NTDOY,3.470000028610229
2014-07-23,NTDOY,3.5799999237060547
2014-07-24,NTDOY,3.5
2014-07-25,NTDOY,3.5
2014-07-28,NTDOY,3.470000028610229
2014-07-29,NTDOY,3.490000009536743
2014-07-30,NTDOY,3.440000057220459
2014-07-31,NTDOY,3.299999952316284
2014-08-01,NTDOY,3.200000047683716
2014-08-04,NTDOY,3.0299999713897705
2014-08-05,NTDOY,3.130000114440918
2014-08-06,NTDOY,3.0
2014-08-07,NTDOY,2.950000047683716
2014-08-08,NTDOY,2.970000028610229
2014-08-11,NTDOY,3.0799999237060547
2014-08-12,NTDOY,3.119999885559082
2014-08-13,NTDOY,3.130000114440918
2014-08-14,NTDOY,3.1600000858306885
2014-08-15,NTDOY,3.140000104904175
2014-08-18,NTDOY,3.140000104904175
2014-08-19,NTDOY,3.289999961853028
2014-08-20,NTDOY,3.299999952316284
2014-08-21,NTDOY,3.359999895095825
2014-08-22,NTDOY,3.289999961853028
2014-08-25,NTDOY,3.3299999237060547
2014-08-26,NTDOY,3.369999885559082
2014-08-27,NTDOY,3.369999885559082
2014-08-28,NTDOY,3.289999961853028
2014-08-29,NTDOY,3.289999961853028
2014-09-02,NTDOY,3.2799999713897705
2014-09-03,NTDOY,3.3299999237060547
2014-09-04,NTDOY,3.3399999141693115
2014-09-05,NTDOY,3.3499999046325684
2014-09-08,NTDOY,3.2799999713897705
2014-09-09,NTDOY,3.2799999713897705
2014-09-10,NTDOY,3.2699999809265137
2014-09-11,NTDOY,3.400000095367432
2014-09-12,NTDOY,3.5
2014-09-15,NTDOY,3.4800000190734863
2014-09-16,NTDOY,3.440000057220459
2014-09-17,NTDOY,3.4800000190734863
2014-09-18,NTDOY,3.450000047683716
2014-09-19,NTDOY,3.309999942779541
2014-09-22,NTDOY,3.3299999237060547
2014-09-23,NTDOY,3.299999952316284
2014-09-24,NTDOY,3.190000057220459
2014-09-25,NTDOY,3.1700000762939453
2014-09-26,NTDOY,3.2300000190734863
2014-09-29,NTDOY,3.4100000858306885
2014-09-30,NTDOY,3.259999990463257
2014-10-01,NTDOY,3.2100000381469727
2014-10-02,NTDOY,3.150000095367432
2014-10-03,NTDOY,3.240000009536743
2014-10-06,NTDOY,3.200000047683716
2014-10-07,NTDOY,3.0999999046325684
2014-10-08,NTDOY,3.0899999141693115
2014-10-09,NTDOY,3.0
2014-10-10,NTDOY,2.869999885559082
2014-10-13,NTDOY,2.869999885559082
2014-10-14,NTDOY,2.990000009536743
2014-10-15,NTDOY,2.970000028610229
2014-10-16,NTDOY,2.9200000762939453
2014-10-17,NTDOY,3.0
2014-10-20,NTDOY,3.0
2014-10-21,NTDOY,3.0899999141693115
2014-10-22,NTDOY,3.109999895095825
2014-10-23,NTDOY,3.140000104904175
2014-10-24,NTDOY,3.109999895095825
2014-10-27,NTDOY,3.059999942779541
2014-10-28,NTDOY,3.109999895095825
2014-10-29,NTDOY,3.259999990463257
2014-10-30,NTDOY,3.309999942779541
2014-10-31,NTDOY,3.559999942779541
2014-11-03,NTDOY,3.660000085830689
2014-11-04,NTDOY,3.690000057220459
2014-11-05,NTDOY,3.640000104904175
2014-11-06,NTDOY,3.640000104904175
2014-11-07,NTDOY,3.630000114440918
2014-11-10,NTDOY,3.609999895095825
2014-11-11,NTDOY,3.619999885559082
2014-11-12,NTDOY,3.319999933242798
2014-11-13,NTDOY,3.3399999141693115
2014-11-14,NTDOY,3.3499999046325684
2014-11-17,NTDOY,3.549999952316284
2014-11-18,NTDOY,3.4800000190734863
2014-11-19,NTDOY,3.5
2014-11-20,NTDOY,3.470000028610229
2014-11-21,NTDOY,3.509999990463257
2014-11-24,NTDOY,3.509999990463257
2014-11-25,NTDOY,3.5299999713897705
2014-11-26,NTDOY,3.5299999713897705
2014-11-28,NTDOY,3.5299999713897705
2014-12-01,NTDOY,3.450000047683716
2014-12-02,NTDOY,3.450000047683716
2014-12-03,NTDOY,3.400000095367432
2014-12-04,NTDOY,3.619999885559082
2014-12-05,NTDOY,3.640000104904175
2014-12-08,NTDOY,3.650000095367432
2014-12-09,NTDOY,3.5999999046325684
2014-12-10,NTDOY,3.539999961853028
2014-12-11,NTDOY,3.5299999713897705
2014-12-12,NTDOY,3.5299999713897705
2014-12-15,NTDOY,3.4800000190734863
2014-12-16,NTDOY,3.4600000381469727
2014-12-17,NTDOY,3.5
2014-12-18,NTDOY,3.539999961853028
2014-12-19,NTDOY,3.5899999141693115
2014-12-22,NTDOY,3.609999895095825
2014-12-23,NTDOY,3.5999999046325684
2014-12-24,NTDOY,3.630000114440918
2014-12-26,NTDOY,3.5999999046325684
2014-12-29,NTDOY,3.5899999141693115
2014-12-30,NTDOY,3.619999885559082
2014-12-31,NTDOY,3.619999885559082
2015-01-02,NTDOY,3.5999999046325684
2015-01-05,NTDOY,3.509999990463257
2015-01-06,NTDOY,3.630000114440918
2015-01-07,NTDOY,3.640000104904175
2015-01-08,NTDOY,3.7100000381469727
2015-01-09,NTDOY,3.7799999713897705
2015-01-12,NTDOY,3.7799999713897705
2015-01-13,NTDOY,3.759999990463257
2015-01-14,NTDOY,3.7300000190734863
2015-01-15,NTDOY,3.700000047683716
2015-01-16,NTDOY,3.619999885559082
2015-01-20,NTDOY,3.5899999141693115
2015-01-21,NTDOY,3.650000095367432
2015-01-22,NTDOY,3.5999999046325684
2015-01-23,NTDOY,3.609999895095825
2015-01-26,NTDOY,3.7300000190734863
2015-01-27,NTDOY,3.7300000190734863
2015-01-28,NTDOY,3.7899999618530273
2015-01-29,NTDOY,3.829999923706055
2015-01-30,NTDOY,3.9700000286102295
2015-02-02,NTDOY,3.940000057220459
2015-02-03,NTDOY,3.9700000286102295
2015-02-04,NTDOY,4.050000190734863
2015-02-05,NTDOY,4.090000152587891
2015-02-06,NTDOY,3.9700000286102295
2015-02-09,NTDOY,3.880000114440918
2015-02-10,NTDOY,3.890000104904175
2015-02-11,NTDOY,3.869999885559082
2015-02-12,NTDOY,4.150000095367432
2015-02-13,NTDOY,3.9800000190734863
2015-02-17,NTDOY,3.910000085830689
2015-02-18,NTDOY,3.940000057220459
2015-02-19,NTDOY,3.950000047683716
2015-02-20,NTDOY,3.759999990463257
2015-02-23,NTDOY,3.7300000190734863
2015-02-24,NTDOY,3.819999933242798
2015-02-25,NTDOY,3.7699999809265137
2015-02-26,NTDOY,3.660000085830689
2015-02-27,NTDOY,3.640000104904175
2015-03-02,NTDOY,3.690000057220459
2015-03-03,NTDOY,3.619999885559082
2015-03-04,NTDOY,3.619999885559082
2015-03-05,NTDOY,3.650000095367432
2015-03-06,NTDOY,3.660000085830689
2015-03-09,NTDOY,3.5999999046325684
2015-03-10,NTDOY,3.5999999046325684
2015-03-11,NTDOY,3.630000114440918
2015-03-12,NTDOY,3.559999942779541
2015-03-13,NTDOY,3.490000009536743
2015-03-16,NTDOY,3.5
2015-03-17,NTDOY,3.5299999713897705
2015-03-18,NTDOY,3.559999942779541
2015-03-19,NTDOY,3.5299999713897705
2015-03-20,NTDOY,3.680000066757202
2015-03-23,NTDOY,3.670000076293945
2015-03-24,NTDOY,3.680000066757202
2015-03-25,NTDOY,3.740000009536743
2015-03-26,NTDOY,3.569999933242798
2015-03-27,NTDOY,3.569999933242798
2015-03-30,NTDOY,3.569999933242798
2015-03-31,NTDOY,3.609999895095825
2015-04-01,NTDOY,3.630000114440918
2015-04-02,NTDOY,3.630000114440918
2015-04-06,NTDOY,3.740000009536743
2015-04-07,NTDOY,3.7200000286102295
2015-04-08,NTDOY,3.7200000286102295
2015-04-09,NTDOY,3.7799999713897705
2015-04-10,NTDOY,3.7799999713897705
2015-04-13,NTDOY,3.7799999713897705
2015-04-14,NTDOY,3.7699999809265137
2015-04-15,NTDOY,3.75
2015-04-16,NTDOY,3.7200000286102295
2015-04-17,NTDOY,3.680000066757202
2015-04-20,NTDOY,3.690000057220459
2015-04-21,NTDOY,3.759999990463257
2015-04-22,NTDOY,3.740000009536743
2015-04-23,NTDOY,3.75
2015-04-24,NTDOY,3.75
2015-04-27,NTDOY,3.7200000286102295
2015-04-28,NTDOY,3.7200000286102295
2015-04-29,NTDOY,3.7200000286102295
2015-04-30,NTDOY,3.5899999141693115
2015-05-01,NTDOY,3.5899999141693115
2015-05-04,NTDOY,3.5899999141693115
2015-05-05,NTDOY,3.609999895095825
2015-05-06,NTDOY,3.660000085830689
2015-05-07,NTDOY,3.75
2015-05-08,NTDOY,3.7799999713897705
2015-05-11,NTDOY,3.7799999713897705
2015-05-12,NTDOY,3.7200000286102295
2015-05-13,NTDOY,3.549999952316284
2015-05-14,NTDOY,3.4800000190734863
2015-05-15,NTDOY,3.619999885559082
2015-05-18,NTDOY,3.630000114440918
2015-05-19,NTDOY,3.630000114440918
2015-05-20,NTDOY,3.5999999046325684
2015-05-21,NTDOY,3.5799999237060547
2015-05-22,NTDOY,3.5799999237060547
2015-05-26,NTDOY,3.509999990463257
2015-05-27,NTDOY,3.4800000190734863
2015-05-28,NTDOY,3.5799999237060547
2015-05-29,NTDOY,3.539999961853028
2015-06-01,NTDOY,3.539999961853028
2015-06-02,NTDOY,3.539999961853028
2015-06-03,NTDOY,3.670000076293945
2015-06-04,NTDOY,3.670000076293945
2015-06-05,NTDOY,3.5199999809265137
2015-06-08,NTDOY,3.5299999713897705
2015-06-09,NTDOY,3.5299999713897705
2015-06-10,NTDOY,3.609999895095825
2015-06-11,NTDOY,3.670000076293945
2015-06-12,NTDOY,3.690000057220459
2015-06-15,NTDOY,3.4600000381469727
2015-06-16,NTDOY,3.4600000381469727
2015-06-17,NTDOY,3.4600000381469727
2015-06-18,NTDOY,3.4600000381469727
2015-06-19,NTDOY,3.5799999237060547
2015-06-22,NTDOY,3.549999952316284
2015-06-23,NTDOY,3.549999952316284
2015-06-24,NTDOY,3.630000114440918
2015-06-25,NTDOY,3.670000076293945
2015-06-26,NTDOY,3.619999885559082
2015-06-29,NTDOY,3.619999885559082
2015-06-30,NTDOY,3.549999952316284
2015-07-01,NTDOY,3.549999952316284
2015-07-02,NTDOY,3.5
2015-07-06,NTDOY,3.25
2015-07-07,NTDOY,3.259999990463257
2015-07-08,NTDOY,3.299999952316284
2015-07-09,NTDOY,3.289999961853028
2015-07-10,NTDOY,3.690000057220459
2015-07-13,NTDOY,3.660000085830689
2015-07-14,NTDOY,3.740000009536743
2015-07-15,NTDOY,3.740000009536743
2015-07-16,NTDOY,3.7799999713897705
2015-07-17,NTDOY,3.690000057220459
2015-07-20,NTDOY,3.759999990463257
2015-07-21,NTDOY,3.7699999809265137
2015-07-22,NTDOY,3.7899999618530273
2015-07-23,NTDOY,3.849999904632568
2015-07-24,NTDOY,3.900000095367432
2015-07-27,NTDOY,3.900000095367432
2015-07-28,NTDOY,3.829999923706055
2015-07-29,NTDOY,3.819999933242798
2015-07-30,NTDOY,3.849999904632568
2015-07-31,NTDOY,3.849999904632568
2015-08-03,NTDOY,3.869999885559082
2015-08-04,NTDOY,3.950000047683716
2015-08-05,NTDOY,4.050000190734863
2015-08-06,NTDOY,4.039999961853027
2015-08-07,NTDOY,3.920000076293945
2015-08-10,NTDOY,3.9700000286102295
2015-08-11,NTDOY,3.910000085830689
2015-08-12,NTDOY,3.910000085830689
2015-08-13,NTDOY,3.849999904632568
2015-08-14,NTDOY,3.910000085830689
2015-08-17,NTDOY,3.880000114440918
2015-08-18,NTDOY,3.880000114440918
2015-08-19,NTDOY,3.880000114440918
2015-08-20,NTDOY,3.880000114440918
2015-08-21,NTDOY,3.690000057220459
2015-08-24,NTDOY,3.680000066757202
2015-08-25,NTDOY,3.619999885559082
2015-08-26,NTDOY,3.700000047683716
2015-08-27,NTDOY,3.7200000286102295
2015-08-28,NTDOY,3.7200000286102295
2015-08-31,NTDOY,3.670000076293945
2015-09-01,NTDOY,3.630000114440918
2015-09-02,NTDOY,3.630000114440918
2015-09-03,NTDOY,3.5999999046325684
2015-09-04,NTDOY,3.670000076293945
2015-09-08,NTDOY,3.670000076293945
2015-09-09,NTDOY,3.619999885559082
2015-09-10,NTDOY,3.630000114440918
2015-09-11,NTDOY,3.5999999046325684
2015-09-14,NTDOY,3.650000095367432
2015-09-15,NTDOY,3.650000095367432
2015-09-16,NTDOY,3.7799999713897705
2015-09-17,NTDOY,3.869999885559082
2015-09-18,NTDOY,3.839999914169312
2015-09-21,NTDOY,3.890000104904175
2015-09-22,NTDOY,3.9600000381469727
2015-09-23,NTDOY,3.990000009536743
2015-09-24,NTDOY,4.050000190734863
2015-09-25,NTDOY,4.090000152587891
2015-09-28,NTDOY,4.090000152587891
2015-09-29,NTDOY,3.9600000381469727
2015-09-30,NTDOY,4.019999980926514
2015-10-01,NTDOY,4.090000152587891
2015-10-02,NTDOY,4.099999904632568
2015-10-05,NTDOY,4.110000133514404
2015-10-06,NTDOY,4.429999828338623
2015-10-07,NTDOY,4.510000228881836
2015-10-08,NTDOY,4.730000019073486
2015-10-09,NTDOY,4.829999923706055
2015-10-12,NTDOY,4.75
2015-10-13,NTDOY,4.760000228881836
2015-10-14,NTDOY,5.190000057220459
2015-10-15,NTDOY,5.590000152587891
2015-10-16,NTDOY,5.71999979019165
2015-10-19,NTDOY,5.590000152587891
2015-10-20,NTDOY,5.820000171661377
2015-10-21,NTDOY,5.659999847412109
2015-10-22,NTDOY,5.639999866485596
2015-10-23,NTDOY,5.760000228881836
2015-10-26,NTDOY,5.710000038146973
2015-10-27,NTDOY,5.849999904632568
2015-10-28,NTDOY,5.769999980926514
2015-10-29,NTDOY,5.880000114440918
2015-10-30,NTDOY,5.909999847412109
2015-11-02,NTDOY,5.869999885559082
2015-11-03,NTDOY,5.800000190734863
2015-11-04,NTDOY,5.659999847412109
2015-11-05,NTDOY,5.989999771118164
2015-11-06,NTDOY,5.960000038146973
2015-11-09,NTDOY,5.880000114440918
2015-11-10,NTDOY,5.449999809265137
2015-11-11,NTDOY,5.480000019073486
2015-11-12,NTDOY,5.730000019073486
2015-11-13,NTDOY,5.659999847412109
2015-11-16,NTDOY,5.659999847412109
2015-11-17,NTDOY,5.739999771118164
2015-11-18,NTDOY,5.739999771118164
2015-11-19,NTDOY,5.650000095367432
2015-11-20,NTDOY,5.619999885559082
2015-11-23,NTDOY,5.619999885559082
2015-11-24,NTDOY,5.679999828338623
2015-11-25,NTDOY,5.590000152587891
2015-11-27,NTDOY,5.590000152587891
2015-11-30,NTDOY,5.5
2015-12-01,NTDOY,5.860000133514404
2015-12-02,NTDOY,5.809999942779541
2015-12-03,NTDOY,5.800000190734863
2015-12-04,NTDOY,5.800000190734863
2015-12-07,NTDOY,5.889999866485596
2015-12-08,NTDOY,6.099999904632568
2015-12-09,NTDOY,5.840000152587891
2015-12-10,NTDOY,5.840000152587891
2015-12-11,NTDOY,5.75
2015-12-14,NTDOY,5.880000114440918
2015-12-15,NTDOY,5.809999942779541
2015-12-16,NTDOY,5.800000190734863
2015-12-17,NTDOY,5.869999885559082
2015-12-18,NTDOY,5.820000171661377
2015-12-21,NTDOY,5.690000057220459
2015-12-22,NTDOY,5.690000057220459
2015-12-23,NTDOY,5.809999942779541
2015-12-24,NTDOY,5.809999942779541
2015-12-28,NTDOY,5.900000095367432
2015-12-29,NTDOY,5.940000057220459
2015-12-30,NTDOY,5.900000095367432
2015-12-31,NTDOY,5.900000095367432
2016-01-04,NTDOY,5.690000057220459
2016-01-05,NTDOY,5.690000057220459
2016-01-06,NTDOY,4.989999771118164
2016-01-07,NTDOY,5.099999904632568
2016-01-08,NTDOY,5.369999885559082
2016-01-11,NTDOY,5.369999885559082
2016-01-12,NTDOY,5.230000019073486
2016-01-13,NTDOY,5.28000020980835
2016-01-14,NTDOY,5.300000190734863
2016-01-15,NTDOY,5.300000190734863
2016-01-19,NTDOY,5.260000228881836
2016-01-20,NTDOY,5.150000095367432
2016-01-21,NTDOY,5.090000152587891
2016-01-22,NTDOY,5.25
2016-01-25,NTDOY,5.46999979019165
2016-01-26,NTDOY,5.570000171661377
2016-01-27,NTDOY,5.460000038146973
2016-01-28,NTDOY,5.420000076293945
2016-01-29,NTDOY,5.449999809265137
2016-02-01,NTDOY,5.449999809265137
2016-02-02,NTDOY,5.389999866485596
2016-02-03,NTDOY,5.440000057220459
2016-02-04,NTDOY,5.28000020980835
2016-02-05,NTDOY,5.079999923706055
2016-02-08,NTDOY,4.739999771118164
2016-02-09,NTDOY,4.78000020980835
2016-02-10,NTDOY,4.860000133514404
2016-02-11,NTDOY,4.53000020980835
2016-02-12,NTDOY,4.199999809265137
2016-02-16,NTDOY,4.340000152587891
2016-02-17,NTDOY,4.429999828338623
2016-02-18,NTDOY,4.960000038146973
2016-02-19,NTDOY,5.159999847412109
2016-02-22,NTDOY,5.170000076293945
2016-02-23,NTDOY,5.53000020980835
2016-02-24,NTDOY,5.53000020980835
2016-02-25,NTDOY,5.679999828338623
2016-02-26,NTDOY,5.909999847412109
2016-02-29,NTDOY,5.71999979019165
2016-03-01,NTDOY,6.070000171661377
2016-03-02,NTDOY,5.900000095367432
2016-03-03,NTDOY,5.880000114440918
2016-03-04,NTDOY,5.900000095367432
2016-03-07,NTDOY,5.71999979019165
2016-03-08,NTDOY,5.71999979019165
2016-03-09,NTDOY,5.800000190734863
2016-03-10,NTDOY,5.900000095367432
2016-03-11,NTDOY,5.960000038146973
2016-03-14,NTDOY,5.880000114440918
2016-03-15,NTDOY,6.03000020980835
2016-03-16,NTDOY,6.010000228881836
2016-03-17,NTDOY,5.949999809265137
2016-03-18,NTDOY,5.940000057220459
2016-03-21,NTDOY,6.050000190734863
2016-03-22,NTDOY,6.099999904632568
2016-03-23,NTDOY,6.099999904632568
2016-03-24,NTDOY,6.070000171661377
2016-03-28,NTDOY,6.070000171661377
2016-03-29,NTDOY,6.079999923706055
2016-03-30,NTDOY,6.28000020980835
2016-03-31,NTDOY,6.179999828338623
2016-04-01,NTDOY,6.25
2016-04-04,NTDOY,6.260000228881836
2016-04-05,NTDOY,6.03000020980835
2016-04-06,NTDOY,6.03000020980835
2016-04-07,NTDOY,6.019999980926514
2016-04-08,NTDOY,6.0
2016-04-11,NTDOY,6.119999885559082
2016-04-12,NTDOY,6.119999885559082
2016-04-13,NTDOY,6.119999885559082
2016-04-14,NTDOY,6.119999885559082
2016-04-15,NTDOY,5.989999771118164
2016-04-18,NTDOY,6.110000133514404
2016-04-19,NTDOY,6.139999866485596
2016-04-20,NTDOY,6.110000133514404
2016-04-21,NTDOY,6.050000190734863
2016-04-22,NTDOY,6.010000228881836
2016-04-25,NTDOY,6.010000228881836
2016-04-26,NTDOY,5.909999847412109
2016-04-27,NTDOY,5.909999847412109
2016-04-28,NTDOY,5.820000171661377
2016-04-29,NTDOY,5.730000019073486
2016-05-02,NTDOY,5.989999771118164
2016-05-03,NTDOY,6.010000228881836
2016-05-04,NTDOY,6.039999961853027
2016-05-05,NTDOY,6.039999961853027
2016-05-06,NTDOY,5.960000038146973
2016-05-09,NTDOY,5.980000019073486
2016-05-10,NTDOY,6.0
2016-05-11,NTDOY,6.079999923706055
2016-05-12,NTDOY,6.380000114440918
2016-05-13,NTDOY,6.769999980926514
2016-05-16,NTDOY,6.789999961853027
2016-05-17,NTDOY,6.730000019073486
2016-05-18,NTDOY,6.710000038146973
2016-05-19,NTDOY,6.619999885559082
2016-05-20,NTDOY,6.75
2016-05-23,NTDOY,6.960000038146973
2016-05-24,NTDOY,7.0
2016-05-25,NTDOY,7.099999904632568
2016-05-26,NTDOY,7.099999904632568
2016-05-27,NTDOY,7.190000057220459
2016-05-31,NTDOY,7.360000133514404
2016-06-01,NTDOY,7.320000171661377
2016-06-02,NTDOY,7.46999979019165
2016-06-03,NTDOY,7.480000019073486
2016-06-06,NTDOY,7.380000114440918
2016-06-07,NTDOY,7.519999980926514
2016-06-08,NTDOY,7.5
2016-06-09,NTDOY,7.46999979019165
2016-06-10,NTDOY,7.309999942779541
2016-06-13,NTDOY,7.230000019073486
2016-06-14,NTDOY,7.0
2016-06-15,NTDOY,7.010000228881836
2016-06-16,NTDOY,6.96999979019165
2016-06-17,NTDOY,7.010000228881836
2016-06-20,NTDOY,7.53000020980835
2016-06-21,NTDOY,7.440000057220459
2016-06-22,NTDOY,7.460000038146973
2016-06-23,NTDOY,7.550000190734863
2016-06-24,NTDOY,7.199999809265137
2016-06-27,NTDOY,6.78000020980835
2016-06-28,NTDOY,7.21999979019165
2016-06-29,NTDOY,7.309999942779541
2016-06-30,NTDOY,7.260000228881836
2016-07-01,NTDOY,7.460000038146973
2016-07-05,NTDOY,7.320000171661377
2016-07-06,NTDOY,7.239999771118164
2016-07-07,NTDOY,7.400000095367432
2016-07-08,NTDOY,7.480000019073486
2016-07-11,NTDOY,7.630000114440918
2016-07-12,NTDOY,7.480000019073486
2016-07-13,NTDOY,7.489999771118164
2016-07-14,NTDOY,7.46999979019165
2016-07-15,NTDOY,7.400000095367432
2016-07-18,NTDOY,7.539999961853027
2016-07-19,NTDOY,7.800000190734863
2016-07-20,NTDOY,8.34000015258789
2016-07-21,NTDOY,7.920000076293945
2016-07-22,NTDOY,7.699999809265137
2016-07-25,NTDOY,7.650000095367432
2016-07-26,NTDOY,7.710000038146973
2016-07-27,NTDOY,7.900000095367432
2016-07-28,NTDOY,8.1899995803833
2016-07-29,NTDOY,8.149999618530273
2016-08-01,NTDOY,8.09000015258789
2016-08-02,NTDOY,8.140000343322754
2016-08-03,NTDOY,7.940000057220459
2016-08-04,NTDOY,8.239999771118164
2016-08-05,NTDOY,8.300000190734863
2016-08-08,NTDOY,8.09000015258789
2016-08-09,NTDOY,8.289999961853027
2016-08-10,NTDOY,8.0
2016-08-11,NTDOY,8.239999771118164
2016-08-12,NTDOY,8.109999656677246
2016-08-15,NTDOY,8.199999809265137
2016-08-16,NTDOY,8.180000305175781
2016-08-17,NTDOY,7.96999979019165
2016-08-18,NTDOY,8.029999732971191
2016-08-19,NTDOY,8.039999961853027
2016-08-22,NTDOY,8.010000228881836
2016-08-23,NTDOY,7.960000038146973
2016-08-24,NTDOY,7.920000076293945
2016-08-25,NTDOY,7.920000076293945
2016-08-26,NTDOY,7.75
2016-08-29,NTDOY,7.800000190734863
2016-08-30,NTDOY,7.809999942779541
2016-08-31,NTDOY,7.75
2016-09-01,NTDOY,7.980000019073486
2016-09-02,NTDOY,7.920000076293945
2016-09-06,NTDOY,8.210000038146973
2016-09-07,NTDOY,8.300000190734863
2016-09-08,NTDOY,8.149999618530273
2016-09-09,NTDOY,8.010000228881836
2016-09-12,NTDOY,8.010000228881836
2016-09-13,NTDOY,7.820000171661377
2016-09-14,NTDOY,7.920000076293945
2016-09-15,NTDOY,8.0
2016-09-16,NTDOY,7.849999904632568
2016-09-19,NTDOY,7.760000228881836
2016-09-20,NTDOY,7.75
2016-09-21,NTDOY,7.590000152587891
2016-09-22,NTDOY,7.659999847412109
2016-09-23,NTDOY,7.690000057220459
2016-09-26,NTDOY,7.460000038146973
2016-09-27,NTDOY,7.5
2016-09-28,NTDOY,7.679999828338623
2016-09-29,NTDOY,7.550000190734863
2016-09-30,NTDOY,7.519999980926514
2016-10-03,NTDOY,7.699999809265137
2016-10-04,NTDOY,7.599999904632568
2016-10-05,NTDOY,7.519999980926514
2016-10-06,NTDOY,7.429999828338623
2016-10-07,NTDOY,7.309999942779541
2016-10-10,NTDOY,7.429999828338623
2016-10-11,NTDOY,7.429999828338623
2016-10-12,NTDOY,7.059999942779541
2016-10-13,NTDOY,6.989999771118164
2016-10-14,NTDOY,7.010000228881836
2016-10-17,NTDOY,7.010000228881836
2016-10-18,NTDOY,7.059999942779541
2016-10-19,NTDOY,7.03000020980835
2016-10-20,NTDOY,6.909999847412109
2016-10-21,NTDOY,6.940000057220459
2016-10-24,NTDOY,6.800000190734863
2016-10-25,NTDOY,6.800000190734863
2016-10-26,NTDOY,6.730000019073486
2016-10-27,NTDOY,6.650000095367432
2016-10-28,NTDOY,6.760000228881836
2016-10-31,NTDOY,6.739999771118164
2016-11-01,NTDOY,6.739999771118164
2016-11-02,NTDOY,6.659999847412109
2016-11-03,NTDOY,6.5
2016-11-04,NTDOY,6.980000019073486
2016-11-07,NTDOY,6.800000190734863
2016-11-08,NTDOY,6.860000133514404
2016-11-09,NTDOY,6.869999885559082
2016-11-10,NTDOY,6.840000152587891
2016-11-11,NTDOY,6.639999866485596
2016-11-14,NTDOY,6.550000190734863
2016-11-15,NTDOY,6.610000133514404
2016-11-16,NTDOY,6.78000020980835
2016-11-17,NTDOY,6.699999809265137
2016-11-18,NTDOY,6.960000038146973
2016-11-21,NTDOY,6.96999979019165
2016-11-22,NTDOY,6.940000057220459
2016-11-23,NTDOY,6.840000152587891
2016-11-25,NTDOY,6.949999809265137
2016-11-28,NTDOY,6.909999847412109
2016-11-29,NTDOY,6.889999866485596
2016-11-30,NTDOY,6.920000076293945
2016-12-01,NTDOY,6.699999809265137
2016-12-02,NTDOY,6.650000095367432
2016-12-05,NTDOY,6.610000133514404
2016-12-06,NTDOY,6.559999942779541
2016-12-07,NTDOY,6.699999809265137
2016-12-08,NTDOY,6.699999809265137
2016-12-09,NTDOY,6.769999980926514
2016-12-12,NTDOY,6.650000095367432
2016-12-13,NTDOY,6.820000171661377
2016-12-14,NTDOY,6.739999771118164
2016-12-15,NTDOY,6.690000057220459
2016-12-16,NTDOY,6.789999961853027
2016-12-19,NTDOY,6.900000095367432
2016-12-20,NTDOY,6.900000095367432
2016-12-21,NTDOY,6.920000076293945
2016-12-22,NTDOY,6.920000076293945
2016-12-23,NTDOY,6.920000076293945
2016-12-27,NTDOY,6.889999866485596
2016-12-28,NTDOY,6.980000019073486
2016-12-29,NTDOY,7.050000190734863
2016-12-30,NTDOY,7.039999961853027
2017-01-03,NTDOY,7.039999961853027
2017-01-04,NTDOY,6.840000152587891
2017-01-05,NTDOY,6.840000152587891
2017-01-06,NTDOY,6.610000133514404
2017-01-09,NTDOY,6.400000095367432
2017-01-10,NTDOY,6.489999771118164
2017-01-11,NTDOY,6.489999771118164
2017-01-12,NTDOY,6.5
2017-01-13,NTDOY,6.610000133514404
2017-01-17,NTDOY,6.53000020980835
2017-01-18,NTDOY,6.400000095367432
2017-01-19,NTDOY,6.5
2017-01-20,NTDOY,6.590000152587891
2017-01-23,NTDOY,6.619999885559082
2017-01-24,NTDOY,6.46999979019165
2017-01-25,NTDOY,6.559999942779541
2017-01-26,NTDOY,6.449999809265137
2017-01-27,NTDOY,6.449999809265137
2017-01-30,NTDOY,6.369999885559082
2017-01-31,NTDOY,6.550000190734863
2017-02-01,NTDOY,6.599999904632568
2017-02-02,NTDOY,6.599999904632568
2017-02-03,NTDOY,6.769999980926514
2017-02-06,NTDOY,6.639999866485596
2017-02-07,NTDOY,6.630000114440918
2017-02-08,NTDOY,6.650000095367432
2017-02-09,NTDOY,6.590000152587891
2017-02-10,NTDOY,7.260000228881836
2017-02-13,NTDOY,7.449999809265137
2017-02-14,NTDOY,7.429999828338623
2017-02-15,NTDOY,7.369999885559082
2017-02-16,NTDOY,7.389999866485596
2017-02-17,NTDOY,7.389999866485596
2017-02-21,NTDOY,7.28000020980835
2017-02-22,NTDOY,7.400000095367432
2017-02-23,NTDOY,7.429999828338623
2017-02-24,NTDOY,7.329999923706055
2017-02-27,NTDOY,7.360000133514404
2017-02-28,NTDOY,7.309999942779541
2017-03-01,NTDOY,7.639999866485596
2017-03-02,NTDOY,7.659999847412109
2017-03-03,NTDOY,7.619999885559082
2017-03-06,NTDOY,7.619999885559082
2017-03-07,NTDOY,7.610000133514404
2017-03-08,NTDOY,7.610000133514404
2017-03-09,NTDOY,7.630000114440918
2017-03-10,NTDOY,7.800000190734863
2017-03-13,NTDOY,7.840000152587891
2017-03-14,NTDOY,7.800000190734863
2017-03-15,NTDOY,7.769999980926514
2017-03-16,NTDOY,7.860000133514404
2017-03-17,NTDOY,8.0
2017-03-20,NTDOY,7.980000019073486
2017-03-21,NTDOY,7.940000057220459
2017-03-22,NTDOY,8.010000228881836
2017-03-23,NTDOY,8.100000381469727
2017-03-24,NTDOY,8.170000076293945
2017-03-27,NTDOY,8.289999961853027
2017-03-28,NTDOY,8.359999656677246
2017-03-29,NTDOY,8.359999656677246
2017-03-30,NTDOY,8.359999656677246
2017-03-31,NTDOY,8.449999809265137
2017-04-03,NTDOY,8.420000076293945
2017-04-04,NTDOY,8.489999771118164
2017-04-05,NTDOY,8.489999771118164
2017-04-06,NTDOY,8.539999961853027
2017-04-07,NTDOY,8.649999618530273
2017-04-10,NTDOY,8.569999694824219
2017-04-11,NTDOY,8.59000015258789
2017-04-12,NTDOY,8.600000381469727
2017-04-13,NTDOY,8.609999656677246
2017-04-17,NTDOY,8.6899995803833
2017-04-18,NTDOY,8.6899995803833
2017-04-19,NTDOY,8.59000015258789
2017-04-20,NTDOY,8.8100004196167
2017-04-21,NTDOY,8.710000038146973
2017-04-24,NTDOY,9.109999656677246
2017-04-25,NTDOY,9.4399995803833
2017-04-26,NTDOY,9.510000228881836
2017-04-27,NTDOY,9.579999923706056
2017-04-28,NTDOY,9.449999809265137
2017-05-01,NTDOY,9.4399995803833
2017-05-02,NTDOY,9.720000267028809
2017-05-03,NTDOY,9.6899995803833
2017-05-04,NTDOY,9.90999984741211
2017-05-05,NTDOY,10.050000190734863
2017-05-08,NTDOY,9.81999969482422
2017-05-09,NTDOY,9.81999969482422
2017-05-10,NTDOY,10.0
2017-05-11,NTDOY,10.029999732971191
2017-05-12,NTDOY,10.449999809265137
2017-05-15,NTDOY,10.920000076293944
2017-05-16,NTDOY,10.970000267028809
2017-05-17,NTDOY,10.34000015258789
2017-05-18,NTDOY,10.369999885559082
2017-05-19,NTDOY,10.68000030517578
2017-05-22,NTDOY,10.600000381469728
2017-05-23,NTDOY,10.880000114440918
2017-05-24,NTDOY,10.850000381469728
2017-05-25,NTDOY,10.84000015258789
2017-05-26,NTDOY,10.760000228881836
2017-05-30,NTDOY,10.979999542236328
2017-05-31,NTDOY,11.170000076293944
2017-06-01,NTDOY,11.31999969482422
2017-06-02,NTDOY,11.350000381469728
2017-06-05,NTDOY,11.260000228881836
2017-06-06,NTDOY,11.25
2017-06-07,NTDOY,11.300000190734863
2017-06-08,NTDOY,11.210000038146973
2017-06-09,NTDOY,11.18000030517578
2017-06-12,NTDOY,10.609999656677246
2017-06-13,NTDOY,10.989999771118164
2017-06-14,NTDOY,11.029999732971191
2017-06-15,NTDOY,11.100000381469728
2017-06-16,NTDOY,11.18000030517578
2017-06-19,NTDOY,11.489999771118164
2017-06-20,NTDOY,11.220000267028809
2017-06-21,NTDOY,11.229999542236328
2017-06-22,NTDOY,11.390000343322754
2017-06-23,NTDOY,11.619999885559082
2017-06-26,NTDOY,11.59000015258789
2017-06-27,NTDOY,11.390000343322754
2017-06-28,NTDOY,11.460000038146973
2017-06-29,NTDOY,11.1899995803833
2017-06-30,NTDOY,11.34000015258789
2017-07-03,NTDOY,11.18000030517578
2017-07-05,NTDOY,11.260000228881836
2017-07-06,NTDOY,11.100000381469728
2017-07-07,NTDOY,11.029999732971191
2017-07-10,NTDOY,11.140000343322754
2017-07-11,NTDOY,11.100000381469728
2017-07-12,NTDOY,11.239999771118164
2017-07-13,NTDOY,11.199999809265137
2017-07-14,NTDOY,11.279999732971191
2017-07-17,NTDOY,11.260000228881836
2017-07-18,NTDOY,11.399999618530272
2017-07-19,NTDOY,12.359999656677246
2017-07-20,NTDOY,12.4399995803833
2017-07-21,NTDOY,12.5
2017-07-24,NTDOY,12.550000190734863
2017-07-25,NTDOY,12.640000343322754
2017-07-26,NTDOY,13.1899995803833
2017-07-27,NTDOY,12.789999961853027
2017-07-28,NTDOY,12.600000381469728
2017-07-31,NTDOY,12.619999885559082
2017-08-01,NTDOY,12.6899995803833
2017-08-02,NTDOY,12.5
2017-08-03,NTDOY,12.630000114440918
2017-08-04,NTDOY,12.81999969482422
2017-08-07,NTDOY,12.8100004196167
2017-08-08,NTDOY,12.760000228881836
2017-08-09,NTDOY,12.729999542236328
2017-08-10,NTDOY,12.65999984741211
2017-08-11,NTDOY,12.529999732971191
2017-08-14,NTDOY,12.630000114440918
2017-08-15,NTDOY,12.710000038146973
2017-08-16,NTDOY,12.920000076293944
2017-08-17,NTDOY,12.850000381469728
2017-08-18,NTDOY,12.899999618530272
2017-08-21,NTDOY,12.920000076293944
2017-08-22,NTDOY,13.050000190734863
2017-08-23,NTDOY,12.920000076293944
2017-08-24,NTDOY,12.899999618530272
2017-08-25,NTDOY,13.0600004196167
2017-08-28,NTDOY,13.149999618530272
2017-08-29,NTDOY,12.800000190734863
2017-08-30,NTDOY,12.869999885559082
2017-08-31,NTDOY,13.329999923706056
2017-09-01,NTDOY,13.350000381469728
2017-09-05,NTDOY,13.649999618530272
2017-09-06,NTDOY,13.56999969482422
2017-09-07,NTDOY,13.800000190734863
2017-09-08,NTDOY,13.8100004196167
2017-09-11,NTDOY,14.020000457763672
2017-09-12,NTDOY,14.109999656677246
2017-09-13,NTDOY,14.130000114440918
2017-09-14,NTDOY,14.1899995803833
2017-09-15,NTDOY,14.18000030517578
2017-09-18,NTDOY,14.199999809265137
2017-09-19,NTDOY,14.470000267028809
2017-09-20,NTDOY,14.279999732971191
2017-09-21,NTDOY,14.09000015258789
2017-09-22,NTDOY,14.100000381469728
2017-09-25,NTDOY,13.510000228881836
2017-09-26,NTDOY,13.260000228881836
2017-09-27,NTDOY,13.359999656677246
2017-09-28,NTDOY,13.520000457763672
2017-09-29,NTDOY,13.760000228881836
2017-10-02,NTDOY,13.890000343322754
2017-10-03,NTDOY,14.06999969482422
2017-10-04,NTDOY,14.31999969482422
2017-10-05,NTDOY,14.40999984741211
2017-10-06,NTDOY,14.720000267028809
2017-10-09,NTDOY,14.760000228881836
2017-10-10,NTDOY,15.1899995803833
2017-10-11,NTDOY,15.390000343322754
2017-10-12,NTDOY,15.460000038146973
2017-10-13,NTDOY,15.4399995803833
2017-10-16,NTDOY,15.59000015258789
2017-10-17,NTDOY,15.5
2017-10-18,NTDOY,15.760000228881836
2017-10-19,NTDOY,15.65999984741211
2017-10-20,NTDOY,15.5
2017-10-23,NTDOY,15.4399995803833
2017-10-24,NTDOY,15.300000190734863
2017-10-25,NTDOY,15.56999969482422
2017-10-26,NTDOY,15.380000114440918
2017-10-27,NTDOY,15.18000030517578
2017-10-30,NTDOY,15.100000381469728
2017-10-31,NTDOY,15.239999771118164
2017-11-01,NTDOY,15.380000114440918
2017-11-02,NTDOY,15.229999542236328
2017-11-03,NTDOY,15.550000190734863
2017-11-06,NTDOY,15.40999984741211
2017-11-07,NTDOY,15.31999969482422
2017-11-08,NTDOY,16.479999542236328
2017-11-09,NTDOY,15.9399995803833
2017-11-10,NTDOY,15.869999885559082
2017-11-13,NTDOY,15.8100004196167
2017-11-14,NTDOY,16.059999465942383
2017-11-15,NTDOY,15.949999809265137
2017-11-16,NTDOY,15.770000457763672
2017-11-17,NTDOY,15.40999984741211
2017-11-20,NTDOY,15.6899995803833
2017-11-21,NTDOY,15.960000038146973
2017-11-22,NTDOY,16.15999984741211
2017-11-24,NTDOY,16.299999237060547
2017-11-27,NTDOY,16.40999984741211
2017-11-28,NTDOY,16.270000457763672
2017-11-29,NTDOY,15.729999542236328
2017-11-30,NTDOY,15.289999961853027
2017-12-01,NTDOY,15.550000190734863
2017-12-04,NTDOY,15.15999984741211
2017-12-05,NTDOY,15.18000030517578
2017-12-06,NTDOY,15.140000343322754
2017-12-07,NTDOY,15.380000114440918
2017-12-08,NTDOY,15.609999656677246
2017-12-11,NTDOY,15.109999656677246
2017-12-12,NTDOY,14.699999809265137
2017-12-13,NTDOY,14.800000190734863
2017-12-14,NTDOY,14.949999809265137
2017-12-15,NTDOY,15.010000228881836
2017-12-18,NTDOY,15.220000267028809
2017-12-19,NTDOY,15.329999923706056
2017-12-20,NTDOY,15.34000015258789
2017-12-21,NTDOY,15.34000015258789
2017-12-22,NTDOY,15.460000038146973
2017-12-26,NTDOY,15.399999618530272
2017-12-27,NTDOY,15.460000038146973
2017-12-28,NTDOY,15.520000457763672
2017-12-29,NTDOY,15.31999969482422
2018-01-02,NTDOY,15.510000228881836
2018-01-03,NTDOY,15.90999984741211
2018-01-04,NTDOY,16.06999969482422
2018-01-05,NTDOY,16.200000762939453
2018-01-08,NTDOY,16.239999771118164
2018-01-09,NTDOY,16.700000762939453
2018-01-10,NTDOY,16.649999618530273
2018-01-11,NTDOY,17.190000534057617
2018-01-12,NTDOY,17.049999237060547
2018-01-16,NTDOY,17.010000228881836
2018-01-17,NTDOY,16.979999542236328
2018-01-18,NTDOY,16.670000076293945
2018-01-19,NTDOY,16.850000381469727
2018-01-22,NTDOY,16.799999237060547
2018-01-23,NTDOY,16.959999084472656
2018-01-24,NTDOY,16.950000762939453
2018-01-25,NTDOY,16.81999969482422
2018-01-26,NTDOY,16.8700008392334
2018-01-29,NTDOY,16.649999618530273
2018-01-30,NTDOY,16.579999923706055
2018-01-31,NTDOY,17.06999969482422
2018-02-01,NTDOY,17.190000534057617
2018-02-02,NTDOY,16.700000762939453
2018-02-05,NTDOY,15.68000030517578
2018-02-06,NTDOY,16.600000381469727
2018-02-07,NTDOY,16.280000686645508
2018-02-08,NTDOY,15.65999984741211
2018-02-09,NTDOY,15.449999809265137
2018-02-12,NTDOY,16.06999969482422
2018-02-13,NTDOY,16.579999923706055
2018-02-14,NTDOY,16.790000915527344
2018-02-15,NTDOY,16.770000457763672
2018-02-16,NTDOY,16.729999542236328
2018-02-20,NTDOY,16.6200008392334
2018-02-21,NTDOY,16.649999618530273
2018-02-22,NTDOY,16.40999984741211
2018-02-23,NTDOY,16.34000015258789
2018-02-26,NTDOY,16.68000030517578
2018-02-27,NTDOY,16.31999969482422
2018-02-28,NTDOY,16.440000534057617
2018-03-01,NTDOY,16.270000457763672
2018-03-02,NTDOY,16.030000686645508
2018-03-05,NTDOY,16.350000381469727
2018-03-06,NTDOY,16.559999465942383
2018-03-07,NTDOY,16.559999465942383
2018-03-08,NTDOY,17.040000915527344
2018-03-09,NTDOY,17.399999618530273
2018-03-12,NTDOY,17.520000457763672
2018-03-13,NTDOY,17.520000457763672
2018-03-14,NTDOY,17.360000610351562
2018-03-15,NTDOY,17.389999389648438
2018-03-16,NTDOY,17.110000610351562
2018-03-19,NTDOY,16.829999923706055
2018-03-20,NTDOY,16.350000381469727
2018-03-21,NTDOY,17.399999618530273
2018-03-22,NTDOY,17.25
2018-03-23,NTDOY,17.399999618530273
2018-03-26,NTDOY,17.239999771118164
2018-03-27,NTDOY,17.100000381469727
2018-03-28,NTDOY,16.729999542236328
2018-03-29,NTDOY,16.940000534057617
2018-04-02,NTDOY,16.979999542236328
2018-04-03,NTDOY,16.889999389648438
2018-04-04,NTDOY,17.420000076293945
2018-04-05,NTDOY,18.010000228881836
2018-04-06,NTDOY,17.850000381469727
2018-04-09,NTDOY,17.770000457763672
2018-04-10,NTDOY,18.1200008392334
2018-04-11,NTDOY,17.940000534057617
2018-04-12,NTDOY,17.969999313354492
2018-04-13,NTDOY,18.649999618530277
2018-04-16,NTDOY,18.84000015258789
2018-04-17,NTDOY,19.229999542236328
2018-04-18,NTDOY,19.649999618530277
2018-04-19,NTDOY,19.649999618530277
2018-04-20,NTDOY,19.40999984741211
2018-04-23,NTDOY,19.25
2018-04-24,NTDOY,19.229999542236328
2018-04-25,NTDOY,18.989999771118164
2018-04-26,NTDOY,19.170000076293945
2018-04-27,NTDOY,19.32999992370605
2018-04-30,NTDOY,19.059999465942383
2018-05-01,NTDOY,19.01000022888184
2018-05-02,NTDOY,19.520000457763672
2018-05-03,NTDOY,19.920000076293945
2018-05-04,NTDOY,20.07999992370605
2018-05-07,NTDOY,20.200000762939453
2018-05-08,NTDOY,20.07999992370605
2018-05-09,NTDOY,20.3700008392334
2018-05-10,NTDOY,20.489999771118164
2018-05-11,NTDOY,20.530000686645508
2018-05-14,NTDOY,20.6200008392334
2018-05-15,NTDOY,20.200000762939453
2018-05-16,NTDOY,19.989999771118164
2018-05-17,NTDOY,20.8700008392334
2018-05-18,NTDOY,20.84000015258789
2018-05-21,NTDOY,20.450000762939453
2018-05-22,NTDOY,20.520000457763672
2018-05-23,NTDOY,20.34000015258789
2018-05-24,NTDOY,20.950000762939453
2018-05-25,NTDOY,20.799999237060547
2018-05-29,NTDOY,20.59000015258789
2018-05-30,NTDOY,21.26000022888184
2018-05-31,NTDOY,21.729999542236328
2018-06-01,NTDOY,21.56999969482422
2018-06-04,NTDOY,21.959999084472656
2018-06-05,NTDOY,22.3700008392334
2018-06-06,NTDOY,22.63999938964844
2018-06-07,NTDOY,22.34000015258789
2018-06-08,NTDOY,22.549999237060547
2018-06-11,NTDOY,22.899999618530277
2018-06-12,NTDOY,22.709999084472656
2018-06-13,NTDOY,23.170000076293945
2018-06-14,NTDOY,23.15999984741211
2018-06-15,NTDOY,22.81999969482422
2018-06-18,NTDOY,22.799999237060547
2018-06-19,NTDOY,22.559999465942383
2018-06-20,NTDOY,22.709999084472656
2018-06-21,NTDOY,22.399999618530277
2018-06-22,NTDOY,22.540000915527344
2018-06-25,NTDOY,21.709999084472656
2018-06-26,NTDOY,21.86000061035156
2018-06-27,NTDOY,21.940000534057617
2018-06-28,NTDOY,21.5
2018-06-29,NTDOY,21.8700008392334
2018-07-02,NTDOY,21.540000915527344
2018-07-03,NTDOY,21.489999771118164
2018-07-05,NTDOY,21.780000686645508
2018-07-06,NTDOY,21.8700008392334
2018-07-09,NTDOY,21.940000534057617
2018-07-10,NTDOY,22.649999618530277
2018-07-11,NTDOY,22.6299991607666
2018-07-12,NTDOY,23.200000762939453
2018-07-13,NTDOY,23.229999542236328
2018-07-16,NTDOY,23.350000381469727
2018-07-17,NTDOY,24.13999938964844
2018-07-18,NTDOY,24.1200008392334
2018-07-19,NTDOY,24.0
2018-07-20,NTDOY,24.100000381469727
2018-07-23,NTDOY,23.850000381469727
2018-07-24,NTDOY,23.700000762939453
2018-07-25,NTDOY,23.82999992370605
2018-07-26,NTDOY,23.3799991607666
2018-07-27,NTDOY,23.13999938964844
2018-07-30,NTDOY,22.290000915527344
2018-07-31,NTDOY,22.049999237060547
2018-08-01,NTDOY,21.90999984741211
2018-08-02,NTDOY,21.979999542236328
2018-08-03,NTDOY,22.280000686645508
2018-08-06,NTDOY,22.01000022888184
2018-08-07,NTDOY,21.899999618530277
2018-08-08,NTDOY,21.82999992370605
2018-08-09,NTDOY,21.899999618530277
2018-08-10,NTDOY,21.46999931335449
2018-08-13,NTDOY,21.559999465942383
2018-08-14,NTDOY,21.06999969482422
2018-08-15,NTDOY,20.270000457763672
2018-08-16,NTDOY,20.3799991607666
2018-08-17,NTDOY,20.149999618530277
2018-08-20,NTDOY,20.959999084472656
2018-08-21,NTDOY,21.239999771118164
2018-08-22,NTDOY,21.239999771118164
2018-08-23,NTDOY,21.63999938964844
2018-08-24,NTDOY,21.93000030517578
2018-08-27,NTDOY,22.440000534057617
2018-08-28,NTDOY,22.3799991607666
2018-08-29,NTDOY,22.149999618530277
2018-08-30,NTDOY,22.020000457763672
2018-08-31,NTDOY,21.450000762939453
2018-09-04,NTDOY,20.809999465942383
2018-09-05,NTDOY,20.459999084472656
2018-09-06,NTDOY,20.270000457763672
2018-09-07,NTDOY,20.299999237060547
2018-09-10,NTDOY,20.51000022888184
2018-09-11,NTDOY,21.40999984741211
2018-09-12,NTDOY,22.25
2018-09-13,NTDOY,21.93000030517578
2018-09-14,NTDOY,22.239999771118164
2018-09-17,NTDOY,21.950000762939453
2018-09-18,NTDOY,22.100000381469727
2018-09-19,NTDOY,21.61000061035156
2018-09-20,NTDOY,21.989999771118164
2018-09-21,NTDOY,21.6299991607666
2018-09-24,NTDOY,21.75
2018-09-25,NTDOY,22.32999992370605
2018-09-26,NTDOY,22.200000762939453
2018-09-27,NTDOY,21.8700008392334
2018-09-28,NTDOY,21.6200008392334
2018-10-01,NTDOY,24.290000915527344
2018-10-02,NTDOY,23.030000686645508
2018-10-03,NTDOY,22.780000686645508
2018-10-04,NTDOY,21.86000061035156
2018-10-05,NTDOY,21.36000061035156
2018-10-08,NTDOY,20.530000686645508
2018-10-09,NTDOY,20.5
2018-10-10,NTDOY,19.26000022888184
2018-10-11,NTDOY,20.059999465942383
2018-10-12,NTDOY,20.56999969482422
2018-10-15,NTDOY,19.950000762939453
2018-10-16,NTDOY,20.700000762939453
2018-10-17,NTDOY,20.420000076293945
2018-10-18,NTDOY,19.950000762939453
2018-10-19,NTDOY,20.190000534057617
2018-10-22,NTDOY,19.63999938964844
2018-10-23,NTDOY,19.0
2018-10-24,NTDOY,18.520000457763672
2018-10-25,NTDOY,19.18000030517578
2018-10-26,NTDOY,19.15999984741211
2018-10-29,NTDOY,18.8799991607666
2018-10-30,NTDOY,18.209999084472656
2018-10-31,NTDOY,17.959999084472656
2018-11-01,NTDOY,17.899999618530273
2018-11-02,NTDOY,18.63999938964844
2018-11-05,NTDOY,17.479999542236328
2018-11-06,NTDOY,17.739999771118164
2018-11-07,NTDOY,17.899999618530273
2018-11-08,NTDOY,17.25
2018-11-09,NTDOY,16.3799991607666
2018-11-12,NTDOY,16.190000534057617
2018-11-13,NTDOY,16.139999389648438
2018-11-14,NTDOY,16.309999465942383
2018-11-15,NTDOY,15.989999771118164
2018-11-16,NTDOY,16.040000915527344
2018-11-19,NTDOY,15.350000381469728
2018-11-20,NTDOY,14.600000381469728
2018-11-21,NTDOY,15.140000343322754
2018-11-23,NTDOY,15.170000076293944
2018-11-26,NTDOY,15.350000381469728
2018-11-27,NTDOY,15.079999923706056
2018-11-28,NTDOY,15.380000114440918
2018-11-29,NTDOY,16.020000457763672
2018-11-30,NTDOY,16.329999923706055
2018-12-03,NTDOY,16.540000915527344
2018-12-04,NTDOY,16.06999969482422
2018-12-06,NTDOY,15.270000457763672
2018-12-07,NTDOY,15.479999542236328
2018-12-10,NTDOY,15.539999961853027
2018-12-11,NTDOY,15.43000030517578
2018-12-12,NTDOY,15.56999969482422
2018-12-13,NTDOY,15.920000076293944
2018-12-14,NTDOY,15.68000030517578
2018-12-17,NTDOY,15.520000457763672
2018-12-18,NTDOY,15.739999771118164
2018-12-19,NTDOY,16.06999969482422
2018-12-20,NTDOY,15.1899995803833
2018-12-21,NTDOY,15.06999969482422
2018-12-24,NTDOY,15.1899995803833
2018-12-26,NTDOY,15.399999618530272
2018-12-27,NTDOY,15.600000381469728
2018-12-28,NTDOY,15.9399995803833
2018-12-31,NTDOY,16.170000076293945
2019-01-02,NTDOY,15.789999961853027
2019-01-03,NTDOY,14.920000076293944
2019-01-04,NTDOY,15.649999618530272
2019-01-07,NTDOY,16.219999313354492
2019-01-08,NTDOY,17.200000762939453
2019-01-09,NTDOY,17.510000228881836
2019-01-10,NTDOY,17.90999984741211
2019-01-11,NTDOY,17.860000610351562
2019-01-14,NTDOY,17.559999465942383
2019-01-15,NTDOY,17.920000076293945
2019-01-16,NTDOY,17.75
2019-01-17,NTDOY,17.489999771118164
2019-01-18,NTDOY,17.760000228881836
2019-01-22,NTDOY,17.6299991607666
2019-01-23,NTDOY,17.719999313354492
2019-01-24,NTDOY,17.34000015258789
2019-01-25,NTDOY,17.43000030517578
2019-01-28,NTDOY,17.639999389648438
2019-01-29,NTDOY,17.700000762939453
2019-01-30,NTDOY,17.969999313354492
2019-01-31,NTDOY,17.770000457763672
2019-02-01,NTDOY,17.540000915527344
2019-02-04,NTDOY,17.84000015258789
2019-02-05,NTDOY,18.149999618530277
2019-02-06,NTDOY,16.469999313354492
2019-02-07,NTDOY,16.59000015258789
2019-02-08,NTDOY,15.8100004196167
2019-02-11,NTDOY,15.5
2019-02-12,NTDOY,15.119999885559082
2019-02-13,NTDOY,14.859999656677246
2019-02-14,NTDOY,15.140000343322754
2019-02-15,NTDOY,15.1899995803833
2019-02-19,NTDOY,15.359999656677246
2019-02-20,NTDOY,15.170000076293944
2019-02-21,NTDOY,14.770000457763672
2019-02-22,NTDOY,14.890000343322754
2019-02-25,NTDOY,14.890000343322754
2019-02-26,NTDOY,14.6899995803833
2019-02-27,NTDOY,14.399999618530272
2019-02-28,NTDOY,14.40999984741211
2019-03-01,NTDOY,14.770000457763672
2019-03-04,NTDOY,15.050000190734863
2019-03-05,NTDOY,14.880000114440918
2019-03-06,NTDOY,15.09000015258789
2019-03-07,NTDOY,15.1899995803833
2019-03-08,NTDOY,15.550000190734863
2019-03-11,NTDOY,15.31999969482422
2019-03-12,NTDOY,15.529999732971191
2019-03-13,NTDOY,15.979999542236328
2019-03-14,NTDOY,16.260000228881836
2019-03-15,NTDOY,16.81999969482422
2019-03-18,NTDOY,17.030000686645508
2019-03-19,NTDOY,17.18000030517578
2019-03-20,NTDOY,17.899999618530273
2019-03-21,NTDOY,18.36000061035156
2019-03-22,NTDOY,17.989999771118164
2019-03-25,NTDOY,17.899999618530273
2019-03-26,NTDOY,17.790000915527344
2019-03-27,NTDOY,17.559999465942383
2019-03-28,NTDOY,17.670000076293945
2019-03-29,NTDOY,17.850000381469727
2019-04-01,NTDOY,17.959999084472656
2019-04-02,NTDOY,17.75
2019-04-03,NTDOY,17.969999313354492
2019-04-04,NTDOY,17.950000762939453
2019-04-05,NTDOY,18.040000915527344
2019-04-08,NTDOY,18.0
2019-04-09,NTDOY,17.959999084472656
2019-04-10,NTDOY,18.11000061035156
2019-04-11,NTDOY,18.15999984741211
2019-04-12,NTDOY,18.32999992370605
2019-04-15,NTDOY,18.350000381469727
2019-04-16,NTDOY,17.969999313354492
2019-04-17,NTDOY,17.93000030517578
2019-04-18,NTDOY,18.059999465942383
2019-04-22,NTDOY,18.049999237060547
2019-04-23,NTDOY,18.229999542236328
2019-04-24,NTDOY,18.450000762939453
2019-04-25,NTDOY,18.26000022888184
2019-04-26,NTDOY,18.84000015258789
2019-04-29,NTDOY,18.700000762939453
2019-04-30,NTDOY,19.149999618530277
2019-05-01,NTDOY,18.96999931335449
2019-05-02,NTDOY,18.75
2019-05-03,NTDOY,18.75
2019-05-06,NTDOY,18.459999084472656
2019-05-07,NTDOY,18.1299991607666
2019-05-08,NTDOY,18.68000030517578
2019-05-09,NTDOY,18.3799991607666
2019-05-10,NTDOY,18.75
2019-05-13,NTDOY,18.07999992370605
2019-05-14,NTDOY,18.18000030517578
2019-05-15,NTDOY,17.25
2019-05-16,NTDOY,16.200000762939453
2019-05-17,NTDOY,16.030000686645508
2019-05-20,NTDOY,15.779999732971191
2019-05-21,NTDOY,15.949999809265137
2019-05-22,NTDOY,16.1200008392334
2019-05-23,NTDOY,15.649999618530272
2019-05-24,NTDOY,16.030000686645508
2019-05-28,NTDOY,15.81999969482422
2019-05-29,NTDOY,15.850000381469728
2019-05-30,NTDOY,16.100000381469727
2019-05-31,NTDOY,16.360000610351562
2019-06-03,NTDOY,16.440000534057617
2019-06-04,NTDOY,16.0
2019-06-05,NTDOY,15.760000228881836
2019-06-06,NTDOY,16.0
2019-06-07,NTDOY,16.5
2019-06-10,NTDOY,16.559999465942383
2019-06-11,NTDOY,16.139999389648438
2019-06-12,NTDOY,15.850000381469728
2019-06-13,NTDOY,15.56999969482422
2019-06-14,NTDOY,15.18000030517578
2019-06-17,NTDOY,15.06999969482422
2019-06-18,NTDOY,15.199999809265137
2019-06-19,NTDOY,15.380000114440918
2019-06-20,NTDOY,15.649999618530272
2019-06-21,NTDOY,15.550000190734863
2019-06-24,NTDOY,15.239999771118164
2019-06-25,NTDOY,15.289999961853027
2019-06-26,NTDOY,15.210000038146973
2019-06-27,NTDOY,15.84000015258789
2019-06-28,NTDOY,15.5600004196167
2019-07-01,NTDOY,15.56999969482422
2019-07-02,NTDOY,15.739999771118164
2019-07-03,NTDOY,16.389999389648438
2019-07-05,NTDOY,16.079999923706055
2019-07-08,NTDOY,15.880000114440918
2019-07-09,NTDOY,15.920000076293944
2019-07-10,NTDOY,16.559999465942383
2019-07-11,NTDOY,16.34000015258789
2019-07-12,NTDOY,16.360000610351562
2019-07-15,NTDOY,16.770000457763672
2019-07-16,NTDOY,16.56999969482422
2019-07-17,NTDOY,16.850000381469727
2019-07-18,NTDOY,17.15999984741211
2019-07-19,NTDOY,17.489999771118164
2019-07-22,NTDOY,17.059999465942383
2019-07-23,NTDOY,16.670000076293945
2019-07-24,NTDOY,16.8799991607666
2019-07-25,NTDOY,17.010000228881836
2019-07-26,NTDOY,16.889999389648438
2019-07-29,NTDOY,16.729999542236328
2019-07-30,NTDOY,16.56999969482422
2019-07-31,NTDOY,16.450000762939453
2019-08-01,NTDOY,16.479999542236328
2019-08-02,NTDOY,16.260000228881836
2019-08-05,NTDOY,15.670000076293944
2019-08-06,NTDOY,15.880000114440918
2019-08-07,NTDOY,15.850000381469728
2019-08-08,NTDOY,15.989999771118164
2019-08-09,NTDOY,16.350000381469727
2019-08-12,NTDOY,16.149999618530273
2019-08-13,NTDOY,16.270000457763672
2019-08-14,NTDOY,15.6899995803833
2019-08-15,NTDOY,15.510000228881836
2019-08-16,NTDOY,15.9399995803833
2019-08-19,NTDOY,16.040000915527344
2019-08-20,NTDOY,15.880000114440918
2019-08-21,NTDOY,16.3700008392334
2019-08-22,NTDOY,16.06999969482422
2019-08-23,NTDOY,15.869999885559082
2019-08-26,NTDOY,15.90999984741211
2019-08-27,NTDOY,15.9399995803833
2019-08-28,NTDOY,15.75
2019-08-29,NTDOY,16.020000457763672
2019-08-30,NTDOY,16.139999389648438
2019-09-03,NTDOY,15.800000190734863
2019-09-04,NTDOY,15.979999542236328
2019-09-05,NTDOY,16.079999923706055
2019-09-06,NTDOY,15.770000457763672
2019-09-09,NTDOY,15.520000457763672
2019-09-10,NTDOY,15.609999656677246
2019-09-11,NTDOY,15.869999885559082
2019-09-12,NTDOY,16.020000457763672
2019-09-13,NTDOY,16.020000457763672
2019-09-16,NTDOY,15.920000076293944
2019-09-17,NTDOY,15.550000190734863
2019-09-18,NTDOY,15.210000038146973
2019-09-19,NTDOY,15.100000381469728
2019-09-20,NTDOY,15.399999618530272
2019-09-23,NTDOY,15.18000030517578
2019-09-24,NTDOY,14.850000381469728
2019-09-25,NTDOY,14.649999618530272
2019-09-26,NTDOY,14.68000030517578
2019-09-27,NTDOY,14.600000381469728
2019-09-30,NTDOY,14.31999969482422
2019-10-01,NTDOY,13.84000015258789
2019-10-02,NTDOY,13.649999618530272
2019-10-03,NTDOY,13.869999885559082
2019-10-04,NTDOY,13.779999732971191
2019-10-07,NTDOY,13.0
2019-10-08,NTDOY,12.739999771118164
2019-10-09,NTDOY,12.770000457763672
2019-10-10,NTDOY,12.40999984741211
2019-10-11,NTDOY,12.699999809265137
2019-10-14,NTDOY,12.619999885559082
2019-10-15,NTDOY,12.880000114440918
2019-10-16,NTDOY,12.649999618530272
2019-10-17,NTDOY,12.869999885559082
2019-10-18,NTDOY,12.649999618530272
2019-10-21,NTDOY,12.600000381469728
2019-10-22,NTDOY,12.470000267028809
2019-10-23,NTDOY,12.399999618530272
2019-10-24,NTDOY,10.34000015258789
2019-10-25,NTDOY,10.369999885559082
2019-10-28,NTDOY,11.510000228881836
2019-10-29,NTDOY,11.40999984741211
2019-10-30,NTDOY,11.5
2019-10-31,NTDOY,11.75
2019-11-01,NTDOY,12.15999984741211
2019-11-04,NTDOY,11.609999656677246
2019-11-05,NTDOY,11.300000190734863
2019-11-06,NTDOY,11.020000457763672
2019-11-07,NTDOY,10.890000343322754
2019-11-08,NTDOY,11.15999984741211
2019-11-11,NTDOY,11.25
2019-11-12,NTDOY,11.100000381469728
2019-11-13,NTDOY,11.199999809265137
2019-11-14,NTDOY,11.210000038146973
2019-11-15,NTDOY,11.149999618530272
2019-11-18,NTDOY,10.850000381469728
2019-11-19,NTDOY,11.0600004196167
2019-11-20,NTDOY,11.279999732971191
2019-11-21,NTDOY,11.470000267028809
2019-11-22,NTDOY,11.529999732971191
2019-11-25,NTDOY,11.699999809265137
2019-11-26,NTDOY,11.979999542236328
2019-11-27,NTDOY,12.06999969482422
2019-11-29,NTDOY,12.020000457763672
2019-12-02,NTDOY,12.220000267028809
2019-12-03,NTDOY,12.149999618530272
2019-12-04,NTDOY,12.779999732971191
2019-12-05,NTDOY,12.9399995803833
2019-12-06,NTDOY,12.779999732971191
2019-12-09,NTDOY,12.520000457763672
2019-12-10,NTDOY,12.520000457763672
2019-12-11,NTDOY,12.390000343322754
2019-12-12,NTDOY,12.9399995803833
2019-12-13,NTDOY,13.489999771118164
2019-12-16,NTDOY,13.609999656677246
2019-12-17,NTDOY,13.399999618530272
2019-12-18,NTDOY,13.199999809265137
2019-12-19,NTDOY,13.390000343322754
2019-12-20,NTDOY,13.640000343322754
2019-12-23,NTDOY,13.539999961853027
2019-12-24,NTDOY,13.479999542236328
2019-12-26,NTDOY,13.5
2019-12-27,NTDOY,13.65999984741211
2019-12-30,NTDOY,13.65999984741211
2019-12-31,NTDOY,13.779999732971191
2020-01-02,NTDOY,13.93000030517578
2020-01-03,NTDOY,13.890000343322754
2020-01-06,NTDOY,13.920000076293944
2020-01-07,NTDOY,13.600000381469728
2020-01-08,NTDOY,14.15999984741211
2020-01-09,NTDOY,14.369999885559082
2020-01-10,NTDOY,14.4399995803833
2020-01-13,NTDOY,14.609999656677246
2020-01-14,NTDOY,14.470000267028809
2020-01-15,NTDOY,14.43000030517578
2020-01-16,NTDOY,14.329999923706056
2020-01-17,NTDOY,13.829999923706056
2020-01-21,NTDOY,14.039999961853027
2020-01-22,NTDOY,14.149999618530272
2020-01-23,NTDOY,14.260000228881836
2020-01-24,NTDOY,14.520000457763672
2020-01-27,NTDOY,14.579999923706056
2020-01-28,NTDOY,15.210000038146973
2020-01-29,NTDOY,15.239999771118164
2020-01-30,NTDOY,15.100000381469728
2020-01-31,NTDOY,15.119999885559082
2020-02-03,NTDOY,15.300000190734863
2020-02-04,NTDOY,15.399999618530272
2020-02-05,NTDOY,15.729999542236328
2020-02-06,NTDOY,15.760000228881836
2020-02-07,NTDOY,15.9399995803833
2020-02-10,NTDOY,15.899999618530272
2020-02-11,NTDOY,15.989999771118164
2020-02-12,NTDOY,16.100000381469727
2020-02-13,NTDOY,16.149999618530273
2020-02-14,NTDOY,16.18000030517578
2020-02-18,NTDOY,15.880000114440918
2020-02-19,NTDOY,16.1299991607666
2020-02-20,NTDOY,16.229999542236328
2020-02-21,NTDOY,16.34000015258789
2020-02-24,NTDOY,16.18000030517578
2020-02-25,NTDOY,15.460000038146973
2020-02-26,NTDOY,15.56999969482422
2020-02-27,NTDOY,14.84000015258789
2020-02-28,NTDOY,14.960000038146973
2020-03-02,NTDOY,15.039999961853027
2020-03-03,NTDOY,15.149999618530272
2020-03-04,NTDOY,15.550000190734863
2020-03-05,NTDOY,15.43000030517578
2020-03-06,NTDOY,14.890000343322754
2020-03-09,NTDOY,13.81999969482422
2020-03-10,NTDOY,14.449999809265137
2020-03-11,NTDOY,13.760000228881836
2020-03-12,NTDOY,12.40999984741211
2020-03-13,NTDOY,12.9399995803833
2020-03-16,NTDOY,13.039999961853027
2020-03-17,NTDOY,14.34000015258789
2020-03-18,NTDOY,13.020000457763672
2020-03-19,NTDOY,12.510000228881836
2020-03-20,NTDOY,12.65999984741211
2020-03-23,NTDOY,12.869999885559082
2020-03-24,NTDOY,13.699999809265137
2020-03-25,NTDOY,13.5600004196167
2020-03-26,NTDOY,14.5600004196167
2020-03-27,NTDOY,14.770000457763672
2020-03-30,NTDOY,15.0
2020-03-31,NTDOY,14.56999969482422
2020-04-01,NTDOY,14.5
2020-04-02,NTDOY,14.979999542236328
2020-04-03,NTDOY,15.18000030517578
2020-04-06,NTDOY,15.109999656677246
2020-04-07,NTDOY,14.579999923706056
2020-04-08,NTDOY,14.90999984741211
2020-04-09,NTDOY,15.06999969482422
2020-04-13,NTDOY,14.829999923706056
2020-04-14,NTDOY,15.100000381469728
2020-04-15,NTDOY,14.789999961853027
2020-04-16,NTDOY,14.829999923706056
2020-04-17,NTDOY,15.210000038146973
2020-04-20,NTDOY,14.720000267028809
2020-04-21,NTDOY,14.390000343322754
2020-04-22,NTDOY,14.229999542236328
2020-04-23,NTDOY,14.289999961853027
2020-04-24,NTDOY,14.539999961853027
2020-04-27,NTDOY,15.260000228881836
2020-04-28,NTDOY,14.720000267028809
2020-04-29,NTDOY,14.800000190734863
2020-04-30,NTDOY,14.829999923706056
2020-05-01,NTDOY,14.90999984741211
2020-05-04,NTDOY,14.899999618530272
2020-05-05,NTDOY,15.119999885559082
2020-05-06,NTDOY,15.34000015258789
2020-05-07,NTDOY,15.619999885559082
2020-05-08,NTDOY,15.93000030517578
2020-05-11,NTDOY,15.729999542236328
2020-05-12,NTDOY,15.130000114440918
2020-05-13,NTDOY,14.829999923706056
2020-05-14,NTDOY,15.119999885559082
2020-05-15,NTDOY,14.93000030517578
2020-05-18,NTDOY,14.779999732971191
2020-05-19,NTDOY,14.470000267028809
2020-05-20,NTDOY,15.039999961853027
2020-05-21,NTDOY,15.149999618530272
2020-05-22,NTDOY,15.279999732971191
2020-05-26,NTDOY,15.199999809265137
2020-05-27,NTDOY,14.59000015258789
2020-05-28,NTDOY,14.899999618530272
2020-05-29,NTDOY,15.43000030517578
2020-06-01,NTDOY,15.65999984741211
2020-06-02,NTDOY,15.649999618530272
2020-06-03,NTDOY,15.329999923706056
2020-06-04,NTDOY,15.399999618530272
2020-06-05,NTDOY,15.140000343322754
2020-06-08,NTDOY,15.239999771118164
2020-06-09,NTDOY,15.199999809265137
2020-06-10,NTDOY,15.520000457763672
2020-06-11,NTDOY,15.109999656677246
2020-06-12,NTDOY,15.06999969482422
2020-06-15,NTDOY,15.0
2020-06-16,NTDOY,15.289999961853027
2020-06-17,NTDOY,15.3100004196167
2020-06-18,NTDOY,15.31999969482422
2020-06-19,NTDOY,15.260000228881836
2020-06-22,NTDOY,15.510000228881836
2020-06-23,NTDOY,15.640000343322754
2020-06-24,NTDOY,15.710000038146973
2020-06-25,NTDOY,15.859999656677246
2020-06-26,NTDOY,15.739999771118164
2020-06-29,NTDOY,15.710000038146973
2020-06-30,NTDOY,16.510000228881836
2020-07-01,NTDOY,17.239999771118164
2020-07-02,NTDOY,16.989999771118164
2020-07-06,NTDOY,17.6200008392334
2020-07-07,NTDOY,17.559999465942383
2020-07-08,NTDOY,18.13999938964844
2020-07-09,NTDOY,17.809999465942383
2020-07-10,NTDOY,17.520000457763672
2020-07-13,NTDOY,16.610000610351562
2020-07-14,NTDOY,16.489999771118164
2020-07-15,NTDOY,16.389999389648438
2020-07-16,NTDOY,15.960000038146973
2020-07-17,NTDOY,15.649999618530272
2020-07-20,NTDOY,15.899999618530272
2020-07-21,NTDOY,16.1299991607666
2020-07-22,NTDOY,16.450000762939453
2020-07-23,NTDOY,16.770000457763672
2020-07-24,NTDOY,16.489999771118164
2020-07-27,NTDOY,16.530000686645508
2020-07-28,NTDOY,16.399999618530273
2020-07-29,NTDOY,16.670000076293945
2020-07-30,NTDOY,16.459999084472656
2020-07-31,NTDOY,16.649999618530273
2020-08-03,NTDOY,16.81999969482422
2020-08-04,NTDOY,16.799999237060547
2020-08-05,NTDOY,16.579999923706055
2020-08-06,NTDOY,16.549999237060547
2020-08-07,NTDOY,16.3799991607666
2020-08-10,NTDOY,15.970000267028809
2020-08-11,NTDOY,16.049999237060547
2020-08-12,NTDOY,16.1200008392334
2020-08-13,NTDOY,16.420000076293945
2020-08-14,NTDOY,16.25
2020-08-17,NTDOY,16.34000015258789
2020-08-18,NTDOY,16.40999984741211
2020-08-19,NTDOY,16.399999618530273
2020-08-20,NTDOY,16.299999237060547
2020-08-21,NTDOY,16.479999542236328
2020-08-24,NTDOY,16.260000228881836
2020-08-25,NTDOY,16.15999984741211
2020-08-26,NTDOY,16.489999771118164
2020-08-27,NTDOY,16.329999923706055
2020-08-28,NTDOY,16.270000457763672
2020-08-31,NTDOY,16.399999618530273
2020-09-01,NTDOY,16.549999237060547
2020-09-02,NTDOY,16.719999313354492
2020-09-03,NTDOY,15.829999923706056
2020-09-04,NTDOY,15.609999656677246
2020-09-08,NTDOY,15.84000015258789
2020-09-09,NTDOY,16.25
2020-09-10,NTDOY,16.40999984741211
2020-09-11,NTDOY,17.479999542236328
2020-09-14,NTDOY,17.399999618530273
2020-09-15,NTDOY,17.450000762939453
2020-09-16,NTDOY,17.020000457763672
2020-09-17,NTDOY,17.049999237060547
2020-09-18,NTDOY,17.149999618530273
2020-09-21,NTDOY,17.209999084472656
2020-09-22,NTDOY,17.360000610351562
2020-09-23,NTDOY,17.200000762939453
2020-09-24,NTDOY,17.389999389648438
2020-09-25,NTDOY,17.860000610351562
2020-09-28,NTDOY,17.739999771118164
2020-09-29,NTDOY,17.81999969482422
2020-09-30,NTDOY,18.020000457763672
2020-10-01,NTDOY,18.549999237060547
2020-10-02,NTDOY,18.559999465942383
2020-10-05,NTDOY,18.71999931335449
2020-10-06,NTDOY,18.31999969482422
2020-10-07,NTDOY,18.770000457763672
2020-10-08,NTDOY,18.8700008392334
2020-10-09,NTDOY,19.32999992370605
2020-10-12,NTDOY,19.61000061035156
2020-10-13,NTDOY,19.450000762939453
2020-10-14,NTDOY,19.61000061035156
2020-10-15,NTDOY,19.399999618530277
2020-10-16,NTDOY,19.3799991607666
2020-10-19,NTDOY,19.18000030517578
2020-10-20,NTDOY,19.13999938964844
2020-10-21,NTDOY,19.040000915527344
2020-10-22,NTDOY,19.020000457763672
2020-10-23,NTDOY,19.15999984741211
2020-10-26,NTDOY,19.0
2020-10-27,NTDOY,19.81999969482422
2020-10-28,NTDOY,19.07999992370605
2020-10-29,NTDOY,18.3799991607666
2020-10-30,NTDOY,17.610000610351562
2020-11-02,NTDOY,17.469999313354492
2020-11-03,NTDOY,18.0
2020-11-04,NTDOY,18.700000762939453
2020-11-05,NTDOY,19.229999542236328
2020-11-06,NTDOY,19.040000915527344
2020-11-09,NTDOY,17.780000686645508
2020-11-10,NTDOY,17.350000381469727
2020-11-11,NTDOY,17.65999984741211
2020-11-12,NTDOY,18.489999771118164
2020-11-13,NTDOY,18.8799991607666
2020-11-16,NTDOY,18.920000076293945
2020-11-17,NTDOY,18.84000015258789
2020-11-18,NTDOY,19.11000061035156
2020-11-19,NTDOY,19.059999465942383
2020-11-20,NTDOY,18.51000022888184
2020-11-23,NTDOY,18.40999984741211
2020-11-24,NTDOY,18.229999542236328
2020-11-25,NTDOY,18.290000915527344
2020-11-27,NTDOY,18.81999969482422
2020-11-30,NTDOY,18.96999931335449
2020-12-01,NTDOY,18.959999084472656
2020-12-02,NTDOY,18.71999931335449
2020-12-03,NTDOY,18.540000915527344
2020-12-04,NTDOY,18.920000076293945
2020-12-07,NTDOY,18.76000022888184
2020-12-08,NTDOY,19.170000076293945
2020-12-09,NTDOY,18.86000061035156
2020-12-10,NTDOY,19.040000915527344
2020-12-11,NTDOY,18.709999084472656
2020-12-14,NTDOY,18.59000015258789
2020-12-15,NTDOY,18.18000030517578
2020-12-16,NTDOY,18.479999542236328
2020-12-17,NTDOY,18.68000030517578
2020-12-18,NTDOY,19.26000022888184
2020-12-21,NTDOY,19.420000076293945
2020-12-22,NTDOY,19.40999984741211
2020-12-23,NTDOY,19.479999542236328
2020-12-24,NTDOY,19.520000457763672
2020-12-28,NTDOY,19.209999084472656
2020-12-29,NTDOY,19.559999465942383
2020-12-30,NTDOY,19.450000762939453
2020-12-31,NTDOY,19.25
2021-01-04,NTDOY,19.920000076293945
2021-01-05,NTDOY,19.82999992370605
2021-01-06,NTDOY,19.61000061035156
2021-01-07,NTDOY,19.38999938964844
2021-01-08,NTDOY,19.489999771118164
2021-01-11,NTDOY,19.31999969482422
2021-01-12,NTDOY,19.239999771118164
2021-01-13,NTDOY,20.309999465942383
2021-01-14,NTDOY,20.56999969482422
2021-01-15,NTDOY,20.100000381469727
2021-01-19,NTDOY,20.459999084472656
2021-01-20,NTDOY,20.57999992370605
2021-01-21,NTDOY,21.239999771118164
2021-01-22,NTDOY,20.780000686645508
2021-01-25,NTDOY,20.270000457763672
2021-01-26,NTDOY,20.239999771118164
2021-01-27,NTDOY,19.8799991607666
2021-01-28,NTDOY,19.82999992370605
2021-01-29,NTDOY,20.0
2021-02-01,NTDOY,20.280000686645508
2021-02-02,NTDOY,20.06999969482422
2021-02-03,NTDOY,20.040000915527344
2021-02-04,NTDOY,19.8799991607666
2021-02-05,NTDOY,20.3799991607666
2021-02-08,NTDOY,20.149999618530277
2021-02-09,NTDOY,19.82999992370605
2021-02-10,NTDOY,18.86000061035156
2021-02-11,NTDOY,18.600000381469727
2021-02-12,NTDOY,18.239999771118164
2021-02-16,NTDOY,18.020000457763672
2021-02-17,NTDOY,17.610000610351562
2021-02-18,NTDOY,17.809999465942383
2021-02-19,NTDOY,17.670000076293945
2021-02-22,NTDOY,17.229999542236328
2021-02-23,NTDOY,16.93000030517578
2021-02-24,NTDOY,16.549999237060547
2021-02-25,NTDOY,16.520000457763672
2021-02-26,NTDOY,16.299999237060547
2021-03-01,NTDOY,16.3799991607666
2021-03-02,NTDOY,16.510000228881836
2021-03-03,NTDOY,16.31999969482422
2021-03-04,NTDOY,15.90999984741211
2021-03-05,NTDOY,15.81999969482422
2021-03-08,NTDOY,15.550000190734863
2021-03-09,NTDOY,15.829999923706056
2021-03-10,NTDOY,15.510000228881836
2021-03-11,NTDOY,15.800000190734863
2021-03-12,NTDOY,15.609999656677246
2021-03-15,NTDOY,15.539999961853027
2021-03-16,NTDOY,15.710000038146973
2021-03-17,NTDOY,15.289999961853027
2021-03-18,NTDOY,15.119999885559082
2021-03-19,NTDOY,15.260000228881836
2021-03-22,NTDOY,15.170000076293944
2021-03-23,NTDOY,15.420000076293944
2021-03-24,NTDOY,15.020000457763672
2021-03-25,NTDOY,14.890000343322754
2021-03-26,NTDOY,15.050000190734863
2021-03-29,NTDOY,15.029999732971191
2021-03-30,NTDOY,14.960000038146973
2021-03-31,NTDOY,15.1899995803833
2021-04-01,NTDOY,15.350000381469728
2021-04-05,NTDOY,15.5600004196167
2021-04-06,NTDOY,15.789999961853027
2021-04-07,NTDOY,15.8100004196167
2021-04-08,NTDOY,16.030000686645508
2021-04-09,NTDOY,16.1299991607666
2021-04-12,NTDOY,15.81999969482422
2021-04-13,NTDOY,15.979999542236328
2021-04-14,NTDOY,15.68000030517578
2021-04-15,NTDOY,15.739999771118164
2021-04-16,NTDOY,15.539999961853027
2021-04-19,NTDOY,15.75
2021-04-20,NTDOY,15.5600004196167
2021-04-21,NTDOY,15.489999771118164
2021-04-22,NTDOY,15.470000267028809
2021-04-23,NTDOY,15.59000015258789
2021-04-26,NTDOY,15.640000343322754
2021-04-27,NTDOY,15.420000076293944
2021-04-28,NTDOY,15.479999542236328
2021-04-29,NTDOY,15.31999969482422
2021-04-30,NTDOY,15.0
2021-05-03,NTDOY,15.079999923706056
2021-05-04,NTDOY,14.640000343322754
2021-05-05,NTDOY,14.670000076293944
2021-05-06,NTDOY,14.649999618530272
2021-05-07,NTDOY,15.220000267028809
2021-05-10,NTDOY,15.199999809265137
2021-05-11,NTDOY,14.829999923706056
2021-05-12,NTDOY,13.140000343322754
2021-05-13,NTDOY,12.890000343322754
2021-05-14,NTDOY,13.140000343322754
2021-05-17,NTDOY,13.25
2021-05-18,NTDOY,14.010000228881836
2021-05-19,NTDOY,14.119999885559082
2021-05-20,NTDOY,14.260000228881836
2021-05-21,NTDOY,14.270000457763672
2021-05-24,NTDOY,14.239999771118164
2021-05-25,NTDOY,14.210000038146973
2021-05-26,NTDOY,14.220000267028809
2021-05-27,NTDOY,14.649999618530272
2021-05-28,NTDOY,14.539999961853027
2021-06-01,NTDOY,14.4399995803833
2021-06-02,NTDOY,14.140000343322754
2021-06-03,NTDOY,13.880000114440918
2021-06-04,NTDOY,13.989999771118164
2021-06-07,NTDOY,14.029999732971191
2021-06-08,NTDOY,13.979999542236328
2021-06-09,NTDOY,14.109999656677246
2021-06-10,NTDOY,14.140000343322754
2021-06-11,NTDOY,14.350000381469728
2021-06-14,NTDOY,14.43000030517578
2021-06-15,NTDOY,14.31999969482422
2021-06-16,NTDOY,14.289999961853027
2021-06-17,NTDOY,14.039999961853027
2021-06-18,NTDOY,13.970000267028809
2021-06-21,NTDOY,13.770000457763672
2021-06-22,NTDOY,13.880000114440918
2021-06-23,NTDOY,13.880000114440918
2021-06-24,NTDOY,13.8100004196167
2021-06-25,NTDOY,13.779999732971191
2021-06-28,NTDOY,13.9399995803833
2021-06-29,NTDOY,13.899999618530272
2021-06-30,NTDOY,13.960000038146973
2021-07-01,NTDOY,14.260000228881836
2021-07-02,NTDOY,14.460000038146973
2021-07-06,NTDOY,14.520000457763672
2021-07-07,NTDOY,14.489999771118164
2021-07-08,NTDOY,14.210000038146973
2021-07-09,NTDOY,14.210000038146973
2021-07-12,NTDOY,14.25
2021-07-13,NTDOY,13.829999923706056
2021-07-14,NTDOY,13.670000076293944
2021-07-15,NTDOY,13.539999961853027
2021-07-16,NTDOY,13.25
2021-07-19,NTDOY,13.119999885559082
2021-07-20,NTDOY,12.770000457763672
2021-07-21,NTDOY,12.850000381469728
2021-07-22,NTDOY,13.289999961853027
2021-07-23,NTDOY,13.220000267028809
2021-07-26,NTDOY,12.90999984741211
2021-07-27,NTDOY,12.779999732971191
2021-07-28,NTDOY,12.8100004196167
2021-07-29,NTDOY,12.770000457763672
2021-07-30,NTDOY,12.68000030517578
2021-08-02,NTDOY,12.630000114440918
2021-08-03,NTDOY,12.020000457763672
2021-08-04,NTDOY,12.15999984741211
2021-08-05,NTDOY,11.93000030517578
2021-08-06,NTDOY,11.739999771118164
2021-08-09,NTDOY,11.800000190734863
2021-08-10,NTDOY,11.710000038146973
2021-08-11,NTDOY,11.920000076293944
2021-08-12,NTDOY,12.029999732971191
2021-08-13,NTDOY,12.09000015258789
2021-08-16,NTDOY,11.84000015258789
2021-08-17,NTDOY,11.890000343322754
2021-08-18,NTDOY,11.920000076293944
2021-08-19,NTDOY,12.0
2021-08-20,NTDOY,12.050000190734863
2021-08-23,NTDOY,12.119999885559082
2021-08-24,NTDOY,12.449999809265137
2021-08-25,NTDOY,12.380000114440918
2021-08-26,NTDOY,12.5
2021-08-27,NTDOY,12.630000114440918
2021-08-30,NTDOY,12.489999771118164
2021-08-31,NTDOY,12.6899995803833
2021-09-01,NTDOY,13.100000381469728
2021-09-02,NTDOY,13.300000190734863
2021-09-03,NTDOY,13.170000076293944
2021-09-07,NTDOY,13.18000030517578
2021-09-08,NTDOY,13.279999732971191
2021-09-09,NTDOY,13.039999961853027
2021-09-10,NTDOY,13.229999542236328
2021-09-13,NTDOY,13.039999961853027
2021-09-14,NTDOY,13.15999984741211
2021-09-15,NTDOY,13.170000076293944
2021-09-16,NTDOY,13.050000190734863
2021-09-17,NTDOY,13.130000114440918
2021-09-20,NTDOY,12.5
2021-09-21,NTDOY,12.40999984741211
2021-09-22,NTDOY,12.539999961853027
2021-09-23,NTDOY,12.81999969482422
2021-09-24,NTDOY,12.800000190734863
2021-09-27,NTDOY,12.529999732971191
2021-09-28,NTDOY,12.470000267028809
2021-09-29,NTDOY,11.859999656677246
2021-09-30,NTDOY,11.979999542236328
2021-10-01,NTDOY,12.119999885559082
2021-10-04,NTDOY,12.18000030517578
2021-10-05,NTDOY,12.270000457763672
2021-10-06,NTDOY,11.920000076293944
2021-10-07,NTDOY,11.149999618530272
2021-10-08,NTDOY,11.199999809265137
2021-10-11,NTDOY,10.899999618530272
2021-10-12,NTDOY,10.890000343322754
2021-10-13,NTDOY,11.06999969482422
2021-10-14,NTDOY,10.600000381469728
2021-10-15,NTDOY,10.600000381469728
2021-10-18,NTDOY,10.520000457763672
2021-10-19,NTDOY,10.710000038146973
2021-10-20,NTDOY,10.920000076293944
2021-10-21,NTDOY,11.039999961853027
2021-10-22,NTDOY,11.039999961853027
2021-10-25,NTDOY,10.760000228881836
2021-10-26,NTDOY,10.4399995803833
2021-10-27,NTDOY,10.25
2021-10-28,NTDOY,10.09000015258789
2021-10-29,NTDOY,10.43000030517578
2021-11-01,NTDOY,10.4399995803833
2021-11-02,NTDOY,10.90999984741211
2021-11-03,NTDOY,10.880000114440918
2021-11-04,NTDOY,10.81999969482422
2021-11-05,NTDOY,10.899999618530272
2021-11-08,NTDOY,10.899999618530272
2021-11-09,NTDOY,10.850000381469728
2021-11-10,NTDOY,10.720000267028809
2021-11-11,NTDOY,10.720000267028809
2021-11-12,NTDOY,10.460000038146973
2021-11-15,NTDOY,10.56999969482422
2021-11-16,NTDOY,10.5
2021-11-17,NTDOY,10.399999618530272
2021-11-18,NTDOY,10.140000343322754
2021-11-19,NTDOY,10.229999542236328
2021-11-22,NTDOY,9.859999656677246
2021-11-23,NTDOY,9.9399995803833
2021-11-24,NTDOY,9.850000381469728
2021-11-26,NTDOY,10.100000381469728
2021-11-29,NTDOY,10.100000381469728
2021-11-30,NTDOY,10.300000190734863
2021-12-01,NTDOY,9.479999542236328
2021-12-02,NTDOY,9.479999542236328
2021-12-03,NTDOY,9.260000228881836
2021-12-06,NTDOY,9.140000343322754
2021-12-07,NTDOY,9.5
2021-12-08,NTDOY,9.869999885559082
2021-12-09,NTDOY,9.84000015258789
2021-12-10,NTDOY,9.529999732971191
2021-12-13,NTDOY,9.390000343322754
2021-12-14,NTDOY,9.210000038146973
2021-12-15,NTDOY,9.25
2021-12-16,NTDOY,9.050000190734863
2021-12-17,NTDOY,9.43000030517578
2021-12-20,NTDOY,9.489999771118164
2021-12-21,NTDOY,9.720000267028809
2021-12-22,NTDOY,9.770000457763672
2021-12-23,NTDOY,9.600000381469728
2021-12-27,NTDOY,9.6899995803833
2021-12-28,NTDOY,9.59000015258789
2021-12-29,NTDOY,9.510000228881836
2021-12-30,NTDOY,9.65999984741211
2021-12-31,NTDOY,9.739999771118164
2022-01-03,NTDOY,9.649999618530272
2022-01-04,NTDOY,9.350000381469728
2022-01-05,NTDOY,9.239999771118164
2022-01-06,NTDOY,9.300000190734863
2022-01-07,NTDOY,9.300000190734863
2022-01-10,NTDOY,9.670000076293944
2022-01-11,NTDOY,10.119999885559082
2022-01-12,NTDOY,10.270000457763672
2022-01-13,NTDOY,10.449999809265137
2022-01-14,NTDOY,10.479999542236328
2022-01-18,NTDOY,11.369999885559082
2022-01-19,NTDOY,11.789999961853027
2022-01-20,NTDOY,12.0
2022-01-21,NTDOY,11.770000457763672
2022-01-24,NTDOY,11.329999923706056
2022-01-25,NTDOY,10.710000038146973
2022-01-26,NTDOY,10.829999923706056
2022-01-27,NTDOY,10.880000114440918
2022-01-28,NTDOY,10.880000114440918
2022-01-31,NTDOY,11.43000030517578
2022-02-01,NTDOY,11.739999771118164
2022-02-02,NTDOY,11.670000076293944
2022-02-03,NTDOY,11.5600004196167
2022-02-04,NTDOY,11.609999656677246
2022-02-07,NTDOY,11.510000228881836
2022-02-08,NTDOY,11.5
2022-02-09,NTDOY,11.31999969482422
2022-02-10,NTDOY,11.510000228881836
2022-02-11,NTDOY,11.329999923706056
2022-02-14,NTDOY,11.350000381469728
2022-02-15,NTDOY,11.020000457763672
2022-02-16,NTDOY,10.390000343322754
2022-02-17,NTDOY,9.970000267028809
2022-02-18,NTDOY,10.3100004196167
2022-02-22,NTDOY,10.630000114440918
2022-02-23,NTDOY,10.4399995803833
2022-02-24,NTDOY,10.270000457763672
2022-02-25,NTDOY,10.460000038146973
2022-02-28,NTDOY,10.720000267028809
2022-03-01,NTDOY,10.460000038146973
2022-03-02,NTDOY,10.489999771118164
2022-03-03,NTDOY,9.710000038146973
2022-03-04,NTDOY,9.09000015258789
2022-03-07,NTDOY,8.8100004196167
2022-03-08,NTDOY,8.649999618530273
2022-03-09,NTDOY,9.229999542236328
2022-03-10,NTDOY,8.899999618530273
2022-03-11,NTDOY,8.90999984741211
2022-03-14,NTDOY,8.770000457763672
2022-03-15,NTDOY,8.239999771118164
2022-03-16,NTDOY,8.710000038146973
2022-03-17,NTDOY,8.5600004196167
2022-03-18,NTDOY,8.720000267028809
2022-03-21,NTDOY,8.6899995803833
2022-03-22,NTDOY,9.170000076293944
2022-03-23,NTDOY,9.050000190734863
2022-03-24,NTDOY,8.720000267028809
2022-03-25,NTDOY,8.739999771118164
2022-03-28,NTDOY,8.6899995803833
2022-03-29,NTDOY,9.029999732971191
2022-03-30,NTDOY,9.0
2022-03-31,NTDOY,8.75
2022-04-01,NTDOY,8.850000381469727
2022-04-04,NTDOY,9.140000343322754
2022-04-05,NTDOY,9.199999809265137
2022-04-06,NTDOY,8.65999984741211
2022-04-07,NTDOY,8.59000015258789
2022-04-08,NTDOY,8.479999542236328
2022-04-11,NTDOY,8.479999542236328
2022-04-12,NTDOY,8.430000305175781
2022-04-13,NTDOY,8.149999618530273
2022-04-14,NTDOY,8.0
2022-04-18,NTDOY,7.929999828338623
2022-04-19,NTDOY,7.869999885559082
2022-04-20,NTDOY,7.550000190734863
2022-04-21,NTDOY,7.360000133514404
2022-04-22,NTDOY,8.619999885559082
2022-04-25,NTDOY,9.039999961853027
2022-04-26,NTDOY,8.539999961853027
2022-04-27,NTDOY,8.420000076293945
2022-04-28,NTDOY,8.65999984741211
2022-04-29,NTDOY,8.970000267028809
2022-05-02,NTDOY,8.970000267028809
2022-05-03,NTDOY,8.960000038146973
2022-05-04,NTDOY,9.970000267028809
2022-05-05,NTDOY,9.979999542236328
2022-05-06,NTDOY,10.380000114440918
2022-05-09,NTDOY,9.270000457763672
2022-05-10,NTDOY,9.270000457763672
2022-05-11,NTDOY,8.529999732971191
2022-05-12,NTDOY,8.699999809265137
2022-05-13,NTDOY,9.029999732971191
2022-05-16,NTDOY,9.18000030517578
2022-05-17,NTDOY,9.489999771118164
2022-05-18,NTDOY,9.4399995803833
2022-05-19,NTDOY,10.09000015258789
2022-05-20,NTDOY,10.06999969482422
2022-05-23,NTDOY,10.279999732971191
2022-05-24,NTDOY,10.050000190734863
2022-05-25,NTDOY,10.260000228881836
2022-05-26,NTDOY,10.369999885559082
2022-05-27,NTDOY,10.359999656677246
2022-05-31,NTDOY,10.5600004196167
2022-06-01,NTDOY,10.329999923706056
2022-06-02,NTDOY,10.300000190734863
2022-06-03,NTDOY,10.039999961853027
2022-06-06,NTDOY,10.15999984741211
2022-06-07,NTDOY,10.220000267028809
2022-06-08,NTDOY,10.149999618530272
2022-06-09,NTDOY,9.8100004196167
2022-06-10,NTDOY,9.59000015258789
2022-06-13,NTDOY,9.220000267028809
2022-06-14,NTDOY,9.119999885559082
2022-06-15,NTDOY,9.18000030517578
2022-06-16,NTDOY,8.890000343322754
2022-06-17,NTDOY,8.869999885559082
2022-06-21,NTDOY,9.050000190734863
2022-06-22,NTDOY,9.020000457763672
2022-06-23,NTDOY,9.199999809265137
2022-06-24,NTDOY,9.460000038146973
2022-06-27,NTDOY,9.289999961853027
2022-06-28,NTDOY,9.15999984741211
2022-06-29,NTDOY,8.9399995803833
2022-06-30,NTDOY,8.779999732971191
2022-07-01,NTDOY,8.8100004196167
2022-07-05,NTDOY,8.8100004196167
2022-07-06,NTDOY,8.640000343322754
2022-07-07,NTDOY,8.649999618530273
2022-07-08,NTDOY,8.479999542236328
2022-07-11,NTDOY,8.260000228881836
2022-07-12,NTDOY,8.100000381469727
2022-07-13,NTDOY,8.149999618530273
2022-07-14,NTDOY,7.980000019073486
2022-07-15,NTDOY,7.929999828338623
2022-07-18,NTDOY,8.180000305175781
2022-07-19,NTDOY,8.260000228881836
2022-07-20,NTDOY,8.420000076293945
2022-07-21,NTDOY,8.010000228881836
2022-07-22,NTDOY,8.329999923706055
2022-07-25,NTDOY,8.300000190734863
2022-07-26,NTDOY,8.010000228881836
2022-07-27,NTDOY,8.270000457763672
2022-07-28,NTDOY,8.3100004196167
2022-07-29,NTDOY,8.460000038146973
2022-08-01,NTDOY,8.529999732971191
2022-08-02,NTDOY,8.149999618530273
2022-08-03,NTDOY,8.529999732971191
2022-08-04,NTDOY,9.520000457763672
2022-08-05,NTDOY,9.449999809265137
2022-08-08,NTDOY,9.369999885559082
2022-08-09,NTDOY,9.109999656677246
2022-08-10,NTDOY,9.279999732971191
2022-08-11,NTDOY,9.43000030517578
2022-08-12,NTDOY,9.380000114440918
2022-08-15,NTDOY,9.31999969482422
2022-08-16,NTDOY,9.18000030517578
2022-08-17,NTDOY,9.260000228881836
2022-08-18,NTDOY,9.119999885559082
2022-08-19,NTDOY,8.789999961853027
2022-08-22,NTDOY,8.420000076293945
2022-08-23,NTDOY,8.3100004196167
2022-08-24,NTDOY,8.329999923706055
2022-08-25,NTDOY,8.5600004196167
2022-08-26,NTDOY,8.760000228881836
2022-08-29,NTDOY,8.819999694824219
2022-08-30,NTDOY,9.050000190734863
2022-08-31,NTDOY,9.1899995803833
2022-09-01,NTDOY,8.770000457763672
2022-09-02,NTDOY,8.680000305175781
2022-09-06,NTDOY,9.0
2022-09-07,NTDOY,7.199999809265137
2022-09-08,NTDOY,7.170000076293945
2022-09-09,NTDOY,7.309999942779541
2022-09-12,NTDOY,7.53000020980835
2022-09-13,NTDOY,7.039999961853027
2022-09-14,NTDOY,7.019999980926514
2022-09-15,NTDOY,6.820000171661377
2022-09-16,NTDOY,6.809999942779541
2022-09-19,NTDOY,6.710000038146973
2022-09-20,NTDOY,6.579999923706055
2022-09-21,NTDOY,6.349999904632568
2022-09-22,NTDOY,5.96999979019165
2022-09-23,NTDOY,5.900000095367432
2022-09-26,NTDOY,5.860000133514404
2022-09-27,NTDOY,5.960000038146973
2022-09-28,NTDOY,5.980000019073486
2022-09-29,NTDOY,5.5
2022-09-30,NTDOY,5.420000076293945
2022-10-03,NTDOY,5.590000152587891
2022-10-04,NTDOY,5.829999923706055
2022-10-05,NTDOY,5.550000190734863
2022-10-06,NTDOY,5.480000019073486
2022-10-07,NTDOY,5.400000095367432
2022-10-10,NTDOY,5.46999979019165
2022-10-11,NTDOY,5.239999771118164
2022-10-12,NTDOY,5.059999942779541
2022-10-13,NTDOY,5.139999866485596
2022-10-14,NTDOY,5.079999923706055
2022-10-17,NTDOY,5.289999961853027
2022-10-18,NTDOY,5.320000171661377
2022-10-19,NTDOY,5.130000114440918
2022-10-20,NTDOY,5.210000038146973
2022-10-21,NTDOY,5.269999980926514
2022-10-24,NTDOY,5.320000171661377
2022-10-25,NTDOY,5.400000095367432
2022-10-26,NTDOY,5.320000171661377
2022-10-27,NTDOY,5.349999904632568
2022-10-28,NTDOY,5.159999847412109
2022-10-31,NTDOY,5.440000057220459
2022-11-01,NTDOY,5.480000019073486
2022-11-02,NTDOY,5.389999866485596
2022-11-03,NTDOY,5.309999942779541
2022-11-04,NTDOY,5.510000228881836
2022-11-07,NTDOY,5.46999979019165
2022-11-08,NTDOY,5.369999885559082
2022-11-09,NTDOY,5.110000133514404
2022-11-10,NTDOY,5.400000095367432
2022-11-11,NTDOY,5.710000038146973
2022-11-14,NTDOY,5.670000076293945
2022-11-15,NTDOY,5.659999847412109
2022-11-16,NTDOY,5.489999771118164
2022-11-17,NTDOY,5.409999847412109
2022-11-18,NTDOY,5.320000171661377
2022-11-21,NTDOY,5.099999904632568
2022-11-22,NTDOY,5.210000038146973
2022-11-23,NTDOY,5.340000152587891
2022-11-25,NTDOY,5.5
2022-11-28,NTDOY,5.409999847412109
2022-11-29,NTDOY,5.389999866485596
2022-11-30,NTDOY,5.53000020980835
2022-12-01,NTDOY,5.730000019073486
2022-12-02,NTDOY,5.949999809265137
2022-12-05,NTDOY,5.889999866485596
2022-12-06,NTDOY,5.710000038146973
2022-12-07,NTDOY,5.880000114440918
2022-12-08,NTDOY,5.639999866485596
2022-12-09,NTDOY,5.639999866485596
2022-12-12,NTDOY,5.630000114440918
2022-12-13,NTDOY,5.559999942779541
2022-12-14,NTDOY,5.659999847412109
2022-12-15,NTDOY,5.440000057220459
2022-12-16,NTDOY,5.380000114440918
2022-12-19,NTDOY,5.420000076293945
2022-12-20,NTDOY,5.360000133514404
2022-12-21,NTDOY,5.639999866485596
2022-12-22,NTDOY,5.46999979019165
2022-12-23,NTDOY,5.579999923706055
2022-12-27,NTDOY,5.539999961853027
2022-12-28,NTDOY,5.5
2022-12-29,NTDOY,5.730000019073486
2022-12-30,NTDOY,5.619999885559082
2023-01-03,NTDOY,5.670000076293945
2023-01-04,NTDOY,5.869999885559082
2023-01-05,NTDOY,5.630000114440918
2023-01-06,NTDOY,5.480000019073486
2023-01-09,NTDOY,5.28000020980835
2023-01-10,NTDOY,5.090000152587891
2023-01-11,NTDOY,4.389999866485596
2023-01-12,NTDOY,4.420000076293945
2023-01-13,NTDOY,4.46999979019165
2023-01-17,NTDOY,4.289999961853027
2023-01-18,NTDOY,4.199999809265137
2023-01-19,NTDOY,4.139999866485596
2023-01-20,NTDOY,4.139999866485596
2023-01-23,NTDOY,4.21999979019165
2023-01-24,NTDOY,4.21999979019165
2023-01-25,NTDOY,4.130000114440918
2023-01-26,NTDOY,4.059999942779541
2023-01-27,NTDOY,4.130000114440918
2023-01-30,NTDOY,4.110000133514404
2023-01-31,NTDOY,4.090000152587891
2023-02-01,NTDOY,4.130000114440918
2023-02-02,NTDOY,4.429999828338623
2023-02-03,NTDOY,4.480000019073486
2023-02-06,NTDOY,4.400000095367432
2023-02-07,NTDOY,4.460000038146973
2023-02-08,NTDOY,4.429999828338623
2023-02-09,NTDOY,4.489999771118164
2023-02-10,NTDOY,4.289999961853027
2023-02-13,NTDOY,4.309999942779541
2023-02-14,NTDOY,4.25
2023-02-15,NTDOY,4.210000038146973
2023-02-16,NTDOY,4.309999942779541
2023-02-17,NTDOY,4.329999923706055
2023-02-21,NTDOY,4.28000020980835
2023-02-22,NTDOY,4.269999980926514
2023-02-23,NTDOY,4.230000019073486
2023-02-24,NTDOY,4.21999979019165
2023-02-27,NTDOY,4.340000152587891
2023-02-28,NTDOY,4.349999904632568
2023-03-01,NTDOY,4.360000133514404
2023-03-02,NTDOY,4.400000095367432
2023-03-03,NTDOY,4.510000228881836
2023-03-06,NTDOY,4.610000133514404
2023-03-07,NTDOY,4.510000228881836
2023-03-08,NTDOY,4.619999885559082
2023-03-09,NTDOY,4.78000020980835
2023-03-10,NTDOY,4.739999771118164
2023-03-13,NTDOY,4.78000020980835
2023-03-14,NTDOY,4.849999904632568
2023-03-15,NTDOY,4.679999828338623
2023-03-16,NTDOY,4.949999809265137
2023-03-17,NTDOY,4.949999809265137
2023-03-20,NTDOY,4.860000133514404
2023-03-21,NTDOY,4.739999771118164
2023-03-22,NTDOY,4.710000038146973
2023-03-23,NTDOY,4.710000038146973
2023-03-24,NTDOY,4.690000057220459
2023-03-27,NTDOY,4.760000228881836
2023-03-28,NTDOY,4.690000057220459
2023-03-29,NTDOY,4.989999771118164
2023-03-30,NTDOY,5.199999809265137
2023-03-31,NTDOY,5.260000228881836
2023-04-03,NTDOY,5.159999847412109
2023-04-04,NTDOY,5.019999980926514
2023-04-05,NTDOY,4.989999771118164
2023-04-06,NTDOY,5.119999885559082
2023-04-10,NTDOY,5.050000190734863
2023-04-11,NTDOY,5.159999847412109
2023-04-12,NTDOY,5.239999771118164
2023-04-13,NTDOY,5.260000228881836
2023-04-14,NTDOY,5.099999904632568
2023-04-17,NTDOY,5.199999809265137
2023-04-18,NTDOY,5.329999923706055
2023-04-19,NTDOY,5.400000095367432
2023-04-20,NTDOY,5.360000133514404
2023-04-21,NTDOY,5.53000020980835
2023-04-24,NTDOY,5.599999904632568
2023-04-25,NTDOY,5.460000038146973
2023-04-26,NTDOY,5.570000171661377
2023-04-27,NTDOY,5.75
2023-04-28,NTDOY,5.789999961853027
2023-05-01,NTDOY,5.760000228881836
2023-05-02,NTDOY,5.739999771118164
2023-05-03,NTDOY,5.739999771118164
2023-05-04,NTDOY,5.760000228881836
2023-05-05,NTDOY,5.820000171661377
2023-05-08,NTDOY,5.869999885559082
2023-05-09,NTDOY,5.829999923706055
2023-05-10,NTDOY,5.739999771118164
2023-05-11,NTDOY,5.769999980926514
2023-05-12,NTDOY,5.599999904632568
2023-05-15,NTDOY,5.699999809265137
2023-05-16,NTDOY,5.269999980926514
2023-05-17,NTDOY,5.420000076293945
2023-05-18,NTDOY,5.269999980926514
2023-05-19,NTDOY,5.230000019073486
2023-05-22,NTDOY,5.309999942779541
2023-05-23,NTDOY,5.389999866485596
2023-05-24,NTDOY,5.159999847412109
2023-05-25,NTDOY,5.159999847412109
2023-05-26,NTDOY,5.360000133514404
2023-05-30,NTDOY,5.619999885559082
2023-05-31,NTDOY,5.639999866485596
2023-06-01,NTDOY,5.829999923706055
2023-06-02,NTDOY,5.809999942779541
2023-06-05,NTDOY,5.840000152587891
2023-06-06,NTDOY,6.0
2023-06-07,NTDOY,5.710000038146973
2023-06-08,NTDOY,5.610000133514404
2023-06-09,NTDOY,5.480000019073486
2023-06-12,NTDOY,5.670000076293945
2023-06-13,NTDOY,5.599999904632568
2023-06-14,NTDOY,5.71999979019165
2023-06-15,NTDOY,5.650000095367432
2023-06-16,NTDOY,5.739999771118164
2023-06-20,NTDOY,5.579999923706055
2023-06-21,NTDOY,5.510000228881836
2023-06-22,NTDOY,5.659999847412109
2023-06-23,NTDOY,5.449999809265137
2023-06-26,NTDOY,5.550000190734863
2023-06-27,NTDOY,5.519999980926514
2023-06-28,NTDOY,5.650000095367432
2023-06-29,NTDOY,5.610000133514404
2023-06-30,NTDOY,5.599999904632568
2023-07-03,NTDOY,5.480000019073486
2023-07-05,NTDOY,5.400000095367432
2023-07-06,NTDOY,5.190000057220459
2023-07-07,NTDOY,5.28000020980835
2023-07-10,NTDOY,5.409999847412109
2023-07-11,NTDOY,5.550000190734863
2023-07-12,NTDOY,5.730000019073486
2023-07-13,NTDOY,5.809999942779541
2023-07-14,NTDOY,5.789999961853027
2023-07-17,NTDOY,5.800000190734863
2023-07-18,NTDOY,5.949999809265137
2023-07-19,NTDOY,6.179999828338623
2023-07-20,NTDOY,6.059999942779541
2023-07-21,NTDOY,6.360000133514404
2023-07-24,NTDOY,6.699999809265137
2023-07-25,NTDOY,6.5
2023-07-26,NTDOY,6.610000133514404
2023-07-27,NTDOY,6.519999980926514
2023-07-28,NTDOY,6.550000190734863
2023-07-31,NTDOY,6.670000076293945
2023-08-01,NTDOY,6.570000171661377
2023-08-02,NTDOY,6.420000076293945
2023-08-03,NTDOY,6.25
2023-08-04,NTDOY,6.239999771118164
2023-08-07,NTDOY,6.199999809265137
2023-08-08,NTDOY,6.119999885559082
2023-08-09,NTDOY,6.03000020980835
2023-08-10,NTDOY,6.170000076293945
2023-08-11,NTDOY,6.039999961853027
2023-08-14,NTDOY,6.090000152587891
2023-08-15,NTDOY,6.079999923706055
2023-08-16,NTDOY,5.920000076293945
2023-08-17,NTDOY,5.880000114440918
2023-08-18,NTDOY,5.860000133514404
2023-08-21,NTDOY,5.820000171661377
2023-08-22,NTDOY,6.28000020980835
2023-08-23,NTDOY,6.230000019073486
2023-08-24,NTDOY,6.010000228881836
2023-08-25,NTDOY,6.079999923706055
2023-08-28,NTDOY,6.139999866485596
2023-08-29,NTDOY,6.25
2023-08-30,NTDOY,5.940000057220459
2023-08-31,NTDOY,6.0
2023-09-01,NTDOY,6.190000057220459
2023-09-05,NTDOY,5.949999809265137
2023-09-06,NTDOY,5.96999979019165
2023-09-07,NTDOY,5.889999866485596
2023-09-08,NTDOY,5.900000095367432
2023-09-11,NTDOY,5.929999828338623
2023-09-12,NTDOY,5.840000152587891
2023-09-13,NTDOY,6.019999980926514
2023-09-14,NTDOY,6.130000114440918
2023-09-15,NTDOY,6.050000190734863
2023-09-18,NTDOY,5.860000133514404
2023-09-19,NTDOY,5.980000019073486
2023-09-20,NTDOY,6.070000171661377
2023-09-21,NTDOY,5.929999828338623
2023-09-22,NTDOY,6.199999809265137
2023-09-25,NTDOY,6.329999923706055
2023-09-26,NTDOY,6.239999771118164
2023-09-27,NTDOY,6.239999771118164
2023-09-28,NTDOY,6.130000114440918
2023-09-29,NTDOY,6.440000057220459
2023-10-02,NTDOY,6.230000019073486
2023-10-03,NTDOY,5.980000019073486
2023-10-04,NTDOY,6.010000228881836
2023-10-05,NTDOY,5.889999866485596
2023-10-06,NTDOY,6.019999980926514
2023-10-09,NTDOY,6.059999942779541
2023-10-10,NTDOY,5.75
2023-10-11,NTDOY,5.650000095367432
2023-10-12,NTDOY,5.940000057220459
2023-10-13,NTDOY,5.96999979019165
2023-10-16,NTDOY,6.059999942779541
2023-10-17,NTDOY,5.809999942779541
2023-10-18,NTDOY,5.760000228881836
2023-10-19,NTDOY,5.71999979019165
2023-10-20,NTDOY,5.590000152587891
2023-10-23,NTDOY,5.630000114440918
2023-10-24,NTDOY,5.639999866485596
2023-10-25,NTDOY,5.389999866485596
2023-10-26,NTDOY,5.670000076293945
2023-10-27,NTDOY,5.670000076293945
2023-10-30,NTDOY,5.550000190734863
2023-10-31,NTDOY,5.639999866485596
2023-11-01,NTDOY,5.670000076293945
2023-11-02,NTDOY,5.880000114440918
2023-11-03,NTDOY,6.019999980926514
2023-11-06,NTDOY,5.949999809265137
2023-11-07,NTDOY,5.989999771118164
2023-11-08,NTDOY,6.059999942779541
2023-11-09,NTDOY,6.210000038146973
2023-11-10,NTDOY,6.199999809265137
2023-11-13,NTDOY,6.260000228881836
2023-11-14,NTDOY,6.480000019073486
2023-11-15,NTDOY,6.440000057220459
2023-11-16,NTDOY,6.380000114440918
2023-11-17,NTDOY,6.429999828338623
2023-11-20,NTDOY,6.550000190734863
2023-11-21,NTDOY,6.559999942779541
2023-11-22,NTDOY,6.460000038146973
2023-11-24,NTDOY,6.420000076293945
2023-11-27,NTDOY,6.139999866485596
2023-11-28,NTDOY,5.820000171661377
2023-11-29,NTDOY,5.769999980926514
2023-11-30,NTDOY,5.650000095367432
2023-12-01,NTDOY,5.579999923706055
2023-12-04,NTDOY,5.380000114440918
2023-12-05,NTDOY,5.300000190734863
2023-12-06,NTDOY,5.28000020980835
2023-12-07,NTDOY,5.320000171661377
2023-12-08,NTDOY,5.179999828338623
2023-12-11,NTDOY,5.130000114440918
2023-12-12,NTDOY,4.980000019073486
2023-12-13,NTDOY,5.090000152587891
2023-12-14,NTDOY,5.179999828338623
2023-12-15,NTDOY,5.150000095367432
2023-12-18,NTDOY,5.119999885559082
2023-12-19,NTDOY,5.210000038146973
2023-12-20,NTDOY,5.150000095367432
2023-12-21,NTDOY,5.239999771118164
2023-12-22,NTDOY,5.179999828338623
2023-12-26,NTDOY,5.230000019073486
2023-12-27,NTDOY,5.119999885559082
2023-12-28,NTDOY,5.070000171661377
2023-12-29,NTDOY,5.059999942779541
2024-01-02,NTDOY,5.070000171661377
2024-01-03,NTDOY,5.0
2024-01-04,NTDOY,5.010000228881836
2024-01-05,NTDOY,4.849999904632568
2024-01-08,NTDOY,4.940000057220459
2024-01-09,NTDOY,4.900000095367432
2024-01-10,NTDOY,4.840000152587891
2024-01-11,NTDOY,4.760000228881836
2024-01-12,NTDOY,4.78000020980835
2024-01-16,NTDOY,4.460000038146973
2024-01-17,NTDOY,4.210000038146973
2024-01-18,NTDOY,4.260000228881836
2024-01-19,NTDOY,4.289999961853027
2024-01-22,NTDOY,4.300000190734863
2024-01-23,NTDOY,4.400000095367432
2024-01-24,NTDOY,4.46999979019165
2024-01-25,NTDOY,4.380000114440918
2024-01-26,NTDOY,4.389999866485596
2024-01-29,NTDOY,4.360000133514404
2024-01-30,NTDOY,4.360000133514404
2024-01-31,NTDOY,4.360000133514404
2024-02-01,NTDOY,4.349999904632568
2024-02-02,NTDOY,4.320000171661377
2024-02-05,NTDOY,4.340000152587891
2024-02-06,NTDOY,4.21999979019165
2024-02-07,NTDOY,4.139999866485596
2024-02-08,NTDOY,4.599999904632568
2024-02-09,NTDOY,4.860000133514404
2024-02-12,NTDOY,5.050000190734863
2024-02-13,NTDOY,4.989999771118164
2024-02-14,NTDOY,5.179999828338623
2024-02-15,NTDOY,5.230000019073486
2024-02-16,NTDOY,5.170000076293945
2024-02-20,NTDOY,4.920000076293945
2024-02-21,NTDOY,4.840000152587891
2024-02-22,NTDOY,4.829999923706055
2024-02-23,NTDOY,4.75
2024-02-26,NTDOY,4.690000057220459
2024-02-27,NTDOY,4.599999904632568
2024-02-28,NTDOY,4.590000152587891
2024-02-29,NTDOY,4.550000190734863
2024-03-01,NTDOY,4.5
2024-03-04,NTDOY,4.449999809265137
2024-03-05,NTDOY,4.369999885559082
2024-03-06,NTDOY,4.380000114440918
2024-03-07,NTDOY,4.349999904632568
2024-03-08,NTDOY,4.199999809265137
2024-03-11,NTDOY,4.199999809265137
2024-03-12,NTDOY,4.239999771118164
2024-03-13,NTDOY,4.300000190734863
2024-03-14,NTDOY,4.110000133514404
2024-03-15,NTDOY,4.090000152587891
2024-03-18,NTDOY,4.059999942779541
2024-03-19,NTDOY,4.059999942779541
2024-03-20,NTDOY,4.130000114440918
2024-03-21,NTDOY,4.090000152587891
2024-03-22,NTDOY,4.079999923706055
2024-03-25,NTDOY,4.079999923706055
2024-03-26,NTDOY,4.190000057220459
2024-03-27,NTDOY,4.179999828338623
2024-03-28,NTDOY,4.170000076293945
2024-04-01,NTDOY,4.130000114440918
2024-04-02,NTDOY,4.210000038146973
2024-04-03,NTDOY,4.239999771118164
2024-04-04,NTDOY,4.210000038146973
2024-04-05,NTDOY,4.260000228881836
2024-04-08,NTDOY,4.440000057220459
2024-04-09,NTDOY,4.53000020980835
2024-04-10,NTDOY,4.420000076293945
2024-04-11,NTDOY,4.380000114440918
2024-04-12,NTDOY,4.300000190734863
2024-04-15,NTDOY,4.25
2024-04-16,NTDOY,4.269999980926514
2024-04-17,NTDOY,4.480000019073486
2024-04-18,NTDOY,4.440000057220459
2024-04-19,NTDOY,4.429999828338623
2024-04-22,NTDOY,4.610000133514404
2024-04-23,NTDOY,4.639999866485596
2024-04-24,NTDOY,4.579999923706055
2024-04-25,NTDOY,4.599999904632568
2024-04-26,NTDOY,4.639999866485596
2024-04-29,NTDOY,4.690000057220459
2024-04-30,NTDOY,4.679999828338623
2024-05-01,NTDOY,4.679999828338623
2024-05-02,NTDOY,4.730000019073486
2024-05-03,NTDOY,4.690000057220459
2024-05-06,NTDOY,4.619999885559082
2024-05-07,NTDOY,4.78000020980835
2024-05-08,NTDOY,4.730000019073486
2024-05-09,NTDOY,4.760000228881836
2024-05-10,NTDOY,4.739999771118164
2024-05-13,NTDOY,4.800000190734863
2024-05-14,NTDOY,4.920000076293945
2024-05-15,NTDOY,5.25
2024-05-16,NTDOY,4.360000133514404
2024-05-17,NTDOY,4.579999923706055
2024-05-20,NTDOY,4.760000228881836
2024-05-21,NTDOY,4.630000114440918
2024-05-22,NTDOY,4.659999847412109
2024-05-23,NTDOY,4.46999979019165
2024-05-24,NTDOY,4.699999809265137
2024-05-28,NTDOY,4.679999828338623
2024-05-29,NTDOY,4.570000171661377
2024-05-30,NTDOY,4.75
2024-05-31,NTDOY,4.820000171661377
2024-06-03,NTDOY,4.960000038146973
2024-06-04,NTDOY,4.920000076293945
2024-06-05,NTDOY,4.989999771118164
2024-06-06,NTDOY,4.960000038146973
2024-06-07,NTDOY,4.980000019073486
2024-06-10,NTDOY,4.929999828338623
2024-06-11,NTDOY,4.710000038146973
2024-06-12,NTDOY,4.699999809265137
2024-06-13,NTDOY,4.639999866485596
2024-06-14,NTDOY,4.510000228881836
2024-06-17,NTDOY,4.480000019073486
2024-06-18,NTDOY,4.539999961853027
2024-06-20,NTDOY,4.5
2024-06-21,NTDOY,4.260000228881836
2024-06-24,NTDOY,4.480000019073486
2024-06-25,NTDOY,4.389999866485596
2024-06-26,NTDOY,4.380000114440918
2024-06-27,NTDOY,4.320000171661377
2024-06-28,NTDOY,4.320000171661377
2024-07-01,NTDOY,4.349999904632568
2024-07-02,NTDOY,4.159999847412109
2024-07-03,NTDOY,4.159999847412109
2024-07-05,NTDOY,4.199999809265137
2024-07-08,NTDOY,4.519999980926514
2024-07-09,NTDOY,4.71999979019165
2024-07-10,NTDOY,4.820000171661377
2024-07-11,NTDOY,4.820000171661377
2024-07-12,NTDOY,4.849999904632568
2024-07-15,NTDOY,4.840000152587891
2024-07-16,NTDOY,4.75
2024-07-17,NTDOY,4.869999885559082
2024-07-18,NTDOY,4.539999961853027
2024-07-19,NTDOY,4.179999828338623
2024-07-22,NTDOY,4.25
2024-07-23,NTDOY,4.179999828338623
2024-07-24,NTDOY,4.050000190734863
2024-07-25,NTDOY,3.950000047683716
2024-07-26,NTDOY,4.039999961853027
2024-07-29,NTDOY,4.050000190734863
2024-07-30,NTDOY,4.03000020980835
2024-07-31,NTDOY,4.050000190734863
2024-08-01,NTDOY,3.900000095367432
2024-08-02,NTDOY,3.7699999809265137
2024-08-05,NTDOY,3.700000047683716
2024-08-06,NTDOY,3.700000047683716
2024-08-07,NTDOY,3.660000085830689
2024-08-08,NTDOY,3.5899999141693115
2024-08-09,NTDOY,3.630000114440918
2024-08-12,NTDOY,3.680000066757202
2024-08-13,NTDOY,3.7300000190734863
2024-08-14,NTDOY,3.7100000381469727
2024-08-15,NTDOY,3.680000066757202
2024-08-16,NTDOY,3.690000057220459
2024-08-19,NTDOY,3.690000057220459
2024-08-20,NTDOY,3.690000057220459
2024-08-21,NTDOY,3.740000009536743
2024-08-22,NTDOY,3.690000057220459
2024-08-23,NTDOY,3.759999990463257
2024-08-26,NTDOY,3.809999942779541
2024-08-27,NTDOY,3.849999904632568
2024-08-28,NTDOY,3.829999923706055
2024-08-29,NTDOY,3.7699999809265137
2024-08-30,NTDOY,3.759999990463257
2024-09-03,NTDOY,3.369999885559082
2024-09-04,NTDOY,3.400000095367432
2024-09-05,NTDOY,3.3499999046325684
2024-09-06,NTDOY,3.190000057220459
2024-09-09,NTDOY,2.950000047683716
2024-09-10,NTDOY,2.859999895095825
2024-09-11,NTDOY,2.609999895095825
2024-09-12,NTDOY,2.549999952316284
2024-09-13,NTDOY,2.549999952316284
2024-09-16,NTDOY,2.4800000190734863
2024-09-17,NTDOY,2.5899999141693115
2024-09-18,NTDOY,2.789999961853028
2024-09-19,NTDOY,2.8499999046325684
2024-09-20,NTDOY,2.7100000381469727
2024-09-23,NTDOY,2.630000114440918
2024-09-24,NTDOY,2.619999885559082
2024-09-25,NTDOY,2.25
2024-09-26,NTDOY,2.2100000381469727
2024-09-27,NTDOY,2.309999942779541
2024-09-30,NTDOY,2.220000028610229
2024-10-01,NTDOY,2.240000009536743
2024-10-02,NTDOY,2.25
2024-10-03,NTDOY,2.309999942779541
2024-10-04,NTDOY,3.0199999809265137
2024-10-07,NTDOY,2.950000047683716
2024-10-08,NTDOY,2.8299999237060547
2024-10-09,NTDOY,2.8299999237060547
2024-10-10,NTDOY,2.809999942779541
2024-10-11,NTDOY,2.819999933242798
2024-10-14,NTDOY,2.890000104904175
2024-10-15,NTDOY,2.880000114440918
2024-10-16,NTDOY,2.789999961853028
2024-10-17,NTDOY,2.9200000762939453
2024-10-18,NTDOY,2.8399999141693115
2024-10-21,NTDOY,2.8499999046325684
2024-10-22,NTDOY,2.9200000762939453
2024-10-23,NTDOY,2.930000066757202
2024-10-24,NTDOY,2.859999895095825
2024-10-25,NTDOY,2.9100000858306885
2024-10-28,NTDOY,2.8399999141693115
2024-10-29,NTDOY,2.970000028610229
2024-10-30,NTDOY,2.900000095367432
2024-10-31,NTDOY,2.930000066757202
2024-11-01,NTDOY,3.0199999809265137
2024-11-04,NTDOY,2.900000095367432
2024-11-05,NTDOY,2.900000095367432
2024-11-06,NTDOY,2.859999895095825
2024-11-07,NTDOY,2.890000104904175
2024-11-08,NTDOY,2.880000114440918
2024-11-11,NTDOY,2.8399999141693115
2024-11-12,NTDOY,2.799999952316284
2024-11-13,NTDOY,2.8299999237060547
2024-11-14,NTDOY,2.809999942779541
2024-11-15,NTDOY,2.799999952316284
2024-11-18,NTDOY,2.7799999713897705
2024-11-19,NTDOY,2.7799999713897705
2024-11-20,NTDOY,2.6700000762939453
2024-11-21,NTDOY,2.5899999141693115
2024-11-22,NTDOY,2.5999999046325684
2024-11-25,NTDOY,2.6600000858306885
2024-11-26,NTDOY,2.569999933242798
2024-11-27,NTDOY,2.490000009536743
2024-11-29,NTDOY,2.5899999141693115
2024-12-02,NTDOY,2.400000095367432
2024-12-03,NTDOY,2.4100000858306885
2024-12-04,NTDOY,2.450000047683716
2024-12-05,NTDOY,2.440000057220459
2024-12-06,NTDOY,2.7699999809265137
2024-12-09,NTDOY,2.759999990463257
2024-12-10,NTDOY,2.7300000190734863
2024-12-11,NTDOY,2.640000104904175
2024-12-12,NTDOY,2.609999895095825
2024-12-13,NTDOY,2.5199999809265137
2024-12-16,NTDOY,2.5899999141693115
2024-12-17,NTDOY,2.5899999141693115
2024-12-18,NTDOY,2.490000009536743
2024-12-19,NTDOY,2.549999952316284
2024-12-20,NTDOY,2.539999961853028
2024-12-23,NTDOY,2.5999999046325684
2024-12-24,NTDOY,2.549999952316284
2024-12-26,NTDOY,2.630000114440918
2024-12-27,NTDOY,2.680000066757202
2024-12-30,NTDOY,2.7300000190734863
2024-12-31,NTDOY,2.700000047683716
2025-01-02,NTDOY,2.5999999046325684
2025-01-03,NTDOY,2.559999942779541
2025-01-06,NTDOY,2.630000114440918
2025-01-07,NTDOY,2.650000095367432
2025-01-08,NTDOY,2.5199999809265137
2025-01-10,NTDOY,2.4600000381469727
2025-01-13,NTDOY,2.400000095367432
2025-01-14,NTDOY,2.369999885559082
2025-01-15,NTDOY,2.5
2025-01-16,NTDOY,2.359999895095825
2025-01-17,NTDOY,2.369999885559082
2025-01-21,NTDOY,2.289999961853028
2025-01-22,NTDOY,2.2799999713897705
2025-01-23,NTDOY,2.2699999809265137
2025-01-24,NTDOY,2.4600000381469727
2025-01-27,NTDOY,2.4200000762939453
2025-01-28,NTDOY,2.450000047683716
2025-01-29,NTDOY,2.359999895095825
2025-01-30,NTDOY,2.289999961853028
2025-01-31,NTDOY,2.2699999809265137
2025-02-03,NTDOY,2.2100000381469727
2025-02-04,NTDOY,2.240000009536743
2025-02-05,NTDOY,2.240000009536743
2025-02-06,NTDOY,2.2699999809265137
2025-02-07,NTDOY,2.2300000190734863
2025-02-10,NTDOY,2.220000028610229
2025-02-11,NTDOY,2.2100000381469727
2025-02-12,NTDOY,2.220000028610229
2025-02-13,NTDOY,2.259999990463257
2025-02-14,NTDOY,2.319999933242798
2025-02-18,NTDOY,2.309999942779541
2025-02-19,NTDOY,2.2799999713897705
2025-02-20,NTDOY,2.369999885559082
2025-02-21,NTDOY,2.380000114440918
2025-02-24,NTDOY,2.4200000762939453
2025-02-25,NTDOY,2.549999952316284
2025-02-26,NTDOY,2.509999990463257
2025-02-27,NTDOY,2.509999990463257
2025-02-28,NTDOY,2.490000009536743
2025-03-03,NTDOY,2.549999952316284
2025-03-04,NTDOY,2.5899999141693115
2025-03-05,NTDOY,2.7100000381469727
2025-03-06,NTDOY,2.869999885559082
2025-03-07,NTDOY,2.940000057220459
2025-03-10,NTDOY,2.859999895095825
2025-03-11,NTDOY,2.740000009536743
2025-03-12,NTDOY,2.7300000190734863
2025-03-13,NTDOY,2.630000114440918
2025-03-14,NTDOY,2.8299999237060547
2025-03-17,NTDOY,2.869999885559082
2025-03-18,NTDOY,2.900000095367432
2025-03-19,NTDOY,2.720000028610229
2025-03-20,NTDOY,2.8299999237060547
2025-03-21,NTDOY,2.609999895095825
2025-03-24,NTDOY,2.809999942779541
2025-03-25,NTDOY,2.900000095367432
2025-03-26,NTDOY,2.789999961853028
2025-03-27,NTDOY,3.1700000762939453
2025-03-28,NTDOY,2.720000028610229
2025-03-31,NTDOY,2.359999895095825
2025-04-01,NTDOY,2.2699999809265137
2025-04-02,NTDOY,2.289999961853028
2025-04-03,NTDOY,2.2300000190734863
2025-04-04,NTDOY,2.039999961853028
2025-04-07,NTDOY,1.919999957084656
2025-04-08,NTDOY,1.940000057220459
2025-04-09,NTDOY,2.0999999046325684
2025-04-10,NTDOY,1.8899999856948853
2025-04-11,NTDOY,1.9800000190734863
2025-04-14,NTDOY,2.049999952316284
2025-04-15,NTDOY,2.0799999237060547
2025-04-16,NTDOY,2.0
2025-04-17,NTDOY,2.0799999237060547
2025-04-21,NTDOY,2.059999942779541
2025-04-22,NTDOY,2.1600000858306885
2025-04-23,NTDOY,2.2699999809265137
2025-04-24,NTDOY,2.259999990463257
2025-04-25,NTDOY,2.299999952316284
2025-04-28,NTDOY,2.319999933242798
2025-04-29,NTDOY,2.3499999046325684
2025-04-30,NTDOY,2.289999961853028
2025-05-01,NTDOY,2.319999933242798
2025-05-02,NTDOY,2.470000028610229
2025-05-05,NTDOY,2.440000057220459
2025-05-06,NTDOY,2.430000066757202
2025-05-07,NTDOY,2.470000028610229
2025-05-08,NTDOY,2.470000028610229
2025-05-09,NTDOY,2.470000028610229
2025-05-12,NTDOY,2.470000028610229
2025-05-13,NTDOY,2.5299999713897705
2025-05-14,NTDOY,2.4100000858306885
2025-05-15,NTDOY,2.0899999141693115
2025-05-16,NTDOY,2.119999885559082
2025-05-19,NTDOY,2.190000057220459
2025-05-20,NTDOY,2.2699999809265137
2025-05-21,NTDOY,2.2799999713897705
2025-05-22,NTDOY,2.1700000762939453
2025-05-23,NTDOY,2.130000114440918
2025-05-27,NTDOY,2.200000047683716
2025-05-28,NTDOY,2.220000028610229
2025-05-29,NTDOY,2.259999990463257
2025-05-30,NTDOY,2.2300000190734863
2025-06-02,NTDOY,2.190000057220459
2025-06-03,NTDOY,2.1700000762939453
2025-06-04,NTDOY,2.319999933242798
2025-06-05,NTDOY,2.25
2025-06-06,NTDOY,2.2100000381469727
2025-06-09,NTDOY,2.150000095367432
2025-06-10,NTDOY,2.119999885559082
2025-06-11,NTDOY,2.1600000858306885
2025-06-12,NTDOY,2.190000057220459
2025-06-13,NTDOY,2.049999952316284
2025-06-16,NTDOY,2.0999999046325684
2025-06-17,NTDOY,2.049999952316284
2025-06-18,NTDOY,2.0299999713897705
2025-06-20,NTDOY,2.0199999809265137
2025-06-23,NTDOY,2.0199999809265137
2025-06-24,NTDOY,2.0999999046325684
2025-06-25,NTDOY,2.109999895095825
2025-06-26,NTDOY,2.190000057220459
2025-06-27,NTDOY,2.150000095367432
2025-06-30,NTDOY,2.150000095367432
2025-07-01,NTDOY,2.119999885559082
2025-07-02,NTDOY,2.1600000858306885
2025-07-03,NTDOY,2.0899999141693115
2025-07-07,NTDOY,2.039999961853028
2025-07-08,NTDOY,2.119999885559082
2025-07-09,NTDOY,2.150000095367432
2025-07-10,NTDOY,2.1700000762939453
2025-07-11,NTDOY,2.140000104904175
2025-07-14,NTDOY,2.0799999237060547
2025-07-15,NTDOY,2.109999895095825
2025-07-16,NTDOY,2.150000095367432
2025-07-17,NTDOY,2.140000104904175
2025-07-18,NTDOY,2.1600000858306885
2025-07-21,NTDOY,2.130000114440918
2025-07-22,NTDOY,2.180000066757202
2025-07-23,NTDOY,2.2300000190734863
2025-07-24,NTDOY,2.180000066757202
2025-07-25,NTDOY,2.200000047683716
2025-07-28,NTDOY,2.109999895095825
2025-07-29,NTDOY,2.069999933242798
2025-07-30,NTDOY,2.0299999713897705
2025-07-31,NTDOY,2.069999933242798
2025-08-01,NTDOY,1.9800000190734863
2025-08-04,NTDOY,1.9600000381469729
2025-08-05,NTDOY,2.009999990463257
2025-08-06,NTDOY,2.039999961853028
2025-08-07,NTDOY,2.039999961853028
2025-08-08,NTDOY,2.059999942779541
2025-08-11,NTDOY,2.109999895095825
2025-08-12,NTDOY,2.109999895095825
2025-08-13,NTDOY,2.0999999046325684
2025-08-14,NTDOY,2.0899999141693115
2025-08-15,NTDOY,2.0999999046325684
2025-08-18,NTDOY,2.0799999237060547
2025-08-19,NTDOY,2.1600000858306885
2025-08-20,NTDOY,2.119999885559082
2025-08-21,NTDOY,2.0899999141693115
2025-08-22,NTDOY,2.1600000858306885
2025-08-25,NTDOY,2.140000104904175
2025-08-26,NTDOY,2.130000114440918
2025-08-27,NTDOY,2.069999933242798
2025-08-28,NTDOY,2.1700000762939453
2025-08-29,NTDOY,2.130000114440918
2025-09-02,NTDOY,2.049999952316284
2025-09-03,NTDOY,2.0199999809265137
2025-09-04,NTDOY,2.009999990463257
2025-09-05,NTDOY,2.009999990463257
2025-09-08,NTDOY,2.0
2025-09-09,NTDOY,1.9800000190734863
2025-09-10,NTDOY,1.950000047683716
2025-09-11,NTDOY,1.9900000095367432
2025-09-12,NTDOY,1.950000047683716
2025-09-15,NTDOY,1.9800000190734863
2025-09-16,NTDOY,1.9299999475479128
2025-09-17,NTDOY,1.909999966621399
2025-09-18,NTDOY,2.0199999809265137
2025-09-19,NTDOY,2.0799999237060547
2025-09-22,NTDOY,2.259999990463257
2025-09-23,NTDOY,2.2799999713897705
2025-09-24,NTDOY,2.2300000190734863
2025-09-25,NTDOY,2.25
2025-09-26,NTDOY,2.2799999713897705
2025-09-29,NTDOY,2.2799999713897705
2025-09-30,NTDOY,2.240000009536743
2025-10-01,NTDOY,2.309999942779541
2025-10-02,NTDOY,2.299999952316284
2025-10-03,NTDOY,2.3399999141693115
2025-10-06,NTDOY,2.2300000190734863
2025-10-07,NTDOY,2.2100000381469727
2025-10-08,NTDOY,2.2300000190734863
2025-10-09,NTDOY,2.1700000762939453
2025-10-10,NTDOY,2.059999942779541
2025-10-13,NTDOY,2.069999933242798
2025-10-14,NTDOY,2.0299999713897705
2025-10-15,NTDOY,2.0
2025-10-16,NTDOY,1.940000057220459
2025-10-17,NTDOY,1.830000042915344
2025-10-20,NTDOY,1.8600000143051147
2025-10-21,NTDOY,1.8600000143051147
2025-10-22,NTDOY,1.840000033378601
2025-10-23,NTDOY,1.840000033378601
2025-10-24,NTDOY,1.8200000524520876
2025-10-27,NTDOY,1.809999942779541
2025-10-28,NTDOY,1.7999999523162842
2025-10-29,NTDOY,1.7599999904632568
2025-10-30,NTDOY,1.75
2025-10-31,NTDOY,1.7400000095367432
2025-11-03,NTDOY,1.5499999523162842
2025-11-04,NTDOY,1.4700000286102295
2025-11-05,NTDOY,1.4600000381469729
2025-11-06,NTDOY,1.4299999475479126
2025-11-07,NTDOY,1.3700000047683716
2025-11-10,NTDOY,1.399999976158142
2025-11-11,NTDOY,1.4900000095367432
2025-11-12,NTDOY,1.559999942779541
2025-11-13,NTDOY,1.4299999475479126
2025-11-14,NTDOY,1.5399999618530271
2010-01-04,TTWO,10.399999618530272
2010-01-05,TTWO,10.470000267028809
2010-01-06,TTWO,10.4399995803833
2010-01-07,TTWO,10.390000343322754
2010-01-08,TTWO,10.420000076293944
2010-01-11,TTWO,10.68000030517578
2010-01-12,TTWO,10.1899995803833
2010-01-13,TTWO,10.359999656677246
2010-01-14,TTWO,10.149999618530272
2010-01-15,TTWO,10.079999923706056
2010-01-19,TTWO,9.949999809265137
2010-01-20,TTWO,9.729999542236328
2010-01-21,TTWO,9.369999885559082
2010-01-22,TTWO,9.289999961853027
2010-01-25,TTWO,9.119999885559082
2010-01-26,TTWO,9.199999809265137
2010-01-27,TTWO,9.329999923706056
2010-01-28,TTWO,9.279999732971191
2010-01-29,TTWO,9.279999732971191
2010-02-01,TTWO,9.34000015258789
2010-02-02,TTWO,9.34000015258789
2010-02-03,TTWO,9.600000381469728
2010-02-04,TTWO,9.25
2010-02-05,TTWO,9.289999961853027
2010-02-08,TTWO,9.449999809265137
2010-02-09,TTWO,9.520000457763672
2010-02-10,TTWO,9.710000038146973
2010-02-11,TTWO,9.859999656677246
2010-02-12,TTWO,9.649999618530272
2010-02-16,TTWO,9.75
2010-02-17,TTWO,9.65999984741211
2010-02-18,TTWO,9.640000343322754
2010-02-19,TTWO,9.5
2010-02-22,TTWO,9.239999771118164
2010-02-23,TTWO,9.31999969482422
2010-02-24,TTWO,9.220000267028809
2010-02-25,TTWO,9.279999732971191
2010-02-26,TTWO,9.619999885559082
2010-03-01,TTWO,9.4399995803833
2010-03-02,TTWO,9.279999732971191
2010-03-03,TTWO,9.029999732971191
2010-03-04,TTWO,10.020000457763672
2010-03-05,TTWO,9.989999771118164
2010-03-08,TTWO,10.18000030517578
2010-03-09,TTWO,10.390000343322754
2010-03-10,TTWO,10.5
2010-03-11,TTWO,10.220000267028809
2010-03-12,TTWO,10.130000114440918
2010-03-15,TTWO,10.119999885559082
2010-03-16,TTWO,9.960000038146973
2010-03-17,TTWO,9.829999923706056
2010-03-18,TTWO,10.0
2010-03-19,TTWO,10.020000457763672
2010-03-22,TTWO,10.270000457763672
2010-03-23,TTWO,10.5
2010-03-24,TTWO,10.380000114440918
2010-03-25,TTWO,10.18000030517578
2010-03-26,TTWO,10.210000038146973
2010-03-29,TTWO,10.109999656677246
2010-03-30,TTWO,10.09000015258789
2010-03-31,TTWO,9.869999885559082
2010-04-01,TTWO,10.039999961853027
2010-04-05,TTWO,10.359999656677246
2010-04-06,TTWO,10.420000076293944
2010-04-07,TTWO,10.31999969482422
2010-04-08,TTWO,10.380000114440918
2010-04-09,TTWO,10.510000228881836
2010-04-12,TTWO,10.869999885559082
2010-04-13,TTWO,10.859999656677246
2010-04-14,TTWO,10.859999656677246
2010-04-15,TTWO,10.789999961853027
2010-04-16,TTWO,10.649999618530272
2010-04-19,TTWO,10.380000114440918
2010-04-20,TTWO,10.479999542236328
2010-04-21,TTWO,10.68000030517578
2010-04-22,TTWO,10.84000015258789
2010-04-23,TTWO,11.210000038146973
2010-04-26,TTWO,11.09000015258789
2010-04-27,TTWO,10.800000190734863
2010-04-28,TTWO,10.649999618530272
2010-04-29,TTWO,11.0
2010-04-30,TTWO,10.850000381469728
2010-05-03,TTWO,11.170000076293944
2010-05-04,TTWO,10.59000015258789
2010-05-05,TTWO,10.289999961853027
2010-05-06,TTWO,9.829999923706056
2010-05-07,TTWO,9.829999923706056
2010-05-10,TTWO,10.539999961853027
2010-05-11,TTWO,10.670000076293944
2010-05-12,TTWO,11.029999732971191
2010-05-13,TTWO,11.239999771118164
2010-05-14,TTWO,11.06999969482422
2010-05-17,TTWO,11.25
2010-05-18,TTWO,11.18000030517578
2010-05-19,TTWO,11.0
2010-05-20,TTWO,10.6899995803833
2010-05-21,TTWO,10.760000228881836
2010-05-24,TTWO,10.81999969482422
2010-05-25,TTWO,10.649999618530272
2010-05-26,TTWO,10.40999984741211
2010-05-27,TTWO,10.729999542236328
2010-05-28,TTWO,11.56999969482422
2010-06-01,TTWO,11.1899995803833
2010-06-02,TTWO,11.399999618530272
2010-06-03,TTWO,11.529999732971191
2010-06-04,TTWO,11.029999732971191
2010-06-07,TTWO,10.640000343322754
2010-06-08,TTWO,10.520000457763672
2010-06-09,TTWO,9.710000038146973
2010-06-10,TTWO,10.1899995803833
2010-06-11,TTWO,10.4399995803833
2010-06-14,TTWO,10.029999732971191
2010-06-15,TTWO,10.3100004196167
2010-06-16,TTWO,10.260000228881836
2010-06-17,TTWO,10.300000190734863
2010-06-18,TTWO,10.06999969482422
2010-06-21,TTWO,9.979999542236328
2010-06-22,TTWO,9.720000267028809
2010-06-23,TTWO,9.56999969482422
2010-06-24,TTWO,9.510000228881836
2010-06-25,TTWO,9.84000015258789
2010-06-28,TTWO,9.75
2010-06-29,TTWO,9.25
2010-06-30,TTWO,9.0
2010-07-01,TTWO,8.850000381469727
2010-07-02,TTWO,9.010000228881836
2010-07-06,TTWO,8.90999984741211
2010-07-07,TTWO,9.75
2010-07-08,TTWO,9.390000343322754
2010-07-09,TTWO,9.489999771118164
2010-07-12,TTWO,9.550000190734863
2010-07-13,TTWO,10.140000343322754
2010-07-14,TTWO,9.920000076293944
2010-07-15,TTWO,9.829999923706056
2010-07-16,TTWO,9.760000228881836
2010-07-19,TTWO,10.039999961853027
2010-07-20,TTWO,9.859999656677246
2010-07-21,TTWO,9.699999809265137
2010-07-22,TTWO,10.1899995803833
2010-07-23,TTWO,10.460000038146973
2010-07-26,TTWO,10.75
2010-07-27,TTWO,10.59000015258789
2010-07-28,TTWO,10.289999961853027
2010-07-29,TTWO,10.380000114440918
2010-07-30,TTWO,10.25
2010-08-02,TTWO,10.43000030517578
2010-08-03,TTWO,10.34000015258789
2010-08-04,TTWO,10.65999984741211
2010-08-05,TTWO,10.479999542236328
2010-08-06,TTWO,10.1899995803833
2010-08-09,TTWO,10.239999771118164
2010-08-10,TTWO,9.68000030517578
2010-08-11,TTWO,9.1899995803833
2010-08-12,TTWO,8.510000228881836
2010-08-13,TTWO,8.289999961853027
2010-08-16,TTWO,8.300000190734863
2010-08-17,TTWO,8.390000343322754
2010-08-18,TTWO,8.539999961853027
2010-08-19,TTWO,8.40999984741211
2010-08-20,TTWO,8.4399995803833
2010-08-23,TTWO,8.260000228881836
2010-08-24,TTWO,8.229999542236328
2010-08-25,TTWO,8.270000457763672
2010-08-26,TTWO,8.229999542236328
2010-08-27,TTWO,8.4399995803833
2010-08-30,TTWO,8.1899995803833
2010-08-31,TTWO,8.300000190734863
2010-09-01,TTWO,8.5600004196167
2010-09-02,TTWO,8.850000381469727
2010-09-03,TTWO,9.5
2010-09-07,TTWO,9.359999656677246
2010-09-08,TTWO,9.239999771118164
2010-09-09,TTWO,9.34000015258789
2010-09-10,TTWO,9.56999969482422
2010-09-13,TTWO,9.56999969482422
2010-09-14,TTWO,9.529999732971191
2010-09-15,TTWO,9.869999885559082
2010-09-16,TTWO,9.75
2010-09-17,TTWO,9.829999923706056
2010-09-20,TTWO,9.93000030517578
2010-09-21,TTWO,9.989999771118164
2010-09-22,TTWO,9.949999809265137
2010-09-23,TTWO,9.739999771118164
2010-09-24,TTWO,9.989999771118164
2010-09-27,TTWO,9.899999618530272
2010-09-28,TTWO,10.100000381469728
2010-09-29,TTWO,10.06999969482422
2010-09-30,TTWO,10.140000343322754
2010-10-01,TTWO,10.25
2010-10-04,TTWO,10.40999984741211
2010-10-05,TTWO,10.550000190734863
2010-10-06,TTWO,10.460000038146973
2010-10-07,TTWO,10.40999984741211
2010-10-08,TTWO,10.529999732971191
2010-10-11,TTWO,10.550000190734863
2010-10-12,TTWO,10.649999618530272
2010-10-13,TTWO,10.899999618530272
2010-10-14,TTWO,10.829999923706056
2010-10-15,TTWO,10.56999969482422
2010-10-18,TTWO,10.550000190734863
2010-10-19,TTWO,10.100000381469728
2010-10-20,TTWO,10.260000228881836
2010-10-21,TTWO,10.210000038146973
2010-10-22,TTWO,10.15999984741211
2010-10-25,TTWO,9.880000114440918
2010-10-26,TTWO,10.220000267028809
2010-10-27,TTWO,10.289999961853027
2010-10-28,TTWO,10.1899995803833
2010-10-29,TTWO,10.670000076293944
2010-11-01,TTWO,10.789999961853027
2010-11-02,TTWO,11.109999656677246
2010-11-03,TTWO,11.1899995803833
2010-11-04,TTWO,11.239999771118164
2010-11-05,TTWO,11.130000114440918
2010-11-08,TTWO,11.329999923706056
2010-11-09,TTWO,11.289999961853027
2010-11-10,TTWO,11.470000267028809
2010-11-11,TTWO,11.619999885559082
2010-11-12,TTWO,11.109999656677246
2010-11-15,TTWO,11.079999923706056
2010-11-16,TTWO,10.729999542236328
2010-11-17,TTWO,11.220000267028809
2010-11-18,TTWO,11.31999969482422
2010-11-19,TTWO,11.06999969482422
2010-11-22,TTWO,11.1899995803833
2010-11-23,TTWO,10.770000457763672
2010-11-24,TTWO,10.9399995803833
2010-11-26,TTWO,11.100000381469728
2010-11-29,TTWO,11.029999732971191
2010-11-30,TTWO,11.06999969482422
2010-12-01,TTWO,11.369999885559082
2010-12-02,TTWO,11.470000267028809
2010-12-03,TTWO,11.989999771118164
2010-12-06,TTWO,12.039999961853027
2010-12-07,TTWO,12.0
2010-12-08,TTWO,12.06999969482422
2010-12-09,TTWO,12.050000190734863
2010-12-10,TTWO,12.329999923706056
2010-12-13,TTWO,11.920000076293944
2010-12-14,TTWO,12.0600004196167
2010-12-15,TTWO,12.0
2010-12-16,TTWO,11.9399995803833
2010-12-17,TTWO,12.93000030517578
2010-12-20,TTWO,12.850000381469728
2010-12-21,TTWO,12.5600004196167
2010-12-22,TTWO,12.56999969482422
2010-12-23,TTWO,12.40999984741211
2010-12-27,TTWO,12.449999809265137
2010-12-28,TTWO,12.390000343322754
2010-12-29,TTWO,12.25
2010-12-30,TTWO,12.279999732971191
2010-12-31,TTWO,12.270000457763672
2011-01-03,TTWO,12.369999885559082
2011-01-04,TTWO,12.380000114440918
2011-01-05,TTWO,12.40999984741211
2011-01-06,TTWO,12.279999732971191
2011-01-07,TTWO,12.550000190734863
2011-01-10,TTWO,12.779999732971191
2011-01-11,TTWO,12.8100004196167
2011-01-12,TTWO,12.75
2011-01-13,TTWO,13.149999618530272
2011-01-14,TTWO,13.029999732971191
2011-01-18,TTWO,12.949999809265137
2011-01-19,TTWO,12.75
2011-01-20,TTWO,12.4399995803833
2011-01-21,TTWO,12.149999618530272
2011-01-24,TTWO,12.279999732971191
2011-01-25,TTWO,12.220000267028809
2011-01-26,TTWO,12.40999984741211
2011-01-27,TTWO,12.81999969482422
2011-01-28,TTWO,12.40999984741211
2011-01-31,TTWO,12.479999542236328
2011-02-01,TTWO,13.119999885559082
2011-02-02,TTWO,13.829999923706056
2011-02-03,TTWO,14.130000114440918
2011-02-04,TTWO,14.119999885559082
2011-02-07,TTWO,14.359999656677246
2011-02-08,TTWO,14.539999961853027
2011-02-09,TTWO,14.760000228881836
2011-02-10,TTWO,15.420000076293944
2011-02-11,TTWO,15.81999969482422
2011-02-14,TTWO,15.970000267028809
2011-02-15,TTWO,16.0
2011-02-16,TTWO,16.59000015258789
2011-02-17,TTWO,16.34000015258789
2011-02-18,TTWO,16.280000686645508
2011-02-22,TTWO,15.920000076293944
2011-02-23,TTWO,15.529999732971191
2011-02-24,TTWO,15.6899995803833
2011-02-25,TTWO,16.239999771118164
2011-02-28,TTWO,16.06999969482422
2011-03-01,TTWO,15.90999984741211
2011-03-02,TTWO,15.880000114440918
2011-03-03,TTWO,16.139999389648438
2011-03-04,TTWO,16.049999237060547
2011-03-07,TTWO,15.670000076293944
2011-03-08,TTWO,15.800000190734863
2011-03-09,TTWO,15.5600004196167
2011-03-10,TTWO,15.369999885559082
2011-03-11,TTWO,15.4399995803833
2011-03-14,TTWO,15.449999809265137
2011-03-15,TTWO,15.25
2011-03-16,TTWO,14.960000038146973
2011-03-17,TTWO,14.960000038146973
2011-03-18,TTWO,15.0600004196167
2011-03-21,TTWO,15.18000030517578
2011-03-22,TTWO,15.09000015258789
2011-03-23,TTWO,15.279999732971191
2011-03-24,TTWO,15.550000190734863
2011-03-25,TTWO,15.609999656677246
2011-03-28,TTWO,15.56999969482422
2011-03-29,TTWO,15.93000030517578
2011-03-30,TTWO,15.40999984741211
2011-03-31,TTWO,15.369999885559082
2011-04-01,TTWO,15.050000190734863
2011-04-04,TTWO,15.100000381469728
2011-04-05,TTWO,15.300000190734863
2011-04-06,TTWO,15.720000267028809
2011-04-07,TTWO,15.65999984741211
2011-04-08,TTWO,15.5600004196167
2011-04-11,TTWO,15.460000038146973
2011-04-12,TTWO,15.100000381469728
2011-04-13,TTWO,15.130000114440918
2011-04-14,TTWO,15.270000457763672
2011-04-15,TTWO,15.5600004196167
2011-04-18,TTWO,15.300000190734863
2011-04-19,TTWO,15.300000190734863
2011-04-20,TTWO,15.630000114440918
2011-04-21,TTWO,15.59000015258789
2011-04-25,TTWO,15.460000038146973
2011-04-26,TTWO,15.539999961853027
2011-04-27,TTWO,16.170000076293945
2011-04-28,TTWO,16.290000915527344
2011-04-29,TTWO,16.18000030517578
2011-05-02,TTWO,16.100000381469727
2011-05-03,TTWO,15.970000267028809
2011-05-04,TTWO,15.529999732971191
2011-05-05,TTWO,15.670000076293944
2011-05-06,TTWO,15.600000381469728
2011-05-09,TTWO,15.770000457763672
2011-05-10,TTWO,16.18000030517578
2011-05-11,TTWO,16.040000915527344
2011-05-12,TTWO,15.989999771118164
2011-05-13,TTWO,15.93000030517578
2011-05-16,TTWO,15.869999885559082
2011-05-17,TTWO,17.100000381469727
2011-05-18,TTWO,17.06999969482422
2011-05-19,TTWO,17.40999984741211
2011-05-20,TTWO,16.8799991607666
2011-05-23,TTWO,16.450000762939453
2011-05-24,TTWO,16.100000381469727
2011-05-25,TTWO,16.6200008392334
2011-05-26,TTWO,16.760000228881836
2011-05-27,TTWO,16.389999389648438
2011-05-31,TTWO,16.389999389648438
2011-06-01,TTWO,16.31999969482422
2011-06-02,TTWO,16.290000915527344
2011-06-03,TTWO,16.170000076293945
2011-06-06,TTWO,15.869999885559082
2011-06-07,TTWO,15.8100004196167
2011-06-08,TTWO,15.289999961853027
2011-06-09,TTWO,15.729999542236328
2011-06-10,TTWO,15.59000015258789
2011-06-13,TTWO,15.420000076293944
2011-06-14,TTWO,15.0
2011-06-15,TTWO,14.529999732971191
2011-06-16,TTWO,14.489999771118164
2011-06-17,TTWO,14.489999771118164
2011-06-20,TTWO,14.630000114440918
2011-06-21,TTWO,14.9399995803833
2011-06-22,TTWO,14.859999656677246
2011-06-23,TTWO,15.210000038146973
2011-06-24,TTWO,14.800000190734863
2011-06-27,TTWO,15.140000343322754
2011-06-28,TTWO,15.260000228881836
2011-06-29,TTWO,15.380000114440918
2011-06-30,TTWO,15.279999732971191
2011-07-01,TTWO,15.420000076293944
2011-07-05,TTWO,15.56999969482422
2011-07-06,TTWO,15.479999542236328
2011-07-07,TTWO,15.579999923706056
2011-07-08,TTWO,15.359999656677246
2011-07-11,TTWO,14.84000015258789
2011-07-12,TTWO,14.770000457763672
2011-07-13,TTWO,14.75
2011-07-14,TTWO,14.489999771118164
2011-07-15,TTWO,14.369999885559082
2011-07-18,TTWO,14.210000038146973
2011-07-19,TTWO,14.449999809265137
2011-07-20,TTWO,14.15999984741211
2011-07-21,TTWO,14.199999809265137
2011-07-22,TTWO,14.079999923706056
2011-07-25,TTWO,14.09000015258789
2011-07-26,TTWO,14.06999969482422
2011-07-27,TTWO,13.65999984741211
2011-07-28,TTWO,13.510000228881836
2011-07-29,TTWO,13.489999771118164
2011-08-01,TTWO,13.25
2011-08-02,TTWO,12.760000228881836
2011-08-03,TTWO,13.050000190734863
2011-08-04,TTWO,12.279999732971191
2011-08-05,TTWO,12.140000343322754
2011-08-08,TTWO,11.06999969482422
2011-08-09,TTWO,11.609999656677246
2011-08-10,TTWO,10.800000190734863
2011-08-11,TTWO,11.239999771118164
2011-08-12,TTWO,11.479999542236328
2011-08-15,TTWO,11.90999984741211
2011-08-16,TTWO,11.630000114440918
2011-08-17,TTWO,11.59000015258789
2011-08-18,TTWO,10.9399995803833
2011-08-19,TTWO,10.9399995803833
2011-08-22,TTWO,11.020000457763672
2011-08-23,TTWO,11.65999984741211
2011-08-24,TTWO,11.8100004196167
2011-08-25,TTWO,11.75
2011-08-26,TTWO,12.079999923706056
2011-08-29,TTWO,12.699999809265137
2011-08-30,TTWO,13.140000343322754
2011-08-31,TTWO,13.220000267028809
2011-09-01,TTWO,12.81999969482422
2011-09-02,TTWO,12.609999656677246
2011-09-06,TTWO,12.609999656677246
2011-09-07,TTWO,13.050000190734863
2011-09-08,TTWO,13.40999984741211
2011-09-09,TTWO,13.4399995803833
2011-09-12,TTWO,13.579999923706056
2011-09-13,TTWO,13.760000228881836
2011-09-14,TTWO,13.960000038146973
2011-09-15,TTWO,14.0
2011-09-16,TTWO,14.010000228881836
2011-09-19,TTWO,13.779999732971191
2011-09-20,TTWO,13.600000381469728
2011-09-21,TTWO,13.239999771118164
2011-09-22,TTWO,12.619999885559082
2011-09-23,TTWO,12.880000114440918
2011-09-26,TTWO,13.1899995803833
2011-09-27,TTWO,13.329999923706056
2011-09-28,TTWO,12.899999618530272
2011-09-29,TTWO,13.15999984741211
2011-09-30,TTWO,12.720000267028809
2011-10-03,TTWO,12.25
2011-10-04,TTWO,12.43000030517578
2011-10-05,TTWO,13.220000267028809
2011-10-06,TTWO,14.09000015258789
2011-10-07,TTWO,13.5600004196167
2011-10-10,TTWO,14.420000076293944
2011-10-11,TTWO,14.359999656677246
2011-10-12,TTWO,14.279999732971191
2011-10-13,TTWO,14.289999961853027
2011-10-14,TTWO,14.039999961853027
2011-10-17,TTWO,13.920000076293944
2011-10-18,TTWO,14.270000457763672
2011-10-19,TTWO,13.890000343322754
2011-10-20,TTWO,13.9399995803833
2011-10-21,TTWO,14.09000015258789
2011-10-24,TTWO,14.390000343322754
2011-10-25,TTWO,15.220000267028809
2011-10-26,TTWO,15.270000457763672
2011-10-27,TTWO,15.800000190734863
2011-10-28,TTWO,16.209999084472656
2011-10-31,TTWO,15.779999732971191
2011-11-01,TTWO,15.289999961853027
2011-11-02,TTWO,15.640000343322754
2011-11-03,TTWO,15.899999618530272
2011-11-04,TTWO,15.899999618530272
2011-11-07,TTWO,15.56999969482422
2011-11-08,TTWO,15.65999984741211
2011-11-09,TTWO,15.449999809265137
2011-11-10,TTWO,14.40999984741211
2011-11-11,TTWO,14.720000267028809
2011-11-14,TTWO,14.479999542236328
2011-11-15,TTWO,14.170000076293944
2011-11-16,TTWO,13.699999809265137
2011-11-17,TTWO,13.59000015258789
2011-11-18,TTWO,13.579999923706056
2011-11-21,TTWO,13.329999923706056
2011-11-22,TTWO,13.470000267028809
2011-11-23,TTWO,13.270000457763672
2011-11-25,TTWO,13.270000457763672
2011-11-28,TTWO,13.9399995803833
2011-11-29,TTWO,13.670000076293944
2011-11-30,TTWO,13.949999809265137
2011-12-01,TTWO,13.81999969482422
2011-12-02,TTWO,13.65999984741211
2011-12-05,TTWO,14.130000114440918
2011-12-06,TTWO,14.25
2011-12-07,TTWO,14.18000030517578
2011-12-08,TTWO,13.770000457763672
2011-12-09,TTWO,14.100000381469728
2011-12-12,TTWO,14.149999618530272
2011-12-13,TTWO,13.81999969482422
2011-12-14,TTWO,13.550000190734863
2011-12-15,TTWO,13.760000228881836
2011-12-16,TTWO,13.6899995803833
2011-12-19,TTWO,13.479999542236328
2011-12-20,TTWO,13.760000228881836
2011-12-21,TTWO,13.550000190734863
2011-12-22,TTWO,13.520000457763672
2011-12-23,TTWO,13.800000190734863
2011-12-27,TTWO,13.760000228881836
2011-12-28,TTWO,13.350000381469728
2011-12-29,TTWO,13.399999618530272
2011-12-30,TTWO,13.550000190734863
2012-01-03,TTWO,14.0
2012-01-04,TTWO,14.0
2012-01-05,TTWO,14.65999984741211
2012-01-06,TTWO,14.760000228881836
2012-01-09,TTWO,14.90999984741211
2012-01-10,TTWO,14.489999771118164
2012-01-11,TTWO,14.5
2012-01-12,TTWO,14.579999923706056
2012-01-13,TTWO,14.5
2012-01-17,TTWO,14.81999969482422
2012-01-18,TTWO,15.210000038146973
2012-01-19,TTWO,15.100000381469728
2012-01-20,TTWO,15.079999923706056
2012-01-23,TTWO,15.15999984741211
2012-01-24,TTWO,15.399999618530272
2012-01-25,TTWO,15.399999618530272
2012-01-26,TTWO,15.199999809265137
2012-01-27,TTWO,15.630000114440918
2012-01-30,TTWO,15.550000190734863
2012-01-31,TTWO,15.600000381469728
2012-02-01,TTWO,15.760000228881836
2012-02-02,TTWO,15.720000267028809
2012-02-03,TTWO,16.200000762939453
2012-02-06,TTWO,16.270000457763672
2012-02-07,TTWO,16.020000457763672
2012-02-08,TTWO,16.110000610351562
2012-02-09,TTWO,16.190000534057617
2012-02-10,TTWO,15.800000190734863
2012-02-13,TTWO,16.049999237060547
2012-02-14,TTWO,15.899999618530272
2012-02-15,TTWO,15.56999969482422
2012-02-16,TTWO,15.609999656677246
2012-02-17,TTWO,15.34000015258789
2012-02-21,TTWO,15.199999809265137
2012-02-22,TTWO,15.40999984741211
2012-02-23,TTWO,15.5600004196167
2012-02-24,TTWO,15.56999969482422
2012-02-27,TTWO,15.59000015258789
2012-02-28,TTWO,15.579999923706056
2012-02-29,TTWO,15.449999809265137
2012-03-01,TTWO,15.520000457763672
2012-03-02,TTWO,15.579999923706056
2012-03-05,TTWO,15.479999542236328
2012-03-06,TTWO,15.40999984741211
2012-03-07,TTWO,15.40999984741211
2012-03-08,TTWO,15.609999656677246
2012-03-09,TTWO,15.829999923706056
2012-03-12,TTWO,15.920000076293944
2012-03-13,TTWO,15.90999984741211
2012-03-14,TTWO,15.68000030517578
2012-03-15,TTWO,15.93000030517578
2012-03-16,TTWO,16.030000686645508
2012-03-19,TTWO,16.1299991607666
2012-03-20,TTWO,15.989999771118164
2012-03-21,TTWO,15.970000267028809
2012-03-22,TTWO,15.8100004196167
2012-03-23,TTWO,15.8100004196167
2012-03-26,TTWO,16.030000686645508
2012-03-27,TTWO,15.899999618530272
2012-03-28,TTWO,15.68000030517578
2012-03-29,TTWO,15.489999771118164
2012-03-30,TTWO,15.390000343322754
2012-04-02,TTWO,15.4399995803833
2012-04-03,TTWO,15.529999732971191
2012-04-04,TTWO,15.449999809265137
2012-04-05,TTWO,15.270000457763672
2012-04-09,TTWO,15.15999984741211
2012-04-10,TTWO,14.739999771118164
2012-04-11,TTWO,14.739999771118164
2012-04-12,TTWO,14.75
2012-04-13,TTWO,14.65999984741211
2012-04-16,TTWO,14.149999618530272
2012-04-17,TTWO,14.630000114440918
2012-04-18,TTWO,14.380000114440918
2012-04-19,TTWO,14.149999618530272
2012-04-20,TTWO,14.039999961853027
2012-04-23,TTWO,13.9399995803833
2012-04-24,TTWO,13.729999542236328
2012-04-25,TTWO,14.149999618530272
2012-04-26,TTWO,14.25
2012-04-27,TTWO,14.300000190734863
2012-04-30,TTWO,14.109999656677246
2012-05-01,TTWO,13.859999656677246
2012-05-02,TTWO,13.579999923706056
2012-05-03,TTWO,13.649999618530272
2012-05-04,TTWO,13.40999984741211
2012-05-07,TTWO,13.4399995803833
2012-05-08,TTWO,13.40999984741211
2012-05-09,TTWO,12.630000114440918
2012-05-10,TTWO,12.760000228881836
2012-05-11,TTWO,12.609999656677246
2012-05-14,TTWO,12.600000381469728
2012-05-15,TTWO,12.329999923706056
2012-05-16,TTWO,11.9399995803833
2012-05-17,TTWO,11.619999885559082
2012-05-18,TTWO,11.1899995803833
2012-05-21,TTWO,11.270000457763672
2012-05-22,TTWO,11.15999984741211
2012-05-23,TTWO,11.779999732971191
2012-05-24,TTWO,11.510000228881836
2012-05-25,TTWO,11.5600004196167
2012-05-29,TTWO,11.899999618530272
2012-05-30,TTWO,11.729999542236328
2012-05-31,TTWO,11.520000457763672
2012-06-01,TTWO,11.0600004196167
2012-06-04,TTWO,10.899999618530272
2012-06-05,TTWO,11.140000343322754
2012-06-06,TTWO,11.630000114440918
2012-06-07,TTWO,11.140000343322754
2012-06-08,TTWO,10.869999885559082
2012-06-11,TTWO,10.5600004196167
2012-06-12,TTWO,10.75
2012-06-13,TTWO,10.260000228881836
2012-06-14,TTWO,10.039999961853027
2012-06-15,TTWO,10.0
2012-06-18,TTWO,10.029999732971191
2012-06-19,TTWO,10.289999961853027
2012-06-20,TTWO,10.229999542236328
2012-06-21,TTWO,9.850000381469728
2012-06-22,TTWO,9.869999885559082
2012-06-25,TTWO,9.619999885559082
2012-06-26,TTWO,9.40999984741211
2012-06-27,TTWO,9.399999618530272
2012-06-28,TTWO,9.239999771118164
2012-06-29,TTWO,9.460000038146973
2012-07-02,TTWO,9.399999618530272
2012-07-03,TTWO,9.779999732971191
2012-07-05,TTWO,9.5
2012-07-06,TTWO,9.420000076293944
2012-07-09,TTWO,9.260000228881836
2012-07-10,TTWO,9.119999885559082
2012-07-11,TTWO,9.15999984741211
2012-07-12,TTWO,9.100000381469728
2012-07-13,TTWO,8.890000343322754
2012-07-16,TTWO,9.020000457763672
2012-07-17,TTWO,9.010000228881836
2012-07-18,TTWO,9.199999809265137
2012-07-19,TTWO,9.84000015258789
2012-07-20,TTWO,9.420000076293944
2012-07-23,TTWO,9.079999923706056
2012-07-24,TTWO,8.949999809265137
2012-07-25,TTWO,8.930000305175781
2012-07-26,TTWO,8.729999542236328
2012-07-27,TTWO,9.100000381469728
2012-07-30,TTWO,9.130000114440918
2012-07-31,TTWO,8.779999732971191
2012-08-01,TTWO,7.869999885559082
2012-08-02,TTWO,7.820000171661377
2012-08-03,TTWO,8.079999923706055
2012-08-06,TTWO,8.609999656677246
2012-08-07,TTWO,9.4399995803833
2012-08-08,TTWO,8.989999771118164
2012-08-09,TTWO,8.819999694824219
2012-08-10,TTWO,9.380000114440918
2012-08-13,TTWO,9.079999923706056
2012-08-14,TTWO,8.8100004196167
2012-08-15,TTWO,9.380000114440918
2012-08-16,TTWO,9.869999885559082
2012-08-17,TTWO,10.06999969482422
2012-08-20,TTWO,10.3100004196167
2012-08-21,TTWO,10.1899995803833
2012-08-22,TTWO,10.140000343322754
2012-08-23,TTWO,10.279999732971191
2012-08-24,TTWO,10.140000343322754
2012-08-27,TTWO,9.989999771118164
2012-08-28,TTWO,10.350000381469728
2012-08-29,TTWO,10.289999961853027
2012-08-30,TTWO,10.029999732971191
2012-08-31,TTWO,10.25
2012-09-04,TTWO,10.010000228881836
2012-09-05,TTWO,9.9399995803833
2012-09-06,TTWO,10.34000015258789
2012-09-07,TTWO,10.539999961853027
2012-09-10,TTWO,10.649999618530272
2012-09-11,TTWO,10.81999969482422
2012-09-12,TTWO,10.56999969482422
2012-09-13,TTWO,10.6899995803833
2012-09-14,TTWO,10.93000030517578
2012-09-17,TTWO,11.149999618530272
2012-09-18,TTWO,11.140000343322754
2012-09-19,TTWO,11.149999618530272
2012-09-20,TTWO,11.0
2012-09-21,TTWO,10.729999542236328
2012-09-24,TTWO,10.75
2012-09-25,TTWO,10.460000038146973
2012-09-26,TTWO,10.5
2012-09-27,TTWO,10.609999656677246
2012-09-28,TTWO,10.4399995803833
2012-10-01,TTWO,10.199999809265137
2012-10-02,TTWO,10.239999771118164
2012-10-03,TTWO,10.1899995803833
2012-10-04,TTWO,10.850000381469728
2012-10-05,TTWO,11.210000038146973
2012-10-08,TTWO,11.010000228881836
2012-10-09,TTWO,10.609999656677246
2012-10-10,TTWO,10.31999969482422
2012-10-11,TTWO,10.970000267028809
2012-10-12,TTWO,11.18000030517578
2012-10-15,TTWO,11.5
2012-10-16,TTWO,11.5
2012-10-17,TTWO,11.460000038146973
2012-10-18,TTWO,11.449999809265137
2012-10-19,TTWO,10.979999542236328
2012-10-22,TTWO,10.93000030517578
2012-10-23,TTWO,11.020000457763672
2012-10-24,TTWO,11.239999771118164
2012-10-25,TTWO,10.9399995803833
2012-10-26,TTWO,10.710000038146973
2012-10-31,TTWO,11.149999618530272
2012-11-01,TTWO,11.210000038146973
2012-11-02,TTWO,11.039999961853027
2012-11-05,TTWO,11.029999732971191
2012-11-06,TTWO,11.31999969482422
2012-11-07,TTWO,10.869999885559082
2012-11-08,TTWO,11.109999656677246
2012-11-09,TTWO,11.029999732971191
2012-11-12,TTWO,11.449999809265137
2012-11-13,TTWO,11.510000228881836
2012-11-14,TTWO,11.470000267028809
2012-11-15,TTWO,11.550000190734863
2012-11-16,TTWO,11.850000381469728
2012-11-19,TTWO,12.350000381469728
2012-11-20,TTWO,12.239999771118164
2012-11-21,TTWO,12.300000190734863
2012-11-23,TTWO,12.420000076293944
2012-11-26,TTWO,12.390000343322754
2012-11-27,TTWO,12.399999618530272
2012-11-28,TTWO,12.529999732971191
2012-11-29,TTWO,12.529999732971191
2012-11-30,TTWO,12.369999885559082
2012-12-03,TTWO,12.34000015258789
2012-12-04,TTWO,12.300000190734863
2012-12-05,TTWO,12.100000381469728
2012-12-06,TTWO,12.1899995803833
2012-12-07,TTWO,12.329999923706056
2012-12-10,TTWO,12.520000457763672
2012-12-11,TTWO,12.770000457763672
2012-12-12,TTWO,13.100000381469728
2012-12-13,TTWO,13.029999732971191
2012-12-14,TTWO,13.100000381469728
2012-12-17,TTWO,12.600000381469728
2012-12-18,TTWO,12.65999984741211
2012-12-19,TTWO,11.979999542236328
2012-12-20,TTWO,11.6899995803833
2012-12-21,TTWO,11.350000381469728
2012-12-24,TTWO,11.199999809265137
2012-12-26,TTWO,11.140000343322754
2012-12-27,TTWO,11.0
2012-12-28,TTWO,11.020000457763672
2012-12-31,TTWO,11.010000228881836
2013-01-02,TTWO,11.479999542236328
2013-01-03,TTWO,11.880000114440918
2013-01-04,TTWO,12.199999809265137
2013-01-07,TTWO,12.15999984741211
2013-01-08,TTWO,11.779999732971191
2013-01-09,TTWO,11.920000076293944
2013-01-10,TTWO,11.979999542236328
2013-01-11,TTWO,12.3100004196167
2013-01-14,TTWO,12.199999809265137
2013-01-15,TTWO,12.460000038146973
2013-01-16,TTWO,12.300000190734863
2013-01-17,TTWO,12.489999771118164
2013-01-18,TTWO,12.520000457763672
2013-01-22,TTWO,12.539999961853027
2013-01-23,TTWO,12.529999732971191
2013-01-24,TTWO,12.609999656677246
2013-01-25,TTWO,12.81999969482422
2013-01-28,TTWO,13.119999885559082
2013-01-29,TTWO,13.0600004196167
2013-01-30,TTWO,13.0600004196167
2013-01-31,TTWO,12.170000076293944
2013-02-01,TTWO,12.779999732971191
2013-02-04,TTWO,12.510000228881836
2013-02-05,TTWO,12.65999984741211
2013-02-06,TTWO,14.4399995803833
2013-02-07,TTWO,14.800000190734863
2013-02-08,TTWO,15.039999961853027
2013-02-11,TTWO,15.130000114440918
2013-02-12,TTWO,14.859999656677246
2013-02-13,TTWO,14.90999984741211
2013-02-14,TTWO,14.970000267028809
2013-02-15,TTWO,15.079999923706056
2013-02-19,TTWO,15.520000457763672
2013-02-20,TTWO,15.109999656677246
2013-02-21,TTWO,14.899999618530272
2013-02-22,TTWO,14.949999809265137
2013-02-25,TTWO,14.93000030517578
2013-02-26,TTWO,14.890000343322754
2013-02-27,TTWO,14.8100004196167
2013-02-28,TTWO,14.640000343322754
2013-03-01,TTWO,14.720000267028809
2013-03-04,TTWO,14.989999771118164
2013-03-05,TTWO,15.0
2013-03-06,TTWO,15.43000030517578
2013-03-07,TTWO,15.40999984741211
2013-03-08,TTWO,15.420000076293944
2013-03-11,TTWO,15.579999923706056
2013-03-12,TTWO,15.539999961853027
2013-03-13,TTWO,15.579999923706056
2013-03-14,TTWO,15.93000030517578
2013-03-15,TTWO,15.68000030517578
2013-03-18,TTWO,15.479999542236328
2013-03-19,TTWO,15.229999542236328
2013-03-20,TTWO,15.65999984741211
2013-03-21,TTWO,15.59000015258789
2013-03-22,TTWO,15.5
2013-03-25,TTWO,15.869999885559082
2013-03-26,TTWO,16.020000457763672
2013-03-27,TTWO,16.059999465942383
2013-03-28,TTWO,16.149999618530273
2013-04-01,TTWO,15.890000343322754
2013-04-02,TTWO,15.600000381469728
2013-04-03,TTWO,15.359999656677246
2013-04-04,TTWO,15.4399995803833
2013-04-05,TTWO,15.420000076293944
2013-04-08,TTWO,15.539999961853027
2013-04-09,TTWO,15.600000381469728
2013-04-10,TTWO,15.869999885559082
2013-04-11,TTWO,15.699999809265137
2013-04-12,TTWO,15.779999732971191
2013-04-15,TTWO,15.100000381469728
2013-04-16,TTWO,14.9399995803833
2013-04-17,TTWO,14.449999809265137
2013-04-18,TTWO,14.31999969482422
2013-04-19,TTWO,14.859999656677246
2013-04-22,TTWO,15.0600004196167
2013-04-23,TTWO,15.31999969482422
2013-04-24,TTWO,15.859999656677246
2013-04-25,TTWO,15.510000228881836
2013-04-26,TTWO,15.600000381469728
2013-04-29,TTWO,15.460000038146973
2013-04-30,TTWO,15.260000228881836
2013-05-01,TTWO,15.109999656677246
2013-05-02,TTWO,15.300000190734863
2013-05-03,TTWO,15.68000030517578
2013-05-06,TTWO,15.609999656677246
2013-05-07,TTWO,15.75
2013-05-08,TTWO,16.219999313354492
2013-05-09,TTWO,15.989999771118164
2013-05-10,TTWO,16.440000534057617
2013-05-13,TTWO,16.389999389648438
2013-05-14,TTWO,16.540000915527344
2013-05-15,TTWO,16.34000015258789
2013-05-16,TTWO,16.020000457763672
2013-05-17,TTWO,16.329999923706055
2013-05-20,TTWO,16.209999084472656
2013-05-21,TTWO,16.06999969482422
2013-05-22,TTWO,15.880000114440918
2013-05-23,TTWO,15.949999809265137
2013-05-24,TTWO,16.020000457763672
2013-05-28,TTWO,16.280000686645508
2013-05-29,TTWO,16.450000762939453
2013-05-30,TTWO,16.65999984741211
2013-05-31,TTWO,16.639999389648438
2013-06-03,TTWO,16.260000228881836
2013-06-04,TTWO,16.079999923706055
2013-06-05,TTWO,15.979999542236328
2013-06-06,TTWO,16.079999923706055
2013-06-07,TTWO,16.979999542236328
2013-06-10,TTWO,16.540000915527344
2013-06-11,TTWO,16.809999465942383
2013-06-12,TTWO,15.369999885559082
2013-06-13,TTWO,15.5
2013-06-14,TTWO,15.460000038146973
2013-06-17,TTWO,15.59000015258789
2013-06-18,TTWO,15.65999984741211
2013-06-19,TTWO,15.359999656677246
2013-06-20,TTWO,15.119999885559082
2013-06-21,TTWO,15.039999961853027
2013-06-24,TTWO,14.529999732971191
2013-06-25,TTWO,14.630000114440918
2013-06-26,TTWO,14.210000038146973
2013-06-27,TTWO,14.56999969482422
2013-06-28,TTWO,14.970000267028809
2013-07-01,TTWO,15.369999885559082
2013-07-02,TTWO,15.4399995803833
2013-07-03,TTWO,15.43000030517578
2013-07-05,TTWO,15.699999809265137
2013-07-08,TTWO,15.510000228881836
2013-07-09,TTWO,15.8100004196167
2013-07-10,TTWO,15.899999618530272
2013-07-11,TTWO,16.040000915527344
2013-07-12,TTWO,15.880000114440918
2013-07-15,TTWO,15.920000076293944
2013-07-16,TTWO,15.90999984741211
2013-07-17,TTWO,16.309999465942383
2013-07-18,TTWO,16.43000030517578
2013-07-19,TTWO,16.68000030517578
2013-07-22,TTWO,16.559999465942383
2013-07-23,TTWO,16.479999542236328
2013-07-24,TTWO,16.59000015258789
2013-07-25,TTWO,16.40999984741211
2013-07-26,TTWO,16.81999969482422
2013-07-29,TTWO,16.969999313354492
2013-07-30,TTWO,16.989999771118164
2013-07-31,TTWO,17.549999237060547
2013-08-01,TTWO,17.889999389648438
2013-08-02,TTWO,18.1299991607666
2013-08-05,TTWO,18.26000022888184
2013-08-06,TTWO,17.959999084472656
2013-08-07,TTWO,18.059999465942383
2013-08-08,TTWO,18.46999931335449
2013-08-09,TTWO,18.56999969482422
2013-08-12,TTWO,18.65999984741211
2013-08-13,TTWO,18.600000381469727
2013-08-14,TTWO,18.420000076293945
2013-08-15,TTWO,18.32999992370605
2013-08-16,TTWO,18.36000061035156
2013-08-19,TTWO,17.989999771118164
2013-08-20,TTWO,18.46999931335449
2013-08-21,TTWO,18.190000534057617
2013-08-22,TTWO,18.940000534057617
2013-08-23,TTWO,18.82999992370605
2013-08-26,TTWO,19.100000381469727
2013-08-27,TTWO,18.290000915527344
2013-08-28,TTWO,18.59000015258789
2013-08-29,TTWO,18.8700008392334
2013-08-30,TTWO,18.36000061035156
2013-09-03,TTWO,18.649999618530277
2013-09-04,TTWO,18.6299991607666
2013-09-05,TTWO,18.65999984741211
2013-09-06,TTWO,18.18000030517578
2013-09-09,TTWO,18.489999771118164
2013-09-10,TTWO,18.13999938964844
2013-09-11,TTWO,17.299999237060547
2013-09-12,TTWO,17.239999771118164
2013-09-13,TTWO,17.65999984741211
2013-09-16,TTWO,17.350000381469727
2013-09-17,TTWO,17.0
2013-09-18,TTWO,17.200000762939453
2013-09-19,TTWO,17.43000030517578
2013-09-20,TTWO,16.989999771118164
2013-09-23,TTWO,17.229999542236328
2013-09-24,TTWO,18.040000915527344
2013-09-25,TTWO,18.350000381469727
2013-09-26,TTWO,18.420000076293945
2013-09-27,TTWO,18.1200008392334
2013-09-30,TTWO,18.170000076293945
2013-10-01,TTWO,18.3799991607666
2013-10-02,TTWO,18.200000762939453
2013-10-03,TTWO,17.729999542236328
2013-10-04,TTWO,17.829999923706055
2013-10-07,TTWO,17.40999984741211
2013-10-08,TTWO,16.799999237060547
2013-10-09,TTWO,16.84000015258789
2013-10-10,TTWO,17.049999237060547
2013-10-11,TTWO,16.84000015258789
2013-10-14,TTWO,17.1200008392334
2013-10-15,TTWO,16.940000534057617
2013-10-16,TTWO,17.020000457763672
2013-10-17,TTWO,17.149999618530273
2013-10-18,TTWO,17.219999313354492
2013-10-21,TTWO,17.149999618530273
2013-10-22,TTWO,17.280000686645508
2013-10-23,TTWO,16.989999771118164
2013-10-24,TTWO,17.059999465942383
2013-10-25,TTWO,17.34000015258789
2013-10-28,TTWO,17.68000030517578
2013-10-29,TTWO,17.950000762939453
2013-10-30,TTWO,17.139999389648438
2013-10-31,TTWO,17.90999984741211
2013-11-01,TTWO,17.969999313354492
2013-11-04,TTWO,18.350000381469727
2013-11-05,TTWO,18.239999771118164
2013-11-06,TTWO,17.829999923706055
2013-11-07,TTWO,17.399999618530273
2013-11-08,TTWO,17.510000228881836
2013-11-11,TTWO,17.950000762939453
2013-11-12,TTWO,17.860000610351562
2013-11-13,TTWO,18.049999237060547
2013-11-14,TTWO,18.0
2013-11-15,TTWO,17.989999771118164
2013-11-18,TTWO,17.510000228881836
2013-11-19,TTWO,17.1299991607666
2013-11-20,TTWO,17.040000915527344
2013-11-21,TTWO,17.1200008392334
2013-11-22,TTWO,16.860000610351562
2013-11-25,TTWO,16.93000030517578
2013-11-26,TTWO,16.010000228881836
2013-11-27,TTWO,16.149999618530273
2013-11-29,TTWO,16.360000610351562
2013-12-02,TTWO,16.450000762939453
2013-12-03,TTWO,16.5
2013-12-04,TTWO,16.610000610351562
2013-12-05,TTWO,16.40999984741211
2013-12-06,TTWO,16.639999389648438
2013-12-09,TTWO,16.889999389648438
2013-12-10,TTWO,16.899999618530273
2013-12-11,TTWO,16.489999771118164
2013-12-12,TTWO,16.420000076293945
2013-12-13,TTWO,16.940000534057617
2013-12-16,TTWO,17.360000610351562
2013-12-17,TTWO,17.479999542236328
2013-12-18,TTWO,17.700000762939453
2013-12-19,TTWO,17.799999237060547
2013-12-20,TTWO,17.579999923706055
2013-12-23,TTWO,17.729999542236328
2013-12-24,TTWO,17.670000076293945
2013-12-26,TTWO,17.8799991607666
2013-12-27,TTWO,17.68000030517578
2013-12-30,TTWO,17.399999618530273
2013-12-31,TTWO,17.3700008392334
2014-01-02,TTWO,17.530000686645508
2014-01-03,TTWO,17.6299991607666
2014-01-06,TTWO,17.600000381469727
2014-01-07,TTWO,18.11000061035156
2014-01-08,TTWO,17.799999237060547
2014-01-09,TTWO,17.670000076293945
2014-01-10,TTWO,17.639999389648438
2014-01-13,TTWO,17.459999084472656
2014-01-14,TTWO,17.170000076293945
2014-01-15,TTWO,16.959999084472656
2014-01-16,TTWO,16.68000030517578
2014-01-17,TTWO,17.049999237060547
2014-01-21,TTWO,17.389999389648438
2014-01-22,TTWO,18.649999618530277
2014-01-23,TTWO,18.520000457763672
2014-01-24,TTWO,18.459999084472656
2014-01-27,TTWO,18.239999771118164
2014-01-28,TTWO,18.6200008392334
2014-01-29,TTWO,18.36000061035156
2014-01-30,TTWO,19.049999237060547
2014-01-31,TTWO,19.18000030517578
2014-02-03,TTWO,18.899999618530277
2014-02-04,TTWO,17.059999465942383
2014-02-05,TTWO,18.0
2014-02-06,TTWO,18.239999771118164
2014-02-07,TTWO,18.649999618530277
2014-02-10,TTWO,18.93000030517578
2014-02-11,TTWO,19.209999084472656
2014-02-12,TTWO,19.21999931335449
2014-02-13,TTWO,19.209999084472656
2014-02-14,TTWO,19.11000061035156
2014-02-18,TTWO,20.399999618530277
2014-02-19,TTWO,19.56999969482422
2014-02-20,TTWO,19.59000015258789
2014-02-21,TTWO,19.290000915527344
2014-02-24,TTWO,19.61000061035156
2014-02-25,TTWO,19.59000015258789
2014-02-26,TTWO,19.780000686645508
2014-02-27,TTWO,20.020000457763672
2014-02-28,TTWO,19.770000457763672
2014-03-03,TTWO,20.0
2014-03-04,TTWO,20.43000030517578
2014-03-05,TTWO,20.799999237060547
2014-03-06,TTWO,20.739999771118164
2014-03-07,TTWO,21.209999084472656
2014-03-10,TTWO,20.809999465942383
2014-03-11,TTWO,20.71999931335449
2014-03-12,TTWO,21.21999931335449
2014-03-13,TTWO,20.8799991607666
2014-03-14,TTWO,21.5
2014-03-17,TTWO,21.950000762939453
2014-03-18,TTWO,22.26000022888184
2014-03-19,TTWO,21.790000915527344
2014-03-20,TTWO,21.68000030517578
2014-03-21,TTWO,21.770000457763672
2014-03-24,TTWO,21.530000686645508
2014-03-25,TTWO,21.239999771118164
2014-03-26,TTWO,20.86000061035156
2014-03-27,TTWO,21.0
2014-03-28,TTWO,21.479999542236328
2014-03-31,TTWO,21.93000030517578
2014-04-01,TTWO,21.920000076293945
2014-04-02,TTWO,21.739999771118164
2014-04-03,TTWO,21.56999969482422
2014-04-04,TTWO,21.200000762939453
2014-04-07,TTWO,20.82999992370605
2014-04-08,TTWO,21.170000076293945
2014-04-09,TTWO,20.350000381469727
2014-04-10,TTWO,20.32999992370605
2014-04-11,TTWO,19.780000686645508
2014-04-14,TTWO,19.96999931335449
2014-04-15,TTWO,19.530000686645508
2014-04-16,TTWO,20.049999237060547
2014-04-17,TTWO,20.51000022888184
2014-04-21,TTWO,20.530000686645508
2014-04-22,TTWO,20.850000381469727
2014-04-23,TTWO,20.88999938964844
2014-04-24,TTWO,20.8799991607666
2014-04-25,TTWO,20.36000061035156
2014-04-28,TTWO,20.36000061035156
2014-04-29,TTWO,20.3799991607666
2014-04-30,TTWO,20.3799991607666
2014-05-01,TTWO,20.690000534057617
2014-05-02,TTWO,20.770000457763672
2014-05-05,TTWO,20.63999938964844
2014-05-06,TTWO,20.790000915527344
2014-05-07,TTWO,21.420000076293945
2014-05-08,TTWO,20.850000381469727
2014-05-09,TTWO,20.3799991607666
2014-05-12,TTWO,20.670000076293945
2014-05-13,TTWO,20.6299991607666
2014-05-14,TTWO,18.989999771118164
2014-05-15,TTWO,18.809999465942383
2014-05-16,TTWO,19.09000015258789
2014-05-19,TTWO,19.43000030517578
2014-05-20,TTWO,19.51000022888184
2014-05-21,TTWO,19.21999931335449
2014-05-22,TTWO,18.86000061035156
2014-05-23,TTWO,19.649999618530277
2014-05-27,TTWO,20.049999237060547
2014-05-28,TTWO,20.01000022888184
2014-05-29,TTWO,20.200000762939453
2014-05-30,TTWO,20.6299991607666
2014-06-02,TTWO,19.51000022888184
2014-06-03,TTWO,19.46999931335449
2014-06-04,TTWO,19.59000015258789
2014-06-05,TTWO,19.670000076293945
2014-06-06,TTWO,19.549999237060547
2014-06-09,TTWO,19.790000915527344
2014-06-10,TTWO,20.239999771118164
2014-06-11,TTWO,20.18000030517578
2014-06-12,TTWO,19.850000381469727
2014-06-13,TTWO,20.450000762939453
2014-06-16,TTWO,20.6299991607666
2014-06-17,TTWO,21.07999992370605
2014-06-18,TTWO,21.21999931335449
2014-06-19,TTWO,21.459999084472656
2014-06-20,TTWO,21.450000762939453
2014-06-23,TTWO,21.520000457763672
2014-06-24,TTWO,21.280000686645508
2014-06-25,TTWO,21.649999618530277
2014-06-26,TTWO,21.770000457763672
2014-06-27,TTWO,22.3799991607666
2014-06-30,TTWO,22.239999771118164
2014-07-01,TTWO,22.71999931335449
2014-07-02,TTWO,22.65999984741211
2014-07-03,TTWO,22.770000457763672
2014-07-07,TTWO,22.479999542236328
2014-07-08,TTWO,22.149999618530277
2014-07-09,TTWO,22.350000381469727
2014-07-10,TTWO,22.290000915527344
2014-07-11,TTWO,22.290000915527344
2014-07-14,TTWO,22.420000076293945
2014-07-15,TTWO,22.31999969482422
2014-07-16,TTWO,22.479999542236328
2014-07-17,TTWO,22.09000015258789
2014-07-18,TTWO,23.21999931335449
2014-07-21,TTWO,23.21999931335449
2014-07-22,TTWO,23.350000381469727
2014-07-23,TTWO,22.950000762939453
2014-07-24,TTWO,23.299999237060547
2014-07-25,TTWO,23.51000022888184
2014-07-28,TTWO,23.450000762939453
2014-07-29,TTWO,23.06999969482422
2014-07-30,TTWO,23.040000915527344
2014-07-31,TTWO,22.3799991607666
2014-08-01,TTWO,22.38999938964844
2014-08-04,TTWO,22.34000015258789
2014-08-05,TTWO,21.96999931335449
2014-08-06,TTWO,20.56999969482422
2014-08-07,TTWO,20.51000022888184
2014-08-08,TTWO,20.899999618530277
2014-08-11,TTWO,20.950000762939453
2014-08-12,TTWO,21.15999984741211
2014-08-13,TTWO,21.649999618530277
2014-08-14,TTWO,22.06999969482422
2014-08-15,TTWO,21.700000762939453
2014-08-18,TTWO,22.0
2014-08-19,TTWO,22.149999618530277
2014-08-20,TTWO,22.07999992370605
2014-08-21,TTWO,22.420000076293945
2014-08-22,TTWO,22.32999992370605
2014-08-25,TTWO,22.059999465942383
2014-08-26,TTWO,22.309999465942383
2014-08-27,TTWO,22.700000762939453
2014-08-28,TTWO,22.459999084472656
2014-08-29,TTWO,23.51000022888184
2014-09-02,TTWO,23.65999984741211
2014-09-03,TTWO,23.46999931335449
2014-09-04,TTWO,23.25
2014-09-05,TTWO,23.38999938964844
2014-09-08,TTWO,23.36000061035156
2014-09-09,TTWO,23.21999931335449
2014-09-10,TTWO,23.540000915527344
2014-09-11,TTWO,24.190000534057617
2014-09-12,TTWO,23.530000686645508
2014-09-15,TTWO,23.1299991607666
2014-09-16,TTWO,23.049999237060547
2014-09-17,TTWO,22.989999771118164
2014-09-18,TTWO,23.520000457763672
2014-09-19,TTWO,23.709999084472656
2014-09-22,TTWO,23.57999992370605
2014-09-23,TTWO,23.149999618530277
2014-09-24,TTWO,23.479999542236328
2014-09-25,TTWO,23.100000381469727
2014-09-26,TTWO,23.420000076293945
2014-09-29,TTWO,23.34000015258789
2014-09-30,TTWO,23.06999969482422
2014-10-01,TTWO,22.399999618530277
2014-10-02,TTWO,22.3700008392334
2014-10-03,TTWO,22.86000061035156
2014-10-06,TTWO,22.899999618530277
2014-10-07,TTWO,22.100000381469727
2014-10-08,TTWO,22.440000534057617
2014-10-09,TTWO,21.989999771118164
2014-10-10,TTWO,21.63999938964844
2014-10-13,TTWO,20.71999931335449
2014-10-14,TTWO,20.82999992370605
2014-10-15,TTWO,21.190000534057617
2014-10-16,TTWO,21.489999771118164
2014-10-17,TTWO,21.520000457763672
2014-10-20,TTWO,21.799999237060547
2014-10-21,TTWO,22.32999992370605
2014-10-22,TTWO,22.01000022888184
2014-10-23,TTWO,22.559999465942383
2014-10-24,TTWO,22.420000076293945
2014-10-27,TTWO,22.11000061035156
2014-10-28,TTWO,23.11000061035156
2014-10-29,TTWO,22.799999237060547
2014-10-30,TTWO,25.270000457763672
2014-10-31,TTWO,26.450000762939453
2014-11-03,TTWO,25.82999992370605
2014-11-04,TTWO,25.920000076293945
2014-11-05,TTWO,26.06999969482422
2014-11-06,TTWO,26.1200008392334
2014-11-07,TTWO,26.15999984741211
2014-11-10,TTWO,26.100000381469727
2014-11-11,TTWO,26.11000061035156
2014-11-12,TTWO,26.31999969482422
2014-11-13,TTWO,25.75
2014-11-14,TTWO,26.38999938964844
2014-11-17,TTWO,26.420000076293945
2014-11-18,TTWO,27.030000686645508
2014-11-19,TTWO,26.84000015258789
2014-11-20,TTWO,26.940000534057617
2014-11-21,TTWO,26.88999938964844
2014-11-24,TTWO,27.709999084472656
2014-11-25,TTWO,27.8799991607666
2014-11-26,TTWO,28.15999984741211
2014-11-28,TTWO,27.65999984741211
2014-12-01,TTWO,26.700000762939453
2014-12-02,TTWO,27.040000915527344
2014-12-03,TTWO,28.11000061035156
2014-12-04,TTWO,27.940000534057617
2014-12-05,TTWO,27.809999465942383
2014-12-08,TTWO,26.559999465942383
2014-12-09,TTWO,27.11000061035156
2014-12-10,TTWO,26.549999237060547
2014-12-11,TTWO,27.06999969482422
2014-12-12,TTWO,28.13999938964844
2014-12-15,TTWO,28.1200008392334
2014-12-16,TTWO,27.049999237060547
2014-12-17,TTWO,27.59000015258789
2014-12-18,TTWO,28.420000076293945
2014-12-19,TTWO,28.1299991607666
2014-12-22,TTWO,28.559999465942383
2014-12-23,TTWO,28.420000076293945
2014-12-24,TTWO,28.600000381469727
2014-12-26,TTWO,28.989999771118164
2014-12-29,TTWO,28.709999084472656
2014-12-30,TTWO,28.38999938964844
2014-12-31,TTWO,28.030000686645508
2015-01-02,TTWO,28.100000381469727
2015-01-05,TTWO,27.6200008392334
2015-01-06,TTWO,27.93000030517578
2015-01-07,TTWO,28.100000381469727
2015-01-08,TTWO,28.459999084472656
2015-01-09,TTWO,27.8700008392334
2015-01-12,TTWO,27.8700008392334
2015-01-13,TTWO,27.690000534057617
2015-01-14,TTWO,27.84000015258789
2015-01-15,TTWO,27.700000762939453
2015-01-16,TTWO,29.209999084472656
2015-01-20,TTWO,29.040000915527344
2015-01-21,TTWO,29.209999084472656
2015-01-22,TTWO,29.709999084472656
2015-01-23,TTWO,29.86000061035156
2015-01-26,TTWO,30.5
2015-01-27,TTWO,29.670000076293945
2015-01-28,TTWO,29.88999938964844
2015-01-29,TTWO,30.09000015258789
2015-01-30,TTWO,29.71999931335449
2015-02-02,TTWO,29.989999771118164
2015-02-03,TTWO,29.84000015258789
2015-02-04,TTWO,28.96999931335449
2015-02-05,TTWO,28.770000457763672
2015-02-06,TTWO,28.790000915527344
2015-02-09,TTWO,28.31999969482422
2015-02-10,TTWO,27.790000915527344
2015-02-11,TTWO,27.31999969482422
2015-02-12,TTWO,27.440000534057617
2015-02-13,TTWO,28.399999618530277
2015-02-17,TTWO,28.1299991607666
2015-02-18,TTWO,28.15999984741211
2015-02-19,TTWO,26.959999084472656
2015-02-20,TTWO,27.01000022888184
2015-02-23,TTWO,27.0
2015-02-24,TTWO,26.989999771118164
2015-02-25,TTWO,26.700000762939453
2015-02-26,TTWO,26.540000915527344
2015-02-27,TTWO,26.489999771118164
2015-03-02,TTWO,26.059999465942383
2015-03-03,TTWO,25.209999084472656
2015-03-04,TTWO,25.049999237060547
2015-03-05,TTWO,25.209999084472656
2015-03-06,TTWO,24.809999465942383
2015-03-09,TTWO,24.81999969482422
2015-03-10,TTWO,24.32999992370605
2015-03-11,TTWO,24.420000076293945
2015-03-12,TTWO,24.46999931335449
2015-03-13,TTWO,25.43000030517578
2015-03-16,TTWO,25.82999992370605
2015-03-17,TTWO,25.440000534057617
2015-03-18,TTWO,25.670000076293945
2015-03-19,TTWO,25.71999931335449
2015-03-20,TTWO,25.68000030517578
2015-03-23,TTWO,25.68000030517578
2015-03-24,TTWO,25.57999992370605
2015-03-25,TTWO,25.020000457763672
2015-03-26,TTWO,24.739999771118164
2015-03-27,TTWO,25.26000022888184
2015-03-30,TTWO,25.209999084472656
2015-03-31,TTWO,25.459999084472656
2015-04-01,TTWO,24.81999969482422
2015-04-02,TTWO,25.0
2015-04-06,TTWO,24.8799991607666
2015-04-07,TTWO,25.13999938964844
2015-04-08,TTWO,25.420000076293945
2015-04-09,TTWO,24.81999969482422
2015-04-10,TTWO,25.270000457763672
2015-04-13,TTWO,24.739999771118164
2015-04-14,TTWO,24.93000030517578
2015-04-15,TTWO,25.030000686645508
2015-04-16,TTWO,25.030000686645508
2015-04-17,TTWO,24.71999931335449
2015-04-20,TTWO,24.75
2015-04-21,TTWO,24.850000381469727
2015-04-22,TTWO,25.020000457763672
2015-04-23,TTWO,25.100000381469727
2015-04-24,TTWO,25.07999992370605
2015-04-27,TTWO,25.020000457763672
2015-04-28,TTWO,24.63999938964844
2015-04-29,TTWO,24.38999938964844
2015-04-30,TTWO,23.700000762939453
2015-05-01,TTWO,24.36000061035156
2015-05-04,TTWO,24.450000762939453
2015-05-05,TTWO,24.06999969482422
2015-05-06,TTWO,24.1200008392334
2015-05-07,TTWO,24.32999992370605
2015-05-08,TTWO,25.059999465942383
2015-05-11,TTWO,25.11000061035156
2015-05-12,TTWO,24.90999984741211
2015-05-13,TTWO,24.76000022888184
2015-05-14,TTWO,24.770000457763672
2015-05-15,TTWO,24.690000534057617
2015-05-18,TTWO,24.200000762939453
2015-05-19,TTWO,28.6200008392334
2015-05-20,TTWO,27.649999618530277
2015-05-21,TTWO,27.6299991607666
2015-05-22,TTWO,27.26000022888184
2015-05-26,TTWO,27.549999237060547
2015-05-27,TTWO,27.989999771118164
2015-05-28,TTWO,27.65999984741211
2015-05-29,TTWO,27.3700008392334
2015-06-01,TTWO,27.280000686645508
2015-06-02,TTWO,27.549999237060547
2015-06-03,TTWO,28.270000457763672
2015-06-04,TTWO,28.0
2015-06-05,TTWO,28.190000534057617
2015-06-08,TTWO,27.950000762939453
2015-06-09,TTWO,28.07999992370605
2015-06-10,TTWO,28.200000762939453
2015-06-11,TTWO,28.489999771118164
2015-06-12,TTWO,28.280000686645508
2015-06-15,TTWO,27.90999984741211
2015-06-16,TTWO,27.700000762939453
2015-06-17,TTWO,27.559999465942383
2015-06-18,TTWO,28.13999938964844
2015-06-19,TTWO,28.0
2015-06-22,TTWO,27.940000534057617
2015-06-23,TTWO,28.01000022888184
2015-06-24,TTWO,28.600000381469727
2015-06-25,TTWO,28.38999938964844
2015-06-26,TTWO,28.6200008392334
2015-06-29,TTWO,27.940000534057617
2015-06-30,TTWO,27.56999969482422
2015-07-01,TTWO,27.450000762939453
2015-07-02,TTWO,27.399999618530277
2015-07-06,TTWO,27.459999084472656
2015-07-07,TTWO,27.61000061035156
2015-07-08,TTWO,27.25
2015-07-09,TTWO,27.739999771118164
2015-07-10,TTWO,28.26000022888184
2015-07-13,TTWO,28.850000381469727
2015-07-14,TTWO,29.32999992370605
2015-07-15,TTWO,29.36000061035156
2015-07-16,TTWO,29.950000762939453
2015-07-17,TTWO,31.13999938964844
2015-07-20,TTWO,31.350000381469727
2015-07-21,TTWO,31.26000022888184
2015-07-22,TTWO,31.489999771118164
2015-07-23,TTWO,31.15999984741211
2015-07-24,TTWO,31.40999984741211
2015-07-27,TTWO,30.729999542236328
2015-07-28,TTWO,31.520000457763672
2015-07-29,TTWO,31.43000030517578
2015-07-30,TTWO,31.809999465942383
2015-07-31,TTWO,31.57999992370605
2015-08-03,TTWO,31.38999938964844
2015-08-04,TTWO,31.43000030517578
2015-08-05,TTWO,31.850000381469727
2015-08-06,TTWO,31.540000915527344
2015-08-07,TTWO,31.459999084472656
2015-08-10,TTWO,30.940000534057617
2015-08-11,TTWO,30.59000015258789
2015-08-12,TTWO,30.26000022888184
2015-08-13,TTWO,30.13999938964844
2015-08-14,TTWO,30.71999931335449
2015-08-17,TTWO,31.59000015258789
2015-08-18,TTWO,31.11000061035156
2015-08-19,TTWO,30.350000381469727
2015-08-20,TTWO,29.3799991607666
2015-08-21,TTWO,28.8799991607666
2015-08-24,TTWO,27.82999992370605
2015-08-25,TTWO,27.6299991607666
2015-08-26,TTWO,28.299999237060547
2015-08-27,TTWO,28.920000076293945
2015-08-28,TTWO,29.780000686645508
2015-08-31,TTWO,29.1299991607666
2015-09-01,TTWO,28.350000381469727
2015-09-02,TTWO,28.709999084472656
2015-09-03,TTWO,28.700000762939453
2015-09-04,TTWO,28.450000762939453
2015-09-08,TTWO,29.57999992370605
2015-09-09,TTWO,29.1200008392334
2015-09-10,TTWO,29.149999618530277
2015-09-11,TTWO,29.18000030517578
2015-09-14,TTWO,29.040000915527344
2015-09-15,TTWO,29.489999771118164
2015-09-16,TTWO,29.479999542236328
2015-09-17,TTWO,29.540000915527344
2015-09-18,TTWO,29.530000686645508
2015-09-21,TTWO,29.93000030517578
2015-09-22,TTWO,29.68000030517578
2015-09-23,TTWO,29.86000061035156
2015-09-24,TTWO,29.809999465942383
2015-09-25,TTWO,30.059999465942383
2015-09-28,TTWO,28.46999931335449
2015-09-29,TTWO,27.96999931335449
2015-09-30,TTWO,28.729999542236328
2015-10-01,TTWO,28.540000915527344
2015-10-02,TTWO,29.38999938964844
2015-10-05,TTWO,30.5
2015-10-06,TTWO,29.65999984741211
2015-10-07,TTWO,29.780000686645508
2015-10-08,TTWO,29.739999771118164
2015-10-09,TTWO,29.93000030517578
2015-10-12,TTWO,30.6299991607666
2015-10-13,TTWO,30.71999931335449
2015-10-14,TTWO,30.780000686645508
2015-10-15,TTWO,31.88999938964844
2015-10-16,TTWO,31.59000015258789
2015-10-19,TTWO,31.3799991607666
2015-10-20,TTWO,31.75
2015-10-21,TTWO,31.76000022888184
2015-10-22,TTWO,32.7599983215332
2015-10-23,TTWO,33.459999084472656
2015-10-26,TTWO,33.33000183105469
2015-10-27,TTWO,33.13999938964844
2015-10-28,TTWO,33.4900016784668
2015-10-29,TTWO,33.15999984741211
2015-10-30,TTWO,33.20000076293945
2015-11-02,TTWO,33.650001525878906
2015-11-03,TTWO,33.91999816894531
2015-11-04,TTWO,34.029998779296875
2015-11-05,TTWO,33.04999923706055
2015-11-06,TTWO,34.20000076293945
2015-11-09,TTWO,32.970001220703125
2015-11-10,TTWO,32.91999816894531
2015-11-11,TTWO,32.91999816894531
2015-11-12,TTWO,33.029998779296875
2015-11-13,TTWO,33.119998931884766
2015-11-16,TTWO,33.439998626708984
2015-11-17,TTWO,34.349998474121094
2015-11-18,TTWO,34.63999938964844
2015-11-19,TTWO,34.630001068115234
2015-11-20,TTWO,35.599998474121094
2015-11-23,TTWO,34.90999984741211
2015-11-24,TTWO,34.709999084472656
2015-11-25,TTWO,35.619998931884766
2015-11-27,TTWO,35.689998626708984
2015-11-30,TTWO,35.369998931884766
2015-12-01,TTWO,35.9900016784668
2015-12-02,TTWO,35.880001068115234
2015-12-03,TTWO,35.779998779296875
2015-12-04,TTWO,36.4900016784668
2015-12-07,TTWO,36.11000061035156
2015-12-08,TTWO,36.25
2015-12-09,TTWO,35.59000015258789
2015-12-10,TTWO,35.41999816894531
2015-12-11,TTWO,35.0099983215332
2015-12-14,TTWO,35.189998626708984
2015-12-15,TTWO,36.0
2015-12-16,TTWO,36.22999954223633
2015-12-17,TTWO,35.849998474121094
2015-12-18,TTWO,34.7599983215332
2015-12-21,TTWO,35.0
2015-12-22,TTWO,35.27000045776367
2015-12-23,TTWO,35.54999923706055
2015-12-24,TTWO,35.7400016784668
2015-12-28,TTWO,35.7599983215332
2015-12-29,TTWO,35.83000183105469
2015-12-30,TTWO,35.5099983215332
2015-12-31,TTWO,34.84000015258789
2016-01-04,TTWO,34.16999816894531
2016-01-05,TTWO,34.75
2016-01-06,TTWO,34.0099983215332
2016-01-07,TTWO,32.41999816894531
2016-01-08,TTWO,32.34000015258789
2016-01-11,TTWO,32.77000045776367
2016-01-12,TTWO,33.619998931884766
2016-01-13,TTWO,32.5
2016-01-14,TTWO,32.689998626708984
2016-01-15,TTWO,32.58000183105469
2016-01-19,TTWO,32.5
2016-01-20,TTWO,32.619998931884766
2016-01-21,TTWO,32.970001220703125
2016-01-22,TTWO,33.630001068115234
2016-01-25,TTWO,33.61000061035156
2016-01-26,TTWO,34.27000045776367
2016-01-27,TTWO,33.7400016784668
2016-01-28,TTWO,33.61000061035156
2016-01-29,TTWO,34.70000076293945
2016-02-01,TTWO,34.619998931884766
2016-02-02,TTWO,33.439998626708984
2016-02-03,TTWO,32.83000183105469
2016-02-04,TTWO,35.08000183105469
2016-02-05,TTWO,33.380001068115234
2016-02-08,TTWO,33.630001068115234
2016-02-09,TTWO,34.52000045776367
2016-02-10,TTWO,34.459999084472656
2016-02-11,TTWO,35.06999969482422
2016-02-12,TTWO,34.130001068115234
2016-02-16,TTWO,34.630001068115234
2016-02-17,TTWO,34.349998474121094
2016-02-18,TTWO,34.0
2016-02-19,TTWO,34.66999816894531
2016-02-22,TTWO,35.29999923706055
2016-02-23,TTWO,34.88999938964844
2016-02-24,TTWO,35.349998474121094
2016-02-25,TTWO,35.70000076293945
2016-02-26,TTWO,35.810001373291016
2016-02-29,TTWO,35.9900016784668
2016-03-01,TTWO,37.5
2016-03-02,TTWO,37.31999969482422
2016-03-03,TTWO,36.56999969482422
2016-03-04,TTWO,36.0
2016-03-07,TTWO,34.650001525878906
2016-03-08,TTWO,34.5099983215332
2016-03-09,TTWO,34.849998474121094
2016-03-10,TTWO,35.52000045776367
2016-03-11,TTWO,35.83000183105469
2016-03-14,TTWO,35.33000183105469
2016-03-15,TTWO,35.27000045776367
2016-03-16,TTWO,35.599998474121094
2016-03-17,TTWO,35.099998474121094
2016-03-18,TTWO,34.869998931884766
2016-03-21,TTWO,34.84000015258789
2016-03-22,TTWO,35.439998626708984
2016-03-23,TTWO,35.220001220703125
2016-03-24,TTWO,35.189998626708984
2016-03-28,TTWO,35.400001525878906
2016-03-29,TTWO,37.0
2016-03-30,TTWO,37.2400016784668
2016-03-31,TTWO,37.66999816894531
2016-04-01,TTWO,37.9900016784668
2016-04-04,TTWO,37.65999984741211
2016-04-05,TTWO,36.93000030517578
2016-04-06,TTWO,37.09000015258789
2016-04-07,TTWO,36.59000015258789
2016-04-08,TTWO,36.45000076293945
2016-04-11,TTWO,35.66999816894531
2016-04-12,TTWO,35.47999954223633
2016-04-13,TTWO,36.06999969482422
2016-04-14,TTWO,35.540000915527344
2016-04-15,TTWO,35.7599983215332
2016-04-18,TTWO,36.7599983215332
2016-04-19,TTWO,37.040000915527344
2016-04-20,TTWO,36.7599983215332
2016-04-21,TTWO,36.59999847412109
2016-04-22,TTWO,36.560001373291016
2016-04-25,TTWO,36.040000915527344
2016-04-26,TTWO,35.279998779296875
2016-04-27,TTWO,35.0
2016-04-28,TTWO,34.34000015258789
2016-04-29,TTWO,34.18000030517578
2016-05-02,TTWO,35.43000030517578
2016-05-03,TTWO,34.29999923706055
2016-05-04,TTWO,33.91999816894531
2016-05-05,TTWO,34.02000045776367
2016-05-06,TTWO,34.91999816894531
2016-05-09,TTWO,34.689998626708984
2016-05-10,TTWO,34.77000045776367
2016-05-11,TTWO,35.70000076293945
2016-05-12,TTWO,36.290000915527344
2016-05-13,TTWO,36.959999084472656
2016-05-16,TTWO,36.88999938964844
2016-05-17,TTWO,36.0
2016-05-18,TTWO,35.68000030517578
2016-05-19,TTWO,37.290000915527344
2016-05-20,TTWO,36.369998931884766
2016-05-23,TTWO,36.43000030517578
2016-05-24,TTWO,38.33000183105469
2016-05-25,TTWO,38.18999862670898
2016-05-26,TTWO,38.650001525878906
2016-05-27,TTWO,38.79999923706055
2016-05-31,TTWO,38.90999984741211
2016-06-01,TTWO,38.5
2016-06-02,TTWO,38.900001525878906
2016-06-03,TTWO,38.790000915527344
2016-06-06,TTWO,39.09000015258789
2016-06-07,TTWO,39.869998931884766
2016-06-08,TTWO,39.65999984741211
2016-06-09,TTWO,39.58000183105469
2016-06-10,TTWO,39.040000915527344
2016-06-13,TTWO,38.22999954223633
2016-06-14,TTWO,38.36000061035156
2016-06-15,TTWO,37.5099983215332
2016-06-16,TTWO,37.77000045776367
2016-06-17,TTWO,37.09000015258789
2016-06-20,TTWO,37.77999877929688
2016-06-21,TTWO,37.310001373291016
2016-06-22,TTWO,37.18000030517578
2016-06-23,TTWO,37.970001220703125
2016-06-24,TTWO,35.9900016784668
2016-06-27,TTWO,35.5
2016-06-28,TTWO,36.150001525878906
2016-06-29,TTWO,36.619998931884766
2016-06-30,TTWO,37.91999816894531
2016-07-01,TTWO,37.91999816894531
2016-07-05,TTWO,38.02999877929688
2016-07-06,TTWO,38.59999847412109
2016-07-07,TTWO,39.22999954223633
2016-07-08,TTWO,39.84000015258789
2016-07-11,TTWO,40.68999862670898
2016-07-12,TTWO,41.34000015258789
2016-07-13,TTWO,39.90999984741211
2016-07-14,TTWO,39.959999084472656
2016-07-15,TTWO,40.45000076293945
2016-07-18,TTWO,40.65999984741211
2016-07-19,TTWO,39.93000030517578
2016-07-20,TTWO,40.52000045776367
2016-07-21,TTWO,40.09999847412109
2016-07-22,TTWO,40.56999969482422
2016-07-25,TTWO,40.68000030517578
2016-07-26,TTWO,40.18000030517578
2016-07-27,TTWO,40.45000076293945
2016-07-28,TTWO,40.31999969482422
2016-07-29,TTWO,40.18000030517578
2016-08-01,TTWO,40.290000915527344
2016-08-02,TTWO,40.16999816894531
2016-08-03,TTWO,40.790000915527344
2016-08-04,TTWO,40.56999969482422
2016-08-05,TTWO,41.369998931884766
2016-08-08,TTWO,40.97999954223633
2016-08-09,TTWO,41.38999938964844
2016-08-10,TTWO,41.34000015258789
2016-08-11,TTWO,41.43999862670898
2016-08-12,TTWO,41.34000015258789
2016-08-15,TTWO,42.34000015258789
2016-08-16,TTWO,41.220001220703125
2016-08-17,TTWO,41.060001373291016
2016-08-18,TTWO,41.09000015258789
2016-08-19,TTWO,40.97999954223633
2016-08-22,TTWO,41.290000915527344
2016-08-23,TTWO,42.25
2016-08-24,TTWO,42.220001220703125
2016-08-25,TTWO,42.310001373291016
2016-08-26,TTWO,42.2400016784668
2016-08-29,TTWO,44.16999816894531
2016-08-30,TTWO,43.810001373291016
2016-08-31,TTWO,43.470001220703125
2016-09-01,TTWO,43.7599983215332
2016-09-02,TTWO,44.70000076293945
2016-09-06,TTWO,44.650001525878906
2016-09-07,TTWO,43.560001373291016
2016-09-08,TTWO,43.27999877929688
2016-09-09,TTWO,42.7400016784668
2016-09-12,TTWO,43.540000915527344
2016-09-13,TTWO,43.77999877929688
2016-09-14,TTWO,44.11000061035156
2016-09-15,TTWO,45.22999954223633
2016-09-16,TTWO,44.72999954223633
2016-09-19,TTWO,44.709999084472656
2016-09-20,TTWO,45.2400016784668
2016-09-21,TTWO,46.34000015258789
2016-09-22,TTWO,45.869998931884766
2016-09-23,TTWO,46.31999969482422
2016-09-26,TTWO,45.900001525878906
2016-09-27,TTWO,46.11000061035156
2016-09-28,TTWO,45.36000061035156
2016-09-29,TTWO,45.16999816894531
2016-09-30,TTWO,45.08000183105469
2016-10-03,TTWO,45.15999984741211
2016-10-04,TTWO,45.5
2016-10-05,TTWO,45.61000061035156
2016-10-06,TTWO,45.4900016784668
2016-10-07,TTWO,44.68999862670898
2016-10-10,TTWO,43.77000045776367
2016-10-11,TTWO,42.220001220703125
2016-10-12,TTWO,42.5
2016-10-13,TTWO,42.34999847412109
2016-10-14,TTWO,42.68999862670898
2016-10-17,TTWO,44.84999847412109
2016-10-18,TTWO,45.09000015258789
2016-10-19,TTWO,44.220001220703125
2016-10-20,TTWO,44.97999954223633
2016-10-21,TTWO,44.9900016784668
2016-10-24,TTWO,45.90999984741211
2016-10-25,TTWO,45.880001068115234
2016-10-26,TTWO,45.310001373291016
2016-10-27,TTWO,45.09999847412109
2016-10-28,TTWO,44.709999084472656
2016-10-31,TTWO,44.38999938964844
2016-11-01,TTWO,43.93000030517578
2016-11-02,TTWO,44.79999923706055
2016-11-03,TTWO,48.290000915527344
2016-11-04,TTWO,48.29999923706055
2016-11-07,TTWO,49.56999969482422
2016-11-08,TTWO,49.220001220703125
2016-11-09,TTWO,49.0
2016-11-10,TTWO,46.93999862670898
2016-11-11,TTWO,47.95000076293945
2016-11-14,TTWO,46.4900016784668
2016-11-15,TTWO,46.5099983215332
2016-11-16,TTWO,46.470001220703125
2016-11-17,TTWO,48.630001068115234
2016-11-18,TTWO,47.63999938964844
2016-11-21,TTWO,48.02999877929688
2016-11-22,TTWO,47.27999877929688
2016-11-23,TTWO,48.47999954223633
2016-11-25,TTWO,48.810001373291016
2016-11-28,TTWO,48.47999954223633
2016-11-29,TTWO,50.09000015258789
2016-11-30,TTWO,49.22999954223633
2016-12-01,TTWO,47.22999954223633
2016-12-02,TTWO,47.459999084472656
2016-12-05,TTWO,48.40999984741211
2016-12-06,TTWO,48.0
2016-12-07,TTWO,49.02000045776367
2016-12-08,TTWO,49.65999984741211
2016-12-09,TTWO,49.77999877929688
2016-12-12,TTWO,50.02999877929688
2016-12-13,TTWO,50.84999847412109
2016-12-14,TTWO,49.90999984741211
2016-12-15,TTWO,50.459999084472656
2016-12-16,TTWO,49.25
2016-12-19,TTWO,49.09000015258789
2016-12-20,TTWO,49.91999816894531
2016-12-21,TTWO,49.75
2016-12-22,TTWO,49.25
2016-12-23,TTWO,49.880001068115234
2016-12-27,TTWO,49.72999954223633
2016-12-28,TTWO,49.25
2016-12-29,TTWO,49.58000183105469
2016-12-30,TTWO,49.290000915527344
2017-01-03,TTWO,49.220001220703125
2017-01-04,TTWO,50.13999938964844
2017-01-05,TTWO,49.36000061035156
2017-01-06,TTWO,49.95000076293945
2017-01-09,TTWO,50.459999084472656
2017-01-10,TTWO,50.810001373291016
2017-01-11,TTWO,51.11000061035156
2017-01-12,TTWO,50.869998931884766
2017-01-13,TTWO,51.61000061035156
2017-01-17,TTWO,51.400001525878906
2017-01-18,TTWO,51.790000915527344
2017-01-19,TTWO,51.790000915527344
2017-01-20,TTWO,52.34999847412109
2017-01-23,TTWO,52.15999984741211
2017-01-24,TTWO,53.18000030517578
2017-01-25,TTWO,53.880001068115234
2017-01-26,TTWO,53.75
2017-01-27,TTWO,53.68999862670898
2017-01-30,TTWO,53.4900016784668
2017-01-31,TTWO,53.650001525878906
2017-02-01,TTWO,54.36000061035156
2017-02-02,TTWO,54.79999923706055
2017-02-03,TTWO,53.93000030517578
2017-02-06,TTWO,54.20000076293945
2017-02-07,TTWO,53.70000076293945
2017-02-08,TTWO,53.709999084472656
2017-02-09,TTWO,56.02000045776367
2017-02-10,TTWO,57.880001068115234
2017-02-13,TTWO,58.41999816894531
2017-02-14,TTWO,58.2599983215332
2017-02-15,TTWO,59.43999862670898
2017-02-16,TTWO,59.970001220703125
2017-02-17,TTWO,59.68999862670898
2017-02-21,TTWO,58.97999954223633
2017-02-22,TTWO,58.43999862670898
2017-02-23,TTWO,57.84999847412109
2017-02-24,TTWO,57.560001373291016
2017-02-27,TTWO,57.470001220703125
2017-02-28,TTWO,56.97999954223633
2017-03-01,TTWO,58.79999923706055
2017-03-02,TTWO,57.880001068115234
2017-03-03,TTWO,58.119998931884766
2017-03-06,TTWO,58.72999954223633
2017-03-07,TTWO,59.18999862670898
2017-03-08,TTWO,59.310001373291016
2017-03-09,TTWO,59.15999984741211
2017-03-10,TTWO,59.0
2017-03-13,TTWO,59.5099983215332
2017-03-14,TTWO,59.25
2017-03-15,TTWO,59.02000045776367
2017-03-16,TTWO,58.5099983215332
2017-03-17,TTWO,58.0099983215332
2017-03-20,TTWO,57.88999938964844
2017-03-21,TTWO,56.59999847412109
2017-03-22,TTWO,57.58000183105469
2017-03-23,TTWO,57.720001220703125
2017-03-24,TTWO,58.119998931884766
2017-03-27,TTWO,58.56999969482422
2017-03-28,TTWO,58.810001373291016
2017-03-29,TTWO,58.790000915527344
2017-03-30,TTWO,58.900001525878906
2017-03-31,TTWO,59.27000045776367
2017-04-03,TTWO,58.7400016784668
2017-04-04,TTWO,57.84999847412109
2017-04-05,TTWO,57.86000061035156
2017-04-06,TTWO,58.04999923706055
2017-04-07,TTWO,58.470001220703125
2017-04-10,TTWO,58.43000030517578
2017-04-11,TTWO,58.41999816894531
2017-04-12,TTWO,57.869998931884766
2017-04-13,TTWO,57.52999877929688
2017-04-17,TTWO,58.54999923706055
2017-04-18,TTWO,59.38999938964844
2017-04-19,TTWO,60.45000076293945
2017-04-20,TTWO,62.02999877929688
2017-04-21,TTWO,62.290000915527344
2017-04-24,TTWO,62.54999923706055
2017-04-25,TTWO,62.630001068115234
2017-04-26,TTWO,62.77999877929688
2017-04-27,TTWO,63.150001525878906
2017-04-28,TTWO,62.84999847412109
2017-05-01,TTWO,63.97999954223633
2017-05-02,TTWO,64.08999633789062
2017-05-03,TTWO,63.9900016784668
2017-05-04,TTWO,63.65999984741211
2017-05-05,TTWO,65.41999816894531
2017-05-08,TTWO,65.05999755859375
2017-05-09,TTWO,65.11000061035156
2017-05-10,TTWO,68.68000030517578
2017-05-11,TTWO,68.58999633789062
2017-05-12,TTWO,67.9800033569336
2017-05-15,TTWO,69.2699966430664
2017-05-16,TTWO,70.37000274658203
2017-05-17,TTWO,66.5199966430664
2017-05-18,TTWO,68.5999984741211
2017-05-19,TTWO,67.58000183105469
2017-05-22,TTWO,69.04000091552734
2017-05-23,TTWO,72.83000183105469
2017-05-24,TTWO,77.7300033569336
2017-05-25,TTWO,78.52999877929688
2017-05-26,TTWO,77.06999969482422
2017-05-30,TTWO,76.06999969482422
2017-05-31,TTWO,76.73999786376953
2017-06-01,TTWO,78.12000274658203
2017-06-02,TTWO,77.6500015258789
2017-06-05,TTWO,77.31999969482422
2017-06-06,TTWO,77.66000366210938
2017-06-07,TTWO,79.7699966430664
2017-06-08,TTWO,79.31999969482422
2017-06-09,TTWO,75.30000305175781
2017-06-12,TTWO,73.83000183105469
2017-06-13,TTWO,74.62000274658203
2017-06-14,TTWO,74.37999725341797
2017-06-15,TTWO,74.01000213623047
2017-06-16,TTWO,74.16000366210938
2017-06-19,TTWO,74.0999984741211
2017-06-20,TTWO,73.0999984741211
2017-06-21,TTWO,73.05000305175781
2017-06-22,TTWO,73.05000305175781
2017-06-23,TTWO,72.87999725341797
2017-06-26,TTWO,73.56999969482422
2017-06-27,TTWO,71.16999816894531
2017-06-28,TTWO,73.2699966430664
2017-06-29,TTWO,72.5199966430664
2017-06-30,TTWO,73.37999725341797
2017-07-03,TTWO,72.06999969482422
2017-07-05,TTWO,73.27999877929688
2017-07-06,TTWO,73.19999694824219
2017-07-07,TTWO,74.58999633789062
2017-07-10,TTWO,74.4800033569336
2017-07-11,TTWO,75.9000015258789
2017-07-12,TTWO,77.30999755859375
2017-07-13,TTWO,76.33000183105469
2017-07-14,TTWO,76.20999908447266
2017-07-17,TTWO,76.0999984741211
2017-07-18,TTWO,77.47000122070312
2017-07-19,TTWO,78.43000030517578
2017-07-20,TTWO,78.02999877929688
2017-07-21,TTWO,79.25
2017-07-24,TTWO,79.66999816894531
2017-07-25,TTWO,80.8499984741211
2017-07-26,TTWO,81.45999908447266
2017-07-27,TTWO,79.70999908447266
2017-07-28,TTWO,80.0999984741211
2017-07-31,TTWO,79.4800033569336
2017-08-01,TTWO,79.93000030517578
2017-08-02,TTWO,79.38999938964844
2017-08-03,TTWO,89.08999633789062
2017-08-04,TTWO,87.70999908447266
2017-08-07,TTWO,90.5199966430664
2017-08-08,TTWO,91.5199966430664
2017-08-09,TTWO,90.97000122070312
2017-08-10,TTWO,88.31999969482422
2017-08-11,TTWO,89.30000305175781
2017-08-14,TTWO,90.70999908447266
2017-08-15,TTWO,90.66000366210938
2017-08-16,TTWO,92.0199966430664
2017-08-17,TTWO,90.94000244140624
2017-08-18,TTWO,92.06999969482422
2017-08-21,TTWO,91.9800033569336
2017-08-22,TTWO,94.9499969482422
2017-08-23,TTWO,94.4000015258789
2017-08-24,TTWO,95.25
2017-08-25,TTWO,94.63999938964844
2017-08-28,TTWO,95.80999755859376
2017-08-29,TTWO,95.79000091552734
2017-08-30,TTWO,97.6500015258789
2017-08-31,TTWO,97.79000091552734
2017-09-01,TTWO,95.87999725341795
2017-09-05,TTWO,97.08999633789062
2017-09-06,TTWO,95.81999969482422
2017-09-07,TTWO,99.5
2017-09-08,TTWO,99.62000274658205
2017-09-11,TTWO,100.11000061035156
2017-09-12,TTWO,99.9499969482422
2017-09-13,TTWO,98.77999877929688
2017-09-14,TTWO,99.38999938964844
2017-09-15,TTWO,100.38999938964844
2017-09-18,TTWO,100.81999969482422
2017-09-19,TTWO,102.37999725341795
2017-09-20,TTWO,102.95999908447266
2017-09-21,TTWO,101.72000122070312
2017-09-22,TTWO,102.83999633789062
2017-09-25,TTWO,97.62000274658205
2017-09-26,TTWO,97.4800033569336
2017-09-27,TTWO,100.12999725341795
2017-09-28,TTWO,100.88999938964844
2017-09-29,TTWO,102.2300033569336
2017-10-02,TTWO,100.43000030517578
2017-10-03,TTWO,101.06999969482422
2017-10-04,TTWO,102.9800033569336
2017-10-05,TTWO,104.47000122070312
2017-10-06,TTWO,107.2300033569336
2017-10-09,TTWO,104.11000061035156
2017-10-10,TTWO,102.66999816894533
2017-10-11,TTWO,103.5999984741211
2017-10-12,TTWO,103.44000244140624
2017-10-13,TTWO,104.58000183105467
2017-10-16,TTWO,104.77999877929688
2017-10-17,TTWO,103.9000015258789
2017-10-18,TTWO,104.61000061035156
2017-10-19,TTWO,104.55999755859376
2017-10-20,TTWO,104.93000030517578
2017-10-23,TTWO,105.01000213623048
2017-10-24,TTWO,105.22000122070312
2017-10-25,TTWO,104.87000274658205
2017-10-26,TTWO,105.43000030517578
2017-10-27,TTWO,107.83999633789062
2017-10-30,TTWO,109.70999908447266
2017-10-31,TTWO,110.6500015258789
2017-11-01,TTWO,110.55999755859376
2017-11-02,TTWO,108.5
2017-11-03,TTWO,108.93000030517578
2017-11-06,TTWO,107.0
2017-11-07,TTWO,106.38999938964844
2017-11-08,TTWO,117.6500015258789
2017-11-09,TTWO,115.16000366210938
2017-11-10,TTWO,115.68000030517578
2017-11-13,TTWO,118.26000213623048
2017-11-14,TTWO,118.87999725341795
2017-11-15,TTWO,117.37000274658205
2017-11-16,TTWO,118.9000015258789
2017-11-17,TTWO,117.81999969482422
2017-11-20,TTWO,117.4000015258789
2017-11-21,TTWO,119.0199966430664
2017-11-22,TTWO,117.94000244140624
2017-11-24,TTWO,117.87999725341795
2017-11-27,TTWO,117.79000091552734
2017-11-28,TTWO,116.19000244140624
2017-11-29,TTWO,111.4499969482422
2017-11-30,TTWO,111.5500030517578
2017-12-01,TTWO,110.76000213623048
2017-12-04,TTWO,102.11000061035156
2017-12-05,TTWO,104.19000244140624
2017-12-06,TTWO,104.88999938964844
2017-12-07,TTWO,106.54000091552734
2017-12-08,TTWO,106.80999755859376
2017-12-11,TTWO,108.2300033569336
2017-12-12,TTWO,107.62000274658205
2017-12-13,TTWO,107.73999786376952
2017-12-14,TTWO,109.0199966430664
2017-12-15,TTWO,111.19000244140624
2017-12-18,TTWO,110.31999969482422
2017-12-19,TTWO,109.27999877929688
2017-12-20,TTWO,108.75
2017-12-21,TTWO,110.45999908447266
2017-12-22,TTWO,109.13999938964844
2017-12-26,TTWO,108.25
2017-12-27,TTWO,107.8000030517578
2017-12-28,TTWO,109.58999633789062
2017-12-29,TTWO,109.77999877929688
2018-01-02,TTWO,112.87999725341795
2018-01-03,TTWO,113.87999725341795
2018-01-04,TTWO,114.0199966430664
2018-01-05,TTWO,116.91000366210938
2018-01-08,TTWO,117.37000274658205
2018-01-09,TTWO,114.91000366210938
2018-01-10,TTWO,115.5500030517578
2018-01-11,TTWO,116.9800033569336
2018-01-12,TTWO,117.3000030517578
2018-01-16,TTWO,113.95999908447266
2018-01-17,TTWO,116.08999633789062
2018-01-18,TTWO,117.2699966430664
2018-01-19,TTWO,118.0500030517578
2018-01-22,TTWO,118.4000015258789
2018-01-23,TTWO,116.80999755859376
2018-01-24,TTWO,116.23999786376952
2018-01-25,TTWO,117.1999969482422
2018-01-26,TTWO,119.37000274658205
2018-01-29,TTWO,119.29000091552734
2018-01-30,TTWO,118.30999755859376
2018-01-31,TTWO,126.66999816894533
2018-02-01,TTWO,124.63999938964844
2018-02-02,TTWO,121.66999816894533
2018-02-05,TTWO,117.33000183105467
2018-02-06,TTWO,118.2699966430664
2018-02-07,TTWO,117.19000244140624
2018-02-08,TTWO,103.51000213623048
2018-02-09,TTWO,108.4499969482422
2018-02-12,TTWO,109.93000030517578
2018-02-13,TTWO,107.77999877929688
2018-02-14,TTWO,106.55999755859376
2018-02-15,TTWO,108.16000366210938
2018-02-16,TTWO,107.04000091552734
2018-02-20,TTWO,107.4800033569336
2018-02-21,TTWO,108.54000091552734
2018-02-22,TTWO,108.62999725341795
2018-02-23,TTWO,111.6500015258789
2018-02-26,TTWO,114.58000183105467
2018-02-27,TTWO,112.2300033569336
2018-02-28,TTWO,111.87000274658205
2018-03-01,TTWO,107.54000091552734
2018-03-02,TTWO,110.7699966430664
2018-03-05,TTWO,111.93000030517578
2018-03-06,TTWO,110.70999908447266
2018-03-07,TTWO,110.94000244140624
2018-03-08,TTWO,113.58000183105467
2018-03-09,TTWO,116.61000061035156
2018-03-12,TTWO,115.73999786376952
2018-03-13,TTWO,113.48999786376952
2018-03-14,TTWO,109.2300033569336
2018-03-15,TTWO,108.9000015258789
2018-03-16,TTWO,107.29000091552734
2018-03-19,TTWO,104.5
2018-03-20,TTWO,105.23999786376952
2018-03-21,TTWO,104.7300033569336
2018-03-22,TTWO,102.38999938964844
2018-03-23,TTWO,99.6999969482422
2018-03-26,TTWO,103.0999984741211
2018-03-27,TTWO,98.04000091552734
2018-03-28,TTWO,97.45999908447266
2018-03-29,TTWO,97.77999877929688
2018-04-02,TTWO,95.91999816894533
2018-04-03,TTWO,95.86000061035156
2018-04-04,TTWO,96.95999908447266
2018-04-05,TTWO,98.62999725341795
2018-04-06,TTWO,94.62999725341795
2018-04-09,TTWO,96.51000213623048
2018-04-10,TTWO,97.63999938964844
2018-04-11,TTWO,96.62000274658205
2018-04-12,TTWO,97.83999633789062
2018-04-13,TTWO,97.19000244140624
2018-04-16,TTWO,98.47000122070312
2018-04-17,TTWO,102.20999908447266
2018-04-18,TTWO,102.5
2018-04-19,TTWO,100.7699966430664
2018-04-20,TTWO,98.37999725341795
2018-04-23,TTWO,98.12000274658205
2018-04-24,TTWO,96.37999725341795
2018-04-25,TTWO,96.22000122070312
2018-04-26,TTWO,99.19000244140624
2018-04-27,TTWO,98.62999725341795
2018-04-30,TTWO,99.70999908447266
2018-05-01,TTWO,104.3000030517578
2018-05-02,TTWO,104.87999725341795
2018-05-03,TTWO,105.0999984741211
2018-05-04,TTWO,108.76000213623048
2018-05-07,TTWO,110.1999969482422
2018-05-08,TTWO,111.3000030517578
2018-05-09,TTWO,115.98999786376952
2018-05-10,TTWO,117.05999755859376
2018-05-11,TTWO,116.08999633789062
2018-05-14,TTWO,114.4000015258789
2018-05-15,TTWO,113.47000122070312
2018-05-16,TTWO,113.06999969482422
2018-05-17,TTWO,113.87999725341795
2018-05-18,TTWO,115.80999755859376
2018-05-21,TTWO,115.95999908447266
2018-05-22,TTWO,113.23999786376952
2018-05-23,TTWO,112.5999984741211
2018-05-24,TTWO,112.06999969482422
2018-05-25,TTWO,112.0199966430664
2018-05-29,TTWO,110.77999877929688
2018-05-30,TTWO,110.62999725341795
2018-05-31,TTWO,112.08000183105467
2018-06-01,TTWO,114.58999633789062
2018-06-04,TTWO,113.68000030517578
2018-06-05,TTWO,113.26000213623048
2018-06-06,TTWO,112.58999633789062
2018-06-07,TTWO,113.41999816894533
2018-06-08,TTWO,113.41999816894533
2018-06-11,TTWO,113.31999969482422
2018-06-12,TTWO,114.6999969482422
2018-06-13,TTWO,118.45999908447266
2018-06-14,TTWO,121.83999633789062
2018-06-15,TTWO,121.51000213623048
2018-06-18,TTWO,120.69000244140624
2018-06-19,TTWO,117.83000183105467
2018-06-20,TTWO,118.01000213623048
2018-06-21,TTWO,116.5
2018-06-22,TTWO,116.95999908447266
2018-06-25,TTWO,116.7300033569336
2018-06-26,TTWO,115.91000366210938
2018-06-27,TTWO,113.95999908447266
2018-06-28,TTWO,118.05999755859376
2018-06-29,TTWO,118.36000061035156
2018-07-02,TTWO,119.87000274658205
2018-07-03,TTWO,118.1500015258789
2018-07-05,TTWO,120.81999969482422
2018-07-06,TTWO,123.44000244140624
2018-07-09,TTWO,121.97000122070312
2018-07-10,TTWO,121.1500015258789
2018-07-11,TTWO,122.73999786376952
2018-07-12,TTWO,126.23999786376952
2018-07-13,TTWO,126.3499984741211
2018-07-16,TTWO,125.88999938964844
2018-07-17,TTWO,126.68000030517578
2018-07-18,TTWO,126.80999755859376
2018-07-19,TTWO,127.41000366210938
2018-07-20,TTWO,126.61000061035156
2018-07-23,TTWO,126.8000030517578
2018-07-24,TTWO,125.16000366210938
2018-07-25,TTWO,127.83999633789062
2018-07-26,TTWO,125.33000183105467
2018-07-27,TTWO,122.58000183105467
2018-07-30,TTWO,113.11000061035156
2018-07-31,TTWO,113.0199966430664
2018-08-01,TTWO,112.23999786376952
2018-08-02,TTWO,113.23999786376952
2018-08-03,TTWO,123.41000366210938
2018-08-06,TTWO,121.31999969482422
2018-08-07,TTWO,122.20999908447266
2018-08-08,TTWO,124.9499969482422
2018-08-09,TTWO,125.1999969482422
2018-08-10,TTWO,128.8000030517578
2018-08-13,TTWO,128.10000610351562
2018-08-14,TTWO,129.08999633789062
2018-08-15,TTWO,125.9499969482422
2018-08-16,TTWO,125.94000244140624
2018-08-17,TTWO,124.3000030517578
2018-08-20,TTWO,124.87999725341795
2018-08-21,TTWO,126.41999816894533
2018-08-22,TTWO,129.22999572753906
2018-08-23,TTWO,130.67999267578125
2018-08-24,TTWO,134.00999450683594
2018-08-27,TTWO,133.3699951171875
2018-08-28,TTWO,133.66000366210938
2018-08-29,TTWO,136.08999633789062
2018-08-30,TTWO,134.63999938964844
2018-08-31,TTWO,133.55999755859375
2018-09-04,TTWO,134.52999877929688
2018-09-05,TTWO,128.89999389648438
2018-09-06,TTWO,130.35000610351562
2018-09-07,TTWO,130.5399932861328
2018-09-10,TTWO,129.16000366210938
2018-09-11,TTWO,133.9199981689453
2018-09-12,TTWO,133.47999572753906
2018-09-13,TTWO,136.25999450683594
2018-09-14,TTWO,134.11000061035156
2018-09-17,TTWO,131.47999572753906
2018-09-18,TTWO,132.72000122070312
2018-09-19,TTWO,130.57000732421875
2018-09-20,TTWO,130.9499969482422
2018-09-21,TTWO,132.07000732421875
2018-09-24,TTWO,134.8800048828125
2018-09-25,TTWO,135.5500030517578
2018-09-26,TTWO,134.52999877929688
2018-09-27,TTWO,137.07000732421875
2018-09-28,TTWO,137.99000549316406
2018-10-01,TTWO,137.41000366210938
2018-10-02,TTWO,134.3800048828125
2018-10-03,TTWO,136.11000061035156
2018-10-04,TTWO,131.8800048828125
2018-10-05,TTWO,130.60000610351562
2018-10-08,TTWO,126.81999969482422
2018-10-09,TTWO,127.9499969482422
2018-10-10,TTWO,122.25
2018-10-11,TTWO,122.26000213623048
2018-10-12,TTWO,129.0500030517578
2018-10-15,TTWO,127.77999877929688
2018-10-16,TTWO,132.02000427246094
2018-10-17,TTWO,132.05999755859375
2018-10-18,TTWO,126.87000274658205
2018-10-19,TTWO,122.4499969482422
2018-10-22,TTWO,120.51000213623048
2018-10-23,TTWO,118.77999877929688
2018-10-24,TTWO,110.97000122070312
2018-10-25,TTWO,120.6999969482422
2018-10-26,TTWO,120.05999755859376
2018-10-29,TTWO,111.72000122070312
2018-10-30,TTWO,124.01000213623048
2018-10-31,TTWO,128.8699951171875
2018-11-01,TTWO,128.91000366210938
2018-11-02,TTWO,128.3699951171875
2018-11-05,TTWO,126.6999969482422
2018-11-06,TTWO,123.68000030517578
2018-11-07,TTWO,125.80999755859376
2018-11-08,TTWO,119.13999938964844
2018-11-09,TTWO,113.0500030517578
2018-11-12,TTWO,109.02999877929688
2018-11-13,TTWO,107.0
2018-11-14,TTWO,106.56999969482422
2018-11-15,TTWO,113.05999755859376
2018-11-16,TTWO,113.93000030517578
2018-11-19,TTWO,106.0
2018-11-20,TTWO,104.72000122070312
2018-11-21,TTWO,106.83999633789062
2018-11-23,TTWO,105.5
2018-11-26,TTWO,110.44000244140624
2018-11-27,TTWO,109.55999755859376
2018-11-28,TTWO,110.62999725341795
2018-11-29,TTWO,111.91000366210938
2018-11-30,TTWO,109.66999816894533
2018-12-03,TTWO,103.45999908447266
2018-12-04,TTWO,101.69000244140624
2018-12-06,TTWO,106.1999969482422
2018-12-07,TTWO,102.66999816894533
2018-12-10,TTWO,105.23999786376952
2018-12-11,TTWO,105.41999816894533
2018-12-12,TTWO,104.19000244140624
2018-12-13,TTWO,105.9000015258789
2018-12-14,TTWO,103.45999908447266
2018-12-17,TTWO,102.19000244140624
2018-12-18,TTWO,103.43000030517578
2018-12-19,TTWO,103.0500030517578
2018-12-20,TTWO,102.0999984741211
2018-12-21,TTWO,101.37000274658205
2018-12-24,TTWO,98.76000213623048
2018-12-26,TTWO,104.62999725341795
2018-12-27,TTWO,106.1500015258789
2018-12-28,TTWO,104.56999969482422
2018-12-31,TTWO,102.94000244140624
2019-01-02,TTWO,104.01000213623048
2019-01-03,TTWO,99.1500015258789
2019-01-04,TTWO,101.6999969482422
2019-01-07,TTWO,104.41000366210938
2019-01-08,TTWO,107.91999816894533
2019-01-09,TTWO,107.45999908447266
2019-01-10,TTWO,110.0
2019-01-11,TTWO,109.02999877929688
2019-01-14,TTWO,104.9800033569336
2019-01-15,TTWO,106.48999786376952
2019-01-16,TTWO,105.93000030517578
2019-01-17,TTWO,105.37000274658205
2019-01-18,TTWO,108.26000213623048
2019-01-22,TTWO,107.33000183105467
2019-01-23,TTWO,99.80999755859376
2019-01-24,TTWO,101.48999786376952
2019-01-25,TTWO,103.6999969482422
2019-01-28,TTWO,102.38999938964844
2019-01-29,TTWO,100.80999755859376
2019-01-30,TTWO,102.5999984741211
2019-01-31,TTWO,105.5500030517578
2019-02-01,TTWO,104.9499969482422
2019-02-04,TTWO,106.3000030517578
2019-02-05,TTWO,107.29000091552734
2019-02-06,TTWO,92.52999877929688
2019-02-07,TTWO,96.38999938964844
2019-02-08,TTWO,97.13999938964844
2019-02-11,TTWO,93.44000244140624
2019-02-12,TTWO,89.25
2019-02-13,TTWO,92.13999938964844
2019-02-14,TTWO,93.27999877929688
2019-02-15,TTWO,93.3000030517578
2019-02-19,TTWO,93.2699966430664
2019-02-20,TTWO,88.66999816894531
2019-02-21,TTWO,87.58999633789062
2019-02-22,TTWO,87.06999969482422
2019-02-25,TTWO,87.29000091552734
2019-02-26,TTWO,87.33999633789062
2019-02-27,TTWO,84.62999725341797
2019-02-28,TTWO,87.26000213623047
2019-03-01,TTWO,88.31999969482422
2019-03-04,TTWO,87.44000244140625
2019-03-05,TTWO,87.37000274658203
2019-03-06,TTWO,87.19999694824219
2019-03-07,TTWO,88.41000366210938
2019-03-08,TTWO,87.04000091552734
2019-03-11,TTWO,89.80000305175781
2019-03-12,TTWO,89.8499984741211
2019-03-13,TTWO,96.02999877929688
2019-03-14,TTWO,92.43000030517578
2019-03-15,TTWO,93.5500030517578
2019-03-18,TTWO,93.83000183105467
2019-03-19,TTWO,95.79000091552734
2019-03-20,TTWO,96.05999755859376
2019-03-21,TTWO,99.11000061035156
2019-03-22,TTWO,96.0199966430664
2019-03-25,TTWO,96.02999877929688
2019-03-26,TTWO,96.37000274658205
2019-03-27,TTWO,94.48999786376952
2019-03-28,TTWO,96.48999786376952
2019-03-29,TTWO,94.37000274658205
2019-04-01,TTWO,95.69000244140624
2019-04-02,TTWO,97.66000366210938
2019-04-03,TTWO,97.91000366210938
2019-04-04,TTWO,93.6999969482422
2019-04-05,TTWO,94.52999877929688
2019-04-08,TTWO,94.29000091552734
2019-04-09,TTWO,93.27999877929688
2019-04-10,TTWO,95.33000183105467
2019-04-11,TTWO,95.2699966430664
2019-04-12,TTWO,94.11000061035156
2019-04-15,TTWO,92.6500015258789
2019-04-16,TTWO,90.94000244140624
2019-04-17,TTWO,89.73999786376953
2019-04-18,TTWO,90.73999786376952
2019-04-22,TTWO,91.91999816894533
2019-04-23,TTWO,93.29000091552734
2019-04-24,TTWO,93.5999984741211
2019-04-25,TTWO,92.9000015258789
2019-04-26,TTWO,96.25
2019-04-29,TTWO,97.1500015258789
2019-04-30,TTWO,96.83000183105467
2019-05-01,TTWO,99.0500030517578
2019-05-02,TTWO,99.68000030517578
2019-05-03,TTWO,101.62000274658205
2019-05-06,TTWO,101.6500015258789
2019-05-07,TTWO,99.87999725341795
2019-05-08,TTWO,101.80999755859376
2019-05-09,TTWO,102.12000274658205
2019-05-10,TTWO,103.37999725341795
2019-05-13,TTWO,100.01000213623048
2019-05-14,TTWO,103.5500030517578
2019-05-15,TTWO,107.4800033569336
2019-05-16,TTWO,107.5500030517578
2019-05-17,TTWO,106.66000366210938
2019-05-20,TTWO,102.9800033569336
2019-05-21,TTWO,103.75
2019-05-22,TTWO,104.2300033569336
2019-05-23,TTWO,104.37999725341795
2019-05-24,TTWO,105.0199966430664
2019-05-28,TTWO,106.54000091552734
2019-05-29,TTWO,107.0
2019-05-30,TTWO,106.98999786376952
2019-05-31,TTWO,108.1500015258789
2019-06-03,TTWO,105.9499969482422
2019-06-04,TTWO,108.98999786376952
2019-06-05,TTWO,111.5500030517578
2019-06-06,TTWO,110.66999816894533
2019-06-07,TTWO,111.6500015258789
2019-06-10,TTWO,111.77999877929688
2019-06-11,TTWO,110.29000091552734
2019-06-12,TTWO,108.70999908447266
2019-06-13,TTWO,110.72000122070312
2019-06-14,TTWO,110.36000061035156
2019-06-17,TTWO,110.29000091552734
2019-06-18,TTWO,111.0199966430664
2019-06-19,TTWO,111.0199966430664
2019-06-20,TTWO,111.54000091552734
2019-06-21,TTWO,112.63999938964844
2019-06-24,TTWO,113.83000183105467
2019-06-25,TTWO,112.80999755859376
2019-06-26,TTWO,111.5500030517578
2019-06-27,TTWO,113.38999938964844
2019-06-28,TTWO,113.52999877929688
2019-07-01,TTWO,115.95999908447266
2019-07-02,TTWO,116.91000366210938
2019-07-03,TTWO,118.06999969482422
2019-07-05,TTWO,117.2300033569336
2019-07-08,TTWO,114.75
2019-07-09,TTWO,115.08999633789062
2019-07-10,TTWO,117.16000366210938
2019-07-11,TTWO,116.52999877929688
2019-07-12,TTWO,116.45999908447266
2019-07-15,TTWO,117.02999877929688
2019-07-16,TTWO,117.4499969482422
2019-07-17,TTWO,117.5999984741211
2019-07-18,TTWO,117.6999969482422
2019-07-19,TTWO,116.05999755859376
2019-07-22,TTWO,116.66000366210938
2019-07-23,TTWO,118.11000061035156
2019-07-24,TTWO,118.9000015258789
2019-07-25,TTWO,119.25
2019-07-26,TTWO,121.77999877929688
2019-07-29,TTWO,123.58999633789062
2019-07-30,TTWO,123.1999969482422
2019-07-31,TTWO,122.5199966430664
2019-08-01,TTWO,122.0999984741211
2019-08-02,TTWO,121.69000244140624
2019-08-05,TTWO,115.37999725341795
2019-08-06,TTWO,124.55999755859376
2019-08-07,TTWO,129.39999389648438
2019-08-08,TTWO,131.38999938964844
2019-08-09,TTWO,128.8699951171875
2019-08-12,TTWO,127.62000274658205
2019-08-13,TTWO,127.52999877929688
2019-08-14,TTWO,126.22000122070312
2019-08-15,TTWO,126.16000366210938
2019-08-16,TTWO,127.1999969482422
2019-08-19,TTWO,129.86000061035156
2019-08-20,TTWO,131.42999267578125
2019-08-21,TTWO,134.2100067138672
2019-08-22,TTWO,132.38999938964844
2019-08-23,TTWO,128.80999755859375
2019-08-26,TTWO,130.49000549316406
2019-08-27,TTWO,130.83999633789062
2019-08-28,TTWO,131.22000122070312
2019-08-29,TTWO,132.39999389648438
2019-08-30,TTWO,131.97000122070312
2019-09-03,TTWO,131.66000366210938
2019-09-04,TTWO,132.74000549316406
2019-09-05,TTWO,131.35000610351562
2019-09-06,TTWO,130.75999450683594
2019-09-09,TTWO,132.1699981689453
2019-09-10,TTWO,128.39999389648438
2019-09-11,TTWO,122.62000274658205
2019-09-12,TTWO,126.23999786376952
2019-09-13,TTWO,125.0999984741211
2019-09-16,TTWO,128.6300048828125
2019-09-17,TTWO,130.91000366210938
2019-09-18,TTWO,129.75999450683594
2019-09-19,TTWO,130.58999633789062
2019-09-20,TTWO,130.55999755859375
2019-09-23,TTWO,125.7300033569336
2019-09-24,TTWO,125.08000183105467
2019-09-25,TTWO,127.23999786376952
2019-09-26,TTWO,126.7699966430664
2019-09-27,TTWO,123.97000122070312
2019-09-30,TTWO,125.33999633789062
2019-10-01,TTWO,122.91000366210938
2019-10-02,TTWO,119.66000366210938
2019-10-03,TTWO,120.5
2019-10-04,TTWO,123.33000183105467
2019-10-07,TTWO,122.98999786376952
2019-10-08,TTWO,119.4499969482422
2019-10-09,TTWO,121.87000274658205
2019-10-10,TTWO,122.4000015258789
2019-10-11,TTWO,122.41999816894533
2019-10-14,TTWO,121.16000366210938
2019-10-15,TTWO,123.94000244140624
2019-10-16,TTWO,121.1500015258789
2019-10-17,TTWO,122.73999786376952
2019-10-18,TTWO,122.7300033569336
2019-10-21,TTWO,123.0999984741211
2019-10-22,TTWO,121.98999786376952
2019-10-23,TTWO,122.68000030517578
2019-10-24,TTWO,124.33999633789062
2019-10-25,TTWO,125.33000183105467
2019-10-28,TTWO,122.77999877929688
2019-10-29,TTWO,121.08999633789062
2019-10-30,TTWO,123.12999725341795
2019-10-31,TTWO,120.3499984741211
2019-11-01,TTWO,116.9000015258789
2019-11-04,TTWO,117.1999969482422
2019-11-05,TTWO,117.25
2019-11-06,TTWO,116.68000030517578
2019-11-07,TTWO,116.91000366210938
2019-11-08,TTWO,116.95999908447266
2019-11-11,TTWO,119.6500015258789
2019-11-12,TTWO,118.98999786376952
2019-11-13,TTWO,120.2699966430664
2019-11-14,TTWO,122.3000030517578
2019-11-15,TTWO,123.81999969482422
2019-11-18,TTWO,123.1500015258789
2019-11-19,TTWO,123.6500015258789
2019-11-20,TTWO,123.4000015258789
2019-11-21,TTWO,122.54000091552734
2019-11-22,TTWO,119.4800033569336
2019-11-25,TTWO,119.36000061035156
2019-11-26,TTWO,120.44000244140624
2019-11-27,TTWO,121.58000183105467
2019-11-29,TTWO,121.3499984741211
2019-12-02,TTWO,120.7300033569336
2019-12-03,TTWO,123.11000061035156
2019-12-04,TTWO,121.95999908447266
2019-12-05,TTWO,123.97000122070312
2019-12-06,TTWO,123.7300033569336
2019-12-09,TTWO,120.05999755859376
2019-12-10,TTWO,122.29000091552734
2019-12-11,TTWO,122.4000015258789
2019-12-12,TTWO,125.2699966430664
2019-12-13,TTWO,121.81999969482422
2019-12-16,TTWO,122.70999908447266
2019-12-17,TTWO,122.56999969482422
2019-12-18,TTWO,122.45999908447266
2019-12-19,TTWO,121.81999969482422
2019-12-20,TTWO,123.61000061035156
2019-12-23,TTWO,122.12000274658205
2019-12-24,TTWO,123.93000030517578
2019-12-26,TTWO,123.98999786376952
2019-12-27,TTWO,124.47000122070312
2019-12-30,TTWO,122.3499984741211
2019-12-31,TTWO,122.43000030517578
2020-01-02,TTWO,122.08000183105467
2020-01-03,TTWO,122.20999908447266
2020-01-06,TTWO,124.69000244140624
2020-01-07,TTWO,125.51000213623048
2020-01-08,TTWO,127.81999969482422
2020-01-09,TTWO,128.02000427246094
2020-01-10,TTWO,126.76000213623048
2020-01-13,TTWO,128.4499969482422
2020-01-14,TTWO,126.93000030517578
2020-01-15,TTWO,126.61000061035156
2020-01-16,TTWO,127.63999938964844
2020-01-17,TTWO,130.00999450683594
2020-01-21,TTWO,130.38999938964844
2020-01-22,TTWO,130.11000061035156
2020-01-23,TTWO,129.07000732421875
2020-01-24,TTWO,125.27999877929688
2020-01-27,TTWO,123.06999969482422
2020-01-28,TTWO,125.97000122070312
2020-01-29,TTWO,125.91000366210938
2020-01-30,TTWO,127.43000030517578
2020-01-31,TTWO,124.63999938964844
2020-02-03,TTWO,124.3499984741211
2020-02-04,TTWO,126.93000030517578
2020-02-05,TTWO,120.76000213623048
2020-02-06,TTWO,127.73999786376952
2020-02-07,TTWO,112.5999984741211
2020-02-10,TTWO,111.0
2020-02-11,TTWO,112.38999938964844
2020-02-12,TTWO,114.0199966430664
2020-02-13,TTWO,112.20999908447266
2020-02-14,TTWO,113.43000030517578
2020-02-18,TTWO,113.43000030517578
2020-02-19,TTWO,113.54000091552734
2020-02-20,TTWO,115.12999725341795
2020-02-21,TTWO,116.02999877929688
2020-02-24,TTWO,113.0199966430664
2020-02-25,TTWO,110.97000122070312
2020-02-26,TTWO,109.47000122070312
2020-02-27,TTWO,107.83999633789062
2020-02-28,TTWO,107.4800033569336
2020-03-02,TTWO,112.05999755859376
2020-03-03,TTWO,111.22000122070312
2020-03-04,TTWO,119.41999816894533
2020-03-05,TTWO,117.2699966430664
2020-03-06,TTWO,117.69000244140624
2020-03-09,TTWO,113.87999725341795
2020-03-10,TTWO,118.75
2020-03-11,TTWO,119.0500030517578
2020-03-12,TTWO,108.36000061035156
2020-03-13,TTWO,116.62000274658205
2020-03-16,TTWO,108.01000213623048
2020-03-17,TTWO,116.47000122070312
2020-03-18,TTWO,106.62000274658205
2020-03-19,TTWO,106.36000061035156
2020-03-20,TTWO,100.1500015258789
2020-03-23,TTWO,109.81999969482422
2020-03-24,TTWO,112.22000122070312
2020-03-25,TTWO,109.72000122070312
2020-03-26,TTWO,115.25
2020-03-27,TTWO,111.6999969482422
2020-03-30,TTWO,118.51000213623048
2020-03-31,TTWO,118.61000061035156
2020-04-01,TTWO,116.33000183105467
2020-04-02,TTWO,119.51000213623048
2020-04-03,TTWO,118.48999786376952
2020-04-06,TTWO,121.29000091552734
2020-04-07,TTWO,120.05999755859376
2020-04-08,TTWO,119.0999984741211
2020-04-09,TTWO,119.4000015258789
2020-04-13,TTWO,120.0
2020-04-14,TTWO,122.77999877929688
2020-04-15,TTWO,123.5
2020-04-16,TTWO,126.81999969482422
2020-04-17,TTWO,124.44000244140624
2020-04-20,TTWO,125.3499984741211
2020-04-21,TTWO,125.7300033569336
2020-04-22,TTWO,127.44000244140624
2020-04-23,TTWO,124.5500030517578
2020-04-24,TTWO,127.87999725341795
2020-04-27,TTWO,125.93000030517578
2020-04-28,TTWO,120.51000213623048
2020-04-29,TTWO,121.18000030517578
2020-04-30,TTWO,121.0500030517578
2020-05-01,TTWO,122.6500015258789
2020-05-04,TTWO,124.91000366210938
2020-05-05,TTWO,125.27999877929688
2020-05-06,TTWO,127.7300033569336
2020-05-07,TTWO,128.77999877929688
2020-05-08,TTWO,129.85000610351562
2020-05-11,TTWO,132.58999633789062
2020-05-12,TTWO,131.6199951171875
2020-05-13,TTWO,131.3800048828125
2020-05-14,TTWO,131.52999877929688
2020-05-15,TTWO,132.5399932861328
2020-05-18,TTWO,135.52999877929688
2020-05-19,TTWO,142.24000549316406
2020-05-20,TTWO,146.83999633789062
2020-05-21,TTWO,138.19000244140625
2020-05-22,TTWO,140.50999450683594
2020-05-26,TTWO,130.1999969482422
2020-05-27,TTWO,134.52000427246094
2020-05-28,TTWO,134.07000732421875
2020-05-29,TTWO,136.1699981689453
2020-06-01,TTWO,136.22000122070312
2020-06-02,TTWO,134.60000610351562
2020-06-03,TTWO,129.3000030517578
2020-06-04,TTWO,127.58999633789062
2020-06-05,TTWO,128.91000366210938
2020-06-08,TTWO,134.8000030517578
2020-06-09,TTWO,134.41000366210938
2020-06-10,TTWO,137.30999755859375
2020-06-11,TTWO,134.9199981689453
2020-06-12,TTWO,134.0
2020-06-15,TTWO,137.14999389648438
2020-06-16,TTWO,135.6699981689453
2020-06-17,TTWO,138.9199981689453
2020-06-18,TTWO,141.25
2020-06-19,TTWO,142.61000061035156
2020-06-22,TTWO,141.13999938964844
2020-06-23,TTWO,143.3699951171875
2020-06-24,TTWO,139.8699951171875
2020-06-25,TTWO,140.39999389648438
2020-06-26,TTWO,141.17999267578125
2020-06-29,TTWO,137.7899932861328
2020-06-30,TTWO,139.57000732421875
2020-07-01,TTWO,144.11000061035156
2020-07-02,TTWO,144.39999389648438
2020-07-06,TTWO,145.67999267578125
2020-07-07,TTWO,147.27000427246094
2020-07-08,TTWO,147.82000732421875
2020-07-09,TTWO,150.75999450683594
2020-07-10,TTWO,153.91000366210938
2020-07-13,TTWO,146.82000732421875
2020-07-14,TTWO,151.0500030517578
2020-07-15,TTWO,151.27999877929688
2020-07-16,TTWO,150.30999755859375
2020-07-17,TTWO,150.5800018310547
2020-07-20,TTWO,154.6999969482422
2020-07-21,TTWO,153.05999755859375
2020-07-22,TTWO,154.0500030517578
2020-07-23,TTWO,151.47999572753906
2020-07-24,TTWO,156.02000427246094
2020-07-27,TTWO,159.24000549316406
2020-07-28,TTWO,156.41000366210938
2020-07-29,TTWO,157.82000732421875
2020-07-30,TTWO,159.55999755859375
2020-07-31,TTWO,164.02000427246094
2020-08-03,TTWO,167.69000244140625
2020-08-04,TTWO,177.52000427246094
2020-08-05,TTWO,176.02000427246094
2020-08-06,TTWO,177.33999633789062
2020-08-07,TTWO,174.9600067138672
2020-08-10,TTWO,174.72999572753906
2020-08-11,TTWO,167.11000061035156
2020-08-12,TTWO,168.11000061035156
2020-08-13,TTWO,171.27999877929688
2020-08-14,TTWO,173.41000366210938
2020-08-17,TTWO,175.2100067138672
2020-08-18,TTWO,176.97999572753906
2020-08-19,TTWO,172.6300048828125
2020-08-20,TTWO,174.42999267578125
2020-08-21,TTWO,173.13999938964844
2020-08-24,TTWO,172.5500030517578
2020-08-25,TTWO,173.02000427246094
2020-08-26,TTWO,175.38999938964844
2020-08-27,TTWO,172.6699981689453
2020-08-28,TTWO,171.05999755859375
2020-08-31,TTWO,171.19000244140625
2020-09-01,TTWO,172.5
2020-09-02,TTWO,172.8300018310547
2020-09-03,TTWO,166.60000610351562
2020-09-04,TTWO,161.7100067138672
2020-09-08,TTWO,156.22000122070312
2020-09-09,TTWO,158.58999633789062
2020-09-10,TTWO,154.32000732421875
2020-09-11,TTWO,153.52999877929688
2020-09-14,TTWO,156.47999572753906
2020-09-15,TTWO,160.58999633789062
2020-09-16,TTWO,157.07000732421875
2020-09-17,TTWO,159.4499969482422
2020-09-18,TTWO,158.49000549316406
2020-09-21,TTWO,164.33999633789062
2020-09-22,TTWO,166.22000122070312
2020-09-23,TTWO,162.30999755859375
2020-09-24,TTWO,163.2899932861328
2020-09-25,TTWO,165.77999877929688
2020-09-28,TTWO,167.4600067138672
2020-09-29,TTWO,164.33999633789062
2020-09-30,TTWO,165.22000122070312
2020-10-01,TTWO,166.11000061035156
2020-10-02,TTWO,160.14999389648438
2020-10-05,TTWO,164.75999450683594
2020-10-06,TTWO,162.1999969482422
2020-10-07,TTWO,160.9600067138672
2020-10-08,TTWO,160.4199981689453
2020-10-09,TTWO,161.63999938964844
2020-10-12,TTWO,167.13999938964844
2020-10-13,TTWO,169.16000366210938
2020-10-14,TTWO,168.94000244140625
2020-10-15,TTWO,168.02999877929688
2020-10-16,TTWO,168.22000122070312
2020-10-19,TTWO,165.52999877929688
2020-10-20,TTWO,164.44000244140625
2020-10-21,TTWO,164.5500030517578
2020-10-22,TTWO,163.2899932861328
2020-10-23,TTWO,164.42999267578125
2020-10-26,TTWO,165.0500030517578
2020-10-27,TTWO,167.36000061035156
2020-10-28,TTWO,164.38999938964844
2020-10-29,TTWO,162.77000427246094
2020-10-30,TTWO,154.9199981689453
2020-11-02,TTWO,154.02999877929688
2020-11-03,TTWO,158.8800048828125
2020-11-04,TTWO,163.72000122070312
2020-11-05,TTWO,168.67999267578125
2020-11-06,TTWO,175.19000244140625
2020-11-09,TTWO,159.99000549316406
2020-11-10,TTWO,154.88999938964844
2020-11-11,TTWO,161.57000732421875
2020-11-12,TTWO,160.22000122070312
2020-11-13,TTWO,161.8300018310547
2020-11-16,TTWO,162.38999938964844
2020-11-17,TTWO,162.1999969482422
2020-11-18,TTWO,161.55999755859375
2020-11-19,TTWO,165.5800018310547
2020-11-20,TTWO,170.0500030517578
2020-11-23,TTWO,171.19000244140625
2020-11-24,TTWO,169.8300018310547
2020-11-25,TTWO,173.97999572753906
2020-11-27,TTWO,176.41000366210938
2020-11-30,TTWO,180.50999450683597
2020-12-01,TTWO,180.05999755859375
2020-12-02,TTWO,181.3000030517578
2020-12-03,TTWO,180.75999450683597
2020-12-04,TTWO,180.72999572753903
2020-12-07,TTWO,183.38999938964844
2020-12-08,TTWO,183.6000061035156
2020-12-09,TTWO,183.67999267578125
2020-12-10,TTWO,187.82000732421875
2020-12-11,TTWO,190.2100067138672
2020-12-14,TTWO,195.1999969482422
2020-12-15,TTWO,194.6999969482422
2020-12-16,TTWO,195.1199951171875
2020-12-17,TTWO,197.3999938964844
2020-12-18,TTWO,203.38999938964844
2020-12-21,TTWO,201.7700042724609
2020-12-22,TTWO,201.8600006103516
2020-12-23,TTWO,201.82000732421875
2020-12-24,TTWO,202.5
2020-12-28,TTWO,201.1199951171875
2020-12-29,TTWO,202.4499969482422
2020-12-30,TTWO,206.3500061035156
2020-12-31,TTWO,207.7899932861328
2021-01-04,TTWO,201.8500061035156
2021-01-05,TTWO,204.7400054931641
2021-01-06,TTWO,201.52999877929688
2021-01-07,TTWO,208.00999450683597
2021-01-08,TTWO,210.42999267578125
2021-01-11,TTWO,206.5399932861328
2021-01-12,TTWO,199.1499938964844
2021-01-13,TTWO,199.5
2021-01-14,TTWO,195.47000122070312
2021-01-15,TTWO,196.27999877929688
2021-01-19,TTWO,198.72999572753903
2021-01-20,TTWO,207.0500030517578
2021-01-21,TTWO,205.55999755859372
2021-01-22,TTWO,204.66000366210935
2021-01-25,TTWO,203.9900054931641
2021-01-26,TTWO,199.77999877929688
2021-01-27,TTWO,195.3800048828125
2021-01-28,TTWO,200.3000030517578
2021-01-29,TTWO,200.4499969482422
2021-02-01,TTWO,200.94000244140625
2021-02-02,TTWO,207.1100006103516
2021-02-03,TTWO,202.3999938964844
2021-02-04,TTWO,201.4900054931641
2021-02-05,TTWO,207.4900054931641
2021-02-08,TTWO,213.33999633789065
2021-02-09,TTWO,200.30999755859372
2021-02-10,TTWO,199.82000732421875
2021-02-11,TTWO,197.1199951171875
2021-02-12,TTWO,199.8600006103516
2021-02-16,TTWO,195.7899932861328
2021-02-17,TTWO,195.92999267578125
2021-02-18,TTWO,196.22999572753903
2021-02-19,TTWO,194.8600006103516
2021-02-22,TTWO,189.8500061035156
2021-02-23,TTWO,185.9499969482422
2021-02-24,TTWO,186.9900054931641
2021-02-25,TTWO,184.67999267578125
2021-02-26,TTWO,184.4600067138672
2021-03-01,TTWO,187.4499969482422
2021-03-02,TTWO,188.1699981689453
2021-03-03,TTWO,180.1499938964844
2021-03-04,TTWO,174.02999877929688
2021-03-05,TTWO,170.80999755859375
2021-03-08,TTWO,161.6199951171875
2021-03-09,TTWO,168.57000732421875
2021-03-10,TTWO,164.82000732421875
2021-03-11,TTWO,170.61000061035156
2021-03-12,TTWO,170.25
2021-03-15,TTWO,169.1699981689453
2021-03-16,TTWO,173.00999450683594
2021-03-17,TTWO,168.91000366210938
2021-03-18,TTWO,167.22000122070312
2021-03-19,TTWO,169.74000549316406
2021-03-22,TTWO,171.8800048828125
2021-03-23,TTWO,173.85000610351562
2021-03-24,TTWO,170.25999450683594
2021-03-25,TTWO,169.7899932861328
2021-03-26,TTWO,174.2899932861328
2021-03-29,TTWO,176.2899932861328
2021-03-30,TTWO,177.08999633789062
2021-03-31,TTWO,176.6999969482422
2021-04-01,TTWO,180.1499938964844
2021-04-05,TTWO,183.3800048828125
2021-04-06,TTWO,184.0
2021-04-07,TTWO,183.6499938964844
2021-04-08,TTWO,183.6000061035156
2021-04-09,TTWO,184.0200042724609
2021-04-12,TTWO,182.75999450683597
2021-04-13,TTWO,182.66000366210935
2021-04-14,TTWO,181.44000244140625
2021-04-15,TTWO,182.5
2021-04-16,TTWO,178.8000030517578
2021-04-19,TTWO,177.91000366210938
2021-04-20,TTWO,177.89999389648438
2021-04-21,TTWO,176.4499969482422
2021-04-22,TTWO,178.3800048828125
2021-04-23,TTWO,176.19000244140625
2021-04-26,TTWO,176.42999267578125
2021-04-27,TTWO,174.27999877929688
2021-04-28,TTWO,174.3800048828125
2021-04-29,TTWO,176.47000122070312
2021-04-30,TTWO,175.3800048828125
2021-05-03,TTWO,170.3000030517578
2021-05-04,TTWO,167.52999877929688
2021-05-05,TTWO,167.47000122070312
2021-05-06,TTWO,168.63999938964844
2021-05-07,TTWO,170.07000732421875
2021-05-10,TTWO,169.02000427246094
2021-05-11,TTWO,167.99000549316406
2021-05-12,TTWO,164.25999450683594
2021-05-13,TTWO,162.74000549316406
2021-05-14,TTWO,166.99000549316406
2021-05-17,TTWO,168.22000122070312
2021-05-18,TTWO,167.69000244140625
2021-05-19,TTWO,179.35000610351562
2021-05-20,TTWO,185.0800018310547
2021-05-21,TTWO,184.3600006103516
2021-05-24,TTWO,185.0200042724609
2021-05-25,TTWO,184.6199951171875
2021-05-26,TTWO,185.6699981689453
2021-05-27,TTWO,186.47999572753903
2021-05-28,TTWO,185.55999755859372
2021-06-01,TTWO,182.75999450683597
2021-06-02,TTWO,176.91000366210938
2021-06-03,TTWO,177.72999572753906
2021-06-04,TTWO,184.4499969482422
2021-06-07,TTWO,184.25999450683597
2021-06-08,TTWO,184.8300018310547
2021-06-09,TTWO,183.58999633789065
2021-06-10,TTWO,184.97000122070312
2021-06-11,TTWO,186.4199981689453
2021-06-14,TTWO,186.75
2021-06-15,TTWO,178.60000610351562
2021-06-16,TTWO,171.64999389648438
2021-06-17,TTWO,170.5
2021-06-18,TTWO,171.27999877929688
2021-06-21,TTWO,173.47000122070312
2021-06-22,TTWO,174.22999572753906
2021-06-23,TTWO,171.8800048828125
2021-06-24,TTWO,175.05999755859375
2021-06-25,TTWO,173.82000732421875
2021-06-28,TTWO,178.08999633789062
2021-06-29,TTWO,178.10000610351562
2021-06-30,TTWO,177.02000427246094
2021-07-01,TTWO,178.97000122070312
2021-07-02,TTWO,177.3000030517578
2021-07-06,TTWO,174.07000732421875
2021-07-07,TTWO,173.69000244140625
2021-07-08,TTWO,170.6699981689453
2021-07-09,TTWO,170.3699951171875
2021-07-12,TTWO,172.10000610351562
2021-07-13,TTWO,173.5500030517578
2021-07-14,TTWO,171.8800048828125
2021-07-15,TTWO,168.24000549316406
2021-07-16,TTWO,170.52000427246094
2021-07-19,TTWO,168.9600067138672
2021-07-20,TTWO,170.02000427246094
2021-07-21,TTWO,170.89999389648438
2021-07-22,TTWO,171.27999877929688
2021-07-23,TTWO,173.2899932861328
2021-07-26,TTWO,172.89999389648438
2021-07-27,TTWO,167.5
2021-07-28,TTWO,171.27999877929688
2021-07-29,TTWO,169.99000549316406
2021-07-30,TTWO,173.4199981689453
2021-08-02,TTWO,173.2100067138672
2021-08-03,TTWO,159.86000061035156
2021-08-04,TTWO,158.75
2021-08-05,TTWO,156.77999877929688
2021-08-06,TTWO,158.3000030517578
2021-08-09,TTWO,160.57000732421875
2021-08-10,TTWO,159.67999267578125
2021-08-11,TTWO,159.92999267578125
2021-08-12,TTWO,160.3699951171875
2021-08-13,TTWO,160.35000610351562
2021-08-16,TTWO,160.35000610351562
2021-08-17,TTWO,163.47000122070312
2021-08-18,TTWO,161.6199951171875
2021-08-19,TTWO,162.27000427246094
2021-08-20,TTWO,160.9600067138672
2021-08-23,TTWO,163.36000061035156
2021-08-24,TTWO,163.82000732421875
2021-08-25,TTWO,160.66000366210938
2021-08-26,TTWO,158.8800048828125
2021-08-27,TTWO,160.02999877929688
2021-08-30,TTWO,158.13999938964844
2021-08-31,TTWO,161.22000122070312
2021-09-01,TTWO,161.92999267578125
2021-09-02,TTWO,162.02999877929688
2021-09-03,TTWO,160.55999755859375
2021-09-07,TTWO,159.11000061035156
2021-09-08,TTWO,159.4499969482422
2021-09-09,TTWO,157.02999877929688
2021-09-10,TTWO,153.94000244140625
2021-09-13,TTWO,152.92999267578125
2021-09-14,TTWO,152.14999389648438
2021-09-15,TTWO,152.69000244140625
2021-09-16,TTWO,151.88999938964844
2021-09-17,TTWO,151.66000366210938
2021-09-20,TTWO,148.83999633789062
2021-09-21,TTWO,145.72000122070312
2021-09-22,TTWO,145.25
2021-09-23,TTWO,146.67999267578125
2021-09-24,TTWO,147.36000061035156
2021-09-27,TTWO,148.64999389648438
2021-09-28,TTWO,149.11000061035156
2021-09-29,TTWO,151.60000610351562
2021-09-30,TTWO,154.07000732421875
2021-10-01,TTWO,158.5399932861328
2021-10-04,TTWO,157.1300048828125
2021-10-05,TTWO,162.02000427246094
2021-10-06,TTWO,165.44000244140625
2021-10-07,TTWO,170.77000427246094
2021-10-08,TTWO,173.69000244140625
2021-10-11,TTWO,170.72000122070312
2021-10-12,TTWO,171.35000610351562
2021-10-13,TTWO,170.60000610351562
2021-10-14,TTWO,169.3800048828125
2021-10-15,TTWO,170.55999755859375
2021-10-18,TTWO,171.75
2021-10-19,TTWO,172.0399932861328
2021-10-20,TTWO,173.5
2021-10-21,TTWO,182.05999755859372
2021-10-22,TTWO,180.75
2021-10-25,TTWO,182.9900054931641
2021-10-26,TTWO,182.5399932861328
2021-10-27,TTWO,180.91000366210935
2021-10-28,TTWO,181.1100006103516
2021-10-29,TTWO,181.0
2021-11-01,TTWO,183.8000030517578
2021-11-02,TTWO,183.94000244140625
2021-11-03,TTWO,184.16000366210935
2021-11-04,TTWO,192.91000366210935
2021-11-05,TTWO,187.1999969482422
2021-11-08,TTWO,185.13999938964844
2021-11-09,TTWO,186.80999755859372
2021-11-10,TTWO,182.75
2021-11-11,TTWO,185.7100067138672
2021-11-12,TTWO,187.8300018310547
2021-11-15,TTWO,177.60000610351562
2021-11-16,TTWO,179.69000244140625
2021-11-17,TTWO,177.0399932861328
2021-11-18,TTWO,174.0
2021-11-19,TTWO,170.5
2021-11-22,TTWO,164.91000366210938
2021-11-23,TTWO,165.1300048828125
2021-11-24,TTWO,164.30999755859375
2021-11-26,TTWO,169.66000366210938
2021-11-29,TTWO,169.60000610351562
2021-11-30,TTWO,165.8800048828125
2021-12-01,TTWO,160.35000610351562
2021-12-02,TTWO,161.3800048828125
2021-12-03,TTWO,165.77999877929688
2021-12-06,TTWO,164.39999389648438
2021-12-07,TTWO,167.2899932861328
2021-12-08,TTWO,170.5500030517578
2021-12-09,TTWO,166.3800048828125
2021-12-10,TTWO,165.60000610351562
2021-12-13,TTWO,166.25999450683594
2021-12-14,TTWO,167.6300048828125
2021-12-15,TTWO,171.14999389648438
2021-12-16,TTWO,172.74000549316406
2021-12-17,TTWO,175.74000549316406
2021-12-20,TTWO,178.35000610351562
2021-12-21,TTWO,179.44000244140625
2021-12-22,TTWO,177.6199951171875
2021-12-23,TTWO,177.9600067138672
2021-12-27,TTWO,179.55999755859375
2021-12-28,TTWO,179.38999938964844
2021-12-29,TTWO,180.3000030517578
2021-12-30,TTWO,180.8300018310547
2021-12-31,TTWO,177.72000122070312
2022-01-03,TTWO,178.61000061035156
2022-01-04,TTWO,181.8999938964844
2022-01-05,TTWO,171.85000610351562
2022-01-06,TTWO,164.61000061035156
2022-01-07,TTWO,164.60000610351562
2022-01-10,TTWO,142.99000549316406
2022-01-11,TTWO,148.4199981689453
2022-01-12,TTWO,156.05999755859375
2022-01-13,TTWO,154.8300018310547
2022-01-14,TTWO,152.5800018310547
2022-01-18,TTWO,154.0399932861328
2022-01-19,TTWO,163.36000061035156
2022-01-20,TTWO,164.4600067138672
2022-01-21,TTWO,164.75999450683594
2022-01-24,TTWO,164.99000549316406
2022-01-25,TTWO,158.38999938964844
2022-01-26,TTWO,157.9199981689453
2022-01-27,TTWO,157.25
2022-01-28,TTWO,158.74000549316406
2022-01-31,TTWO,163.33999633789062
2022-02-01,TTWO,160.25
2022-02-02,TTWO,165.0500030517578
2022-02-03,TTWO,163.02000427246094
2022-02-04,TTWO,175.0
2022-02-07,TTWO,175.10000610351562
2022-02-08,TTWO,172.1999969482422
2022-02-09,TTWO,172.33999633789062
2022-02-10,TTWO,173.14999389648438
2022-02-11,TTWO,171.47999572753906
2022-02-14,TTWO,167.07000732421875
2022-02-15,TTWO,168.92999267578125
2022-02-16,TTWO,166.08999633789062
2022-02-17,TTWO,162.1300048828125
2022-02-18,TTWO,158.5
2022-02-22,TTWO,158.27999877929688
2022-02-23,TTWO,157.82000732421875
2022-02-24,TTWO,163.3800048828125
2022-02-25,TTWO,165.27999877929688
2022-02-28,TTWO,162.0
2022-03-01,TTWO,159.8000030517578
2022-03-02,TTWO,160.86000061035156
2022-03-03,TTWO,158.1999969482422
2022-03-04,TTWO,158.00999450683594
2022-03-07,TTWO,158.0
2022-03-08,TTWO,156.10000610351562
2022-03-09,TTWO,158.32000732421875
2022-03-10,TTWO,158.2899932861328
2022-03-11,TTWO,153.49000549316406
2022-03-14,TTWO,141.82000732421875
2022-03-15,TTWO,142.8800048828125
2022-03-16,TTWO,148.7899932861328
2022-03-17,TTWO,149.50999450683594
2022-03-18,TTWO,151.3699951171875
2022-03-21,TTWO,151.22000122070312
2022-03-22,TTWO,152.2899932861328
2022-03-23,TTWO,149.39999389648438
2022-03-24,TTWO,150.5
2022-03-25,TTWO,154.5
2022-03-28,TTWO,156.5
2022-03-29,TTWO,158.57000732421875
2022-03-30,TTWO,156.05999755859375
2022-03-31,TTWO,153.74000549316406
2022-04-01,TTWO,151.8800048828125
2022-04-04,TTWO,154.42999267578125
2022-04-05,TTWO,151.89999389648438
2022-04-06,TTWO,147.1999969482422
2022-04-07,TTWO,143.39999389648438
2022-04-08,TTWO,141.30999755859375
2022-04-11,TTWO,140.52999877929688
2022-04-12,TTWO,138.36000061035156
2022-04-13,TTWO,138.99000549316406
2022-04-14,TTWO,137.9600067138672
2022-04-18,TTWO,135.6999969482422
2022-04-19,TTWO,140.3699951171875
2022-04-20,TTWO,137.33999633789062
2022-04-21,TTWO,131.52999877929688
2022-04-22,TTWO,136.41000366210938
2022-04-25,TTWO,132.9600067138672
2022-04-26,TTWO,125.01000213623048
2022-04-27,TTWO,121.6500015258789
2022-04-28,TTWO,123.2300033569336
2022-04-29,TTWO,119.51000213623048
2022-05-02,TTWO,121.94000244140624
2022-05-03,TTWO,121.3499984741211
2022-05-04,TTWO,124.76000213623048
2022-05-05,TTWO,120.2300033569336
2022-05-06,TTWO,114.2699966430664
2022-05-09,TTWO,106.1500015258789
2022-05-10,TTWO,103.58999633789062
2022-05-11,TTWO,105.26000213623048
2022-05-12,TTWO,106.20999908447266
2022-05-13,TTWO,109.93000030517578
2022-05-16,TTWO,110.11000061035156
2022-05-17,TTWO,123.08000183105467
2022-05-18,TTWO,123.0500030517578
2022-05-19,TTWO,119.76000213623048
2022-05-20,TTWO,116.12000274658205
2022-05-23,TTWO,123.62000274658205
2022-05-24,TTWO,122.69000244140624
2022-05-25,TTWO,122.08000183105467
2022-05-26,TTWO,123.27999877929688
2022-05-27,TTWO,125.77999877929688
2022-05-31,TTWO,124.52999877929688
2022-06-01,TTWO,124.62999725341795
2022-06-02,TTWO,129.0500030517578
2022-06-03,TTWO,126.97000122070312
2022-06-06,TTWO,126.98999786376952
2022-06-07,TTWO,131.64999389648438
2022-06-08,TTWO,131.39999389648438
2022-06-09,TTWO,129.22999572753906
2022-06-10,TTWO,127.9499969482422
2022-06-13,TTWO,123.19000244140624
2022-06-14,TTWO,121.41000366210938
2022-06-15,TTWO,126.16000366210938
2022-06-16,TTWO,124.9000015258789
2022-06-17,TTWO,125.80999755859376
2022-06-21,TTWO,128.77999877929688
2022-06-22,TTWO,128.60000610351562
2022-06-23,TTWO,130.0500030517578
2022-06-24,TTWO,133.6199951171875
2022-06-27,TTWO,129.2100067138672
2022-06-28,TTWO,126.18000030517578
2022-06-29,TTWO,125.52999877929688
2022-06-30,TTWO,122.52999877929688
2022-07-01,TTWO,124.86000061035156
2022-07-05,TTWO,127.04000091552734
2022-07-06,TTWO,125.62000274658205
2022-07-07,TTWO,126.81999969482422
2022-07-08,TTWO,124.93000030517578
2022-07-11,TTWO,122.6999969482422
2022-07-12,TTWO,121.98999786376952
2022-07-13,TTWO,121.13999938964844
2022-07-14,TTWO,122.73999786376952
2022-07-15,TTWO,123.8499984741211
2022-07-18,TTWO,123.6500015258789
2022-07-19,TTWO,126.97000122070312
2022-07-20,TTWO,130.00999450683594
2022-07-21,TTWO,132.27000427246094
2022-07-22,TTWO,130.41000366210938
2022-07-25,TTWO,130.77000427246094
2022-07-26,TTWO,131.10000610351562
2022-07-27,TTWO,130.5800018310547
2022-07-28,TTWO,130.35000610351562
2022-07-29,TTWO,132.72999572753906
2022-08-01,TTWO,127.55999755859376
2022-08-02,TTWO,126.66000366210938
2022-08-03,TTWO,129.80999755859375
2022-08-04,TTWO,127.38999938964844
2022-08-05,TTWO,127.16000366210938
2022-08-08,TTWO,125.51000213623048
2022-08-09,TTWO,120.76000213623048
2022-08-10,TTWO,123.79000091552734
2022-08-11,TTWO,120.66999816894533
2022-08-12,TTWO,123.13999938964844
2022-08-15,TTWO,127.38999938964844
2022-08-16,TTWO,136.58999633789062
2022-08-17,TTWO,133.0
2022-08-18,TTWO,130.47000122070312
2022-08-19,TTWO,127.73999786376952
2022-08-22,TTWO,125.31999969482422
2022-08-23,TTWO,124.36000061035156
2022-08-24,TTWO,123.3000030517578
2022-08-25,TTWO,125.4800033569336
2022-08-26,TTWO,127.47000122070312
2022-08-29,TTWO,122.9000015258789
2022-08-30,TTWO,123.04000091552734
2022-08-31,TTWO,122.55999755859376
2022-09-01,TTWO,120.72000122070312
2022-09-02,TTWO,118.62999725341795
2022-09-06,TTWO,119.52999877929688
2022-09-07,TTWO,120.58000183105467
2022-09-08,TTWO,120.58000183105467
2022-09-09,TTWO,127.77999877929688
2022-09-12,TTWO,129.5399932861328
2022-09-13,TTWO,127.0199966430664
2022-09-14,TTWO,128.16000366210938
2022-09-15,TTWO,128.42999267578125
2022-09-16,TTWO,124.19000244140624
2022-09-19,TTWO,125.08000183105467
2022-09-20,TTWO,121.69000244140624
2022-09-21,TTWO,117.91999816894533
2022-09-22,TTWO,114.73999786376952
2022-09-23,TTWO,110.36000061035156
2022-09-26,TTWO,109.56999969482422
2022-09-27,TTWO,109.9000015258789
2022-09-28,TTWO,114.19000244140624
2022-09-29,TTWO,108.58000183105467
2022-09-30,TTWO,109.0
2022-10-03,TTWO,113.36000061035156
2022-10-04,TTWO,116.58999633789062
2022-10-05,TTWO,117.3000030517578
2022-10-06,TTWO,121.37999725341795
2022-10-07,TTWO,120.7300033569336
2022-10-10,TTWO,117.93000030517578
2022-10-11,TTWO,115.08999633789062
2022-10-12,TTWO,116.5500030517578
2022-10-13,TTWO,118.86000061035156
2022-10-14,TTWO,117.81999969482422
2022-10-17,TTWO,117.88999938964844
2022-10-18,TTWO,121.29000091552734
2022-10-19,TTWO,122.5
2022-10-20,TTWO,123.88999938964844
2022-10-21,TTWO,125.5500030517578
2022-10-24,TTWO,123.11000061035156
2022-10-25,TTWO,125.02999877929688
2022-10-26,TTWO,123.62000274658205
2022-10-27,TTWO,122.73999786376952
2022-10-28,TTWO,124.0199966430664
2022-10-31,TTWO,118.4800033569336
2022-11-01,TTWO,116.30999755859376
2022-11-02,TTWO,113.5500030517578
2022-11-03,TTWO,111.3000030517578
2022-11-04,TTWO,108.52999877929688
2022-11-07,TTWO,108.4000015258789
2022-11-08,TTWO,93.56999969482422
2022-11-09,TTWO,94.08999633789062
2022-11-10,TTWO,98.56999969482422
2022-11-11,TTWO,102.25
2022-11-14,TTWO,99.87999725341795
2022-11-15,TTWO,101.02999877929688
2022-11-16,TTWO,100.80999755859376
2022-11-17,TTWO,99.66000366210938
2022-11-18,TTWO,98.7699966430664
2022-11-21,TTWO,97.43000030517578
2022-11-22,TTWO,100.29000091552734
2022-11-23,TTWO,103.1500015258789
2022-11-25,TTWO,102.62999725341795
2022-11-28,TTWO,101.26000213623048
2022-11-29,TTWO,101.3499984741211
2022-11-30,TTWO,105.69000244140624
2022-12-01,TTWO,106.4000015258789
2022-12-02,TTWO,108.76000213623048
2022-12-05,TTWO,106.9800033569336
2022-12-06,TTWO,101.2699966430664
2022-12-07,TTWO,99.48999786376952
2022-12-08,TTWO,100.79000091552734
2022-12-09,TTWO,102.05999755859376
2022-12-12,TTWO,102.61000061035156
2022-12-13,TTWO,104.5500030517578
2022-12-14,TTWO,104.80999755859376
2022-12-15,TTWO,101.66000366210938
2022-12-16,TTWO,100.76000213623048
2022-12-19,TTWO,98.58999633789062
2022-12-20,TTWO,98.11000061035156
2022-12-21,TTWO,99.87999725341795
2022-12-22,TTWO,99.2699966430664
2022-12-23,TTWO,99.83000183105467
2022-12-27,TTWO,99.37999725341795
2022-12-28,TTWO,99.69000244140624
2022-12-29,TTWO,101.33999633789062
2022-12-30,TTWO,104.12999725341795
2023-01-03,TTWO,103.11000061035156
2023-01-04,TTWO,106.7699966430664
2023-01-05,TTWO,105.95999908447266
2023-01-06,TTWO,104.75
2023-01-09,TTWO,105.0999984741211
2023-01-10,TTWO,105.52999877929688
2023-01-11,TTWO,105.26000213623048
2023-01-12,TTWO,104.29000091552734
2023-01-13,TTWO,105.02999877929688
2023-01-17,TTWO,104.54000091552734
2023-01-18,TTWO,103.22000122070312
2023-01-19,TTWO,102.26000213623048
2023-01-20,TTWO,106.58999633789062
2023-01-23,TTWO,110.66999816894533
2023-01-24,TTWO,111.2699966430664
2023-01-25,TTWO,110.6999969482422
2023-01-26,TTWO,111.88999938964844
2023-01-27,TTWO,114.27999877929688
2023-01-30,TTWO,112.66000366210938
2023-01-31,TTWO,113.2300033569336
2023-02-01,TTWO,112.25
2023-02-02,TTWO,114.72000122070312
2023-02-03,TTWO,109.27999877929688
2023-02-06,TTWO,105.55999755859376
2023-02-07,TTWO,113.8499984741211
2023-02-08,TTWO,110.4499969482422
2023-02-09,TTWO,110.87999725341795
2023-02-10,TTWO,111.0999984741211
2023-02-13,TTWO,111.37999725341795
2023-02-14,TTWO,112.08999633789062
2023-02-15,TTWO,115.9499969482422
2023-02-16,TTWO,112.5199966430664
2023-02-17,TTWO,112.51000213623048
2023-02-21,TTWO,112.0199966430664
2023-02-22,TTWO,111.23999786376952
2023-02-23,TTWO,110.37000274658205
2023-02-24,TTWO,109.3000030517578
2023-02-27,TTWO,110.08000183105467
2023-02-28,TTWO,109.5500030517578
2023-03-01,TTWO,108.6999969482422
2023-03-02,TTWO,115.27999877929688
2023-03-03,TTWO,116.6999969482422
2023-03-06,TTWO,115.70999908447266
2023-03-07,TTWO,116.87999725341795
2023-03-08,TTWO,116.30999755859376
2023-03-09,TTWO,112.95999908447266
2023-03-10,TTWO,110.58000183105467
2023-03-13,TTWO,111.33000183105467
2023-03-14,TTWO,113.80999755859376
2023-03-15,TTWO,113.30999755859376
2023-03-16,TTWO,115.5500030517578
2023-03-17,TTWO,116.27999877929688
2023-03-20,TTWO,116.30999755859376
2023-03-21,TTWO,118.58999633789062
2023-03-22,TTWO,113.55999755859376
2023-03-23,TTWO,117.4800033569336
2023-03-24,TTWO,118.12000274658205
2023-03-27,TTWO,116.9800033569336
2023-03-28,TTWO,115.5500030517578
2023-03-29,TTWO,116.66999816894533
2023-03-30,TTWO,116.58999633789062
2023-03-31,TTWO,119.3000030517578
2023-04-03,TTWO,118.69000244140624
2023-04-04,TTWO,121.63999938964844
2023-04-05,TTWO,120.9800033569336
2023-04-06,TTWO,119.0
2023-04-10,TTWO,121.04000091552734
2023-04-11,TTWO,120.38999938964844
2023-04-12,TTWO,119.68000030517578
2023-04-13,TTWO,122.01000213623048
2023-04-14,TTWO,123.06999969482422
2023-04-17,TTWO,124.37999725341795
2023-04-18,TTWO,124.30999755859376
2023-04-19,TTWO,123.3499984741211
2023-04-20,TTWO,125.13999938964844
2023-04-21,TTWO,124.98999786376952
2023-04-24,TTWO,127.79000091552734
2023-04-25,TTWO,127.01000213623048
2023-04-26,TTWO,121.5999984741211
2023-04-27,TTWO,123.9499969482422
2023-04-28,TTWO,124.29000091552734
2023-05-01,TTWO,124.13999938964844
2023-05-02,TTWO,121.62000274658205
2023-05-03,TTWO,122.13999938964844
2023-05-04,TTWO,120.27999877929688
2023-05-05,TTWO,124.51000213623048
2023-05-08,TTWO,125.69000244140624
2023-05-09,TTWO,124.5999984741211
2023-05-10,TTWO,124.73999786376952
2023-05-11,TTWO,125.56999969482422
2023-05-12,TTWO,125.26000213623048
2023-05-15,TTWO,125.06999969482422
2023-05-16,TTWO,124.0500030517578
2023-05-17,TTWO,125.0199966430664
2023-05-18,TTWO,139.6300048828125
2023-05-19,TTWO,137.42999267578125
2023-05-22,TTWO,137.25
2023-05-23,TTWO,135.77999877929688
2023-05-24,TTWO,135.83999633789062
2023-05-25,TTWO,136.72999572753906
2023-05-26,TTWO,138.97999572753906
2023-05-30,TTWO,138.27999877929688
2023-05-31,TTWO,137.72999572753906
2023-06-01,TTWO,137.58999633789062
2023-06-02,TTWO,137.52000427246094
2023-06-05,TTWO,136.72000122070312
2023-06-06,TTWO,135.67999267578125
2023-06-07,TTWO,132.25
2023-06-08,TTWO,133.1199951171875
2023-06-09,TTWO,134.02999877929688
2023-06-12,TTWO,136.0
2023-06-13,TTWO,136.47000122070312
2023-06-14,TTWO,136.6300048828125
2023-06-15,TTWO,137.1999969482422
2023-06-16,TTWO,138.63999938964844
2023-06-20,TTWO,139.02999877929688
2023-06-21,TTWO,140.4600067138672
2023-06-22,TTWO,141.17999267578125
2023-06-23,TTWO,141.85000610351562
2023-06-26,TTWO,143.50999450683594
2023-06-27,TTWO,146.33999633789062
2023-06-28,TTWO,145.97999572753906
2023-06-29,TTWO,145.47000122070312
2023-06-30,TTWO,147.16000366210938
2023-07-03,TTWO,147.72999572753906
2023-07-05,TTWO,145.0399932861328
2023-07-06,TTWO,142.8800048828125
2023-07-07,TTWO,143.19000244140625
2023-07-10,TTWO,143.94000244140625
2023-07-11,TTWO,150.75
2023-07-12,TTWO,149.9199981689453
2023-07-13,TTWO,149.2899932861328
2023-07-14,TTWO,150.0
2023-07-17,TTWO,152.7100067138672
2023-07-18,TTWO,153.5500030517578
2023-07-19,TTWO,152.00999450683594
2023-07-20,TTWO,151.63999938964844
2023-07-21,TTWO,149.9600067138672
2023-07-24,TTWO,150.27999877929688
2023-07-25,TTWO,151.02999877929688
2023-07-26,TTWO,150.25
2023-07-27,TTWO,149.85000610351562
2023-07-28,TTWO,151.60000610351562
2023-07-31,TTWO,152.94000244140625
2023-08-01,TTWO,151.7899932861328
2023-08-02,TTWO,147.22000122070312
2023-08-03,TTWO,145.75
2023-08-04,TTWO,142.17999267578125
2023-08-07,TTWO,141.17999267578125
2023-08-08,TTWO,140.13999938964844
2023-08-09,TTWO,139.39999389648438
2023-08-10,TTWO,138.4600067138672
2023-08-11,TTWO,140.1999969482422
2023-08-14,TTWO,142.3800048828125
2023-08-15,TTWO,139.50999450683594
2023-08-16,TTWO,140.27000427246094
2023-08-17,TTWO,138.0800018310547
2023-08-18,TTWO,137.4600067138672
2023-08-21,TTWO,139.55999755859375
2023-08-22,TTWO,140.47999572753906
2023-08-23,TTWO,144.5500030517578
2023-08-24,TTWO,139.66000366210938
2023-08-25,TTWO,141.4199981689453
2023-08-28,TTWO,140.8000030517578
2023-08-29,TTWO,141.38999938964844
2023-08-30,TTWO,141.8300018310547
2023-08-31,TTWO,142.1999969482422
2023-09-01,TTWO,141.8300018310547
2023-09-05,TTWO,141.17999267578125
2023-09-06,TTWO,140.97000122070312
2023-09-07,TTWO,142.22999572753906
2023-09-08,TTWO,142.77000427246094
2023-09-11,TTWO,145.3800048828125
2023-09-12,TTWO,143.19000244140625
2023-09-13,TTWO,144.36000061035156
2023-09-14,TTWO,144.39999389648438
2023-09-15,TTWO,142.91000366210938
2023-09-18,TTWO,141.3300018310547
2023-09-19,TTWO,143.91000366210938
2023-09-20,TTWO,140.72000122070312
2023-09-21,TTWO,135.94000244140625
2023-09-22,TTWO,138.24000549316406
2023-09-25,TTWO,138.75
2023-09-26,TTWO,137.3800048828125
2023-09-27,TTWO,137.77999877929688
2023-09-28,TTWO,140.1999969482422
2023-09-29,TTWO,140.38999938964844
2023-10-02,TTWO,139.0
2023-10-03,TTWO,137.55999755859375
2023-10-04,TTWO,139.6300048828125
2023-10-05,TTWO,140.1999969482422
2023-10-06,TTWO,140.91000366210938
2023-10-09,TTWO,143.1300048828125
2023-10-10,TTWO,145.24000549316406
2023-10-11,TTWO,144.75
2023-10-12,TTWO,141.6199951171875
2023-10-13,TTWO,142.8300018310547
2023-10-16,TTWO,143.58999633789062
2023-10-17,TTWO,144.86000061035156
2023-10-18,TTWO,142.5
2023-10-19,TTWO,140.27999877929688
2023-10-20,TTWO,140.5800018310547
2023-10-23,TTWO,142.1699981689453
2023-10-24,TTWO,142.69000244140625
2023-10-25,TTWO,137.07000732421875
2023-10-26,TTWO,133.0399932861328
2023-10-27,TTWO,134.42999267578125
2023-10-30,TTWO,133.35000610351562
2023-10-31,TTWO,133.75
2023-11-01,TTWO,133.80999755859375
2023-11-02,TTWO,137.5
2023-11-03,TTWO,138.91000366210938
2023-11-06,TTWO,134.3699951171875
2023-11-07,TTWO,136.36000061035156
2023-11-08,TTWO,143.47000122070312
2023-11-09,TTWO,146.32000732421875
2023-11-10,TTWO,147.8800048828125
2023-11-13,TTWO,150.08999633789062
2023-11-14,TTWO,153.39999389648438
2023-11-15,TTWO,153.94000244140625
2023-11-16,TTWO,154.85000610351562
2023-11-17,TTWO,154.38999938964844
2023-11-20,TTWO,155.8800048828125
2023-11-21,TTWO,155.74000549316406
2023-11-22,TTWO,155.8800048828125
2023-11-24,TTWO,156.32000732421875
2023-11-27,TTWO,156.27000427246094
2023-11-28,TTWO,156.67999267578125
2023-11-29,TTWO,157.00999450683594
2023-11-30,TTWO,158.1999969482422
2023-12-01,TTWO,157.83999633789062
2023-12-04,TTWO,157.55999755859375
2023-12-05,TTWO,156.75999450683594
2023-12-06,TTWO,157.32000732421875
2023-12-07,TTWO,154.2100067138672
2023-12-08,TTWO,155.32000732421875
2023-12-11,TTWO,152.55999755859375
2023-12-12,TTWO,157.1999969482422
2023-12-13,TTWO,163.1199951171875
2023-12-14,TTWO,163.88999938964844
2023-12-15,TTWO,160.1999969482422
2023-12-18,TTWO,158.57000732421875
2023-12-19,TTWO,159.39999389648438
2023-12-20,TTWO,157.9600067138672
2023-12-21,TTWO,160.38999938964844
2023-12-22,TTWO,161.9499969482422
2023-12-26,TTWO,161.6199951171875
2023-12-27,TTWO,160.99000549316406
2023-12-28,TTWO,161.47000122070312
2023-12-29,TTWO,160.9499969482422
2024-01-02,TTWO,159.25999450683594
2024-01-03,TTWO,158.39999389648438
2024-01-04,TTWO,158.86000061035156
2024-01-05,TTWO,158.2100067138672
2024-01-08,TTWO,158.5399932861328
2024-01-09,TTWO,159.22000122070312
2024-01-10,TTWO,159.2100067138672
2024-01-11,TTWO,161.5399932861328
2024-01-12,TTWO,161.67999267578125
2024-01-16,TTWO,161.8800048828125
2024-01-17,TTWO,160.3800048828125
2024-01-18,TTWO,159.86000061035156
2024-01-19,TTWO,163.10000610351562
2024-01-22,TTWO,164.42999267578125
2024-01-23,TTWO,165.14999389648438
2024-01-24,TTWO,165.89999389648438
2024-01-25,TTWO,168.5
2024-01-26,TTWO,167.38999938964844
2024-01-29,TTWO,168.02000427246094
2024-01-30,TTWO,166.94000244140625
2024-01-31,TTWO,164.92999267578125
2024-02-01,TTWO,166.3300018310547
2024-02-02,TTWO,167.0
2024-02-05,TTWO,164.00999450683594
2024-02-06,TTWO,166.6699981689453
2024-02-07,TTWO,169.57000732421875
2024-02-08,TTWO,169.60000610351562
2024-02-09,TTWO,154.91000366210938
2024-02-12,TTWO,155.27000427246094
2024-02-13,TTWO,153.49000549316406
2024-02-14,TTWO,155.72000122070312
2024-02-15,TTWO,156.9600067138672
2024-02-16,TTWO,153.3800048828125
2024-02-20,TTWO,151.94000244140625
2024-02-21,TTWO,151.11000061035156
2024-02-22,TTWO,152.44000244140625
2024-02-23,TTWO,151.00999450683594
2024-02-26,TTWO,149.7100067138672
2024-02-27,TTWO,147.94000244140625
2024-02-28,TTWO,147.47999572753906
2024-02-29,TTWO,146.92999267578125
2024-03-01,TTWO,150.33999633789062
2024-03-04,TTWO,146.3300018310547
2024-03-05,TTWO,143.94000244140625
2024-03-06,TTWO,143.89999389648438
2024-03-07,TTWO,145.00999450683594
2024-03-08,TTWO,143.72999572753906
2024-03-11,TTWO,145.8699951171875
2024-03-12,TTWO,144.52999877929688
2024-03-13,TTWO,144.88999938964844
2024-03-14,TTWO,143.77000427246094
2024-03-15,TTWO,143.91000366210938
2024-03-18,TTWO,144.6199951171875
2024-03-19,TTWO,145.1999969482422
2024-03-20,TTWO,148.42999267578125
2024-03-21,TTWO,152.1699981689453
2024-03-22,TTWO,152.4600067138672
2024-03-25,TTWO,146.13999938964844
2024-03-26,TTWO,146.6699981689453
2024-03-27,TTWO,146.9199981689453
2024-03-28,TTWO,148.49000549316406
2024-04-01,TTWO,150.0
2024-04-02,TTWO,149.57000732421875
2024-04-03,TTWO,151.72999572753906
2024-04-04,TTWO,149.58999633789062
2024-04-05,TTWO,151.0399932861328
2024-04-08,TTWO,153.64999389648438
2024-04-09,TTWO,154.6999969482422
2024-04-10,TTWO,152.1199951171875
2024-04-11,TTWO,151.33999633789062
2024-04-12,TTWO,147.27000427246094
2024-04-15,TTWO,145.3000030517578
2024-04-16,TTWO,145.4499969482422
2024-04-17,TTWO,143.16000366210938
2024-04-18,TTWO,140.63999938964844
2024-04-19,TTWO,140.60000610351562
2024-04-22,TTWO,139.9600067138672
2024-04-23,TTWO,141.72000122070312
2024-04-24,TTWO,142.8300018310547
2024-04-25,TTWO,143.42999267578125
2024-04-26,TTWO,144.47000122070312
2024-04-29,TTWO,144.27000427246094
2024-04-30,TTWO,142.80999755859375
2024-05-01,TTWO,142.74000549316406
2024-05-02,TTWO,143.07000732421875
2024-05-03,TTWO,145.8800048828125
2024-05-06,TTWO,148.33999633789062
2024-05-07,TTWO,148.3300018310547
2024-05-08,TTWO,145.97000122070312
2024-05-09,TTWO,145.67999267578125
2024-05-10,TTWO,145.8800048828125
2024-05-13,TTWO,143.9499969482422
2024-05-14,TTWO,144.9600067138672
2024-05-15,TTWO,148.0800018310547
2024-05-16,TTWO,146.0800018310547
2024-05-17,TTWO,147.83999633789062
2024-05-20,TTWO,150.89999389648438
2024-05-21,TTWO,151.4199981689453
2024-05-22,TTWO,150.61000061035156
2024-05-23,TTWO,152.3300018310547
2024-05-24,TTWO,154.60000610351562
2024-05-28,TTWO,156.7899932861328
2024-05-29,TTWO,159.67999267578125
2024-05-30,TTWO,159.77999877929688
2024-05-31,TTWO,160.36000061035156
2024-06-03,TTWO,163.63999938964844
2024-06-04,TTWO,165.9600067138672
2024-06-05,TTWO,167.42999267578125
2024-06-06,TTWO,165.6699981689453
2024-06-07,TTWO,164.77000427246094
2024-06-10,TTWO,160.5399932861328
2024-06-11,TTWO,158.50999450683594
2024-06-12,TTWO,159.6699981689453
2024-06-13,TTWO,157.72000122070312
2024-06-14,TTWO,158.9600067138672
2024-06-17,TTWO,157.39999389648438
2024-06-18,TTWO,155.3699951171875
2024-06-20,TTWO,154.97999572753906
2024-06-21,TTWO,158.22000122070312
2024-06-24,TTWO,159.7100067138672
2024-06-25,TTWO,159.0399932861328
2024-06-26,TTWO,157.5399932861328
2024-06-27,TTWO,156.97999572753906
2024-06-28,TTWO,155.49000549316406
2024-07-01,TTWO,154.2899932861328
2024-07-02,TTWO,154.64999389648438
2024-07-03,TTWO,153.5
2024-07-05,TTWO,151.74000549316406
2024-07-08,TTWO,152.0
2024-07-09,TTWO,149.36000061035156
2024-07-10,TTWO,148.8300018310547
2024-07-11,TTWO,151.52000427246094
2024-07-12,TTWO,153.35000610351562
2024-07-15,TTWO,153.30999755859375
2024-07-16,TTWO,154.10000610351562
2024-07-17,TTWO,149.8699951171875
2024-07-18,TTWO,150.3000030517578
2024-07-19,TTWO,150.32000732421875
2024-07-22,TTWO,150.4499969482422
2024-07-23,TTWO,151.7100067138672
2024-07-24,TTWO,152.88999938964844
2024-07-25,TTWO,150.3000030517578
2024-07-26,TTWO,150.75
2024-07-29,TTWO,150.6999969482422
2024-07-30,TTWO,150.0
2024-07-31,TTWO,150.52999877929688
2024-08-01,TTWO,145.9600067138672
2024-08-02,TTWO,143.67999267578125
2024-08-05,TTWO,139.49000549316406
2024-08-06,TTWO,140.11000061035156
2024-08-07,TTWO,135.6699981689453
2024-08-08,TTWO,138.77999877929688
2024-08-09,TTWO,144.82000732421875
2024-08-12,TTWO,147.2899932861328
2024-08-13,TTWO,144.8800048828125
2024-08-14,TTWO,144.91000366210938
2024-08-15,TTWO,146.3800048828125
2024-08-16,TTWO,149.94000244140625
2024-08-19,TTWO,150.5
2024-08-20,TTWO,154.80999755859375
2024-08-21,TTWO,160.07000732421875
2024-08-22,TTWO,158.6999969482422
2024-08-23,TTWO,159.38999938964844
2024-08-26,TTWO,160.3800048828125
2024-08-27,TTWO,160.77999877929688
2024-08-28,TTWO,159.0
2024-08-29,TTWO,160.5
2024-08-30,TTWO,161.7100067138672
2024-09-03,TTWO,155.89999389648438
2024-09-04,TTWO,158.0399932861328
2024-09-05,TTWO,157.05999755859375
2024-09-06,TTWO,156.61000061035156
2024-09-09,TTWO,156.32000732421875
2024-09-10,TTWO,154.85000610351562
2024-09-11,TTWO,152.33999633789062
2024-09-12,TTWO,153.61000061035156
2024-09-13,TTWO,152.17999267578125
2024-09-16,TTWO,152.4499969482422
2024-09-17,TTWO,152.7100067138672
2024-09-18,TTWO,153.3300018310547
2024-09-19,TTWO,153.66000366210938
2024-09-20,TTWO,148.77999877929688
2024-09-23,TTWO,149.72999572753906
2024-09-24,TTWO,150.89999389648438
2024-09-25,TTWO,150.77000427246094
2024-09-26,TTWO,151.69000244140625
2024-09-27,TTWO,153.0500030517578
2024-09-30,TTWO,153.7100067138672
2024-10-01,TTWO,150.47999572753906
2024-10-02,TTWO,151.3699951171875
2024-10-03,TTWO,147.66000366210938
2024-10-04,TTWO,151.69000244140625
2024-10-07,TTWO,152.2100067138672
2024-10-08,TTWO,152.94000244140625
2024-10-09,TTWO,153.86000061035156
2024-10-10,TTWO,153.49000549316406
2024-10-11,TTWO,155.08999633789062
2024-10-14,TTWO,155.42999267578125
2024-10-15,TTWO,156.0500030517578
2024-10-16,TTWO,154.91000366210938
2024-10-17,TTWO,154.7899932861328
2024-10-18,TTWO,155.27000427246094
2024-10-21,TTWO,156.8800048828125
2024-10-22,TTWO,160.02000427246094
2024-10-23,TTWO,161.00999450683594
2024-10-24,TTWO,161.25999450683594
2024-10-25,TTWO,161.7899932861328
2024-10-28,TTWO,160.75
2024-10-29,TTWO,162.27999877929688
2024-10-30,TTWO,162.88999938964844
2024-10-31,TTWO,161.72000122070312
2024-11-01,TTWO,163.77999877929688
2024-11-04,TTWO,162.92999267578125
2024-11-05,TTWO,164.02999877929688
2024-11-06,TTWO,166.6199951171875
2024-11-07,TTWO,179.1699981689453
2024-11-08,TTWO,177.89999389648438
2024-11-11,TTWO,179.38999938964844
2024-11-12,TTWO,180.5500030517578
2024-11-13,TTWO,181.8699951171875
2024-11-14,TTWO,181.47999572753903
2024-11-15,TTWO,177.6199951171875
2024-11-18,TTWO,182.92999267578125
2024-11-19,TTWO,186.00999450683597
2024-11-20,TTWO,185.5
2024-11-21,TTWO,186.5800018310547
2024-11-22,TTWO,188.1499938964844
2024-11-25,TTWO,187.6199951171875
2024-11-26,TTWO,187.8500061035156
2024-11-27,TTWO,185.55999755859372
2024-11-29,TTWO,188.3800048828125
2024-12-02,TTWO,187.9499969482422
2024-12-03,TTWO,188.05999755859372
2024-12-04,TTWO,188.1999969482422
2024-12-05,TTWO,190.02999877929688
2024-12-06,TTWO,189.7100067138672
2024-12-09,TTWO,187.8999938964844
2024-12-10,TTWO,185.3600006103516
2024-12-11,TTWO,190.4600067138672
2024-12-12,TTWO,189.63999938964844
2024-12-13,TTWO,185.47999572753903
2024-12-16,TTWO,187.17999267578125
2024-12-17,TTWO,185.92999267578125
2024-12-18,TTWO,181.8999938964844
2024-12-19,TTWO,181.3800048828125
2024-12-20,TTWO,181.97000122070312
2024-12-23,TTWO,183.22000122070312
2024-12-24,TTWO,185.38999938964844
2024-12-26,TTWO,187.16000366210935
2024-12-27,TTWO,186.42999267578125
2024-12-30,TTWO,184.5399932861328
2024-12-31,TTWO,184.0800018310547
2025-01-02,TTWO,183.07000732421875
2025-01-03,TTWO,188.75
2025-01-06,TTWO,188.97999572753903
2025-01-07,TTWO,181.75
2025-01-08,TTWO,183.7400054931641
2025-01-10,TTWO,178.61000061035156
2025-01-13,TTWO,178.75999450683594
2025-01-14,TTWO,180.02999877929688
2025-01-15,TTWO,181.32000732421875
2025-01-16,TTWO,183.3699951171875
2025-01-17,TTWO,186.41000366210935
2025-01-21,TTWO,185.13999938964844
2025-01-22,TTWO,187.9900054931641
2025-01-23,TTWO,183.82000732421875
2025-01-24,TTWO,185.4900054931641
2025-01-27,TTWO,187.8699951171875
2025-01-28,TTWO,187.13999938964844
2025-01-29,TTWO,190.08999633789065
2025-01-30,TTWO,191.22999572753903
2025-01-31,TTWO,185.50999450683597
2025-02-03,TTWO,186.07000732421875
2025-02-04,TTWO,183.5399932861328
2025-02-05,TTWO,184.9199981689453
2025-02-06,TTWO,183.0800018310547
2025-02-07,TTWO,208.7700042724609
2025-02-10,TTWO,212.50999450683597
2025-02-11,TTWO,209.94000244140625
2025-02-12,TTWO,209.17999267578125
2025-02-13,TTWO,210.08999633789065
2025-02-14,TTWO,208.75999450683597
2025-02-18,TTWO,216.3800048828125
2025-02-19,TTWO,215.17999267578125
2025-02-20,TTWO,215.2400054931641
2025-02-21,TTWO,211.6499938964844
2025-02-24,TTWO,212.0200042724609
2025-02-25,TTWO,207.91000366210935
2025-02-26,TTWO,209.1100006103516
2025-02-27,TTWO,208.2100067138672
2025-02-28,TTWO,211.97999572753903
2025-03-03,TTWO,208.0500030517578
2025-03-04,TTWO,208.5500030517578
2025-03-05,TTWO,214.80999755859372
2025-03-06,TTWO,207.8699951171875
2025-03-07,TTWO,204.3300018310547
2025-03-10,TTWO,201.92999267578125
2025-03-11,TTWO,203.8000030517578
2025-03-12,TTWO,205.3300018310547
2025-03-13,TTWO,203.6300048828125
2025-03-14,TTWO,204.57000732421875
2025-03-17,TTWO,206.5
2025-03-18,TTWO,204.32000732421875
2025-03-19,TTWO,208.8600006103516
2025-03-20,TTWO,209.6300048828125
2025-03-21,TTWO,213.47000122070312
2025-03-24,TTWO,213.50999450683597
2025-03-25,TTWO,217.9499969482422
2025-03-26,TTWO,215.88999938964844
2025-03-27,TTWO,214.2899932861328
2025-03-28,TTWO,210.47000122070312
2025-03-31,TTWO,207.25
2025-04-01,TTWO,210.1300048828125
2025-04-02,TTWO,211.1000061035156
2025-04-03,TTWO,208.92999267578125
2025-04-04,TTWO,194.5800018310547
2025-04-07,TTWO,197.52999877929688
2025-04-08,TTWO,196.25
2025-04-09,TTWO,208.1300048828125
2025-04-10,TTWO,204.41000366210935
2025-04-11,TTWO,212.07000732421875
2025-04-14,TTWO,212.9499969482422
2025-04-15,TTWO,214.6000061035156
2025-04-16,TTWO,211.3999938964844
2025-04-17,TTWO,212.7700042724609
2025-04-21,TTWO,205.16000366210935
2025-04-22,TTWO,209.97000122070312
2025-04-23,TTWO,213.3000030517578
2025-04-24,TTWO,222.69000244140625
2025-04-25,TTWO,225.3800048828125
2025-04-28,TTWO,225.5500030517578
2025-04-29,TTWO,230.7100067138672
2025-04-30,TTWO,233.32000732421875
2025-05-01,TTWO,235.1699981689453
2025-05-02,TTWO,219.5
2025-05-05,TTWO,225.32000732421875
2025-05-06,TTWO,231.83999633789065
2025-05-07,TTWO,226.33999633789065
2025-05-08,TTWO,225.4499969482422
2025-05-09,TTWO,226.5500030517578
2025-05-12,TTWO,226.25
2025-05-13,TTWO,226.16000366210935
2025-05-14,TTWO,229.5
2025-05-15,TTWO,232.33999633789065
2025-05-16,TTWO,226.7400054931641
2025-05-19,TTWO,234.66000366210935
2025-05-20,TTWO,237.5
2025-05-21,TTWO,226.75999450683597
2025-05-22,TTWO,226.00999450683597
2025-05-23,TTWO,224.9900054931641
2025-05-27,TTWO,226.2700042724609
2025-05-28,TTWO,228.3300018310547
2025-05-29,TTWO,225.38999938964844
2025-05-30,TTWO,226.27999877929688
2025-06-02,TTWO,227.6000061035156
2025-06-03,TTWO,229.6499938964844
2025-06-04,TTWO,229.17999267578125
2025-06-05,TTWO,231.02999877929688
2025-06-06,TTWO,232.72000122070312
2025-06-09,TTWO,233.5
2025-06-10,TTWO,234.91000366210935
2025-06-11,TTWO,234.7400054931641
2025-06-12,TTWO,234.4600067138672
2025-06-13,TTWO,230.22999572753903
2025-06-16,TTWO,238.6000061035156
2025-06-17,TTWO,237.5200042724609
2025-06-18,TTWO,238.5
2025-06-20,TTWO,238.3699951171875
2025-06-23,TTWO,241.58999633789065
2025-06-24,TTWO,243.0500030517578
2025-06-25,TTWO,241.63999938964844
2025-06-26,TTWO,239.3300018310547
2025-06-27,TTWO,241.44000244140625
2025-06-30,TTWO,242.8500061035156
2025-07-01,TTWO,240.1000061035156
2025-07-02,TTWO,239.50999450683597
2025-07-03,TTWO,240.1100006103516
2025-07-07,TTWO,242.52999877929688
2025-07-08,TTWO,240.55999755859372
2025-07-09,TTWO,242.22999572753903
2025-07-10,TTWO,235.3300018310547
2025-07-11,TTWO,233.9199981689453
2025-07-14,TTWO,238.4600067138672
2025-07-15,TTWO,237.6999969482422
2025-07-16,TTWO,238.72999572753903
2025-07-17,TTWO,233.9199981689453
2025-07-18,TTWO,231.17999267578125
2025-07-21,TTWO,231.6300048828125
2025-07-22,TTWO,231.07000732421875
2025-07-23,TTWO,228.72999572753903
2025-07-24,TTWO,225.75
2025-07-25,TTWO,224.75
2025-07-28,TTWO,226.1000061035156
2025-07-29,TTWO,223.97999572753903
2025-07-30,TTWO,223.80999755859372
2025-07-31,TTWO,222.72999572753903
2025-08-01,TTWO,220.5800018310547
2025-08-04,TTWO,225.9900054931641
2025-08-05,TTWO,225.9199981689453
2025-08-06,TTWO,227.2100067138672
2025-08-07,TTWO,226.4900054931641
2025-08-08,TTWO,217.3699951171875
2025-08-11,TTWO,222.6699981689453
2025-08-12,TTWO,232.55999755859372
2025-08-13,TTWO,236.13999938964844
2025-08-14,TTWO,233.16000366210935
2025-08-15,TTWO,232.17999267578125
2025-08-18,TTWO,232.5500030517578
2025-08-19,TTWO,228.3600006103516
2025-08-20,TTWO,228.6699981689453
2025-08-21,TTWO,227.8699951171875
2025-08-22,TTWO,229.02999877929688
2025-08-25,TTWO,231.8300018310547
2025-08-26,TTWO,230.82000732421875
2025-08-27,TTWO,232.02999877929688
2025-08-28,TTWO,234.8999938964844
2025-08-29,TTWO,233.2700042724609
2025-09-02,TTWO,240.9499969482422
2025-09-03,TTWO,238.8600006103516
2025-09-04,TTWO,240.6499938964844
2025-09-05,TTWO,239.67999267578125
2025-09-08,TTWO,248.77999877929688
2025-09-09,TTWO,247.8600006103516
2025-09-10,TTWO,244.0399932861328
2025-09-11,TTWO,246.5399932861328
2025-09-12,TTWO,246.25999450683597
2025-09-15,TTWO,247.25
2025-09-16,TTWO,247.72999572753903
2025-09-17,TTWO,250.5200042724609
2025-09-18,TTWO,249.7400054931641
2025-09-19,TTWO,250.8500061035156
2025-09-22,TTWO,251.63999938964844
2025-09-23,TTWO,251.27999877929688
2025-09-24,TTWO,244.1199951171875
2025-09-25,TTWO,245.1100006103516
2025-09-26,TTWO,256.1199951171875
2025-09-29,TTWO,259.9599914550781
2025-09-30,TTWO,258.3599853515625
2025-10-01,TTWO,255.3999938964844
2025-10-02,TTWO,256.94000244140625
2025-10-03,TTWO,257.67999267578125
2025-10-06,TTWO,256.9800109863281
2025-10-07,TTWO,260.5
2025-10-08,TTWO,258.07000732421875
2025-10-09,TTWO,256.69000244140625
2025-10-10,TTWO,251.97000122070312
2025-10-13,TTWO,256.67999267578125
2025-10-14,TTWO,257.7200012207031
2025-10-15,TTWO,261.5
2025-10-16,TTWO,259.2300109863281
2025-10-17,TTWO,261.3500061035156
2025-10-20,TTWO,262.2900085449219
2025-10-21,TTWO,260.2799987792969
2025-10-22,TTWO,255.55999755859372
2025-10-23,TTWO,254.52999877929688
2025-10-24,TTWO,255.1199951171875
2025-10-27,TTWO,254.2700042724609
2025-10-28,TTWO,251.57000732421875
2025-10-29,TTWO,251.72999572753903
2025-10-30,TTWO,252.77999877929688
2025-10-31,TTWO,256.3699951171875
2025-11-03,TTWO,255.6499938964844
2025-11-04,TTWO,252.42999267578125
2025-11-05,TTWO,254.75999450683597
2025-11-06,TTWO,252.3999938964844
2025-11-07,TTWO,232.0
2025-11-10,TTWO,234.05999755859372
2025-11-11,TTWO,240.6999969482422
2025-11-12,TTWO,240.33999633789065
2025-11-13,TTWO,237.5500030517578
2025-11-14,TTWO,235.02999877929688
2010-01-04,UBSFY,6.103085994720459
2010-01-05,UBSFY,6.215667724609375
2010-01-06,UBSFY,6.5474853515625
2010-01-07,UBSFY,6.758821964263916
2010-01-08,UBSFY,6.877329349517822
2010-01-11,UBSFY,6.8635029792785645
2010-01-12,UBSFY,6.991885185241699
2010-01-13,UBSFY,7.011636257171631
2010-01-14,UBSFY,6.942507266998291
2010-01-15,UBSFY,6.877329349517822
2010-01-19,UBSFY,7.029412269592285
2010-01-20,UBSFY,6.958308219909668
2010-01-21,UBSFY,6.906955242156982
2010-01-22,UBSFY,6.906955242156982
2010-01-25,UBSFY,7.035337448120117
2010-01-26,UBSFY,6.972134113311768
2010-01-27,UBSFY,7.092616081237793
2010-01-28,UBSFY,7.2091474533081055
2010-01-29,UBSFY,6.893129825592041
2010-02-01,UBSFY,7.011636257171631
2010-02-02,UBSFY,6.934606552124023
2010-02-03,UBSFY,6.8141255378723145
2010-02-04,UBSFY,6.822025775909424
2010-02-05,UBSFY,6.675868034362793
2010-02-08,UBSFY,6.656116008758545
2010-02-09,UBSFY,6.650191307067871
2010-02-10,UBSFY,6.671917915344238
2010-02-11,UBSFY,6.725245475769043
2010-02-12,UBSFY,6.812150001525879
2010-02-16,UBSFY,6.743021488189697
2010-02-17,UBSFY,6.713394641876221
2010-02-18,UBSFY,6.665992259979248
2010-02-19,UBSFY,6.612664222717285
2010-02-22,UBSFY,6.596863269805908
2010-02-23,UBSFY,6.642290592193604
2010-02-24,UBSFY,6.673892498016357
2010-02-25,UBSFY,6.646240711212158
2010-02-26,UBSFY,6.689693927764893
2010-03-01,UBSFY,6.936582088470459
2010-03-02,UBSFY,7.13804292678833
2010-03-03,UBSFY,7.323703289031982
2010-03-04,UBSFY,7.357280254364014
2010-03-05,UBSFY,7.305927276611328
2010-03-08,UBSFY,7.396782398223877
2010-03-09,UBSFY,7.43628454208374
2010-03-10,UBSFY,7.503438472747803
2010-03-11,UBSFY,7.61009407043457
2010-03-12,UBSFY,7.535039901733398
2010-03-15,UBSFY,7.363205432891846
2010-03-16,UBSFY,7.327653408050537
2010-03-17,UBSFY,7.503438472747803
2010-03-18,UBSFY,7.426408767700195
2010-03-19,UBSFY,7.495538234710693
2010-03-22,UBSFY,7.580467700958252
2010-03-23,UBSFY,7.930061340332031
2010-03-24,UBSFY,8.216452598571777
2010-03-25,UBSFY,8.516668319702148
2010-03-26,UBSFY,8.350759506225586
2010-03-29,UBSFY,8.271756172180176
2010-03-30,UBSFY,8.408038139343262
2010-03-31,UBSFY,8.226327896118164
2010-04-01,UBSFY,8.41396427154541
2010-04-05,UBSFY,8.54234504699707
2010-04-06,UBSFY,8.575922012329102
2010-04-07,UBSFY,8.267805099487305
2010-04-08,UBSFY,8.097946166992188
2010-04-09,UBSFY,8.076220512390137
2010-04-12,UBSFY,8.350759506225586
2010-04-13,UBSFY,8.32508373260498
2010-04-14,UBSFY,8.477166175842285
2010-04-15,UBSFY,8.374460220336914
2010-04-16,UBSFY,8.236204147338867
2010-04-19,UBSFY,8.283605575561523
2010-04-20,UBSFY,8.129548072814941
2010-04-21,UBSFY,8.259905815124512
2010-04-22,UBSFY,8.141398429870605
2010-04-23,UBSFY,8.2421293258667
2010-04-26,UBSFY,8.285581588745117
2010-04-27,UBSFY,8.236204147338867
2010-04-28,UBSFY,8.196701049804688
2010-04-29,UBSFY,8.287556648254395
2010-04-30,UBSFY,8.27570629119873
2010-05-03,UBSFY,8.394211769104004
2010-05-04,UBSFY,8.163124084472656
2010-05-05,UBSFY,8.060419082641602
2010-05-06,UBSFY,7.860933303833008
2010-05-07,UBSFY,7.456035614013672
2010-05-10,UBSFY,7.7029242515563965
2010-05-11,UBSFY,7.219022274017334
2010-05-12,UBSFY,7.2585248947143555
2010-05-13,UBSFY,7.325678825378418
2010-05-14,UBSFY,7.070889472961426
2010-05-17,UBSFY,7.0096611976623535
2010-05-18,UBSFY,6.883254051208496
2010-05-19,UBSFY,7.19334602355957
2010-05-20,UBSFY,7.041262626647949
2010-05-21,UBSFY,7.149893283843994
2010-05-24,UBSFY,7.1992716789245605
2010-05-25,UBSFY,7.001760959625244
2010-05-26,UBSFY,7.041262626647949
2010-05-27,UBSFY,7.228898048400879
2010-05-28,UBSFY,7.1992716789245605
2010-06-01,UBSFY,7.307902812957764
2010-06-02,UBSFY,7.169645309448242
2010-06-03,UBSFY,7.055088520050049
2010-06-04,UBSFY,6.912880897521973
2010-06-07,UBSFY,6.873378753662109
2010-06-08,UBSFY,6.816100120544434
2010-06-09,UBSFY,6.543535232543945
2010-06-10,UBSFY,6.648215770721436
2010-06-11,UBSFY,6.5869879722595215
2010-06-14,UBSFY,6.590938091278076
2010-06-15,UBSFY,7.011636257171631
2010-06-16,UBSFY,7.309877395629883
2010-06-17,UBSFY,7.515288829803467
2010-06-18,UBSFY,7.75427770614624
2010-06-21,UBSFY,7.803654670715332
2010-06-22,UBSFY,7.60416841506958
2010-06-23,UBSFY,7.38690710067749
2010-06-24,UBSFY,7.367156028747559
2010-06-25,UBSFY,7.317777633666992
2010-06-28,UBSFY,7.189396381378174
2010-06-29,UBSFY,7.147918224334717
2010-06-30,UBSFY,7.361230850219727
2010-07-01,UBSFY,7.44418478012085
2010-07-02,UBSFY,7.454060077667236
2010-07-06,UBSFY,7.456035614013672
2010-07-07,UBSFY,7.612069606781006
2010-07-08,UBSFY,7.513313770294189
2010-07-09,UBSFY,7.298027038574219
2010-07-12,UBSFY,7.122241973876953
2010-07-13,UBSFY,7.377031326293945
2010-07-14,UBSFY,7.2091474533081055
2010-07-15,UBSFY,7.001760959625244
2010-07-16,UBSFY,6.865478515625
2010-07-19,UBSFY,6.873378753662109
2010-07-20,UBSFY,6.885229587554932
2010-07-21,UBSFY,6.800299644470215
2010-07-22,UBSFY,6.936582088470459
2010-07-23,UBSFY,6.9820098876953125
2010-07-26,UBSFY,6.954357624053955
2010-07-27,UBSFY,6.873378753662109
2010-07-28,UBSFY,7.001760959625244
2010-07-29,UBSFY,6.727220058441162
2010-07-30,UBSFY,6.954357624053955
2010-08-02,UBSFY,6.997810363769531
2010-08-03,UBSFY,6.893129825592041
2010-08-04,UBSFY,6.843751430511475
2010-08-05,UBSFY,6.855602264404297
2010-08-06,UBSFY,6.879303932189941
2010-08-09,UBSFY,6.9504075050354
2010-08-10,UBSFY,6.910905838012695
2010-08-11,UBSFY,6.596863269805908
2010-08-12,UBSFY,6.44873046875
2010-08-13,UBSFY,6.454655170440674
2010-08-16,UBSFY,6.490207672119141
2010-08-17,UBSFY,6.511933326721191
2010-08-18,UBSFY,6.764747619628906
2010-08-19,UBSFY,6.786474227905273
2010-08-20,UBSFY,6.748946666717529
2010-08-23,UBSFY,6.822025775909424
2010-08-24,UBSFY,6.754871845245361
2010-08-25,UBSFY,6.869428634643555
2010-08-26,UBSFY,6.788449287414551
2010-08-27,UBSFY,6.8635029792785645
2010-08-30,UBSFY,6.877329349517822
2010-08-31,UBSFY,6.8635029792785645
2010-09-01,UBSFY,6.9820098876953125
2010-09-02,UBSFY,6.885229587554932
2010-09-03,UBSFY,6.843751430511475
2010-09-07,UBSFY,6.8141255378723145
2010-09-08,UBSFY,6.85362720489502
2010-09-09,UBSFY,6.798324108123779
2010-09-10,UBSFY,6.8042497634887695
2010-09-13,UBSFY,6.837826251983643
2010-09-14,UBSFY,6.885229587554932
2010-09-15,UBSFY,6.903005123138428
2010-09-16,UBSFY,6.831901550292969
2010-09-17,UBSFY,6.660066604614258
2010-09-20,UBSFY,6.8042497634887695
2010-09-21,UBSFY,6.827950954437256
2010-09-22,UBSFY,6.883254051208496
2010-09-23,UBSFY,6.8635029792785645
2010-09-24,UBSFY,7.104465961456299
2010-09-27,UBSFY,6.903005123138428
2010-09-28,UBSFY,7.120266914367676
2010-09-29,UBSFY,6.478356838226318
2010-09-30,UBSFY,6.162339210510254
2010-10-01,UBSFY,6.221592903137207
2010-10-04,UBSFY,6.235418319702148
2010-10-05,UBSFY,6.37960147857666
2010-10-06,UBSFY,6.340099334716797
2010-10-07,UBSFY,6.346024513244629
2010-10-08,UBSFY,6.298621654510498
2010-10-11,UBSFY,6.280846118927002
2010-10-12,UBSFY,6.186040878295898
2010-10-13,UBSFY,6.19986629486084
2010-10-14,UBSFY,6.300597190856934
2010-10-15,UBSFY,6.261094570159912
2010-10-18,UBSFY,6.403303146362305
2010-10-19,UBSFY,6.300597190856934
2010-10-20,UBSFY,6.525759220123291
2010-10-21,UBSFY,6.484282493591309
2010-10-22,UBSFY,6.507983684539795
2010-10-25,UBSFY,6.541560173034668
2010-10-26,UBSFY,6.567236423492432
2010-10-27,UBSFY,6.4586052894592285
2010-10-28,UBSFY,6.478356838226318
2010-10-29,UBSFY,6.349974632263184
2010-11-01,UBSFY,6.31047248840332
2010-11-02,UBSFY,6.270970344543457
2010-11-03,UBSFY,6.270970344543457
2010-11-04,UBSFY,6.349974632263184
2010-11-05,UBSFY,6.389476776123047
2010-11-08,UBSFY,6.326273441314697
2010-11-09,UBSFY,6.221592903137207
2010-11-10,UBSFY,6.270970344543457
2010-11-11,UBSFY,6.280846118927002
2010-11-12,UBSFY,6.280846118927002
2010-11-15,UBSFY,6.37960147857666
2010-11-16,UBSFY,6.340099334716797
2010-11-17,UBSFY,6.464530944824219
2010-11-18,UBSFY,6.537610054016113
2010-11-19,UBSFY,6.588963031768799
2010-11-22,UBSFY,6.436879634857178
2010-11-23,UBSFY,6.369725704193115
2010-11-24,UBSFY,6.395401954650879
2010-11-26,UBSFY,6.320348262786865
2010-11-29,UBSFY,6.438854694366455
2010-11-30,UBSFY,6.735121250152588
2010-12-01,UBSFY,6.903005123138428
2010-12-02,UBSFY,6.912880897521973
2010-12-03,UBSFY,6.934606552124023
2010-12-06,UBSFY,7.068914413452148
2010-12-07,UBSFY,6.90103006362915
2010-12-08,UBSFY,6.904980659484863
2010-12-09,UBSFY,7.011636257171631
2010-12-10,UBSFY,6.938557147979736
2010-12-13,UBSFY,7.051137924194336
2010-12-14,UBSFY,7.041262626647949
2010-12-15,UBSFY,6.9780592918396
2010-12-16,UBSFY,7.061013698577881
2010-12-17,UBSFY,6.991885185241699
2010-12-20,UBSFY,6.964233875274658
2010-12-21,UBSFY,7.195321083068848
2010-12-22,UBSFY,7.2684006690979
2010-12-23,UBSFY,7.234823703765869
2010-12-27,UBSFY,7.262475490570068
2010-12-28,UBSFY,7.246673583984375
2010-12-29,UBSFY,7.303952217102051
2010-12-30,UBSFY,7.140017986297607
2010-12-31,UBSFY,7.175570011138916
2011-01-03,UBSFY,7.24864912033081
2011-01-04,UBSFY,7.011636257171631
2011-01-05,UBSFY,6.833876132965088
2011-01-06,UBSFY,6.962258338928223
2011-01-07,UBSFY,6.952382564544678
2011-01-10,UBSFY,6.962258338928223
2011-01-11,UBSFY,7.157793998718262
2011-01-12,UBSFY,7.051137924194336
2011-01-13,UBSFY,7.130142211914063
2011-01-14,UBSFY,7.161744594573975
2011-01-18,UBSFY,7.294076919555664
2011-01-19,UBSFY,7.203221797943115
2011-01-20,UBSFY,6.824000835418701
2011-01-21,UBSFY,6.743021488189697
2011-01-24,UBSFY,6.788449287414551
2011-01-25,UBSFY,6.766723155975342
2011-01-26,UBSFY,6.725245475769043
2011-01-27,UBSFY,6.744996070861816
2011-01-28,UBSFY,6.577112197875977
2011-01-31,UBSFY,6.735121250152588
2011-02-01,UBSFY,6.910905838012695
2011-02-02,UBSFY,6.9820098876953125
2011-02-03,UBSFY,6.991885185241699
2011-02-04,UBSFY,6.887204647064209
2011-02-07,UBSFY,6.895104885101318
2011-02-08,UBSFY,6.9504075050354
2011-02-09,UBSFY,6.962258338928223
2011-02-10,UBSFY,7.20124626159668
2011-02-11,UBSFY,7.189396381378174
2011-02-14,UBSFY,7.181495666503906
2011-02-15,UBSFY,7.230873107910156
2011-02-16,UBSFY,7.548865795135498
2011-02-17,UBSFY,7.57454252243042
2011-02-18,UBSFY,7.55479097366333
2011-02-22,UBSFY,7.327653408050537
2011-02-23,UBSFY,7.24864912033081
2011-02-24,UBSFY,7.303952217102051
2011-02-25,UBSFY,7.562691688537598
2011-02-28,UBSFY,7.238773345947266
2011-03-01,UBSFY,7.266425132751465
2011-03-02,UBSFY,7.049162864685059
2011-03-03,UBSFY,7.031386852264404
2011-03-04,UBSFY,6.922756671905518
2011-03-07,UBSFY,6.85362720489502
2011-03-08,UBSFY,6.887204647064209
2011-03-09,UBSFY,7.070889472961426
2011-03-10,UBSFY,6.903005123138428
2011-03-11,UBSFY,6.824000835418701
2011-03-14,UBSFY,6.557360649108887
2011-03-15,UBSFY,6.665992259979248
2011-03-16,UBSFY,6.5810627937316895
2011-03-17,UBSFY,6.583037376403809
2011-03-18,UBSFY,6.705494403839111
2011-03-21,UBSFY,6.8635029792785645
2011-03-22,UBSFY,6.85362720489502
2011-03-23,UBSFY,6.8635029792785645
2011-03-24,UBSFY,6.833876132965088
2011-03-25,UBSFY,6.780548572540283
2011-03-28,UBSFY,6.598838806152344
2011-03-29,UBSFY,6.5474853515625
2011-03-30,UBSFY,6.721295356750488
2011-03-31,UBSFY,6.6640167236328125
2011-04-01,UBSFY,6.567236423492432
2011-04-04,UBSFY,6.529709339141846
2011-04-05,UBSFY,6.405277729034424
2011-04-06,UBSFY,6.300597190856934
2011-04-07,UBSFY,6.041857719421387
2011-04-08,UBSFY,5.945077419281006
2011-04-11,UBSFY,6.138638019561768
2011-04-12,UBSFY,6.112961769104004
2011-04-13,UBSFY,6.077409744262695
2011-04-14,UBSFY,6.06753396987915
2011-04-15,UBSFY,6.1702399253845215
2011-04-18,UBSFY,5.984579563140869
2011-04-19,UBSFY,6.079385280609131
2011-04-20,UBSFY,6.079385280609131
2011-04-21,UBSFY,6.075434684753418
2011-04-25,UBSFY,5.838421821594238
2011-04-26,UBSFY,6.093210697174072
2011-04-27,UBSFY,5.954953193664551
2011-04-28,UBSFY,5.856197357177734
2011-04-29,UBSFY,5.883849620819092
2011-05-02,UBSFY,6.051733016967773
2011-05-03,UBSFY,6.069509029388428
2011-05-04,UBSFY,6.06753396987915
2011-05-05,UBSFY,6.053708553314209
2011-05-06,UBSFY,6.053708553314209
2011-05-09,UBSFY,5.945077419281006
2011-05-10,UBSFY,5.875948429107666
2011-05-11,UBSFY,5.712014675140381
2011-05-12,UBSFY,5.633010387420654
2011-05-13,UBSFY,5.506603717803955
2011-05-16,UBSFY,5.555980682373047
2011-05-17,UBSFY,5.617209434509277
2011-05-18,UBSFY,5.715964794158936
2011-05-19,UBSFY,5.603383541107178
2011-05-20,UBSFY,5.563880920410156
2011-05-23,UBSFY,5.439449310302734
2011-05-24,UBSFY,5.5480804443359375
2011-05-25,UBSFY,5.611284255981445
2011-05-26,UBSFY,5.682388305664063
2011-05-27,UBSFY,5.658686637878418
2011-05-31,UBSFY,5.708064556121826
2011-06-01,UBSFY,5.715964794158936
2011-06-02,UBSFY,5.638935565948486
2011-06-03,UBSFY,5.589557647705078
2011-06-06,UBSFY,5.5145039558410645
2011-06-07,UBSFY,5.563880920410156
2011-06-08,UBSFY,5.186635971069336
2011-06-09,UBSFY,5.006901264190674
2011-06-10,UBSFY,4.995050430297852
2011-06-13,UBSFY,4.896295070648193
2011-06-14,UBSFY,5.016776084899902
2011-06-15,UBSFY,4.872593402862549
2011-06-16,UBSFY,4.793589115142822
2011-06-17,UBSFY,4.692858695983887
2011-06-20,UBSFY,4.692858695983887
2011-06-21,UBSFY,4.842966556549072
2011-06-22,UBSFY,4.681007385253906
2011-06-23,UBSFY,4.519049167633057
2011-06-24,UBSFY,4.499298095703125
2011-06-27,UBSFY,4.463745594024658
2011-06-28,UBSFY,4.619779586791992
2011-06-29,UBSFY,4.651381015777588
2011-06-30,UBSFY,4.602003574371338
2011-07-01,UBSFY,4.572376728057861
2011-07-05,UBSFY,4.688908100128174
2011-07-06,UBSFY,4.829140663146973
2011-07-07,UBSFY,4.90617036819458
2011-07-08,UBSFY,5.004925727844238
2011-07-11,UBSFY,4.90617036819458
2011-07-12,UBSFY,4.868642807006836
2011-07-13,UBSFY,4.916046142578125
2011-07-14,UBSFY,4.829140663146973
2011-07-15,UBSFY,4.71853494644165
2011-07-18,UBSFY,4.677057266235352
2011-07-19,UBSFY,4.641505241394043
2011-07-20,UBSFY,4.566451549530029
2011-07-21,UBSFY,4.763962268829346
2011-07-22,UBSFY,4.686932563781738
2011-07-25,UBSFY,4.602003574371338
2011-07-26,UBSFY,4.473621368408203
2011-07-27,UBSFY,4.3788161277771
2011-07-28,UBSFY,3.841586828231812
2011-07-29,UBSFY,3.9403421878814697
2011-08-01,UBSFY,3.875163316726685
2011-08-02,UBSFY,3.758631944656372
2011-08-03,UBSFY,3.7724575996398926
2011-08-04,UBSFY,3.588772773742676
2011-08-05,UBSFY,3.811959743499756
2011-08-08,UBSFY,3.746781349182129
2011-08-09,UBSFY,3.752706527709961
2011-08-10,UBSFY,3.584822654724121
2011-08-11,UBSFY,3.6796278953552246
2011-08-12,UBSFY,3.5295190811157227
2011-08-15,UBSFY,3.827760934829712
2011-08-16,UBSFY,3.750731706619263
2011-08-17,UBSFY,3.861337661743164
2011-08-18,UBSFY,3.861337661743164
2011-08-19,UBSFY,3.950217485427856
2011-08-22,UBSFY,3.8692378997802734
2011-08-23,UBSFY,4.280060768127441
2011-08-24,UBSFY,4.088474750518799
2011-08-25,UBSFY,4.039097785949707
2011-08-26,UBSFY,4.070699214935303
2011-08-29,UBSFY,4.2050065994262695
2011-08-30,UBSFY,4.147728443145752
2011-08-31,UBSFY,4.341289043426514
2011-09-01,UBSFY,4.246484279632568
2011-09-02,UBSFY,4.230682849884033
2011-09-06,UBSFY,4.092425346374512
2011-09-07,UBSFY,4.2642598152160645
2011-09-08,UBSFY,4.272160530090332
2011-09-09,UBSFY,4.108226299285889
2011-09-12,UBSFY,4.157603740692139
2011-09-13,UBSFY,3.9778687953948975
2011-09-14,UBSFY,3.969968557357788
2011-09-15,UBSFY,3.8317112922668457
2011-09-16,UBSFY,3.790233850479126
2011-09-19,UBSFY,3.7724575996398926
2011-09-20,UBSFY,3.750731706619263
2011-09-21,UBSFY,3.768507480621338
2011-09-22,UBSFY,3.742831230163574
2011-09-23,UBSFY,3.7862837314605713
2011-09-26,UBSFY,3.875163316726685
2011-09-27,UBSFY,3.750731706619263
2011-09-28,UBSFY,3.525568962097168
2011-09-29,UBSFY,3.636175155639648
2011-09-30,UBSFY,3.584822654724121
2011-10-03,UBSFY,3.5828473567962646
2011-10-04,UBSFY,3.644075870513916
2011-10-05,UBSFY,3.8218352794647217
2011-10-06,UBSFY,3.849487066268921
2011-10-07,UBSFY,3.732955694198608
2011-10-10,UBSFY,3.841586828231812
2011-10-11,UBSFY,3.7823333740234375
2011-10-12,UBSFY,3.742831230163574
2011-10-13,UBSFY,3.861337661743164
2011-10-14,UBSFY,3.7922089099884033
2011-10-17,UBSFY,3.861337661743164
2011-10-18,UBSFY,3.87121319770813
2011-10-19,UBSFY,3.817885160446167
2011-10-20,UBSFY,3.7546818256378174
2011-10-21,UBSFY,3.829735994338989
2011-10-24,UBSFY,3.8356614112854
2011-10-25,UBSFY,3.742831230163574
2011-10-26,UBSFY,3.5927228927612305
2011-10-27,UBSFY,3.535444736480713
2011-10-28,UBSFY,3.800109386444092
2011-10-31,UBSFY,3.732955694198608
2011-11-01,UBSFY,3.663826704025269
2011-11-02,UBSFY,3.6737022399902335
2011-11-03,UBSFY,3.6954286098480233
2011-11-04,UBSFY,3.717154502868652
2011-11-07,UBSFY,3.806034803390503
2011-11-08,UBSFY,3.8949146270751953
2011-11-09,UBSFY,3.811959743499756
2011-11-10,UBSFY,3.944292306900024
2011-11-11,UBSFY,3.9936699867248535
2011-11-14,UBSFY,3.958117961883545
2011-11-15,UBSFY,3.845536947250366
2011-11-16,UBSFY,3.73888111114502
2011-11-17,UBSFY,3.663826704025269
2011-11-18,UBSFY,3.6855530738830566
2011-11-21,UBSFY,3.6974036693573
2011-11-22,UBSFY,3.5867977142333984
2011-11-23,UBSFY,3.515693426132202
2011-11-25,UBSFY,3.5295190811157227
2011-11-28,UBSFY,3.671727180480957
2011-11-29,UBSFY,3.6914782524108887
2011-11-30,UBSFY,3.762582063674927
2011-12-01,UBSFY,3.6104986667633057
2011-12-02,UBSFY,3.5235941410064697
2011-12-05,UBSFY,3.541370153427124
2011-12-06,UBSFY,3.5551958084106445
2011-12-07,UBSFY,3.557170867919922
2011-12-08,UBSFY,3.4465649127960205
2011-12-09,UBSFY,3.464340686798096
2011-12-12,UBSFY,3.466315746307373
2011-12-13,UBSFY,3.515693426132202
2011-12-14,UBSFY,3.482116937637329
2011-12-15,UBSFY,3.442614793777466
2011-12-16,UBSFY,3.4327392578125
2011-12-19,UBSFY,3.330033302307129
2011-12-20,UBSFY,3.361635208129883
2011-12-21,UBSFY,3.326083183288574
2011-12-22,UBSFY,3.3971872329711914
2011-12-23,UBSFY,3.395211935043335
2011-12-27,UBSFY,3.3715107440948486
2011-12-28,UBSFY,3.2944815158843994
2011-12-29,UBSFY,3.3478095531463623
2011-12-30,UBSFY,3.345834255218506
2012-01-03,UBSFY,3.458415508270264
2012-01-04,UBSFY,3.531494617462158
2012-01-05,UBSFY,3.45446515083313
2012-01-06,UBSFY,3.416938066482544
2012-01-09,UBSFY,3.438664674758911
2012-01-10,UBSFY,3.405087471008301
2012-01-11,UBSFY,3.3971872329711914
2012-01-12,UBSFY,3.3932371139526367
2012-01-13,UBSFY,3.3102822303771973
2012-01-17,UBSFY,3.3497843742370605
2012-01-18,UBSFY,3.276705503463745
2012-01-19,UBSFY,3.3181827068328857
2012-01-20,UBSFY,3.450515031814575
2012-01-23,UBSFY,3.411012887954712
2012-01-24,UBSFY,3.4366893768310547
2012-01-25,UBSFY,3.464340686798096
2012-01-26,UBSFY,3.2352283000946045
2012-01-27,UBSFY,3.3122575283050537
2012-01-30,UBSFY,3.2846059799194336
2012-01-31,UBSFY,3.345834255218506
2012-02-01,UBSFY,3.3379340171813965
2012-02-02,UBSFY,3.369535446166992
2012-02-03,UBSFY,3.3774359226226807
2012-02-06,UBSFY,3.3478095531463623
2012-02-07,UBSFY,3.405087471008301
2012-02-08,UBSFY,3.4366893768310547
2012-02-09,UBSFY,3.4840919971466064
2012-02-10,UBSFY,3.4090375900268555
2012-02-13,UBSFY,3.4208884239196777
2012-02-14,UBSFY,3.3932371139526367
2012-02-15,UBSFY,3.5235941410064697
2012-02-16,UBSFY,3.594698190689087
2012-02-17,UBSFY,3.62827467918396
2012-02-21,UBSFY,3.5492706298828125
2012-02-22,UBSFY,3.6322250366210938
2012-02-23,UBSFY,3.796159267425537
2012-02-24,UBSFY,3.833686113357544
2012-02-27,UBSFY,3.8633127212524414
2012-02-28,UBSFY,3.784308433532715
2012-02-29,UBSFY,3.65592622756958
2012-03-01,UBSFY,3.687528133392334
2012-03-02,UBSFY,3.569021463394165
2012-03-05,UBSFY,3.474216222763061
2012-03-06,UBSFY,3.385336637496948
2012-03-07,UBSFY,3.438664674758911
2012-03-08,UBSFY,3.4801414012908936
2012-03-09,UBSFY,3.5393950939178467
2012-03-12,UBSFY,3.458415508270264
2012-03-13,UBSFY,3.466315746307373
2012-03-14,UBSFY,3.569021463394165
2012-03-15,UBSFY,3.687528133392334
2012-03-16,UBSFY,3.715179681777954
2012-03-19,UBSFY,3.687528133392334
2012-03-20,UBSFY,3.665801763534546
2012-03-21,UBSFY,3.6954286098480233
2012-03-22,UBSFY,3.825785636901856
2012-03-23,UBSFY,3.7724575996398926
2012-03-26,UBSFY,3.730980634689331
2012-03-27,UBSFY,3.699378728866577
2012-03-28,UBSFY,3.762582063674927
2012-03-29,UBSFY,3.762582063674927
2012-03-30,UBSFY,3.744806289672852
2012-04-02,UBSFY,3.7665321826934814
2012-04-03,UBSFY,3.6519761085510254
2012-04-04,UBSFY,3.6104986667633057
2012-04-05,UBSFY,3.681602716445923
2012-04-09,UBSFY,3.6322250366210938
2012-04-10,UBSFY,3.606548547744751
2012-04-11,UBSFY,3.624324560165405
2012-04-12,UBSFY,3.6322250366210938
2012-04-13,UBSFY,3.4781665802001958
2012-04-16,UBSFY,3.428788661956787
2012-04-17,UBSFY,3.4564404487609863
2012-04-18,UBSFY,3.3754608631134038
2012-04-19,UBSFY,3.3971872329711914
2012-04-20,UBSFY,3.4248385429382324
2012-04-23,UBSFY,3.416938066482544
2012-04-24,UBSFY,3.3932371139526367
2012-04-25,UBSFY,3.401137351989746
2012-04-26,UBSFY,3.3754608631134038
2012-04-27,UBSFY,3.30830717086792
2012-04-30,UBSFY,3.302381992340088
2012-05-01,UBSFY,3.1937508583068848
2012-05-02,UBSFY,3.177949905395508
2012-05-03,UBSFY,3.1423981189727783
2012-05-04,UBSFY,3.144373178482056
2012-05-07,UBSFY,3.130547285079956
2012-05-08,UBSFY,3.0574684143066406
2012-05-09,UBSFY,3.1048710346221924
2012-05-10,UBSFY,3.1878256797790527
2012-05-11,UBSFY,2.9824142456054688
2012-05-14,UBSFY,2.972538709640503
2012-05-15,UBSFY,2.885633707046509
2012-05-16,UBSFY,2.8678579330444336
2012-05-17,UBSFY,2.881683588027954
2012-05-18,UBSFY,2.891559362411499
2012-05-21,UBSFY,2.859957456588745
2012-05-22,UBSFY,2.863907814025879
2012-05-23,UBSFY,2.8145298957824707
2012-05-24,UBSFY,2.7750277519226074
2012-05-25,UBSFY,2.7157745361328125
2012-05-29,UBSFY,2.838231325149536
2012-05-30,UBSFY,2.7651522159576416
2012-05-31,UBSFY,2.8283557891845703
2012-06-01,UBSFY,2.792804002761841
2012-06-04,UBSFY,2.84218168258667
2012-06-05,UBSFY,2.9369866847991943
2012-06-06,UBSFY,2.8678579330444336
2012-06-07,UBSFY,2.761202096939087
2012-06-08,UBSFY,2.7157745361328125
2012-06-11,UBSFY,2.65454626083374
2012-06-12,UBSFY,2.717749834060669
2012-06-13,UBSFY,2.7770028114318848
2012-06-14,UBSFY,2.782928228378296
2012-06-15,UBSFY,2.794778823852539
2012-06-18,UBSFY,2.820455312728882
2012-06-19,UBSFY,2.8718080520629883
2012-06-20,UBSFY,2.869832992553711
2012-06-21,UBSFY,2.8619325160980225
2012-06-22,UBSFY,2.913285493850708
2012-06-25,UBSFY,2.830330848693848
2012-06-26,UBSFY,2.820455312728882
2012-06-27,UBSFY,2.8461318016052246
2012-06-28,UBSFY,2.8461318016052246
2012-06-29,UBSFY,2.8678579330444336
2012-07-02,UBSFY,2.8718080520629883
2012-07-03,UBSFY,2.929086208343506
2012-07-05,UBSFY,2.950812578201294
2012-07-06,UBSFY,2.9271111488342285
2012-07-09,UBSFY,2.887609004974365
2012-07-10,UBSFY,2.852057218551636
2012-07-11,UBSFY,2.8737833499908447
2012-07-12,UBSFY,2.822430372238159
2012-07-13,UBSFY,2.798729419708252
2012-07-16,UBSFY,2.788853406906128
2012-07-17,UBSFY,2.7770028114318848
2012-07-18,UBSFY,2.755276679992676
2012-07-19,UBSFY,2.731575489044189
2012-07-20,UBSFY,2.6723222732543945
2012-07-23,UBSFY,2.642695665359497
2012-07-24,UBSFY,2.583442211151123
2012-07-25,UBSFY,2.6071436405181885
2012-07-26,UBSFY,2.6940484046936035
2012-07-27,UBSFY,2.7967541217803955
2012-07-30,UBSFY,2.7276253700256348
2012-07-31,UBSFY,2.7256500720977783
2012-08-01,UBSFY,2.664421796798706
2012-08-02,UBSFY,2.6624467372894287
2012-08-03,UBSFY,2.638745069503784
2012-08-06,UBSFY,2.6229443550109863
2012-08-07,UBSFY,2.620969295501709
2012-08-08,UBSFY,2.6110939979553223
2012-08-09,UBSFY,2.670346975326538
2012-08-10,UBSFY,2.692073345184326
2012-08-13,UBSFY,2.7098491191864014
2012-08-14,UBSFY,2.618994235992432
2012-08-15,UBSFY,2.615044116973877
2012-08-16,UBSFY,2.713799476623535
2012-08-17,UBSFY,2.7157745361328125
2012-08-20,UBSFY,2.7098491191864014
2012-08-21,UBSFY,2.745401382446289
2012-08-22,UBSFY,2.7414510250091557
2012-08-23,UBSFY,2.782928228378296
2012-08-24,UBSFY,2.7868783473968506
2012-08-27,UBSFY,2.80070424079895
2012-08-28,UBSFY,2.798729419708252
2012-08-29,UBSFY,2.8244054317474365
2012-08-30,UBSFY,2.7770028114318848
2012-08-31,UBSFY,2.751326560974121
2012-09-04,UBSFY,2.743426322937012
2012-09-05,UBSFY,2.7157745361328125
2012-09-06,UBSFY,2.763177394866944
2012-09-07,UBSFY,2.7276253700256348
2012-09-10,UBSFY,2.7473764419555664
2012-09-11,UBSFY,2.7651522159576416
2012-09-12,UBSFY,2.8441567420959477
2012-09-13,UBSFY,2.9646384716033936
2012-09-14,UBSFY,3.0495681762695312
2012-09-17,UBSFY,3.0298168659210205
2012-09-18,UBSFY,3.1858506202697754
2012-09-19,UBSFY,3.162148952484131
2012-09-20,UBSFY,3.1009209156036377
2012-09-21,UBSFY,3.077219247817993
2012-09-24,UBSFY,3.0791945457458496
2012-09-25,UBSFY,3.1819000244140625
2012-09-26,UBSFY,3.154248714447021
2012-09-27,UBSFY,3.173999786376953
2012-09-28,UBSFY,3.13449764251709
2012-10-01,UBSFY,3.1937508583068848
2012-10-02,UBSFY,3.298431634902954
2012-10-03,UBSFY,3.442614793777466
2012-10-04,UBSFY,3.474216222763061
2012-10-05,UBSFY,3.482116937637329
2012-10-08,UBSFY,3.4564404487609863
2012-10-09,UBSFY,3.270780086517334
2012-10-10,UBSFY,3.1977009773254395
2012-10-11,UBSFY,3.2293026447296143
2012-10-12,UBSFY,3.2312779426574707
2012-10-15,UBSFY,3.28658127784729
2012-10-16,UBSFY,3.355709791183472
2012-10-17,UBSFY,3.298431634902954
2012-10-18,UBSFY,3.2905313968658447
2012-10-19,UBSFY,3.168074369430542
2012-10-22,UBSFY,3.2233774662017822
2012-10-23,UBSFY,3.1878256797790527
2012-10-24,UBSFY,3.053518295288086
2012-10-25,UBSFY,3.243128538131714
2012-10-26,UBSFY,3.1759748458862305
2012-10-31,UBSFY,3.18980073928833
2012-11-01,UBSFY,3.18980073928833
2012-11-02,UBSFY,3.108821153640747
2012-11-05,UBSFY,3.087095022201538
2012-11-06,UBSFY,3.0831446647644043
2012-11-07,UBSFY,3.077219247817993
2012-11-08,UBSFY,3.0831446647644043
2012-11-09,UBSFY,3.0357420444488525
2012-11-12,UBSFY,2.9527876377105717
2012-11-13,UBSFY,3.0614185333251958
2012-11-14,UBSFY,3.1285722255706787
2012-11-15,UBSFY,3.1720244884490967
2012-11-16,UBSFY,3.227327585220337
2012-11-19,UBSFY,3.260904550552368
2012-11-20,UBSFY,3.093020439147949
2012-11-21,UBSFY,3.077219247817993
2012-11-23,UBSFY,3.1206719875335693
2012-11-26,UBSFY,3.0949954986572266
2012-11-27,UBSFY,3.012040853500366
2012-11-28,UBSFY,3.010065793991089
2012-11-29,UBSFY,3.051542997360229
2012-11-30,UBSFY,2.9824142456054688
2012-12-03,UBSFY,2.8935344219207764
2012-12-04,UBSFY,2.942912101745605
2012-12-05,UBSFY,2.9152605533599854
2012-12-06,UBSFY,2.907360076904297
2012-12-07,UBSFY,2.8935344219207764
2012-12-10,UBSFY,2.763177394866944
2012-12-11,UBSFY,2.636770248413086
2012-12-12,UBSFY,2.6940484046936035
2012-12-13,UBSFY,2.6683719158172607
2012-12-14,UBSFY,2.573566675186157
2012-12-17,UBSFY,2.6031932830810547
2012-12-18,UBSFY,2.630844831466675
2012-12-19,UBSFY,2.6071436405181885
2012-12-20,UBSFY,2.5794920921325684
2012-12-21,UBSFY,2.5143134593963623
2012-12-24,UBSFY,2.528139114379883
2012-12-26,UBSFY,2.490612030029297
2012-12-27,UBSFY,2.508388042449951
2012-12-28,UBSFY,2.6071436405181885
2012-12-31,UBSFY,2.628869771957397
2013-01-02,UBSFY,2.6742970943450928
2013-01-03,UBSFY,2.6683719158172607
2013-01-04,UBSFY,2.589367389678955
2013-01-07,UBSFY,2.520238876342773
2013-01-08,UBSFY,2.447159767150879
2013-01-09,UBSFY,2.395807266235352
2013-01-10,UBSFY,2.3918566703796387
2013-01-11,UBSFY,2.508388042449951
2013-01-14,UBSFY,2.5301144123077397
2013-01-15,UBSFY,2.5360395908355717
2013-01-16,UBSFY,2.551840782165528
2013-01-17,UBSFY,2.6624467372894287
2013-01-18,UBSFY,2.5952930450439453
2013-01-22,UBSFY,2.512338399887085
2013-01-23,UBSFY,2.561716318130493
2013-01-24,UBSFY,2.532089233398437
2013-01-25,UBSFY,2.543940305709839
2013-01-28,UBSFY,2.6446707248687744
2013-01-29,UBSFY,2.6071436405181885
2013-01-30,UBSFY,2.4135830402374268
2013-01-31,UBSFY,2.4017322063446045
2013-02-01,UBSFY,2.378031015396118
2013-02-04,UBSFY,2.334578514099121
2013-02-05,UBSFY,2.3266780376434326
2013-02-06,UBSFY,2.316802501678467
2013-02-07,UBSFY,2.344454050064087
2013-02-08,UBSFY,2.3089022636413574
2013-02-11,UBSFY,2.3108773231506348
2013-02-12,UBSFY,2.2871758937835693
2013-02-13,UBSFY,2.301001787185669
2013-02-14,UBSFY,2.2773003578186035
2013-02-15,UBSFY,2.2496490478515625
2013-02-19,UBSFY,2.291126012802124
2013-02-20,UBSFY,2.283225774765014
2013-02-21,UBSFY,2.3247032165527344
2013-02-22,UBSFY,2.3760557174682617
2013-02-25,UBSFY,2.3701305389404297
2013-02-26,UBSFY,2.419508218765259
2013-02-27,UBSFY,2.409632921218872
2013-02-28,UBSFY,2.381981134414673
2013-03-01,UBSFY,2.395807266235352
2013-03-04,UBSFY,2.435309171676636
2013-03-05,UBSFY,2.45308518409729
2013-03-06,UBSFY,2.415558099746704
2013-03-07,UBSFY,2.510363340377808
2013-03-08,UBSFY,2.692073345184326
2013-03-11,UBSFY,2.763177394866944
2013-03-12,UBSFY,2.6881227493286133
2013-03-13,UBSFY,2.778977870941162
2013-03-14,UBSFY,2.7039239406585693
2013-03-15,UBSFY,2.7256500720977783
2013-03-18,UBSFY,2.7473764419555664
2013-03-19,UBSFY,2.719724655151367
2013-03-20,UBSFY,2.735525608062744
2013-03-21,UBSFY,2.7058990001678467
2013-03-22,UBSFY,2.711824417114258
2013-03-25,UBSFY,2.6742970943450928
2013-03-26,UBSFY,2.6663968563079834
2013-03-27,UBSFY,2.6979987621307373
2013-03-28,UBSFY,2.65454626083374
2013-04-01,UBSFY,2.5952930450439453
2013-04-02,UBSFY,2.6031932830810547
2013-04-03,UBSFY,2.5952930450439453
2013-04-04,UBSFY,2.6565213203430176
2013-04-05,UBSFY,2.6407203674316406
2013-04-08,UBSFY,2.69602370262146
2013-04-09,UBSFY,2.6841726303100586
2013-04-10,UBSFY,2.956737756729126
2013-04-11,UBSFY,2.89748477935791
2013-04-12,UBSFY,2.826380491256714
2013-04-15,UBSFY,2.857982397079468
2013-04-16,UBSFY,2.887609004974365
2013-04-17,UBSFY,2.8244054317474365
2013-04-18,UBSFY,2.8560073375701904
2013-04-19,UBSFY,2.885633707046509
2013-04-22,UBSFY,2.8955094814300537
2013-04-23,UBSFY,2.863907814025879
2013-04-24,UBSFY,2.8955094814300537
2013-04-25,UBSFY,2.8125550746917725
2013-04-26,UBSFY,2.632819890975952
2013-04-29,UBSFY,2.652571201324463
2013-04-30,UBSFY,2.7157745361328125
2013-05-01,UBSFY,2.636770248413086
2013-05-02,UBSFY,2.6940484046936035
2013-05-03,UBSFY,2.711824417114258
2013-05-06,UBSFY,2.707874298095703
2013-05-07,UBSFY,2.701948881149292
2013-05-08,UBSFY,2.729600191116333
2013-05-09,UBSFY,2.717749834060669
2013-05-10,UBSFY,2.650596141815185
2013-05-13,UBSFY,2.652571201324463
2013-05-14,UBSFY,2.6663968563079834
2013-05-15,UBSFY,2.832305908203125
2013-05-16,UBSFY,2.739475727081299
2013-05-17,UBSFY,2.719724655151367
2013-05-20,UBSFY,2.6940484046936035
2013-05-21,UBSFY,2.763177394866944
2013-05-22,UBSFY,2.664421796798706
2013-05-23,UBSFY,2.6170191764831543
2013-05-24,UBSFY,2.5755417346954346
2013-05-28,UBSFY,2.492587089538574
2013-05-29,UBSFY,2.462960720062256
2013-05-30,UBSFY,2.4827115535736084
2013-05-31,UBSFY,2.462960720062256
2013-06-03,UBSFY,2.447159767150879
2013-06-04,UBSFY,2.4728360176086426
2013-06-05,UBSFY,2.3800060749053955
2013-06-06,UBSFY,2.338528633117676
2013-06-07,UBSFY,2.421483278274536
2013-06-10,UBSFY,2.484686851501465
2013-06-11,UBSFY,2.423458337783813
2013-06-12,UBSFY,2.3918566703796387
2013-06-13,UBSFY,2.4985127449035645
2013-06-14,UBSFY,2.462960720062256
2013-06-17,UBSFY,2.6782474517822266
2013-06-18,UBSFY,2.7256500720977783
2013-06-19,UBSFY,2.804654359817505
2013-06-20,UBSFY,2.701948881149292
2013-06-21,UBSFY,2.755276679992676
2013-06-24,UBSFY,2.743426322937012
2013-06-25,UBSFY,2.69602370262146
2013-06-26,UBSFY,2.802679538726806
2013-06-27,UBSFY,2.7592267990112305
2013-06-28,UBSFY,2.89748477935791
2013-07-01,UBSFY,2.911310195922852
2013-07-02,UBSFY,2.830330848693848
2013-07-03,UBSFY,2.863907814025879
2013-07-05,UBSFY,2.931061267852783
2013-07-08,UBSFY,2.913285493850708
2013-07-09,UBSFY,2.9587130546569824
2013-07-10,UBSFY,2.984389305114746
2013-07-11,UBSFY,3.0199413299560547
2013-07-12,UBSFY,2.9982151985168457
2013-07-15,UBSFY,3.0021653175354004
2013-07-16,UBSFY,3.1206719875335693
2013-07-17,UBSFY,3.330033302307129
2013-07-18,UBSFY,3.2293026447296143
2013-07-19,UBSFY,3.30830717086792
2013-07-22,UBSFY,3.444589614868164
2013-07-23,UBSFY,3.4327392578125
2013-07-24,UBSFY,3.4268136024475098
2013-07-25,UBSFY,3.298431634902954
2013-07-26,UBSFY,3.258929491043091
2013-07-29,UBSFY,3.2075765132904053
2013-07-30,UBSFY,3.2451038360595703
2013-07-31,UBSFY,3.1206719875335693
2013-08-01,UBSFY,3.264854669570923
2013-08-02,UBSFY,3.2668299674987797
2013-08-05,UBSFY,3.2451038360595703
2013-08-06,UBSFY,3.351759672164917
2013-08-07,UBSFY,3.3063321113586426
2013-08-08,UBSFY,3.239178419113159
2013-08-09,UBSFY,3.2135019302368164
2013-08-12,UBSFY,3.1423981189727783
2013-08-13,UBSFY,3.150298595428467
2013-08-14,UBSFY,3.1265969276428223
2013-08-15,UBSFY,3.1127712726593018
2013-08-16,UBSFY,3.0673439502716064
2013-08-19,UBSFY,3.0949954986572266
2013-08-20,UBSFY,3.047592878341675
2013-08-21,UBSFY,3.0554933547973637
2013-08-22,UBSFY,3.0495681762695312
2013-08-23,UBSFY,3.031791925430298
2013-08-26,UBSFY,3.039692640304565
2013-08-27,UBSFY,3.081169605255127
2013-08-28,UBSFY,3.04364275932312
2013-08-29,UBSFY,2.98833966255188
2013-08-30,UBSFY,2.782928228378296
2013-09-03,UBSFY,2.903409957885742
2013-09-04,UBSFY,3.021916389465332
2013-09-05,UBSFY,2.9863643646240234
2013-09-06,UBSFY,2.865882873535156
2013-09-09,UBSFY,2.7256500720977783
2013-09-10,UBSFY,2.6663968563079834
2013-09-11,UBSFY,2.7098491191864014
2013-09-12,UBSFY,2.680222511291504
2013-09-13,UBSFY,2.676272392272949
2013-09-16,UBSFY,2.7098491191864014
2013-09-17,UBSFY,2.7157745361328125
2013-09-18,UBSFY,2.7691023349761963
2013-09-19,UBSFY,2.77305269241333
2013-09-20,UBSFY,2.848107099533081
2013-09-23,UBSFY,2.857982397079468
2013-09-24,UBSFY,2.875758171081543
2013-09-25,UBSFY,2.8836588859558105
2013-09-26,UBSFY,2.8441567420959477
2013-09-27,UBSFY,2.8500819206237797
2013-09-30,UBSFY,2.788853406906128
2013-10-01,UBSFY,2.8066296577453613
2013-10-02,UBSFY,2.7276253700256348
2013-10-03,UBSFY,2.731575489044189
2013-10-04,UBSFY,2.7770028114318848
2013-10-07,UBSFY,2.737500667572021
2013-10-08,UBSFY,2.733550310134888
2013-10-09,UBSFY,2.7710776329040527
2013-10-10,UBSFY,2.857982397079468
2013-10-11,UBSFY,2.863907814025879
2013-10-14,UBSFY,2.881683588027954
2013-10-15,UBSFY,2.8086047172546387
2013-10-16,UBSFY,2.857982397079468
2013-10-17,UBSFY,2.903409957885742
2013-10-18,UBSFY,2.8797085285186768
2013-10-21,UBSFY,2.9172356128692627
2013-10-22,UBSFY,2.89748477935791
2013-10-23,UBSFY,2.875758171081543
2013-10-24,UBSFY,2.911310195922852
2013-10-25,UBSFY,2.8678579330444336
2013-10-28,UBSFY,2.8797085285186768
2013-10-29,UBSFY,2.887609004974365
2013-10-30,UBSFY,2.7750277519226074
2013-10-31,UBSFY,2.767127513885498
2013-11-01,UBSFY,2.7710776329040527
2013-11-04,UBSFY,2.7750277519226074
2013-11-05,UBSFY,2.903409957885742
2013-11-06,UBSFY,2.9982151985168457
2013-11-07,UBSFY,2.938961982727051
2013-11-08,UBSFY,3.053518295288086
2013-11-11,UBSFY,3.010065793991089
2013-11-12,UBSFY,3.031791925430298
2013-11-13,UBSFY,3.1206719875335693
2013-11-14,UBSFY,3.096970558166504
2013-11-15,UBSFY,3.2293026447296143
2013-11-18,UBSFY,3.199676275253296
2013-11-19,UBSFY,3.2194273471832275
2013-11-20,UBSFY,3.217452049255371
2013-11-21,UBSFY,3.1819000244140625
2013-11-22,UBSFY,3.3181827068328857
2013-11-25,UBSFY,3.3280580043792725
2013-11-26,UBSFY,3.251029253005981
2013-11-27,UBSFY,3.1878256797790527
2013-11-29,UBSFY,3.1759748458862305
2013-12-02,UBSFY,3.1641242504119877
2013-12-03,UBSFY,3.039692640304565
2013-12-04,UBSFY,3.021916389465332
2013-12-05,UBSFY,3.0199413299560547
2013-12-06,UBSFY,3.0554933547973637
2013-12-09,UBSFY,3.04364275932312
2013-12-10,UBSFY,3.081169605255127
2013-12-11,UBSFY,3.0179662704467773
2013-12-12,UBSFY,3.033766984939575
2013-12-13,UBSFY,2.9922897815704346
2013-12-16,UBSFY,3.015990972518921
2013-12-17,UBSFY,3.015990972518921
2013-12-18,UBSFY,3.13449764251709
2013-12-19,UBSFY,3.2154769897460938
2013-12-20,UBSFY,3.249053955078125
2013-12-23,UBSFY,3.278680324554444
2013-12-24,UBSFY,3.278680324554444
2013-12-26,UBSFY,3.276705503463745
2013-12-27,UBSFY,3.304357051849365
2013-12-30,UBSFY,3.3063321113586426
2013-12-31,UBSFY,3.2944815158843994
2014-01-02,UBSFY,3.2688050270080566
2014-01-03,UBSFY,3.282630443572998
2014-01-06,UBSFY,3.3596599102020264
2014-01-07,UBSFY,3.3873116970062256
2014-01-08,UBSFY,3.6855530738830566
2014-01-09,UBSFY,3.6045737266540527
2014-01-10,UBSFY,3.742831230163574
2014-01-13,UBSFY,3.7349307537078857
2014-01-14,UBSFY,3.6855530738830566
2014-01-15,UBSFY,3.5986483097076416
2014-01-16,UBSFY,3.547295331954956
2014-01-17,UBSFY,2.942912101745605
2014-01-21,UBSFY,3.168074369430542
2014-01-22,UBSFY,3.298431634902954
2014-01-23,UBSFY,3.2312779426574707
2014-01-24,UBSFY,3.18980073928833
2014-01-27,UBSFY,3.179924964904785
2014-01-28,UBSFY,3.0554933547973637
2014-01-29,UBSFY,3.205601692199707
2014-01-30,UBSFY,2.9745137691497803
2014-01-31,UBSFY,2.8895843029022217
2014-02-03,UBSFY,2.891559362411499
2014-02-04,UBSFY,2.940937042236328
2014-02-05,UBSFY,2.792804002761841
2014-02-06,UBSFY,2.778977870941162
2014-02-07,UBSFY,2.794778823852539
2014-02-10,UBSFY,2.950812578201294
2014-02-11,UBSFY,2.956737756729126
2014-02-12,UBSFY,2.942912101745605
2014-02-13,UBSFY,2.863907814025879
2014-02-14,UBSFY,2.8678579330444336
2014-02-18,UBSFY,2.9764888286590576
2014-02-19,UBSFY,3.0298168659210205
2014-02-20,UBSFY,2.968588590621948
2014-02-21,UBSFY,3.012040853500366
2014-02-24,UBSFY,3.0357420444488525
2014-02-25,UBSFY,3.039692640304565
2014-02-26,UBSFY,3.1127712726593018
2014-02-27,UBSFY,3.021916389465332
2014-02-28,UBSFY,3.041667461395264
2014-03-03,UBSFY,3.0021653175354004
2014-03-04,UBSFY,3.0732691287994385
2014-03-05,UBSFY,3.0179662704467773
2014-03-06,UBSFY,3.021916389465332
2014-03-07,UBSFY,3.0080907344818115
2014-03-10,UBSFY,2.9369866847991943
2014-03-11,UBSFY,2.9369866847991943
2014-03-12,UBSFY,2.9271111488342285
2014-03-13,UBSFY,2.93303656578064
2014-03-14,UBSFY,2.891559362411499
2014-03-17,UBSFY,2.903409957885742
2014-03-18,UBSFY,2.857982397079468
2014-03-19,UBSFY,2.840206384658813
2014-03-20,UBSFY,2.810579776763916
2014-03-21,UBSFY,2.788853406906128
2014-03-24,UBSFY,2.931061267852783
2014-03-25,UBSFY,2.830330848693848
2014-03-26,UBSFY,2.8619325160980225
2014-03-27,UBSFY,2.838231325149536
2014-03-28,UBSFY,2.891559362411499
2014-03-31,UBSFY,2.940937042236328
2014-04-01,UBSFY,2.907360076904297
2014-04-02,UBSFY,2.885633707046509
2014-04-03,UBSFY,2.84218168258667
2014-04-04,UBSFY,2.8145298957824707
2014-04-07,UBSFY,2.820455312728882
2014-04-08,UBSFY,2.77305269241333
2014-04-09,UBSFY,2.761202096939087
2014-04-10,UBSFY,2.729600191116333
2014-04-11,UBSFY,2.670346975326538
2014-04-14,UBSFY,2.6663968563079834
2014-04-15,UBSFY,2.630844831466675
2014-04-16,UBSFY,2.648620843887329
2014-04-17,UBSFY,2.6940484046936035
2014-04-21,UBSFY,2.692073345184326
2014-04-22,UBSFY,2.6624467372894287
2014-04-23,UBSFY,2.6624467372894287
2014-04-24,UBSFY,2.6407203674316406
2014-04-25,UBSFY,2.57159161567688
2014-04-28,UBSFY,2.5814671516418457
2014-04-29,UBSFY,2.583442211151123
2014-04-30,UBSFY,2.583442211151123
2014-05-01,UBSFY,2.62689471244812
2014-05-02,UBSFY,2.646646022796631
2014-05-05,UBSFY,2.6565213203430176
2014-05-06,UBSFY,2.646646022796631
2014-05-07,UBSFY,2.6031932830810547
2014-05-08,UBSFY,2.5538156032562256
2014-05-09,UBSFY,2.5952930450439453
2014-05-12,UBSFY,2.6031932830810547
2014-05-13,UBSFY,2.65454626083374
2014-05-14,UBSFY,2.6565213203430176
2014-05-15,UBSFY,2.6663968563079834
2014-05-16,UBSFY,2.6565213203430176
2014-05-19,UBSFY,2.686147928237915
2014-05-20,UBSFY,2.733550310134888
2014-05-21,UBSFY,2.745401382446289
2014-05-22,UBSFY,2.7809531688690186
2014-05-23,UBSFY,2.8086047172546387
2014-05-27,UBSFY,2.8342809677124023
2014-05-28,UBSFY,2.8184802532196045
2014-05-29,UBSFY,2.8718080520629883
2014-05-30,UBSFY,2.875758171081543
2014-06-02,UBSFY,2.8678579330444336
2014-06-03,UBSFY,2.8718080520629883
2014-06-04,UBSFY,2.881683588027954
2014-06-05,UBSFY,2.848107099533081
2014-06-06,UBSFY,2.83625602722168
2014-06-09,UBSFY,2.8737833499908447
2014-06-10,UBSFY,2.854032278060913
2014-06-11,UBSFY,2.767127513885498
2014-06-12,UBSFY,2.753301858901977
2014-06-13,UBSFY,2.816505193710327
2014-06-16,UBSFY,2.89748477935791
2014-06-17,UBSFY,2.925135850906372
2014-06-18,UBSFY,3.0021653175354004
2014-06-19,UBSFY,3.006115436553955
2014-06-20,UBSFY,3.031791925430298
2014-06-23,UBSFY,2.978463888168335
2014-06-24,UBSFY,2.9863643646240234
2014-06-25,UBSFY,2.9606878757476807
2014-06-26,UBSFY,2.940937042236328
2014-06-27,UBSFY,2.9211857318878174
2014-06-30,UBSFY,2.9527876377105717
2014-07-01,UBSFY,2.9903149604797363
2014-07-02,UBSFY,3.0298168659210205
2014-07-03,UBSFY,3.0851199626922607
2014-07-07,UBSFY,3.1048710346221924
2014-07-08,UBSFY,3.0633935928344727
2014-07-09,UBSFY,3.0791945457458496
2014-07-10,UBSFY,3.004140615463257
2014-07-11,UBSFY,2.9764888286590576
2014-07-14,UBSFY,3.0357420444488525
2014-07-15,UBSFY,3.041667461395264
2014-07-16,UBSFY,3.0633935928344727
2014-07-17,UBSFY,3.0357420444488525
2014-07-18,UBSFY,3.0732691287994385
2014-07-21,UBSFY,3.051542997360229
2014-07-22,UBSFY,3.140423059463501
2014-07-23,UBSFY,3.114746570587158
2014-07-24,UBSFY,3.065368890762329
2014-07-25,UBSFY,3.0791945457458496
2014-07-28,UBSFY,3.004140615463257
2014-07-29,UBSFY,2.984389305114746
2014-07-30,UBSFY,2.8342809677124023
2014-07-31,UBSFY,2.731575489044189
2014-08-01,UBSFY,2.7157745361328125
2014-08-04,UBSFY,2.701948881149292
2014-08-05,UBSFY,2.658496379852295
2014-08-06,UBSFY,2.658496379852295
2014-08-07,UBSFY,2.646646022796631
2014-08-08,UBSFY,2.636770248413086
2014-08-11,UBSFY,2.65454626083374
2014-08-12,UBSFY,2.628869771957397
2014-08-13,UBSFY,2.642695665359497
2014-08-14,UBSFY,2.660471677780152
2014-08-15,UBSFY,2.721699953079224
2014-08-18,UBSFY,2.8342809677124023
2014-08-19,UBSFY,2.80070424079895
2014-08-20,UBSFY,2.767127513885498
2014-08-21,UBSFY,2.763177394866944
2014-08-22,UBSFY,2.751326560974121
2014-08-25,UBSFY,2.7710776329040527
2014-08-26,UBSFY,2.743426322937012
2014-08-27,UBSFY,2.735525608062744
2014-08-28,UBSFY,2.707874298095703
2014-08-29,UBSFY,2.743426322937012
2014-09-02,UBSFY,2.8244054317474365
2014-09-03,UBSFY,2.798729419708252
2014-09-04,UBSFY,2.794778823852539
2014-09-05,UBSFY,2.7967541217803955
2014-09-08,UBSFY,2.745401382446289
2014-09-09,UBSFY,2.711824417114258
2014-09-10,UBSFY,2.767127513885498
2014-09-11,UBSFY,2.755276679992676
2014-09-12,UBSFY,2.721699953079224
2014-09-15,UBSFY,2.717749834060669
2014-09-16,UBSFY,2.7967541217803955
2014-09-17,UBSFY,2.7473764419555664
2014-09-18,UBSFY,2.778977870941162
2014-09-19,UBSFY,2.751326560974121
2014-09-22,UBSFY,2.782928228378296
2014-09-23,UBSFY,2.7592267990112305
2014-09-24,UBSFY,2.723674774169922
2014-09-25,UBSFY,2.7157745361328125
2014-09-26,UBSFY,2.7256500720977783
2014-09-29,UBSFY,2.686147928237915
2014-09-30,UBSFY,2.6841726303100586
2014-10-01,UBSFY,2.632819890975952
2014-10-02,UBSFY,2.593317985534668
2014-10-03,UBSFY,2.589367389678955
2014-10-06,UBSFY,2.624919414520264
2014-10-07,UBSFY,2.589367389678955
2014-10-08,UBSFY,2.615044116973877
2014-10-09,UBSFY,2.5597410202026367
2014-10-10,UBSFY,2.528139114379883
2014-10-13,UBSFY,2.506413221359253
2014-10-14,UBSFY,2.534064531326294
2014-10-15,UBSFY,2.524188995361328
2014-10-16,UBSFY,2.486661672592163
2014-10-17,UBSFY,2.502462863922119
2014-10-20,UBSFY,2.524188995361328
2014-10-21,UBSFY,2.5577657222747803
2014-10-22,UBSFY,2.5696165561676025
2014-10-23,UBSFY,2.57159161567688
2014-10-24,UBSFY,2.512338399887085
2014-10-27,UBSFY,2.549865484237671
2014-10-28,UBSFY,2.5478904247283936
2014-10-29,UBSFY,2.7256500720977783
2014-10-30,UBSFY,2.555790901184082
2014-10-31,UBSFY,2.699973821640014
2014-11-03,UBSFY,2.723674774169922
2014-11-04,UBSFY,2.660471677780152
2014-11-05,UBSFY,2.6624467372894287
2014-11-06,UBSFY,2.620969295501709
2014-11-07,UBSFY,2.593317985534668
2014-11-10,UBSFY,2.5972683429718018
2014-11-11,UBSFY,2.646646022796631
2014-11-12,UBSFY,2.676272392272949
2014-11-13,UBSFY,2.6683719158172607
2014-11-14,UBSFY,2.719724655151367
2014-11-17,UBSFY,2.6821978092193604
2014-11-18,UBSFY,2.745401382446289
2014-11-19,UBSFY,2.692073345184326
2014-11-20,UBSFY,2.6900980472564697
2014-11-21,UBSFY,2.7256500720977783
2014-11-24,UBSFY,2.723674774169922
2014-11-25,UBSFY,2.761202096939087
2014-11-26,UBSFY,2.854032278060913
2014-11-28,UBSFY,2.863907814025879
2014-12-01,UBSFY,2.9271111488342285
2014-12-02,UBSFY,2.8718080520629883
2014-12-03,UBSFY,2.911310195922852
2014-12-04,UBSFY,2.8737833499908447
2014-12-05,UBSFY,2.8461318016052246
2014-12-08,UBSFY,2.798729419708252
2014-12-09,UBSFY,2.7710776329040527
2014-12-10,UBSFY,2.792804002761841
2014-12-11,UBSFY,2.7691023349761963
2014-12-12,UBSFY,2.7157745361328125
2014-12-15,UBSFY,2.680222511291504
2014-12-16,UBSFY,2.62689471244812
2014-12-17,UBSFY,2.618994235992432
2014-12-18,UBSFY,2.660471677780152
2014-12-19,UBSFY,2.620969295501709
2014-12-22,UBSFY,2.6071436405181885
2014-12-23,UBSFY,2.615044116973877
2014-12-24,UBSFY,2.628869771957397
2014-12-26,UBSFY,2.632819890975952
2014-12-29,UBSFY,2.5854172706604004
2014-12-30,UBSFY,2.5696165561676025
2014-12-31,UBSFY,2.5577657222747803
2015-01-02,UBSFY,2.5755417346954346
2015-01-05,UBSFY,2.506413221359253
2015-01-06,UBSFY,2.443209409713745
2015-01-07,UBSFY,2.4708611965179443
2015-01-08,UBSFY,2.528139114379883
2015-01-09,UBSFY,2.510363340377808
2015-01-12,UBSFY,2.5143134593963623
2015-01-13,UBSFY,2.545915365219116
2015-01-14,UBSFY,2.462960720062256
2015-01-15,UBSFY,2.524188995361328
2015-01-16,UBSFY,2.5380146503448486
2015-01-20,UBSFY,2.528139114379883
2015-01-21,UBSFY,2.5360395908355717
2015-01-22,UBSFY,2.5301144123077397
2015-01-23,UBSFY,2.502462863922119
2015-01-26,UBSFY,2.5301144123077397
2015-01-27,UBSFY,2.545915365219116
2015-01-28,UBSFY,2.45308518409729
2015-01-29,UBSFY,2.3484044075012207
2015-01-30,UBSFY,2.378031015396118
2015-02-02,UBSFY,2.4116077423095703
2015-02-03,UBSFY,2.3898816108703613
2015-02-04,UBSFY,2.378031015396118
2015-02-05,UBSFY,2.393831729888916
2015-02-06,UBSFY,2.4550602436065674
2015-02-09,UBSFY,2.419508218765259
2015-02-10,UBSFY,2.449135065078736
2015-02-11,UBSFY,2.443209409713745
2015-02-12,UBSFY,2.449135065078736
2015-02-13,UBSFY,2.4511101245880127
2015-02-17,UBSFY,2.437283992767334
2015-02-18,UBSFY,2.4827115535736084
2015-02-19,UBSFY,2.5044379234313965
2015-02-20,UBSFY,2.522213697433472
2015-02-23,UBSFY,2.526164293289185
2015-02-24,UBSFY,2.522213697433472
2015-02-25,UBSFY,2.534064531326294
2015-02-26,UBSFY,2.5696165561676025
2015-02-27,UBSFY,2.634794950485229
2015-03-02,UBSFY,2.6663968563079834
2015-03-03,UBSFY,2.6663968563079834
2015-03-04,UBSFY,2.664421796798706
2015-03-05,UBSFY,2.7868783473968506
2015-03-06,UBSFY,2.8145298957824707
2015-03-09,UBSFY,2.8184802532196045
2015-03-10,UBSFY,2.7276253700256348
2015-03-11,UBSFY,2.699973821640014
2015-03-12,UBSFY,2.753301858901977
2015-03-13,UBSFY,2.77305269241333
2015-03-16,UBSFY,2.822430372238159
2015-03-17,UBSFY,3.5986483097076416
2015-03-18,UBSFY,4.374865531921387
2015-03-19,UBSFY,3.87121319770813
2015-03-20,UBSFY,3.6914782524108887
2015-03-23,UBSFY,3.7922089099884033
2015-03-24,UBSFY,3.6835780143737793
2015-03-25,UBSFY,3.7941839694976807
2015-03-26,UBSFY,3.6855530738830566
2015-03-27,UBSFY,3.768507480621338
2015-03-30,UBSFY,3.736905813217163
2015-03-31,UBSFY,3.640125751495361
2015-04-01,UBSFY,3.6974036693573
2015-04-02,UBSFY,3.6262996196746826
2015-04-06,UBSFY,3.8791136741638175
2015-04-07,UBSFY,3.938366889953613
2015-04-08,UBSFY,3.908740282058716
2015-04-09,UBSFY,3.875163316726685
2015-04-10,UBSFY,3.89886474609375
2015-04-13,UBSFY,4.019346714019775
2015-04-14,UBSFY,3.995644807815552
2015-04-15,UBSFY,4.116127014160156
2015-04-16,UBSFY,4.266234874725342
2015-04-17,UBSFY,4.197105884552002
2015-04-20,UBSFY,4.216857433319092
2015-04-21,UBSFY,4.284010410308838
2015-04-22,UBSFY,4.321537971496582
2015-04-23,UBSFY,4.195130825042725
2015-04-24,UBSFY,4.31561279296875
2015-04-27,UBSFY,4.2524094581604
2015-04-28,UBSFY,4.394617080688477
2015-04-29,UBSFY,4.305737495422363
2015-04-30,UBSFY,4.15562915802002
2015-05-01,UBSFY,4.18525505065918
2015-05-04,UBSFY,4.206982135772705
2015-05-05,UBSFY,4.124027252197266
2015-05-06,UBSFY,4.104276180267334
2015-05-07,UBSFY,4.376841068267822
2015-05-08,UBSFY,4.422268867492676
2015-05-11,UBSFY,4.236608505249023
2015-05-12,UBSFY,4.2642598152160645
2015-05-13,UBSFY,4.560525894165039
2015-05-14,UBSFY,4.67113208770752
2015-05-15,UBSFY,4.716559886932373
2015-05-18,UBSFY,4.596077919006348
2015-05-19,UBSFY,4.493372440338135
2015-05-20,UBSFY,4.440044403076172
2015-05-21,UBSFY,4.406467914581299
2015-05-22,UBSFY,4.347214221954346
2015-05-26,UBSFY,4.234633445739746
2015-05-27,UBSFY,4.161554336547852
2015-05-28,UBSFY,4.141802787780762
2015-05-29,UBSFY,4.179329872131348
2015-06-01,UBSFY,4.26030969619751
2015-06-02,UBSFY,4.165504455566406
2015-06-03,UBSFY,4.167479038238525
2015-06-04,UBSFY,4.18525505065918
2015-06-05,UBSFY,4.118102073669434
2015-06-08,UBSFY,4.092425346374512
2015-06-09,UBSFY,4.033172130584717
2015-06-10,UBSFY,4.078599452972412
2015-06-11,UBSFY,4.005520820617676
2015-06-12,UBSFY,4.078599452972412
2015-06-15,UBSFY,4.050948143005371
2015-06-16,UBSFY,4.074649333953857
2015-06-17,UBSFY,3.962068319320679
2015-06-18,UBSFY,3.942317247390747
2015-06-19,UBSFY,3.948242425918579
2015-06-22,UBSFY,4.056873321533203
2015-06-23,UBSFY,4.2050065994262695
2015-06-24,UBSFY,4.133902549743652
2015-06-25,UBSFY,4.297837257385254
2015-06-26,UBSFY,4.376841068267822
2015-06-29,UBSFY,4.203031539916992
2015-06-30,UBSFY,4.143778324127197
2015-07-01,UBSFY,4.250433921813965
2015-07-02,UBSFY,4.218832492828369
2015-07-06,UBSFY,4.108226299285889
2015-07-07,UBSFY,4.104276180267334
2015-07-08,UBSFY,3.950217485427856
2015-07-09,UBSFY,3.995644807815552
2015-07-10,UBSFY,3.9660181999206543
2015-07-13,UBSFY,4.003545761108398
2015-07-14,UBSFY,3.9719433784484863
2015-07-15,UBSFY,4.045022964477539
2015-07-16,UBSFY,4.206982135772705
2015-07-17,UBSFY,4.268209934234619
2015-07-20,UBSFY,4.2761101722717285
2015-07-21,UBSFY,4.325488567352295
2015-07-22,UBSFY,4.282035827636719
2015-07-23,UBSFY,4.321537971496582
2015-07-24,UBSFY,4.285985946655273
2015-07-27,UBSFY,4.114151477813721
2015-07-28,UBSFY,4.15562915802002
2015-07-29,UBSFY,4.522999286651611
2015-07-30,UBSFY,4.430169105529785
2015-07-31,UBSFY,4.347214221954346
2015-08-03,UBSFY,4.4044928550720215
2015-08-04,UBSFY,4.42029333114624
2015-08-05,UBSFY,4.582252025604248
2015-08-06,UBSFY,4.515099048614502
2015-08-07,UBSFY,4.602003574371338
2015-08-10,UBSFY,4.888394355773926
2015-08-11,UBSFY,4.831116199493408
2015-08-12,UBSFY,4.803464412689209
2015-08-13,UBSFY,4.803464412689209
2015-08-14,UBSFY,4.787663459777832
2015-08-17,UBSFY,4.888394355773926
2015-08-18,UBSFY,4.898270130157471
2015-08-19,UBSFY,4.9199957847595215
2015-08-20,UBSFY,4.878518581390381
2015-08-21,UBSFY,4.633605003356934
2015-08-24,UBSFY,4.4044928550720215
2015-08-25,UBSFY,4.639530658721924
2015-08-26,UBSFY,4.975298881530762
2015-08-27,UBSFY,4.894319534301758
2015-08-28,UBSFY,4.908145427703857
2015-08-31,UBSFY,5.060228824615479
2015-09-01,UBSFY,4.7955641746521
2015-09-02,UBSFY,4.904195308685303
2015-09-03,UBSFY,4.854817390441895
2015-09-04,UBSFY,4.732360363006592
2015-09-08,UBSFY,4.7303853034973145
2015-09-09,UBSFY,4.71260929107666
2015-09-10,UBSFY,4.777787685394287
2015-09-11,UBSFY,4.708659648895264
2015-09-14,UBSFY,4.686932563781738
2015-09-15,UBSFY,4.688908100128174
2015-09-16,UBSFY,4.4815216064453125
2015-09-17,UBSFY,4.325488567352295
2015-09-18,UBSFY,4.2524094581604
2015-09-21,UBSFY,4.295861721038818
2015-09-22,UBSFY,4.228708267211914
2015-09-23,UBSFY,4.230682849884033
2015-09-24,UBSFY,4.145753383636475
2015-09-25,UBSFY,4.206982135772705
2015-09-28,UBSFY,4.078599452972412
2015-09-29,UBSFY,4.01737117767334
2015-09-30,UBSFY,4.141802787780762
2015-10-01,UBSFY,4.2524094581604
2015-10-02,UBSFY,4.323513031005859
2015-10-05,UBSFY,4.442019939422607
2015-10-06,UBSFY,4.388691425323486
2015-10-07,UBSFY,4.335363864898682
2015-10-08,UBSFY,4.303761959075928
2015-10-09,UBSFY,4.363015651702881
2015-10-12,UBSFY,4.37091588973999
2015-10-13,UBSFY,4.50324821472168
2015-10-14,UBSFY,4.414368152618408
2015-10-15,UBSFY,4.584227561950684
2015-10-16,UBSFY,4.71853494644165
2015-10-19,UBSFY,4.811365127563477
2015-10-20,UBSFY,4.783713340759277
2015-10-21,UBSFY,4.797539234161377
2015-10-22,UBSFY,4.807415008544922
2015-10-23,UBSFY,4.862717628479004
2015-10-26,UBSFY,4.910120487213135
2015-10-27,UBSFY,4.756062030792236
2015-10-28,UBSFY,4.811365127563477
2015-10-29,UBSFY,4.248458862304688
2015-10-30,UBSFY,3.9936699867248535
2015-11-02,UBSFY,4.035147190093994
2015-11-03,UBSFY,4.021321773529053
2015-11-04,UBSFY,4.021321773529053
2015-11-05,UBSFY,4.050948143005371
2015-11-06,UBSFY,4.046998023986816
2015-11-09,UBSFY,4.12797737121582
2015-11-10,UBSFY,4.084525108337402
2015-11-11,UBSFY,4.106251239776611
2015-11-12,UBSFY,3.991694450378418
2015-11-13,UBSFY,4.021321773529053
2015-11-16,UBSFY,3.938366889953613
2015-11-17,UBSFY,3.867262840270996
2015-11-18,UBSFY,3.8850390911102295
2015-11-19,UBSFY,3.8573873043060303
2015-11-20,UBSFY,3.887014150619507
2015-11-23,UBSFY,3.867262840270996
2015-11-24,UBSFY,3.8850390911102295
2015-11-25,UBSFY,3.922565698623657
2015-11-27,UBSFY,3.859362602233887
2015-11-30,UBSFY,3.778383255004883
2015-12-01,UBSFY,3.841586828231812
2015-12-02,UBSFY,3.839611530303955
2015-12-03,UBSFY,3.806034803390503
2015-12-04,UBSFY,3.819860219955444
2015-12-07,UBSFY,3.784308433532715
2015-12-08,UBSFY,3.6519761085510254
2015-12-09,UBSFY,3.7132043838500977
2015-12-10,UBSFY,3.687528133392334
2015-12-11,UBSFY,3.576921939849853
2015-12-14,UBSFY,3.574946641921997
2015-12-15,UBSFY,3.468291044235229
2015-12-16,UBSFY,3.5018677711486816
2015-12-17,UBSFY,3.428788661956787
2015-12-18,UBSFY,3.3715107440948486
2015-12-21,UBSFY,3.339909076690674
2015-12-22,UBSFY,3.302381992340088
2015-12-23,UBSFY,3.330033302307129
2015-12-24,UBSFY,3.2846059799194336
2015-12-28,UBSFY,3.355709791183472
2015-12-29,UBSFY,3.48804235458374
2015-12-30,UBSFY,3.411012887954712
2015-12-31,UBSFY,3.4090375900268555
2016-01-04,UBSFY,3.407062768936157
2016-01-05,UBSFY,3.270780086517334
2016-01-06,UBSFY,3.108821153640747
2016-01-07,UBSFY,3.156224012374878
2016-01-08,UBSFY,3.1700496673583984
2016-01-11,UBSFY,3.1641242504119877
2016-01-12,UBSFY,3.059443473815918
2016-01-13,UBSFY,3.154248714447021
2016-01-14,UBSFY,3.1325223445892334
2016-01-15,UBSFY,3.0673439502716064
2016-01-19,UBSFY,3.361635208129883
2016-01-20,UBSFY,3.122646808624268
2016-01-21,UBSFY,3.1720244884490967
2016-01-22,UBSFY,3.365585327148437
2016-01-25,UBSFY,3.2747302055358887
2016-01-26,UBSFY,3.355709791183472
2016-01-27,UBSFY,3.270780086517334
2016-01-28,UBSFY,3.25300407409668
2016-01-29,UBSFY,3.470266103744507
2016-02-01,UBSFY,3.515693426132202
2016-02-02,UBSFY,3.618399143218994
2016-02-03,UBSFY,3.486067056655884
2016-02-04,UBSFY,3.576921939849853
2016-02-05,UBSFY,3.5275442600250244
2016-02-08,UBSFY,3.572971820831299
2016-02-09,UBSFY,3.3971872329711914
2016-02-10,UBSFY,3.3063321113586426
2016-02-11,UBSFY,3.278680324554444
2016-02-12,UBSFY,3.256954431533813
2016-02-16,UBSFY,3.411012887954712
2016-02-17,UBSFY,3.4268136024475098
2016-02-18,UBSFY,3.5275442600250244
2016-02-19,UBSFY,3.4939675331115723
2016-02-22,UBSFY,3.6322250366210938
2016-02-23,UBSFY,3.563096284866333
2016-02-24,UBSFY,3.557170867919922
2016-02-25,UBSFY,3.5650711059570312
2016-02-26,UBSFY,3.2944815158843994
2016-02-29,UBSFY,3.4347143173217773
2016-03-01,UBSFY,3.416938066482544
2016-03-02,UBSFY,3.460390567779541
2016-03-03,UBSFY,3.569021463394165
2016-03-04,UBSFY,3.594698190689087
2016-03-07,UBSFY,3.4129879474639893
2016-03-08,UBSFY,3.4347143173217773
2016-03-09,UBSFY,3.4623656272888184
2016-03-10,UBSFY,3.470266103744507
2016-03-11,UBSFY,3.5295190811157227
2016-03-14,UBSFY,3.45446515083313
2016-03-15,UBSFY,3.4366893768310547
2016-03-16,UBSFY,3.45446515083313
2016-03-17,UBSFY,3.450515031814575
2016-03-18,UBSFY,3.4406394958496094
2016-03-21,UBSFY,3.4248385429382324
2016-03-22,UBSFY,3.624324560165405
2016-03-23,UBSFY,3.578896999359131
2016-03-24,UBSFY,3.6835780143737793
2016-03-28,UBSFY,3.6855530738830566
2016-03-29,UBSFY,3.730980634689331
2016-03-30,UBSFY,3.5867977142333984
2016-03-31,UBSFY,3.5058181285858154
2016-04-01,UBSFY,3.4208884239196777
2016-04-04,UBSFY,3.395211935043335
2016-04-05,UBSFY,3.3438591957092285
2016-04-06,UBSFY,3.385336637496948
2016-04-07,UBSFY,3.464340686798096
2016-04-08,UBSFY,3.578896999359131
2016-04-11,UBSFY,3.612473964691162
2016-04-12,UBSFY,3.732955694198608
2016-04-13,UBSFY,3.7013537883758554
2016-04-14,UBSFY,3.764557361602783
2016-04-15,UBSFY,3.764557361602783
2016-04-18,UBSFY,3.796159267425537
2016-04-19,UBSFY,3.8692378997802734
2016-04-20,UBSFY,3.932441711425781
2016-04-21,UBSFY,3.888989210128784
2016-04-22,UBSFY,3.8317112922668457
2016-04-25,UBSFY,3.730980634689331
2016-04-26,UBSFY,3.6974036693573
2016-04-27,UBSFY,3.5551958084106445
2016-04-28,UBSFY,3.3774359226226807
2016-04-29,UBSFY,3.369535446166992
2016-05-02,UBSFY,3.450515031814575
2016-05-03,UBSFY,3.4465649127960205
2016-05-04,UBSFY,3.416938066482544
2016-05-05,UBSFY,3.4268136024475098
2016-05-06,UBSFY,3.4564404487609863
2016-05-09,UBSFY,3.4781665802001958
2016-05-10,UBSFY,3.472241163253784
2016-05-11,UBSFY,3.438664674758911
2016-05-12,UBSFY,3.515693426132202
2016-05-13,UBSFY,3.4939675331115723
2016-05-16,UBSFY,3.563096284866333
2016-05-17,UBSFY,3.588772773742676
2016-05-18,UBSFY,3.624324560165405
2016-05-19,UBSFY,3.638150453567505
2016-05-20,UBSFY,3.653951406478882
2016-05-23,UBSFY,3.618399143218994
2016-05-24,UBSFY,3.5867977142333984
2016-05-25,UBSFY,3.618399143218994
2016-05-26,UBSFY,3.588772773742676
2016-05-27,UBSFY,3.5551958084106445
2016-05-31,UBSFY,3.622349500656128
2016-06-01,UBSFY,3.5986483097076416
2016-06-02,UBSFY,3.567046403884888
2016-06-03,UBSFY,3.5828473567962646
2016-06-06,UBSFY,3.6460506916046143
2016-06-07,UBSFY,3.72505521774292
2016-06-08,UBSFY,3.8218352794647217
2016-06-09,UBSFY,3.742831230163574
2016-06-10,UBSFY,3.653951406478882
2016-06-13,UBSFY,3.557170867919922
2016-06-14,UBSFY,3.519643783569336
2016-06-15,UBSFY,3.5117433071136475
2016-06-16,UBSFY,3.4900171756744385
2016-06-17,UBSFY,3.4781665802001958
2016-06-20,UBSFY,3.5453202724456787
2016-06-21,UBSFY,3.553220748901367
2016-06-22,UBSFY,3.4959425926208496
2016-06-23,UBSFY,3.5216188430786133
2016-06-24,UBSFY,3.4090375900268555
2016-06-27,UBSFY,3.320157766342163
2016-06-28,UBSFY,3.383361577987671
2016-06-29,UBSFY,3.5117433071136475
2016-06-30,UBSFY,3.5117433071136475
2016-07-01,UBSFY,3.5058181285858154
2016-07-05,UBSFY,3.4564404487609863
2016-07-06,UBSFY,3.482116937637329
2016-07-07,UBSFY,3.715179681777954
2016-07-08,UBSFY,4.094400405883789
2016-07-11,UBSFY,5.471051216125488
2016-07-12,UBSFY,5.449325084686279
2016-07-13,UBSFY,5.239964008331299
2016-07-14,UBSFY,6.033957481384277
2016-07-15,UBSFY,6.5929131507873535
2016-07-18,UBSFY,7.3809814453125
2016-07-19,UBSFY,7.080765247344971
2016-07-20,UBSFY,6.679818153381348
2016-07-21,UBSFY,6.403303146362305
2016-07-22,UBSFY,5.727815628051758
2016-07-25,UBSFY,5.066154003143311
2016-07-26,UBSFY,5.439449310302734
2016-07-27,UBSFY,5.182685375213623
2016-07-28,UBSFY,4.939746856689453
2016-07-29,UBSFY,5.091830730438232
2016-08-01,UBSFY,5.036527156829834
2016-08-02,UBSFY,5.040477752685547
2016-08-03,UBSFY,5.210337162017822
2016-08-04,UBSFY,5.20441198348999
2016-08-05,UBSFY,5.099730968475342
2016-08-08,UBSFY,5.141208171844482
2016-08-09,UBSFY,5.5145039558410645
2016-08-10,UBSFY,5.583632469177246
2016-08-11,UBSFY,5.595483303070068
2016-08-12,UBSFY,5.417723655700684
2016-08-15,UBSFY,5.368345260620117
2016-08-16,UBSFY,5.332793712615967
2016-08-17,UBSFY,5.532279968261719
2016-08-18,UBSFY,5.644860744476318
2016-08-19,UBSFY,5.49672794342041
2016-08-22,UBSFY,5.587583065032959
2016-08-23,UBSFY,5.532279968261719
2016-08-24,UBSFY,5.439449310302734
2016-08-25,UBSFY,5.423648834228516
2016-08-26,UBSFY,5.313042640686035
2016-08-29,UBSFY,5.397972583770752
2016-08-30,UBSFY,5.3367438316345215
2016-08-31,UBSFY,5.388096809387207
2016-09-01,UBSFY,5.532279968261719
2016-09-02,UBSFY,5.696214199066162
2016-09-06,UBSFY,5.5698065757751465
2016-09-07,UBSFY,7.173595428466797
2016-09-08,UBSFY,6.691668510437012
2016-09-09,UBSFY,6.49810791015625
2016-09-12,UBSFY,6.5474853515625
2016-09-13,UBSFY,6.1919660568237305
2016-09-14,UBSFY,6.241343975067139
2016-09-15,UBSFY,6.539585113525391
2016-09-16,UBSFY,6.4586052894592285
2016-09-19,UBSFY,6.492182731628418
2016-09-20,UBSFY,6.612664222717285
2016-09-21,UBSFY,6.596863269805908
2016-09-22,UBSFY,6.6640167236328125
2016-09-23,UBSFY,6.61661434173584
2016-09-26,UBSFY,6.513908863067627
2016-09-27,UBSFY,6.598838806152344
2016-09-28,UBSFY,6.6640167236328125
2016-09-29,UBSFY,6.559336185455322
2016-09-30,UBSFY,6.513908863067627
2016-10-03,UBSFY,6.417128562927246
2016-10-04,UBSFY,6.298621654510498
2016-10-05,UBSFY,6.427003860473633
2016-10-06,UBSFY,6.280846118927002
2016-10-07,UBSFY,6.355899810791016
2016-10-10,UBSFY,6.403303146362305
2016-10-11,UBSFY,6.25516939163208
2016-10-12,UBSFY,6.164314270019531
2016-10-13,UBSFY,6.166289329528809
2016-10-14,UBSFY,6.324297904968262
2016-10-17,UBSFY,6.168264389038086
2016-10-18,UBSFY,6.247269153594971
2016-10-19,UBSFY,6.239368438720703
2016-10-20,UBSFY,6.39342737197876
2016-10-21,UBSFY,6.0181565284729
2016-10-24,UBSFY,5.745591163635254
2016-10-25,UBSFY,5.842371463775635
2016-10-26,UBSFY,5.536229610443115
2016-10-27,UBSFY,5.856197357177734
2016-10-28,UBSFY,5.958902835845947
2016-10-31,UBSFY,5.9431023597717285
2016-11-01,UBSFY,5.945077419281006
2016-11-02,UBSFY,5.974703788757324
2016-11-03,UBSFY,5.990505218505859
2016-11-04,UBSFY,5.812745571136475
2016-11-07,UBSFY,5.826570987701416
2016-11-08,UBSFY,5.773242950439453
2016-11-09,UBSFY,5.686338424682617
2016-11-10,UBSFY,5.676462650299072
2016-11-11,UBSFY,5.621159553527832
2016-11-14,UBSFY,5.613259315490723
2016-11-15,UBSFY,5.68436336517334
2016-11-16,UBSFY,5.757441997528076
2016-11-17,UBSFY,5.952977657318115
2016-11-18,UBSFY,6.022106647491455
2016-11-21,UBSFY,6.178140640258789
2016-11-22,UBSFY,6.300597190856934
2016-11-23,UBSFY,6.320348262786865
2016-11-25,UBSFY,6.120862007141113
2016-11-28,UBSFY,6.158389091491699
2016-11-29,UBSFY,6.166289329528809
2016-11-30,UBSFY,6.089260578155518
2016-12-01,UBSFY,5.98260498046875
2016-12-02,UBSFY,5.848297119140625
2016-12-05,UBSFY,5.911500930786133
2016-12-06,UBSFY,6.053708553314209
2016-12-07,UBSFY,6.120862007141113
2016-12-08,UBSFY,6.189990997314453
2016-12-09,UBSFY,6.340099334716797
2016-12-12,UBSFY,6.33812427520752
2016-12-13,UBSFY,6.166289329528809
2016-12-14,UBSFY,5.994455337524414
2016-12-15,UBSFY,5.798919677734375
2016-12-16,UBSFY,5.354519844055176
2016-12-19,UBSFY,5.14318323135376
2016-12-20,UBSFY,5.216262340545654
2016-12-21,UBSFY,5.081954479217529
2016-12-22,UBSFY,4.860742568969727
2016-12-23,UBSFY,4.945672035217285
2016-12-27,UBSFY,5.151083469390869
2016-12-28,UBSFY,5.087880611419678
2016-12-29,UBSFY,5.123432636260986
2016-12-30,UBSFY,5.1254072189331055
2017-01-03,UBSFY,5.172809600830078
2017-01-04,UBSFY,5.166884422302246
2017-01-05,UBSFY,5.103681564331055
2017-01-06,UBSFY,5.135282516479492
2017-01-09,UBSFY,5.151083469390869
2017-01-10,UBSFY,5.332793712615967
2017-01-11,UBSFY,5.425623893737793
2017-01-12,UBSFY,5.451300144195557
2017-01-13,UBSFY,5.105656623840332
2017-01-17,UBSFY,5.158984184265137
2017-01-18,UBSFY,5.079979419708252
2017-01-19,UBSFY,5.160958766937256
2017-01-20,UBSFY,5.087880611419678
2017-01-23,UBSFY,5.12935733795166
2017-01-24,UBSFY,5.127382278442383
2017-01-25,UBSFY,5.1846604347229
2017-01-26,UBSFY,5.0977559089660645
2017-01-27,UBSFY,5.014801502227783
2017-01-30,UBSFY,5.01875114440918
2017-01-31,UBSFY,4.884443759918213
2017-02-01,UBSFY,4.937771797180176
2017-02-02,UBSFY,4.95554780960083
2017-02-03,UBSFY,5.273540496826172
2017-02-06,UBSFY,5.216262340545654
2017-02-07,UBSFY,5.1096062660217285
2017-02-08,UBSFY,5.1096062660217285
2017-02-09,UBSFY,5.14318323135376
2017-02-10,UBSFY,5.141208171844482
2017-02-13,UBSFY,5.0977559089660645
2017-02-14,UBSFY,5.040477752685547
2017-02-15,UBSFY,4.8923444747924805
2017-02-16,UBSFY,5.01085090637207
2017-02-17,UBSFY,5.070104122161865
2017-02-21,UBSFY,5.050353050231934
2017-02-22,UBSFY,5.072079181671143
2017-02-23,UBSFY,5.054303169250488
2017-02-24,UBSFY,5.172809600830078
2017-02-27,UBSFY,5.20441198348999
2017-02-28,UBSFY,5.157009124755859
2017-03-01,UBSFY,5.099730968475342
2017-03-02,UBSFY,4.951597690582275
2017-03-03,UBSFY,5.14318323135376
2017-03-06,UBSFY,5.281440734863281
2017-03-07,UBSFY,5.463150978088379
2017-03-08,UBSFY,5.384146690368652
2017-03-09,UBSFY,5.305142402648926
2017-03-10,UBSFY,5.30316686630249
2017-03-13,UBSFY,5.364395618438721
2017-03-14,UBSFY,5.332793712615967
2017-03-15,UBSFY,5.411798000335693
2017-03-16,UBSFY,5.478951454162598
2017-03-17,UBSFY,5.7376909255981445
2017-03-20,UBSFY,5.808794975280762
2017-03-21,UBSFY,5.735715866088867
2017-03-22,UBSFY,6.114936828613281
2017-03-23,UBSFY,6.024081707000732
2017-03-24,UBSFY,5.968778610229492
2017-03-27,UBSFY,6.016181468963623
2017-03-28,UBSFY,5.877923965454102
2017-03-29,UBSFY,5.899650096893311
2017-03-30,UBSFY,5.757441997528076
2017-03-31,UBSFY,5.7317657470703125
2017-04-03,UBSFY,5.917426109313965
2017-04-04,UBSFY,5.787068843841553
2017-04-05,UBSFY,5.787068843841553
2017-04-06,UBSFY,5.883849620819092
2017-04-07,UBSFY,5.7594170570373535
2017-04-10,UBSFY,5.7317657470703125
2017-04-11,UBSFY,5.7475666999816895
2017-04-12,UBSFY,5.755466938018799
2017-04-13,UBSFY,5.725840091705322
2017-04-17,UBSFY,6.016181468963623
2017-04-18,UBSFY,6.041857719421387
2017-04-19,UBSFY,6.1919660568237305
2017-04-20,UBSFY,6.105061531066895
2017-04-21,UBSFY,6.107036590576172
2017-04-24,UBSFY,6.142588138580322
2017-04-25,UBSFY,6.251219272613525
2017-04-26,UBSFY,6.132712841033936
2017-04-27,UBSFY,5.925326347351074
2017-04-28,UBSFY,6.257144451141357
2017-05-01,UBSFY,6.251219272613525
2017-05-02,UBSFY,6.233443260192871
2017-05-03,UBSFY,6.239368438720703
2017-05-04,UBSFY,6.25516939163208
2017-05-05,UBSFY,6.367750644683838
2017-05-08,UBSFY,6.330223560333252
2017-05-09,UBSFY,6.26899528503418
2017-05-10,UBSFY,6.403303146362305
2017-05-11,UBSFY,6.3973774909973145
2017-05-12,UBSFY,6.395401954650879
2017-05-15,UBSFY,6.480331897735596
2017-05-16,UBSFY,6.523784160614014
2017-05-17,UBSFY,6.604763984680176
2017-05-18,UBSFY,6.723270416259766
2017-05-19,UBSFY,6.744996070861816
2017-05-22,UBSFY,6.772647857666016
2017-05-23,UBSFY,6.871403694152832
2017-05-24,UBSFY,7.021512031555176
2017-05-25,UBSFY,7.100516319274902
2017-05-26,UBSFY,7.416533470153809
2017-05-30,UBSFY,7.5409650802612305
2017-05-31,UBSFY,7.471836566925049
2017-06-01,UBSFY,7.321728229522705
2017-06-02,UBSFY,7.473811626434326
2017-06-05,UBSFY,7.720699787139893
2017-06-06,UBSFY,7.941912174224853
2017-06-07,UBSFY,7.685148239135742
2017-06-08,UBSFY,7.722675323486328
2017-06-09,UBSFY,7.590342998504639
2017-06-12,UBSFY,7.629845142364502
2017-06-13,UBSFY,7.752302169799805
2017-06-14,UBSFY,7.827355861663818
2017-06-15,UBSFY,8.009066581726074
2017-06-16,UBSFY,7.997214794158935
2017-06-19,UBSFY,8.202627182006836
2017-06-20,UBSFY,8.232254028320312
2017-06-21,UBSFY,8.218427658081055
2017-06-22,UBSFY,8.30533218383789
2017-06-23,UBSFY,8.534444808959961
2017-06-26,UBSFY,8.739856719970703
2017-06-27,UBSFY,8.658876419067383
2017-06-28,UBSFY,8.427789688110352
2017-06-29,UBSFY,8.287556648254395
2017-06-30,UBSFY,8.259905815124512
2017-07-03,UBSFY,8.03869342803955
2017-07-05,UBSFY,7.728600978851318
2017-07-06,UBSFY,7.578492164611816
2017-07-07,UBSFY,7.712799549102783
2017-07-10,UBSFY,7.92216157913208
2017-07-11,UBSFY,7.79180383682251
2017-07-12,UBSFY,7.898460388183594
2017-07-13,UBSFY,7.874758720397949
2017-07-14,UBSFY,7.86685848236084
2017-07-17,UBSFY,7.785878658294678
2017-07-18,UBSFY,8.056468963623047
2017-07-19,UBSFY,8.283605575561523
2017-07-20,UBSFY,8.202627182006836
2017-07-21,UBSFY,8.238179206848145
2017-07-24,UBSFY,8.064369201660156
2017-07-25,UBSFY,7.777978420257568
2017-07-26,UBSFY,8.24410343170166
2017-07-27,UBSFY,8.364585876464844
2017-07-28,UBSFY,8.372485160827637
2017-07-31,UBSFY,8.386311531066895
2017-08-01,UBSFY,8.309282302856445
2017-08-02,UBSFY,8.366560935974121
2017-08-03,UBSFY,8.37051010131836
2017-08-04,UBSFY,8.384336471557617
2017-08-07,UBSFY,8.467291831970215
2017-08-08,UBSFY,8.479142189025879
2017-08-09,UBSFY,8.346809387207031
2017-08-10,UBSFY,8.020916938781738
2017-08-11,UBSFY,8.117697715759277
2017-08-14,UBSFY,8.111771583557129
2017-08-15,UBSFY,8.180900573730469
2017-08-16,UBSFY,8.222378730773926
2017-08-17,UBSFY,8.139422416687012
2017-08-18,UBSFY,8.147323608398438
2017-08-21,UBSFY,8.082145690917969
2017-08-22,UBSFY,8.180900573730469
2017-08-23,UBSFY,8.117697715759277
2017-08-24,UBSFY,8.117697715759277
2017-08-25,UBSFY,8.135473251342773
2017-08-28,UBSFY,8.338909149169922
2017-08-29,UBSFY,8.25595474243164
2017-08-30,UBSFY,8.176949501037598
2017-08-31,UBSFY,8.222378730773926
2017-09-01,UBSFY,8.267805099487305
2017-09-05,UBSFY,8.127572059631348
2017-09-06,UBSFY,8.117697715759277
2017-09-07,UBSFY,8.078195571899414
2017-09-08,UBSFY,8.208552360534668
2017-09-11,UBSFY,8.342859268188477
2017-09-12,UBSFY,8.502842903137207
2017-09-13,UBSFY,8.41396427154541
2017-09-14,UBSFY,8.50086784362793
2017-09-15,UBSFY,8.807010650634766
2017-09-18,UBSFY,8.706279754638672
2017-09-19,UBSFY,9.233633995056152
2017-09-20,UBSFY,9.421269416809082
2017-09-21,UBSFY,9.204007148742676
2017-09-22,UBSFY,9.010446548461914
2017-09-25,UBSFY,8.874163627624512
2017-09-26,UBSFY,8.88996410369873
2017-09-27,UBSFY,8.984768867492676
2017-09-28,UBSFY,9.087474822998049
2017-09-29,UBSFY,9.075624465942385
2017-10-02,UBSFY,9.115126609802246
2017-10-03,UBSFY,9.180304527282717
2017-10-04,UBSFY,9.233633995056152
2017-10-05,UBSFY,9.490397453308104
2017-10-06,UBSFY,9.612854957580566
2017-10-09,UBSFY,9.573351860046388
2017-10-10,UBSFY,9.5358247756958
2017-10-11,UBSFY,9.705684661865234
2017-10-12,UBSFY,9.54372501373291
2017-10-13,UBSFY,9.79654026031494
2017-10-16,UBSFY,9.81234073638916
2017-10-17,UBSFY,9.614830017089844
2017-10-18,UBSFY,9.38769245147705
2017-10-19,UBSFY,9.48644733428955
2017-10-20,UBSFY,9.539774894714355
2017-10-23,UBSFY,9.579277992248535
2017-10-24,UBSFY,9.620755195617676
2017-10-25,UBSFY,9.38176727294922
2017-10-26,UBSFY,9.237584114074709
2017-10-27,UBSFY,9.413368225097656
2017-10-30,UBSFY,10.04935359954834
2017-10-31,UBSFY,9.608903884887695
2017-11-01,UBSFY,9.38176727294922
2017-11-02,UBSFY,9.32251262664795
2017-11-03,UBSFY,9.32646369934082
2017-11-06,UBSFY,9.241534233093262
2017-11-07,UBSFY,9.26523494720459
2017-11-08,UBSFY,9.468671798706056
2017-11-09,UBSFY,9.24350929260254
2017-11-10,UBSFY,9.565451622009276
2017-11-13,UBSFY,9.612854957580566
2017-11-14,UBSFY,9.757037162780762
2017-11-15,UBSFY,9.427193641662598
2017-11-16,UBSFY,9.83209228515625
2017-11-17,UBSFY,9.806415557861328
2017-11-20,UBSFY,9.887394905090332
2017-11-21,UBSFY,9.84196662902832
2017-11-22,UBSFY,9.984174728393556
2017-11-24,UBSFY,10.379197120666504
2017-11-27,UBSFY,10.554980278015137
2017-11-28,UBSFY,10.511528968811035
2017-11-29,UBSFY,10.053303718566896
2017-11-30,UBSFY,10.06910514831543
2017-12-01,UBSFY,9.92689609527588
2017-12-04,UBSFY,9.583229064941406
2017-12-05,UBSFY,9.431144714355469
2017-12-06,UBSFY,9.557551383972168
2017-12-07,UBSFY,9.843942642211914
2017-12-08,UBSFY,9.539774894714355
2017-12-11,UBSFY,9.67408275604248
2017-12-12,UBSFY,9.48644733428955
2017-12-13,UBSFY,9.62470531463623
2017-12-14,UBSFY,9.4370698928833
2017-12-15,UBSFY,9.531875610351562
2017-12-18,UBSFY,9.468671798706056
2017-12-19,UBSFY,9.294861793518066
2017-12-20,UBSFY,9.152653694152832
2017-12-21,UBSFY,9.209932327270508
2017-12-22,UBSFY,9.219808578491213
2017-12-26,UBSFY,9.042048454284668
2017-12-27,UBSFY,9.164504051208496
2017-12-28,UBSFY,8.96699333190918
2017-12-29,UBSFY,8.901815414428711
2018-01-02,UBSFY,9.065750122070312
2018-01-03,UBSFY,9.271160125732422
2018-01-04,UBSFY,9.587178230285645
2018-01-05,UBSFY,9.36794090270996
2018-01-08,UBSFY,9.39559268951416
2018-01-09,UBSFY,9.47854709625244
2018-01-10,UBSFY,9.751111030578612
2018-01-11,UBSFY,9.818266868591309
2018-01-12,UBSFY,9.954547882080078
2018-01-16,UBSFY,9.871594429016112
2018-01-17,UBSFY,10.177735328674316
2018-01-18,UBSFY,10.406848907470703
2018-01-19,UBSFY,10.803844451904297
2018-01-22,UBSFY,10.82952117919922
2018-01-23,UBSFY,11.040858268737791
2018-01-24,UBSFY,10.876923561096191
2018-01-25,UBSFY,10.82754611968994
2018-01-26,UBSFY,11.062583923339844
2018-01-29,UBSFY,10.809770584106444
2018-01-30,UBSFY,10.543129920959473
2018-01-31,UBSFY,11.273921012878418
2018-02-01,UBSFY,10.89272403717041
2018-02-02,UBSFY,10.373271942138672
2018-02-05,UBSFY,10.169835090637209
2018-02-06,UBSFY,10.359444618225098
2018-02-07,UBSFY,10.20143699645996
2018-02-08,UBSFY,9.737285614013672
2018-02-09,UBSFY,9.92294692993164
2018-02-12,UBSFY,10.122432708740234
2018-02-13,UBSFY,10.22908878326416
2018-02-14,UBSFY,10.432524681091309
2018-02-15,UBSFY,10.675463676452637
2018-02-16,UBSFY,10.69521427154541
2018-02-20,UBSFY,10.714964866638184
2018-02-21,UBSFY,10.92432689666748
2018-02-22,UBSFY,10.902600288391112
2018-02-23,UBSFY,11.240344047546388
2018-02-26,UBSFY,11.33712387084961
2018-02-27,UBSFY,11.23046875
2018-02-28,UBSFY,11.267995834350586
2018-03-01,UBSFY,10.922351837158203
2018-03-02,UBSFY,11.34502410888672
2018-03-05,UBSFY,10.957902908325195
2018-03-06,UBSFY,11.163314819335938
2018-03-07,UBSFY,10.951977729797363
2018-03-08,UBSFY,11.228493690490724
2018-03-09,UBSFY,11.317373275756836
2018-03-12,UBSFY,11.179115295410156
2018-03-13,UBSFY,11.187016487121582
2018-03-14,UBSFY,11.159364700317385
2018-03-15,UBSFY,11.435879707336426
2018-03-16,UBSFY,11.39835262298584
2018-03-19,UBSFY,11.139613151550291
2018-03-20,UBSFY,11.267995834350586
2018-03-21,UBSFY,11.262070655822754
2018-03-22,UBSFY,11.159364700317385
2018-03-23,UBSFY,11.109986305236816
2018-03-26,UBSFY,11.258119583129885
2018-03-27,UBSFY,10.932226181030272
2018-03-28,UBSFY,10.746566772460938
2018-03-29,UBSFY,10.96382999420166
2018-04-02,UBSFY,10.884824752807615
2018-04-03,UBSFY,10.82162094116211
2018-04-04,UBSFY,10.59250831604004
2018-04-05,UBSFY,10.47400188446045
2018-04-06,UBSFY,10.227113723754885
2018-04-09,UBSFY,10.450300216674805
2018-04-10,UBSFY,10.414748191833496
2018-04-11,UBSFY,10.317968368530272
2018-04-12,UBSFY,10.4246244430542
2018-04-13,UBSFY,10.35549545288086
2018-04-16,UBSFY,10.240939140319824
2018-04-17,UBSFY,10.20736312866211
2018-04-18,UBSFY,10.233038902282717
2018-04-19,UBSFY,10.112556457519531
2018-04-20,UBSFY,10.521404266357422
2018-04-23,UBSFY,10.556955337524414
2018-04-24,UBSFY,10.274516105651855
2018-04-25,UBSFY,10.43844985961914
2018-04-26,UBSFY,10.183661460876465
2018-04-27,UBSFY,10.35549545288086
2018-04-30,UBSFY,10.365370750427246
2018-05-01,UBSFY,10.468076705932615
2018-05-02,UBSFY,10.274516105651855
2018-05-03,UBSFY,10.38314723968506
2018-05-04,UBSFY,10.54905605316162
2018-05-07,UBSFY,10.572757720947266
2018-05-08,UBSFY,10.748541831970217
2018-05-09,UBSFY,10.497703552246094
2018-05-10,UBSFY,10.300192832946776
2018-05-11,UBSFY,10.398947715759276
2018-05-14,UBSFY,10.321917533874512
2018-05-15,UBSFY,10.272541046142578
2018-05-16,UBSFY,10.306117057800291
2018-05-17,UBSFY,10.3693208694458
2018-05-18,UBSFY,10.1066312789917
2018-05-21,UBSFY,9.857768058776855
2018-05-22,UBSFY,9.82814121246338
2018-05-23,UBSFY,9.717535018920898
2018-05-24,UBSFY,9.464720726013184
2018-05-25,UBSFY,9.527924537658691
2018-05-29,UBSFY,9.559526443481444
2018-05-30,UBSFY,10.14020824432373
2018-05-31,UBSFY,10.080955505371094
2018-06-01,UBSFY,9.885419845581056
2018-06-04,UBSFY,9.292886734008787
2018-06-05,UBSFY,9.237584114074709
2018-06-06,UBSFY,8.90576457977295
2018-06-07,UBSFY,9.146728515625
2018-06-08,UBSFY,9.385717391967772
2018-06-11,UBSFY,9.407443046569824
2018-06-12,UBSFY,9.298812866210938
2018-06-13,UBSFY,8.755657196044922
2018-06-14,UBSFY,8.406063079833984
2018-06-15,UBSFY,8.490992546081543
2018-06-18,UBSFY,8.226327896118164
2018-06-19,UBSFY,8.074244499206543
2018-06-20,UBSFY,8.246079444885254
2018-06-21,UBSFY,8.149298667907715
2018-06-22,UBSFY,8.184850692749023
2018-06-25,UBSFY,8.040668487548828
2018-06-26,UBSFY,8.093996047973633
2018-06-27,UBSFY,7.8866095542907715
2018-06-28,UBSFY,8.101896286010742
2018-06-29,UBSFY,8.056468963623047
2018-07-02,UBSFY,7.951787948608398
2018-07-03,UBSFY,8.050543785095215
2018-07-05,UBSFY,7.815505504608154
2018-07-06,UBSFY,7.776003360748291
2018-07-09,UBSFY,8.086094856262207
2018-07-10,UBSFY,7.90241003036499
2018-07-11,UBSFY,7.839206695556641
2018-07-12,UBSFY,7.896484851837158
2018-07-13,UBSFY,7.96561336517334
2018-07-16,UBSFY,8.303357124328613
2018-07-17,UBSFY,8.25595474243164
2018-07-18,UBSFY,8.05449390411377
2018-07-19,UBSFY,8.182875633239746
2018-07-20,UBSFY,8.212502479553223
2018-07-23,UBSFY,8.078195571899414
2018-07-24,UBSFY,8.216452598571777
2018-07-25,UBSFY,8.32508373260498
2018-07-26,UBSFY,8.331008911132812
2018-07-27,UBSFY,8.35470962524414
2018-07-30,UBSFY,8.137447357177734
2018-07-31,UBSFY,8.427789688110352
2018-08-01,UBSFY,8.647026062011719
2018-08-02,UBSFY,8.512718200683594
2018-08-03,UBSFY,8.544321060180664
2018-08-06,UBSFY,8.224353790283203
2018-08-07,UBSFY,8.293481826782227
2018-08-08,UBSFY,8.212502479553223
2018-08-09,UBSFY,8.277681350708008
2018-08-10,UBSFY,8.080170631408691
2018-08-13,UBSFY,8.00511646270752
2018-08-14,UBSFY,7.9636383056640625
2018-08-15,UBSFY,7.6871232986450195
2018-08-16,UBSFY,7.716750144958496
2018-08-17,UBSFY,7.951787948608398
2018-08-20,UBSFY,8.238179206848145
2018-08-21,UBSFY,8.329033851623535
2018-08-22,UBSFY,8.433714866638184
2018-08-23,UBSFY,8.311258316040039
2018-08-24,UBSFY,8.433714866638184
2018-08-27,UBSFY,8.652952194213867
2018-08-28,UBSFY,8.601598739624023
2018-08-29,UBSFY,8.70825481414795
2018-08-30,UBSFY,8.836636543273926
2018-08-31,UBSFY,8.878113746643066
2018-09-04,UBSFY,8.753682136535645
2018-09-05,UBSFY,8.56999683380127
2018-09-06,UBSFY,8.502842903137207
2018-09-07,UBSFY,8.587772369384766
2018-09-10,UBSFY,8.601598739624023
2018-09-11,UBSFY,8.694428443908691
2018-09-12,UBSFY,8.791210174560547
2018-09-13,UBSFY,8.611474990844727
2018-09-14,UBSFY,8.41396427154541
2018-09-17,UBSFY,8.439640045166016
2018-09-18,UBSFY,8.714179992675781
2018-09-19,UBSFY,8.816885948181152
2018-09-20,UBSFY,9.115126609802246
2018-09-21,UBSFY,9.12697696685791
2018-09-24,UBSFY,9.051923751831056
2018-09-25,UBSFY,9.109201431274414
2018-09-26,UBSFY,9.030198097229004
2018-09-27,UBSFY,8.996620178222656
2018-09-28,UBSFY,8.980818748474121
2018-10-01,UBSFY,9.156603813171388
2018-10-02,UBSFY,9.148703575134276
2018-10-03,UBSFY,8.98674488067627
2018-10-04,UBSFY,8.72998046875
2018-10-05,UBSFY,8.91761589050293
2018-10-08,UBSFY,8.862313270568848
2018-10-09,UBSFY,8.769482612609863
2018-10-10,UBSFY,8.522594451904297
2018-10-11,UBSFY,8.45149040222168
2018-10-12,UBSFY,8.71022891998291
2018-10-15,UBSFY,8.611474990844727
2018-10-16,UBSFY,8.801084518432617
2018-10-17,UBSFY,8.71022891998291
2018-10-18,UBSFY,8.577897071838379
2018-10-19,UBSFY,8.246079444885254
2018-10-22,UBSFY,8.281630516052246
2018-10-23,UBSFY,8.226327896118164
2018-10-24,UBSFY,7.91623592376709
2018-10-25,UBSFY,7.935986995697021
2018-10-26,UBSFY,7.67922306060791
2018-10-29,UBSFY,7.533064365386963
2018-10-30,UBSFY,7.38690710067749
2018-10-31,UBSFY,7.728600978851318
2018-11-01,UBSFY,7.779953479766846
2018-11-02,UBSFY,7.750326633453369
2018-11-05,UBSFY,7.645646095275879
2018-11-06,UBSFY,7.683173656463623
2018-11-07,UBSFY,7.961663246154785
2018-11-08,UBSFY,8.064369201660156
2018-11-09,UBSFY,7.920186519622803
2018-11-12,UBSFY,7.685148239135742
2018-11-13,UBSFY,7.649595737457275
2018-11-14,UBSFY,7.6377458572387695
2018-11-15,UBSFY,7.608119010925293
2018-11-16,UBSFY,7.110391616821289
2018-11-19,UBSFY,7.13804292678833
2018-11-20,UBSFY,6.705494403839111
2018-11-21,UBSFY,6.877329349517822
2018-11-23,UBSFY,6.918806076049805
2018-11-26,UBSFY,7.147918224334717
2018-11-27,UBSFY,7.130142211914063
2018-11-28,UBSFY,7.406657695770264
2018-11-29,UBSFY,7.580467700958252
2018-11-30,UBSFY,7.479736804962158
2018-12-03,UBSFY,7.584417819976807
2018-12-04,UBSFY,7.055088520050049
2018-12-06,UBSFY,7.031386852264404
2018-12-07,UBSFY,7.08866548538208
2018-12-10,UBSFY,7.169645309448242
2018-12-11,UBSFY,7.082740306854248
2018-12-12,UBSFY,7.090640544891357
2018-12-13,UBSFY,7.104465961456299
2018-12-14,UBSFY,6.938557147979736
2018-12-17,UBSFY,6.85955286026001
2018-12-18,UBSFY,6.812150001525879
2018-12-19,UBSFY,6.470456600189209
2018-12-20,UBSFY,6.699568748474121
2018-12-21,UBSFY,6.302572250366211
2018-12-24,UBSFY,6.227518081665039
2018-12-26,UBSFY,6.4586052894592285
2018-12-27,UBSFY,6.49810791015625
2018-12-28,UBSFY,6.509958744049072
2018-12-31,UBSFY,6.537610054016113
2019-01-02,UBSFY,6.622539520263672
2019-01-03,UBSFY,6.567236423492432
2019-01-04,UBSFY,6.646240711212158
2019-01-07,UBSFY,6.79634952545166
2019-01-08,UBSFY,6.861527442932129
2019-01-09,UBSFY,7.011636257171631
2019-01-10,UBSFY,6.891154766082764
2019-01-11,UBSFY,6.881278991699219
2019-01-14,UBSFY,7.0155863761901855
2019-01-15,UBSFY,7.252599239349365
2019-01-16,UBSFY,7.252599239349365
2019-01-17,UBSFY,7.525164127349853
2019-01-18,UBSFY,7.752302169799805
2019-01-22,UBSFY,7.509363651275635
2019-01-23,UBSFY,7.562691688537598
2019-01-24,UBSFY,7.651571273803711
2019-01-25,UBSFY,7.643670558929443
2019-01-28,UBSFY,7.307902812957764
2019-01-29,UBSFY,7.537014961242676
2019-01-30,UBSFY,7.643670558929443
2019-01-31,UBSFY,7.355304718017578
2019-02-01,UBSFY,6.995835304260254
2019-02-04,UBSFY,7.254574298858643
2019-02-05,UBSFY,7.078790187835693
2019-02-06,UBSFY,6.622539520263672
2019-02-07,UBSFY,6.569211959838867
2019-02-08,UBSFY,6.494157791137695
2019-02-11,UBSFY,6.440829277038574
2019-02-12,UBSFY,6.537610054016113
2019-02-13,UBSFY,6.67784309387207
2019-02-14,UBSFY,6.656116008758545
2019-02-15,UBSFY,6.648215770721436
2019-02-19,UBSFY,6.588963031768799
2019-02-20,UBSFY,6.5869879722595215
2019-02-21,UBSFY,6.90103006362915
2019-02-22,UBSFY,7.01953649520874
2019-02-25,UBSFY,6.794374465942383
2019-02-26,UBSFY,6.867453575134277
2019-02-27,UBSFY,7.027437210083008
2019-02-28,UBSFY,6.764747619628906
2019-03-01,UBSFY,6.847702026367188
2019-03-04,UBSFY,6.6580915451049805
2019-03-05,UBSFY,6.725245475769043
2019-03-06,UBSFY,6.843751430511475
2019-03-07,UBSFY,6.67784309387207
2019-03-08,UBSFY,6.596863269805908
2019-03-11,UBSFY,6.671917915344238
2019-03-12,UBSFY,6.772647857666016
2019-03-13,UBSFY,6.887204647064209
2019-03-14,UBSFY,6.705494403839111
2019-03-15,UBSFY,6.897079944610596
2019-03-18,UBSFY,7.08866548538208
2019-03-19,UBSFY,6.936582088470459
2019-03-20,UBSFY,6.735121250152588
2019-03-21,UBSFY,6.800299644470215
2019-03-22,UBSFY,6.735121250152588
2019-03-25,UBSFY,6.899055004119873
2019-03-26,UBSFY,7.159769058227539
2019-03-27,UBSFY,7.110391616821289
2019-03-28,UBSFY,7.13804292678833
2019-03-29,UBSFY,7.084714889526367
2019-04-01,UBSFY,7.134092807769775
2019-04-02,UBSFY,7.1024909019470215
2019-04-03,UBSFY,7.222972869873047
2019-04-04,UBSFY,7.1992716789245605
2019-04-05,UBSFY,7.3809814453125
2019-04-08,UBSFY,7.246673583984375
2019-04-09,UBSFY,7.323703289031982
2019-04-10,UBSFY,7.313827991485596
2019-04-11,UBSFY,7.2585248947143555
2019-04-12,UBSFY,7.495538234710693
2019-04-15,UBSFY,7.49948787689209
2019-04-16,UBSFY,7.56071662902832
2019-04-17,UBSFY,7.647621154785156
2019-04-18,UBSFY,8.583822250366211
2019-04-22,UBSFY,8.481117248535156
2019-04-23,UBSFY,8.178924560546875
2019-04-24,UBSFY,8.33495807647705
2019-04-25,UBSFY,7.949812889099121
2019-04-26,UBSFY,8.502842903137207
2019-04-29,UBSFY,8.568020820617676
2019-04-30,UBSFY,8.508769035339355
2019-05-01,UBSFY,8.494942665100098
2019-05-02,UBSFY,8.481117248535156
2019-05-03,UBSFY,8.599624633789062
2019-05-06,UBSFY,8.564071655273438
2019-05-07,UBSFY,8.24410343170166
2019-05-08,UBSFY,8.386311531066895
2019-05-09,UBSFY,8.299407005310059
2019-05-10,UBSFY,8.419889450073242
2019-05-13,UBSFY,8.165099143981934
2019-05-14,UBSFY,8.42186450958252
2019-05-15,UBSFY,8.5048189163208
2019-05-16,UBSFY,8.374460220336914
2019-05-17,UBSFY,8.374460220336914
2019-05-20,UBSFY,8.447540283203125
2019-05-21,UBSFY,8.53049373626709
2019-05-22,UBSFY,8.54234504699707
2019-05-23,UBSFY,8.575922012329102
2019-05-24,UBSFY,8.81096076965332
2019-05-28,UBSFY,8.718130111694336
2019-05-29,UBSFY,8.720105171203613
2019-05-30,UBSFY,8.647026062011719
2019-05-31,UBSFY,8.718130111694336
2019-06-03,UBSFY,8.761582374572754
2019-06-04,UBSFY,8.755657196044922
2019-06-05,UBSFY,8.828736305236816
2019-06-06,UBSFY,8.816885948181152
2019-06-07,UBSFY,8.955142974853516
2019-06-10,UBSFY,8.965018272399902
2019-06-11,UBSFY,8.747756004333496
2019-06-12,UBSFY,8.512718200683594
2019-06-13,UBSFY,8.5048189163208
2019-06-14,UBSFY,8.522594451904297
2019-06-17,UBSFY,8.528519630432129
2019-06-18,UBSFY,8.72998046875
2019-06-19,UBSFY,8.65097713470459
2019-06-20,UBSFY,8.880088806152344
2019-06-21,UBSFY,8.81096076965332
2019-06-24,UBSFY,8.791210174560547
2019-06-25,UBSFY,8.706279754638672
2019-06-26,UBSFY,8.690479278564453
2019-06-27,UBSFY,8.978843688964844
2019-06-28,UBSFY,9.04007339477539
2019-07-01,UBSFY,9.142778396606444
2019-07-02,UBSFY,9.13092803955078
2019-07-03,UBSFY,9.30671215057373
2019-07-05,UBSFY,9.237584114074709
2019-07-08,UBSFY,9.211907386779783
2019-07-09,UBSFY,9.166479110717772
2019-07-10,UBSFY,9.48052215576172
2019-07-11,UBSFY,9.541749954223633
2019-07-12,UBSFY,9.525949478149414
2019-07-15,UBSFY,9.50224781036377
2019-07-16,UBSFY,9.41139316558838
2019-07-17,UBSFY,9.373865127563477
2019-07-18,UBSFY,9.476572036743164
2019-07-19,UBSFY,9.389667510986328
2019-07-22,UBSFY,9.223758697509766
2019-07-23,UBSFY,9.128952980041504
2019-07-24,UBSFY,9.10525131225586
2019-07-25,UBSFY,9.04994773864746
2019-07-26,UBSFY,9.128952980041504
2019-07-29,UBSFY,9.190181732177734
2019-07-30,UBSFY,9.045998573303224
2019-07-31,UBSFY,9.123026847839355
2019-08-01,UBSFY,9.354114532470703
2019-08-02,UBSFY,9.190181732177734
2019-08-05,UBSFY,8.927491188049316
2019-08-06,UBSFY,9.063775062561035
2019-08-07,UBSFY,9.194131851196287
2019-08-08,UBSFY,9.290911674499512
2019-08-09,UBSFY,9.164504051208496
2019-08-12,UBSFY,9.08945083618164
2019-08-13,UBSFY,9.09735107421875
2019-08-14,UBSFY,9.101301193237305
2019-08-15,UBSFY,9.223758697509766
2019-08-16,UBSFY,9.292886734008787
2019-08-19,UBSFY,9.31263828277588
2019-08-20,UBSFY,9.22968292236328
2019-08-21,UBSFY,9.379791259765623
2019-08-22,UBSFY,9.273136138916016
2019-08-23,UBSFY,9.302762031555176
2019-08-26,UBSFY,9.373865127563477
2019-08-27,UBSFY,9.431144714355469
2019-08-28,UBSFY,9.407443046569824
2019-08-29,UBSFY,9.42324447631836
2019-08-30,UBSFY,9.332388877868652
2019-09-03,UBSFY,9.442995071411133
2019-09-04,UBSFY,9.585204124450684
2019-09-05,UBSFY,9.500272750854492
2019-09-06,UBSFY,9.561501502990724
2019-09-09,UBSFY,9.691859245300291
2019-09-10,UBSFY,9.5634765625
2019-09-11,UBSFY,9.458796501159668
2019-09-12,UBSFY,9.48052215576172
2019-09-13,UBSFY,9.504222869873049
2019-09-16,UBSFY,9.460770606994627
2019-09-17,UBSFY,9.565451622009276
2019-09-18,UBSFY,9.699758529663086
2019-09-19,UBSFY,9.725435256958008
2019-09-20,UBSFY,9.729385375976562
2019-09-23,UBSFY,9.757037162780762
2019-09-24,UBSFY,9.401518821716309
2019-09-25,UBSFY,9.399542808532717
2019-09-26,UBSFY,9.338314056396484
2019-09-27,UBSFY,9.204007148742676
2019-09-30,UBSFY,9.204007148742676
2019-10-01,UBSFY,9.237584114074709
2019-10-02,UBSFY,9.292886734008787
2019-10-03,UBSFY,9.36794090270996
2019-10-04,UBSFY,9.48644733428955
2019-10-07,UBSFY,9.324488639831545
2019-10-08,UBSFY,9.219808578491213
2019-10-09,UBSFY,9.42521858215332
2019-10-10,UBSFY,9.233633995056152
2019-10-11,UBSFY,9.128952980041504
2019-10-14,UBSFY,9.119077682495115
2019-10-15,UBSFY,9.136853218078612
2019-10-16,UBSFY,9.071674346923828
2019-10-17,UBSFY,8.850462913513184
2019-10-18,UBSFY,8.777382850646973
2019-10-21,UBSFY,8.712203979492188
2019-10-22,UBSFY,8.743806838989258
2019-10-23,UBSFY,8.720105171203613
2019-10-24,UBSFY,8.607523918151855
2019-10-25,UBSFY,8.352734565734863
2019-10-28,UBSFY,8.404088973999023
2019-10-29,UBSFY,8.490992546081543
2019-10-30,UBSFY,8.702329635620117
2019-10-31,UBSFY,9.188206672668455
2019-11-01,UBSFY,9.79851531982422
2019-11-04,UBSFY,9.757037162780762
2019-11-05,UBSFY,9.74716091156006
2019-11-06,UBSFY,9.518048286437988
2019-11-07,UBSFY,9.512124061584473
2019-11-08,UBSFY,9.474596977233888
2019-11-11,UBSFY,9.500272750854492
2019-11-12,UBSFY,9.561501502990724
2019-11-13,UBSFY,9.510149002075195
2019-11-14,UBSFY,9.500272750854492
2019-11-15,UBSFY,9.365965843200684
2019-11-18,UBSFY,9.494348526000977
2019-11-19,UBSFY,9.63260555267334
2019-11-20,UBSFY,9.78468894958496
2019-11-21,UBSFY,9.614830017089844
2019-11-22,UBSFY,9.476572036743164
2019-11-25,UBSFY,9.64643096923828
2019-11-26,UBSFY,9.626680374145508
2019-11-27,UBSFY,9.638531684875488
2019-11-29,UBSFY,9.557551383972168
2019-12-02,UBSFY,9.883444786071776
2019-12-03,UBSFY,10.059228897094728
2019-12-04,UBSFY,10.019726753234863
2019-12-05,UBSFY,9.873568534851074
2019-12-06,UBSFY,9.984174728393556
2019-12-09,UBSFY,10.215262413024902
2019-12-10,UBSFY,10.45820140838623
2019-12-11,UBSFY,10.375246047973633
2019-12-12,UBSFY,10.246865272521973
2019-12-13,UBSFY,10.06317901611328
2019-12-16,UBSFY,10.331793785095217
2019-12-17,UBSFY,10.260690689086914
2019-12-18,UBSFY,10.059228897094728
2019-12-19,UBSFY,9.806415557861328
2019-12-20,UBSFY,9.77283763885498
2019-12-23,UBSFY,9.80444049835205
2019-12-24,UBSFY,9.786664009094238
2019-12-26,UBSFY,9.855792045593262
2019-12-27,UBSFY,9.875543594360352
2019-12-30,UBSFY,9.816290855407717
2019-12-31,UBSFY,9.855792045593262
2020-01-02,UBSFY,10.011826515197754
2020-01-03,UBSFY,9.924921989440918
2020-01-06,UBSFY,9.786664009094238
2020-01-07,UBSFY,9.709634780883787
2020-01-08,UBSFY,9.79851531982422
2020-01-09,UBSFY,9.78468894958496
2020-01-10,UBSFY,9.768887519836426
2020-01-13,UBSFY,9.79654026031494
2020-01-14,UBSFY,9.707659721374512
2020-01-15,UBSFY,9.680007934570312
2020-01-16,UBSFY,9.64643096923828
2020-01-17,UBSFY,9.612854957580566
2020-01-21,UBSFY,9.670132637023926
2020-01-22,UBSFY,9.687909126281738
2020-01-23,UBSFY,9.82814121246338
2020-01-24,UBSFY,9.822216033935549
2020-01-27,UBSFY,9.516073226928713
2020-01-28,UBSFY,9.668157577514648
2020-01-29,UBSFY,9.638531684875488
2020-01-30,UBSFY,9.352140426635742
2020-01-31,UBSFY,9.065750122070312
2020-02-03,UBSFY,9.04994773864746
2020-02-04,UBSFY,9.168455123901367
2020-02-05,UBSFY,9.164504051208496
2020-02-06,UBSFY,9.150678634643556
2020-02-07,UBSFY,9.091425895690918
2020-02-10,UBSFY,9.164504051208496
2020-02-11,UBSFY,9.239559173583984
2020-02-12,UBSFY,9.164504051208496
2020-02-13,UBSFY,9.02624797821045
2020-02-14,UBSFY,8.931441307067871
2020-02-18,UBSFY,8.886014938354492
2020-02-19,UBSFY,8.976869583129883
2020-02-20,UBSFY,8.854412078857422
2020-02-21,UBSFY,8.759607315063477
2020-02-24,UBSFY,8.526544570922852
2020-02-25,UBSFY,8.56999683380127
2020-02-26,UBSFY,8.660852432250977
2020-02-27,UBSFY,8.402113914489746
2020-02-28,UBSFY,8.29150676727295
2020-03-02,UBSFY,8.538394927978516
2020-03-03,UBSFY,8.402113914489746
2020-03-04,UBSFY,8.649002075195312
2020-03-05,UBSFY,8.643075942993164
2020-03-06,UBSFY,8.666777610778809
2020-03-09,UBSFY,8.374460220336914
2020-03-10,UBSFY,8.589747428894043
2020-03-11,UBSFY,8.202627182006836
2020-03-12,UBSFY,7.6871232986450195
2020-03-13,UBSFY,7.841181755065918
2020-03-16,UBSFY,7.4975128173828125
2020-03-17,UBSFY,8.101896286010742
2020-03-18,UBSFY,8.040668487548828
2020-03-19,UBSFY,8.660852432250977
2020-03-20,UBSFY,8.593698501586914
2020-03-23,UBSFY,8.489017486572266
2020-03-24,UBSFY,8.816885948181152
2020-03-25,UBSFY,8.652952194213867
2020-03-26,UBSFY,9.057848930358888
2020-03-27,UBSFY,9.024271965026855
2020-03-30,UBSFY,9.508173942565918
2020-03-31,UBSFY,9.5358247756958
2020-04-01,UBSFY,9.569400787353516
2020-04-02,UBSFY,9.579277992248535
2020-04-03,UBSFY,9.488422393798828
2020-04-06,UBSFY,9.893319129943848
2020-04-07,UBSFY,9.89134407043457
2020-04-08,UBSFY,9.97825050354004
2020-04-09,UBSFY,9.972323417663574
2020-04-13,UBSFY,10.23106288909912
2020-04-14,UBSFY,10.472026824951172
2020-04-15,UBSFY,10.68336296081543
2020-04-16,UBSFY,10.88284969329834
2020-04-17,UBSFY,10.59250831604004
2020-04-20,UBSFY,10.448325157165527
2020-04-21,UBSFY,10.886799812316896
2020-04-22,UBSFY,10.83347225189209
2020-04-23,UBSFY,10.701139450073242
2020-04-24,UBSFY,10.82952117919922
2020-04-27,UBSFY,10.793970108032228
2020-04-28,UBSFY,10.628060340881348
2020-04-29,UBSFY,10.714964866638184
2020-04-30,UBSFY,10.159958839416504
2020-05-01,UBSFY,10.341669082641602
2020-05-04,UBSFY,10.323893547058104
2020-05-05,UBSFY,10.422649383544922
2020-05-06,UBSFY,10.497703552246094
2020-05-07,UBSFY,10.734715461730955
2020-05-08,UBSFY,10.23106288909912
2020-05-11,UBSFY,10.110581398010254
2020-05-12,UBSFY,10.235013961791992
2020-05-13,UBSFY,10.290316581726074
2020-05-14,UBSFY,10.323893547058104
2020-05-15,UBSFY,10.347594261169434
2020-05-18,UBSFY,10.391048431396484
2020-05-19,UBSFY,10.092805862426758
2020-05-20,UBSFY,10.20143699645996
2020-05-21,UBSFY,10.26661491394043
2020-05-22,UBSFY,10.296241760253906
2020-05-26,UBSFY,10.142183303833008
2020-05-27,UBSFY,10.126381874084473
2020-05-28,UBSFY,10.112556457519531
2020-05-29,UBSFY,10.04145336151123
2020-06-01,UBSFY,10.233038902282717
2020-06-02,UBSFY,10.003926277160645
2020-06-03,UBSFY,10.16193389892578
2020-06-04,UBSFY,10.288341522216797
2020-06-05,UBSFY,10.41277313232422
2020-06-08,UBSFY,10.215262413024902
2020-06-09,UBSFY,10.339694023132324
2020-06-10,UBSFY,10.41672420501709
2020-06-11,UBSFY,10.635961532592772
2020-06-12,UBSFY,10.942102432250977
2020-06-15,UBSFY,10.861123085021973
2020-06-16,UBSFY,11.00135612487793
2020-06-17,UBSFY,11.34304904937744
2020-06-18,UBSFY,11.56228733062744
2020-06-19,UBSFY,11.572163581848145
2020-06-22,UBSFY,11.554387092590332
2020-06-23,UBSFY,11.22256851196289
2020-06-24,UBSFY,11.147513389587402
2020-06-25,UBSFY,11.046783447265623
2020-06-26,UBSFY,11.10011100769043
2020-06-29,UBSFY,11.064559936523438
2020-06-30,UBSFY,11.040858268737791
2020-07-01,UBSFY,11.060608863830566
2020-07-02,UBSFY,11.13368797302246
2020-07-06,UBSFY,11.609688758850098
2020-07-07,UBSFY,11.781524658203123
2020-07-08,UBSFY,11.518834114074709
2020-07-09,UBSFY,11.435879707336426
2020-07-10,UBSFY,11.31539821624756
2020-07-13,UBSFY,11.198866844177246
2020-07-14,UBSFY,11.137638092041016
2020-07-15,UBSFY,11.220593452453612
2020-07-16,UBSFY,11.05073356628418
2020-07-17,UBSFY,11.029007911682127
2020-07-20,UBSFY,10.916425704956056
2020-07-21,UBSFY,10.959877967834473
2020-07-22,UBSFY,10.9124755859375
2020-07-23,UBSFY,10.86309814453125
2020-07-24,UBSFY,10.914450645446776
2020-07-27,UBSFY,11.179115295410156
2020-07-28,UBSFY,11.07245922088623
2020-07-29,UBSFY,11.23046875
2020-07-30,UBSFY,11.13368797302246
2020-07-31,UBSFY,10.865073204040527
2020-08-03,UBSFY,11.052709579467772
2020-08-04,UBSFY,11.267995834350586
2020-08-05,UBSFY,11.601789474487305
2020-08-06,UBSFY,12.111366271972656
2020-08-07,UBSFY,11.678818702697754
2020-08-10,UBSFY,11.702519416809082
2020-08-11,UBSFY,11.544509887695312
2020-08-12,UBSFY,11.86447811126709
2020-08-13,UBSFY,11.840777397155762
2020-08-14,UBSFY,11.842751502990724
2020-08-17,UBSFY,12.032362937927246
2020-08-18,UBSFY,12.453060150146484
2020-08-19,UBSFY,12.482687950134276
2020-08-20,UBSFY,12.462936401367188
2020-08-21,UBSFY,12.701924324035645
2020-08-24,UBSFY,13.446540832519531
2020-08-25,UBSFY,13.114721298217772
2020-08-26,UBSFY,13.559122085571287
2020-08-27,UBSFY,13.339885711669922
2020-08-28,UBSFY,13.280631065368652
2020-08-31,UBSFY,13.306307792663574
2020-09-01,UBSFY,13.924516677856444
2020-09-02,UBSFY,13.841562271118164
2020-09-03,UBSFY,13.845513343811035
2020-09-04,UBSFY,13.960068702697754
2020-09-08,UBSFY,13.185826301574709
2020-09-09,UBSFY,13.75268268585205
2020-09-10,UBSFY,13.606524467468262
2020-09-11,UBSFY,13.823786735534668
2020-09-14,UBSFY,13.894889831542969
2020-09-15,UBSFY,14.098325729370115
2020-09-16,UBSFY,14.110177040100098
2020-09-17,UBSFY,13.928467750549316
2020-09-18,UBSFY,14.232633590698242
2020-09-21,UBSFY,14.092401504516602
2020-09-22,UBSFY,14.122027397155762
2020-09-23,UBSFY,14.019322395324709
2020-09-24,UBSFY,13.865262985229492
2020-09-25,UBSFY,13.892914772033691
2020-09-28,UBSFY,13.944268226623535
2020-09-29,UBSFY,14.149680137634276
2020-09-30,UBSFY,14.003521919250488
2020-10-01,UBSFY,14.082525253295898
2020-10-02,UBSFY,13.71910572052002
2020-10-05,UBSFY,13.39123821258545
2020-10-06,UBSFY,13.367536544799805
2020-10-07,UBSFY,13.541346549987791
2020-10-08,UBSFY,13.598624229431152
2020-10-09,UBSFY,13.584797859191896
2020-10-12,UBSFY,13.875139236450195
2020-10-13,UBSFY,13.90871524810791
2020-10-14,UBSFY,13.87908935546875
2020-10-15,UBSFY,13.659852027893066
2020-10-16,UBSFY,13.598624229431152
2020-10-19,UBSFY,13.570972442626951
2020-10-20,UBSFY,13.418889045715332
2020-10-21,UBSFY,13.25298023223877
2020-10-22,UBSFY,13.231253623962402
2020-10-23,UBSFY,12.956713676452637
2020-10-26,UBSFY,12.929061889648438
2020-10-27,UBSFY,13.499868392944336
2020-10-28,UBSFY,13.440614700317385
2020-10-29,UBSFY,13.734907150268556
2020-10-30,UBSFY,13.377411842346191
2020-11-02,UBSFY,13.574923515319824
2020-11-03,UBSFY,13.833662033081056
2020-11-04,UBSFY,13.52554416656494
2020-11-05,UBSFY,14.359041213989258
2020-11-06,UBSFY,13.9561185836792
2020-11-09,UBSFY,13.094970703125
2020-11-10,UBSFY,12.721674919128418
2020-11-11,UBSFY,12.500463485717772
2020-11-12,UBSFY,12.707849502563477
2020-11-13,UBSFY,12.942888259887695
2020-11-16,UBSFY,12.628846168518066
2020-11-17,UBSFY,12.67032241821289
2020-11-18,UBSFY,12.729576110839844
2020-11-19,UBSFY,13.197677612304688
2020-11-20,UBSFY,13.098920822143556
2020-11-23,UBSFY,13.10287094116211
2020-11-24,UBSFY,13.000165939331056
2020-11-25,UBSFY,13.154224395751951
2020-11-27,UBSFY,13.825761795043944
2020-11-30,UBSFY,14.01339626312256
2020-12-01,UBSFY,13.59664821624756
2020-12-02,UBSFY,13.505793571472168
2020-12-03,UBSFY,13.39716339111328
2020-12-04,UBSFY,13.509743690490724
2020-12-07,UBSFY,13.669727325439451
2020-12-08,UBSFY,13.958093643188477
2020-12-09,UBSFY,13.847487449645996
2020-12-10,UBSFY,14.052898406982422
2020-12-11,UBSFY,14.376816749572754
2020-12-14,UBSFY,14.862693786621094
2020-12-15,UBSFY,14.657281875610352
2020-12-16,UBSFY,15.143158912658691
2020-12-17,UBSFY,16.22551918029785
2020-12-18,UBSFY,15.966777801513672
2020-12-21,UBSFY,15.589533805847168
2020-12-22,UBSFY,15.336719512939451
2020-12-23,UBSFY,15.433500289916992
2020-12-24,UBSFY,15.520404815673828
2020-12-28,UBSFY,15.850247383117676
2020-12-29,UBSFY,15.73371696472168
2020-12-30,UBSFY,15.943076133728027
2020-12-31,UBSFY,15.903575897216797
2021-01-04,UBSFY,15.544106483459473
2021-01-05,UBSFY,15.974679946899414
2021-01-06,UBSFY,15.542131423950195
2021-01-07,UBSFY,15.605334281921388
2021-01-08,UBSFY,15.810746192932127
2021-01-11,UBSFY,15.660636901855469
2021-01-12,UBSFY,15.862098693847656
2021-01-13,UBSFY,15.636935234069824
2021-01-14,UBSFY,15.64483642578125
2021-01-15,UBSFY,15.55398178100586
2021-01-19,UBSFY,15.692238807678224
2021-01-20,UBSFY,15.58360767364502
2021-01-21,UBSFY,15.04835319519043
2021-01-22,UBSFY,15.3051176071167
2021-01-25,UBSFY,15.010826110839844
2021-01-26,UBSFY,14.87256908416748
2021-01-27,UBSFY,14.671107292175291
2021-01-28,UBSFY,14.7896146774292
2021-01-29,UBSFY,14.2741117477417
2021-02-01,UBSFY,15.287341117858888
2021-02-02,UBSFY,14.904170036315918
2021-02-03,UBSFY,14.615805625915527
2021-02-04,UBSFY,14.443970680236816
2021-02-05,UBSFY,14.854792594909668
2021-02-08,UBSFY,14.912071228027344
2021-02-09,UBSFY,14.647406578063965
2021-02-10,UBSFY,15.188587188720703
2021-02-11,UBSFY,15.26956558227539
2021-02-12,UBSFY,15.723841667175291
2021-02-16,UBSFY,16.11688804626465
2021-02-17,UBSFY,16.047758102416992
2021-02-18,UBSFY,15.988506317138672
2021-02-19,UBSFY,16.071460723876953
2021-02-22,UBSFY,15.702115058898926
2021-02-23,UBSFY,15.68631362915039
2021-02-24,UBSFY,15.593483924865724
2021-02-25,UBSFY,15.565832138061523
2021-02-26,UBSFY,15.232038497924805
2021-03-01,UBSFY,15.28536605834961
2021-03-02,UBSFY,14.892319679260254
2021-03-03,UBSFY,14.396568298339844
2021-03-04,UBSFY,13.849462509155272
2021-03-05,UBSFY,14.187206268310549
2021-03-08,UBSFY,13.547271728515623
2021-03-09,UBSFY,13.648001670837402
2021-03-10,UBSFY,13.52751922607422
2021-03-11,UBSFY,13.705279350280762
2021-03-12,UBSFY,13.667752265930176
2021-03-15,UBSFY,14.05882453918457
2021-03-16,UBSFY,14.469647407531738
2021-03-17,UBSFY,14.441994667053224
2021-03-18,UBSFY,14.124003410339355
2021-03-19,UBSFY,14.236584663391112
2021-03-22,UBSFY,14.430145263671877
2021-03-23,UBSFY,14.556551933288574
2021-03-24,UBSFY,14.222758293151855
2021-03-25,UBSFY,14.050923347473145
2021-03-26,UBSFY,14.441994667053224
2021-03-29,UBSFY,14.378792762756348
2021-03-30,UBSFY,14.299786567687988
2021-03-31,UBSFY,13.983770370483398
2021-04-01,UBSFY,14.185232162475586
2021-04-05,UBSFY,14.256335258483888
2021-04-06,UBSFY,14.390642166137695
2021-04-07,UBSFY,14.359041213989258
2021-04-08,UBSFY,14.667158126831056
2021-04-09,UBSFY,14.615805625915527
2021-04-12,UBSFY,14.64345645904541
2021-04-13,UBSFY,14.991076469421388
2021-04-14,UBSFY,14.829116821289062
2021-04-15,UBSFY,14.801465034484863
2021-04-16,UBSFY,14.783689498901367
2021-04-19,UBSFY,14.42224407196045
2021-04-20,UBSFY,14.295836448669434
2021-04-21,UBSFY,14.430145263671877
2021-04-22,UBSFY,14.258309364318848
2021-04-23,UBSFY,14.309662818908691
2021-04-26,UBSFY,14.044998168945312
2021-04-27,UBSFY,13.853412628173828
2021-04-28,UBSFY,14.100300788879396
2021-04-29,UBSFY,14.044998168945312
2021-04-30,UBSFY,14.199057579040527
2021-05-03,UBSFY,14.315587997436523
2021-05-04,UBSFY,14.033147811889648
2021-05-05,UBSFY,14.280035972595217
2021-05-06,UBSFY,13.827736854553224
2021-05-07,UBSFY,13.626276016235352
2021-05-10,UBSFY,13.954143524169922
2021-05-11,UBSFY,14.13190460205078
2021-05-12,UBSFY,13.73095703125
2021-05-13,UBSFY,13.549246788024902
2021-05-14,UBSFY,13.930442810058594
2021-05-17,UBSFY,14.086475372314451
2021-05-18,UBSFY,13.904765129089355
2021-05-19,UBSFY,14.181281089782717
2021-05-20,UBSFY,14.20695686340332
2021-05-21,UBSFY,14.491372108459473
2021-05-24,UBSFY,14.833066940307615
2021-05-25,UBSFY,15.099705696105955
2021-05-26,UBSFY,15.281415939331056
2021-05-27,UBSFY,15.135258674621582
2021-05-28,UBSFY,15.271540641784668
2021-06-01,UBSFY,15.01280117034912
2021-06-02,UBSFY,15.06020450592041
2021-06-03,UBSFY,15.070079803466797
2021-06-04,UBSFY,15.364371299743652
2021-06-07,UBSFY,15.530280113220217
2021-06-08,UBSFY,15.405848503112791
2021-06-09,UBSFY,15.14908504486084
2021-06-10,UBSFY,15.216238021850586
2021-06-11,UBSFY,15.218213081359863
2021-06-14,UBSFY,14.671107292175291
2021-06-15,UBSFY,14.46372127532959
2021-06-16,UBSFY,14.10425090789795
2021-06-17,UBSFY,14.526925086975098
2021-06-18,UBSFY,14.534826278686523
2021-06-21,UBSFY,14.665183067321776
2021-06-22,UBSFY,14.556551933288574
2021-06-23,UBSFY,14.222758293151855
2021-06-24,UBSFY,14.378792762756348
2021-06-25,UBSFY,14.295836448669434
2021-06-28,UBSFY,14.53285026550293
2021-06-29,UBSFY,14.438044548034668
2021-06-30,UBSFY,14.325464248657228
2021-07-01,UBSFY,14.301762580871582
2021-07-02,UBSFY,14.509148597717283
2021-07-06,UBSFY,14.870593070983888
2021-07-07,UBSFY,14.775789260864258
2021-07-08,UBSFY,14.072649955749512
2021-07-09,UBSFY,14.35706615447998
2021-07-12,UBSFY,14.240533828735352
2021-07-13,UBSFY,14.10425090789795
2021-07-14,UBSFY,14.244483947753906
2021-07-15,UBSFY,14.052898406982422
2021-07-16,UBSFY,13.934392929077148
2021-07-19,UBSFY,13.628251075744627
2021-07-20,UBSFY,13.539371490478516
2021-07-21,UBSFY,13.568997383117676
2021-07-22,UBSFY,13.507768630981444
2021-07-23,UBSFY,13.555171966552734
2021-07-26,UBSFY,13.42876434326172
2021-07-27,UBSFY,13.409013748168944
2021-07-28,UBSFY,13.40111255645752
2021-07-29,UBSFY,13.14632511138916
2021-07-30,UBSFY,12.69007396697998
2021-08-02,UBSFY,12.855982780456545
2021-08-03,UBSFY,12.80660629272461
2021-08-04,UBSFY,12.603169441223145
2021-08-05,UBSFY,12.378007888793944
2021-08-06,UBSFY,11.676843643188477
2021-08-09,UBSFY,11.678818702697754
2021-08-10,UBSFY,11.228493690490724
2021-08-11,UBSFY,11.690669059753418
2021-08-12,UBSFY,11.653141975402832
2021-08-13,UBSFY,11.738070487976074
2021-08-16,UBSFY,11.722270011901855
2021-08-17,UBSFY,11.686717987060549
2021-08-18,UBSFY,11.659067153930664
2021-08-19,UBSFY,11.66301727294922
2021-08-20,UBSFY,11.92570686340332
2021-08-23,UBSFY,11.919780731201172
2021-08-24,UBSFY,11.95335865020752
2021-08-25,UBSFY,11.894104957580566
2021-08-26,UBSFY,11.708444595336914
2021-08-27,UBSFY,11.643266677856444
2021-08-30,UBSFY,11.761773109436035
2021-08-31,UBSFY,11.866453170776367
2021-09-01,UBSFY,12.069890022277832
2021-09-02,UBSFY,12.233823776245115
2021-09-03,UBSFY,12.225923538208008
2021-09-07,UBSFY,12.443185806274414
2021-09-08,UBSFY,12.156795501708984
2021-09-09,UBSFY,12.156795501708984
2021-09-10,UBSFY,12.279251098632812
2021-09-13,UBSFY,12.374056816101074
2021-09-14,UBSFY,12.099515914916992
2021-09-15,UBSFY,12.08569049835205
2021-09-16,UBSFY,11.854602813720703
2021-09-17,UBSFY,11.988910675048828
2021-09-20,UBSFY,11.840777397155762
2021-09-21,UBSFY,11.900030136108398
2021-09-22,UBSFY,11.973109245300291
2021-09-23,UBSFY,12.127167701721191
2021-09-24,UBSFY,12.000761985778809
2021-09-27,UBSFY,11.996810913085938
2021-09-28,UBSFY,11.48920726776123
2021-09-29,UBSFY,11.65511703491211
2021-09-30,UBSFY,11.702519416809082
2021-10-01,UBSFY,11.11986255645752
2021-10-04,UBSFY,10.803844451904297
2021-10-05,UBSFY,10.78409481048584
2021-10-06,UBSFY,11.017157554626465
2021-10-07,UBSFY,11.18899154663086
2021-10-08,UBSFY,11.131712913513184
2021-10-11,UBSFY,11.143563270568848
2021-10-12,UBSFY,11.169240951538086
2021-10-13,UBSFY,11.14948844909668
2021-10-14,UBSFY,11.25219440460205
2021-10-15,UBSFY,11.117887496948242
2021-10-18,UBSFY,11.10011100769043
2021-10-19,UBSFY,11.07048511505127
2021-10-20,UBSFY,10.809770584106444
2021-10-21,UBSFY,10.801870346069336
2021-10-22,UBSFY,10.835447311401367
2021-10-25,UBSFY,10.69521427154541
2021-10-26,UBSFY,10.596458435058594
2021-10-27,UBSFY,10.545105934143066
2021-10-28,UBSFY,10.79792022705078
2021-10-29,UBSFY,10.9124755859375
2021-11-01,UBSFY,10.969754219055176
2021-11-02,UBSFY,10.580657958984377
2021-11-03,UBSFY,10.586584091186523
2021-11-04,UBSFY,10.586584091186523
2021-11-05,UBSFY,10.932226181030272
2021-11-08,UBSFY,10.803844451904297
2021-11-09,UBSFY,10.78409481048584
2021-11-10,UBSFY,10.726816177368164
2021-11-11,UBSFY,10.86309814453125
2021-11-12,UBSFY,10.93420124053955
2021-11-15,UBSFY,10.853222846984863
2021-11-16,UBSFY,11.05073356628418
2021-11-17,UBSFY,10.92432689666748
2021-11-18,UBSFY,11.163314819335938
2021-11-19,UBSFY,11.224543571472168
2021-11-22,UBSFY,10.971729278564451
2021-11-23,UBSFY,10.880873680114746
2021-11-24,UBSFY,10.823596000671388
2021-11-26,UBSFY,10.718914985656738
2021-11-29,UBSFY,11.200841903686523
2021-11-30,UBSFY,10.878898620605469
2021-12-01,UBSFY,10.928277015686035
2021-12-02,UBSFY,11.258119583129885
2021-12-03,UBSFY,11.021106719970703
2021-12-06,UBSFY,11.054683685302734
2021-12-07,UBSFY,11.406253814697266
2021-12-08,UBSFY,11.574137687683104
2021-12-09,UBSFY,11.584012985229492
2021-12-10,UBSFY,11.73214626312256
2021-12-13,UBSFY,11.554387092590332
2021-12-14,UBSFY,11.491182327270508
2021-12-15,UBSFY,11.637341499328612
2021-12-16,UBSFY,11.657092094421388
2021-12-17,UBSFY,11.497108459472656
2021-12-20,UBSFY,11.700543403625488
2021-12-21,UBSFY,12.038288116455078
2021-12-22,UBSFY,11.872379302978516
2021-12-23,UBSFY,12.030387878417969
2021-12-27,UBSFY,12.107417106628418
2021-12-28,UBSFY,11.80522632598877
2021-12-29,UBSFY,11.749921798706056
2021-12-30,UBSFY,11.572163581848145
2021-12-31,UBSFY,11.528709411621094
2022-01-03,UBSFY,11.548460960388184
2022-01-04,UBSFY,11.514883995056152
2022-01-05,UBSFY,11.24626922607422
2022-01-06,UBSFY,11.346999168395996
2022-01-07,UBSFY,11.475381851196287
2022-01-10,UBSFY,11.542534828186035
2022-01-11,UBSFY,11.651166915893556
2022-01-12,UBSFY,11.56426239013672
2022-01-13,UBSFY,11.297621726989746
2022-01-14,UBSFY,11.289721488952637
2022-01-18,UBSFY,11.53661060333252
2022-01-19,UBSFY,11.576112747192385
2022-01-20,UBSFY,11.832877159118652
2022-01-21,UBSFY,11.716344833374023
2022-01-24,UBSFY,11.603764533996582
2022-01-25,UBSFY,11.63536548614502
2022-01-26,UBSFY,12.060013771057127
2022-01-27,UBSFY,12.08569049835205
2022-01-28,UBSFY,12.069890022277832
2022-01-31,UBSFY,12.067914962768556
2022-02-01,UBSFY,12.235798835754396
2022-02-02,UBSFY,12.376031875610352
2022-02-03,UBSFY,12.166669845581056
2022-02-04,UBSFY,12.447135925292969
2022-02-07,UBSFY,12.51823902130127
2022-02-08,UBSFY,12.376031875610352
2022-02-09,UBSFY,12.492562294006348
2022-02-10,UBSFY,12.156795501708984
2022-02-11,UBSFY,12.243699073791504
2022-02-14,UBSFY,12.318753242492676
2022-02-15,UBSFY,12.668347358703612
2022-02-16,UBSFY,12.551816940307615
2022-02-17,UBSFY,12.492562294006348
2022-02-18,UBSFY,12.616994857788086
2022-02-22,UBSFY,12.462936401367188
2022-02-23,UBSFY,12.368131637573242
2022-02-24,UBSFY,12.31480312347412
2022-02-25,UBSFY,12.283201217651367
2022-02-28,UBSFY,12.555767059326172
2022-03-01,UBSFY,12.39578342437744
2022-03-02,UBSFY,12.504412651062012
2022-03-03,UBSFY,12.559717178344728
2022-03-04,UBSFY,12.512313842773438
2022-03-07,UBSFY,12.162720680236816
2022-03-08,UBSFY,11.992860794067385
2022-03-09,UBSFY,12.462936401367188
2022-03-10,UBSFY,12.348380088806152
2022-03-11,UBSFY,12.340479850769045
2022-03-14,UBSFY,12.10149097442627
2022-03-15,UBSFY,12.087665557861328
2022-03-16,UBSFY,12.597243309020996
2022-03-17,UBSFY,12.69797420501709
2022-03-18,UBSFY,12.751302719116213
2022-03-21,UBSFY,12.695999145507812
2022-03-22,UBSFY,12.75920295715332
2022-03-23,UBSFY,12.98041534423828
2022-03-24,UBSFY,13.07917022705078
2022-03-25,UBSFY,13.254955291748049
2022-03-28,UBSFY,13.264830589294434
2022-03-29,UBSFY,13.351736068725586
2022-03-30,UBSFY,12.678223609924316
2022-03-31,UBSFY,12.425409317016602
2022-04-01,UBSFY,12.80660629272461
2022-04-04,UBSFY,12.90733528137207
2022-04-05,UBSFY,12.51033878326416
2022-04-06,UBSFY,12.615019798278809
2022-04-07,UBSFY,12.616994857788086
2022-04-08,UBSFY,12.684147834777832
2022-04-11,UBSFY,12.514288902282717
2022-04-12,UBSFY,12.5794677734375
2022-04-13,UBSFY,12.73945140838623
2022-04-14,UBSFY,12.52613925933838
2022-04-18,UBSFY,12.389857292175291
2022-04-19,UBSFY,12.49651336669922
2022-04-20,UBSFY,12.334553718566896
2022-04-21,UBSFY,12.188396453857422
2022-04-22,UBSFY,12.109392166137695
2022-04-25,UBSFY,12.21999740600586
2022-04-26,UBSFY,11.70449447631836
2022-04-27,UBSFY,11.747946739196776
2022-04-28,UBSFY,11.356876373291016
2022-04-29,UBSFY,11.254169464111328
2022-05-02,UBSFY,10.997406005859377
2022-05-03,UBSFY,11.05073356628418
2022-05-04,UBSFY,11.266020774841309
2022-05-05,UBSFY,10.942102432250977
2022-05-06,UBSFY,10.861123085021973
2022-05-09,UBSFY,10.499677658081056
2022-05-10,UBSFY,10.705089569091797
2022-05-11,UBSFY,10.84334659576416
2022-05-12,UBSFY,10.981605529785156
2022-05-13,UBSFY,10.975680351257324
2022-05-16,UBSFY,10.778168678283691
2022-05-17,UBSFY,10.973705291748049
2022-05-18,UBSFY,11.242319107055664
2022-05-19,UBSFY,11.376626968383787
2022-05-20,UBSFY,11.38255214691162
2022-05-23,UBSFY,11.528709411621094
2022-05-24,UBSFY,11.534635543823242
2022-05-25,UBSFY,11.151463508605955
2022-05-26,UBSFY,11.21861743927002
2022-05-27,UBSFY,11.07838535308838
2022-05-31,UBSFY,10.981605529785156
2022-06-01,UBSFY,11.003331184387209
2022-06-02,UBSFY,10.973705291748049
2022-06-03,UBSFY,10.748541831970217
2022-06-06,UBSFY,10.906550407409668
2022-06-07,UBSFY,10.886799812316896
2022-06-08,UBSFY,10.79199504852295
2022-06-09,UBSFY,10.9124755859375
2022-06-10,UBSFY,10.687313079833984
2022-06-13,UBSFY,10.45820140838623
2022-06-14,UBSFY,10.450300216674805
2022-06-15,UBSFY,10.418699264526367
2022-06-16,UBSFY,10.325868606567385
2022-06-17,UBSFY,10.300192832946776
2022-06-21,UBSFY,10.472026824951172
2022-06-22,UBSFY,10.428574562072754
2022-06-23,UBSFY,10.511528968811035
2022-06-24,UBSFY,10.69521427154541
2022-06-27,UBSFY,10.639911651611328
2022-06-28,UBSFY,10.69521427154541
2022-06-29,UBSFY,10.663612365722656
2022-06-30,UBSFY,10.630035400390623
2022-07-01,UBSFY,10.509553909301758
2022-07-05,UBSFY,10.677438735961914
2022-07-06,UBSFY,10.673487663269045
2022-07-07,UBSFY,10.679412841796877
2022-07-08,UBSFY,10.566832542419434
2022-07-11,UBSFY,10.578682899475098
2022-07-12,UBSFY,10.746566772460938
2022-07-13,UBSFY,10.803844451904297
2022-07-14,UBSFY,10.720890045166016
2022-07-15,UBSFY,11.098135948181152
2022-07-18,UBSFY,11.129737854003906
2022-07-19,UBSFY,10.918400764465332
2022-07-20,UBSFY,11.07245922088623
2022-07-21,UBSFY,11.060608863830566
2022-07-22,UBSFY,11.09221076965332
2022-07-25,UBSFY,10.997406005859377
2022-07-26,UBSFY,10.754467010498049
2022-07-27,UBSFY,10.918400764465332
2022-07-28,UBSFY,11.02308177947998
2022-07-29,UBSFY,11.060608863830566
2022-08-01,UBSFY,11.030982971191406
2022-08-02,UBSFY,10.770268440246582
2022-08-03,UBSFY,10.319942474365234
2022-08-04,UBSFY,10.590533256530762
2022-08-05,UBSFY,10.677438735961914
2022-08-08,UBSFY,10.51547908782959
2022-08-09,UBSFY,10.389073371887209
2022-08-10,UBSFY,10.635961532592772
2022-08-11,UBSFY,10.65373706817627
2022-08-12,UBSFY,10.65373706817627
2022-08-15,UBSFY,10.701139450073242
2022-08-16,UBSFY,10.740641593933104
2022-08-17,UBSFY,10.870999336242676
2022-08-18,UBSFY,11.082335472106934
2022-08-19,UBSFY,10.793970108032228
2022-08-22,UBSFY,10.720890045166016
2022-08-23,UBSFY,10.726816177368164
2022-08-24,UBSFY,10.456226348876951
2022-08-25,UBSFY,10.51547908782959
2022-08-26,UBSFY,10.310067176818848
2022-08-29,UBSFY,10.22118854522705
2022-08-30,UBSFY,10.157984733581545
2022-08-31,UBSFY,10.092805862426758
2022-09-01,UBSFY,10.043428421020508
2022-09-02,UBSFY,9.934797286987305
2022-09-06,UBSFY,9.905170440673828
2022-09-07,UBSFY,9.915045738220217
2022-09-08,UBSFY,9.994050979614258
2022-09-09,UBSFY,10.092805862426758
2022-09-12,UBSFY,10.23106288909912
2022-09-13,UBSFY,10.479928016662598
2022-09-14,UBSFY,10.673487663269045
2022-09-15,UBSFY,10.70311450958252
2022-09-16,UBSFY,10.533255577087402
2022-09-19,UBSFY,10.556955337524414
2022-09-20,UBSFY,10.53720474243164
2022-09-21,UBSFY,10.43844985961914
2022-09-22,UBSFY,10.60633373260498
2022-09-23,UBSFY,10.389073371887209
2022-09-26,UBSFY,10.175761222839355
2022-09-27,UBSFY,10.264640808105469
2022-09-28,UBSFY,10.2982177734375
2022-09-29,UBSFY,10.169835090637209
2022-09-30,UBSFY,10.067130088806152
2022-10-03,UBSFY,9.89529514312744
2022-10-04,UBSFY,10.60633373260498
2022-10-05,UBSFY,10.260690689086914
2022-10-06,UBSFY,10.211313247680664
2022-10-07,UBSFY,10.142183303833008
2022-10-10,UBSFY,10.073054313659668
2022-10-11,UBSFY,10.013802528381348
2022-10-12,UBSFY,10.043428421020508
2022-10-13,UBSFY,10.181686401367188
2022-10-14,UBSFY,10.112556457519531
2022-10-17,UBSFY,10.122432708740234
2022-10-18,UBSFY,10.073054313659668
2022-10-19,UBSFY,9.865668296813965
2022-10-20,UBSFY,9.924921989440918
2022-10-21,UBSFY,10.053303718566896
2022-10-24,UBSFY,9.885419845581056
2022-10-25,UBSFY,9.974299430847168
2022-10-26,UBSFY,10.16193389892578
2022-10-27,UBSFY,9.944671630859377
2022-10-28,UBSFY,9.944671630859377
2022-10-31,UBSFY,9.994050979614258
2022-11-01,UBSFY,10.023676872253418
2022-11-02,UBSFY,10.043428421020508
2022-11-03,UBSFY,9.974299430847168
2022-11-04,UBSFY,10.053303718566896
2022-11-07,UBSFY,10.310067176818848
2022-11-08,UBSFY,9.865668296813965
2022-11-09,UBSFY,9.687909126281738
2022-11-10,UBSFY,10.13230800628662
2022-11-11,UBSFY,10.191561698913574
2022-11-14,UBSFY,10.013802528381348
2022-11-15,UBSFY,10.142183303833008
2022-11-16,UBSFY,10.20143699645996
2022-11-17,UBSFY,10.300192832946776
2022-11-18,UBSFY,10.379197120666504
2022-11-21,UBSFY,10.240939140319824
2022-11-22,UBSFY,10.3693208694458
2022-11-23,UBSFY,10.497703552246094
2022-11-25,UBSFY,10.497703552246094
2022-11-28,UBSFY,10.40882396697998
2022-11-29,UBSFY,10.45820140838623
2022-11-30,UBSFY,10.596458435058594
2022-12-01,UBSFY,10.448325157165527
2022-12-02,UBSFY,10.428574562072754
2022-12-05,UBSFY,10.211313247680664
2022-12-06,UBSFY,10.300192832946776
2022-12-07,UBSFY,10.379197120666504
2022-12-08,UBSFY,10.310067176818848
2022-12-09,UBSFY,10.260690689086914
2022-12-12,UBSFY,10.211313247680664
2022-12-13,UBSFY,10.260690689086914
2022-12-14,UBSFY,10.359444618225098
2022-12-15,UBSFY,10.112556457519531
2022-12-16,UBSFY,10.013802528381348
2022-12-19,UBSFY,10.023676872253418
2022-12-20,UBSFY,10.290316581726074
2022-12-21,UBSFY,10.310067176818848
2022-12-22,UBSFY,10.359444618225098
2022-12-23,UBSFY,10.389073371887209
2022-12-27,UBSFY,10.280441284179688
2022-12-28,UBSFY,10.240939140319824
2022-12-29,UBSFY,10.398947715759276
2022-12-30,UBSFY,10.290316581726074
2023-01-03,UBSFY,10.3693208694458
2023-01-04,UBSFY,10.240939140319824
2023-01-05,UBSFY,10.171810150146484
2023-01-06,UBSFY,10.290316581726074
2023-01-09,UBSFY,10.329818725585938
2023-01-10,UBSFY,10.22118854522705
2023-01-11,UBSFY,10.112556457519531
2023-01-12,UBSFY,10.260690689086914
2023-01-13,UBSFY,10.319942474365234
2023-01-17,UBSFY,10.62608528137207
2023-01-18,UBSFY,10.62608528137207
2023-01-19,UBSFY,10.60633373260498
2023-01-20,UBSFY,10.60633373260498
2023-01-23,UBSFY,10.527329444885254
2023-01-24,UBSFY,10.497703552246094
2023-01-25,UBSFY,10.566832542419434
2023-01-26,UBSFY,10.69521427154541
2023-01-27,UBSFY,10.714964866638184
2023-01-30,UBSFY,10.596458435058594
2023-01-31,UBSFY,10.635961532592772
2023-02-01,UBSFY,10.685338020324709
2023-02-02,UBSFY,10.655712127685549
2023-02-03,UBSFY,10.616209983825684
2023-02-06,UBSFY,10.448325157165527
2023-02-07,UBSFY,10.053303718566896
2023-02-08,UBSFY,9.786664009094238
2023-02-09,UBSFY,9.865668296813965
2023-02-10,UBSFY,9.944671630859377
2023-02-13,UBSFY,9.806415557861328
2023-02-14,UBSFY,9.836042404174805
2023-02-15,UBSFY,9.845917701721191
2023-02-16,UBSFY,10.033552169799805
2023-02-17,UBSFY,10.033552169799805
2023-02-21,UBSFY,9.885419845581056
2023-02-22,UBSFY,9.727411270141602
2023-02-23,UBSFY,9.786664009094238
2023-02-24,UBSFY,9.470646858215332
2023-02-27,UBSFY,9.31263828277588
2023-02-28,UBSFY,9.213882446289062
2023-03-01,UBSFY,9.194131851196287
2023-03-02,UBSFY,9.253384590148926
2023-03-03,UBSFY,9.41139316558838
2023-03-06,UBSFY,9.283010482788086
2023-03-07,UBSFY,9.233633995056152
2023-03-08,UBSFY,9.283010482788086
2023-03-09,UBSFY,9.292886734008787
2023-03-10,UBSFY,9.332388877868652
2023-03-13,UBSFY,9.34226417541504
2023-03-14,UBSFY,9.332388877868652
2023-03-15,UBSFY,9.283010482788086
2023-03-16,UBSFY,9.401518821716309
2023-03-17,UBSFY,9.48052215576172
2023-03-20,UBSFY,9.431144714355469
2023-03-21,UBSFY,9.441020965576172
2023-03-22,UBSFY,9.38176727294922
2023-03-23,UBSFY,9.520024299621582
2023-03-24,UBSFY,9.48052215576172
2023-03-27,UBSFY,9.529899597167969
2023-03-28,UBSFY,9.490397453308104
2023-03-29,UBSFY,9.648406982421877
2023-03-30,UBSFY,9.510149002075195
2023-03-31,UBSFY,9.569400787353516
2023-04-03,UBSFY,9.618780136108398
2023-04-04,UBSFY,10.053303718566896
2023-04-05,UBSFY,9.816290855407717
2023-04-06,UBSFY,9.875543594360352
2023-04-10,UBSFY,10.142183303833008
2023-04-11,UBSFY,9.974299430847168
2023-04-12,UBSFY,10.082930564880373
2023-04-13,UBSFY,10.073054313659668
2023-04-14,UBSFY,10.092805862426758
2023-04-17,UBSFY,10.043428421020508
2023-04-18,UBSFY,10.171810150146484
2023-04-19,UBSFY,10.053303718566896
2023-04-20,UBSFY,10.06317901611328
2023-04-21,UBSFY,10.211313247680664
2023-04-24,UBSFY,10.300192832946776
2023-04-25,UBSFY,10.339694023132324
2023-04-26,UBSFY,10.290316581726074
2023-04-27,UBSFY,10.448325157165527
2023-04-28,UBSFY,10.428574562072754
2023-05-01,UBSFY,10.22118854522705
2023-05-02,UBSFY,10.191561698913574
2023-05-03,UBSFY,10.300192832946776
2023-05-04,UBSFY,10.339694023132324
2023-05-05,UBSFY,10.428574562072754
2023-05-08,UBSFY,10.527329444885254
2023-05-09,UBSFY,10.596458435058594
2023-05-10,UBSFY,10.379197120666504
2023-05-11,UBSFY,10.339694023132324
2023-05-12,UBSFY,10.547080993652344
2023-05-15,UBSFY,10.586584091186523
2023-05-16,UBSFY,10.57670783996582
2023-05-17,UBSFY,10.803844451904297
2023-05-18,UBSFY,10.83347225189209
2023-05-19,UBSFY,10.705089569091797
2023-05-22,UBSFY,10.734715461730955
2023-05-23,UBSFY,10.53720474243164
2023-05-24,UBSFY,10.43844985961914
2023-05-25,UBSFY,10.389073371887209
2023-05-26,UBSFY,10.547080993652344
2023-05-30,UBSFY,10.497703552246094
2023-05-31,UBSFY,10.43844985961914
2023-06-01,UBSFY,10.57670783996582
2023-06-02,UBSFY,10.705089569091797
2023-06-05,UBSFY,10.635961532592772
2023-06-06,UBSFY,10.74459171295166
2023-06-07,UBSFY,10.596458435058594
2023-06-08,UBSFY,10.665587425231934
2023-06-09,UBSFY,10.813720703125
2023-06-12,UBSFY,10.86309814453125
2023-06-13,UBSFY,10.981605529785156
2023-06-14,UBSFY,10.83347225189209
2023-06-15,UBSFY,10.932226181030272
2023-06-16,UBSFY,10.83347225189209
2023-06-20,UBSFY,10.803844451904297
2023-06-21,UBSFY,10.774218559265137
2023-06-22,UBSFY,10.922351837158203
2023-06-23,UBSFY,10.60633373260498
2023-06-26,UBSFY,10.774218559265137
2023-06-27,UBSFY,11.011231422424316
2023-06-28,UBSFY,11.169240951538086
2023-06-29,UBSFY,11.18899154663086
2023-06-30,UBSFY,11.23836898803711
2023-07-03,UBSFY,11.18899154663086
2023-07-05,UBSFY,11.00135612487793
2023-07-06,UBSFY,10.83347225189209
2023-07-07,UBSFY,10.991480827331545
2023-07-10,UBSFY,10.981605529785156
2023-07-11,UBSFY,11.080360412597656
2023-07-12,UBSFY,11.198866844177246
2023-07-13,UBSFY,11.455631256103516
2023-07-14,UBSFY,11.23836898803711
2023-07-17,UBSFY,11.258119583129885
2023-07-18,UBSFY,11.386502265930176
2023-07-19,UBSFY,11.307497024536133
2023-07-20,UBSFY,11.258119583129885
2023-07-21,UBSFY,11.23836898803711
2023-07-24,UBSFY,11.327248573303224
2023-07-25,UBSFY,11.080360412597656
2023-07-26,UBSFY,10.991480827331545
2023-07-27,UBSFY,11.07048511505127
2023-07-28,UBSFY,11.159364700317385
2023-07-31,UBSFY,11.139613151550291
2023-08-01,UBSFY,10.981605529785156
2023-08-02,UBSFY,10.774218559265137
2023-08-03,UBSFY,11.021106719970703
2023-08-04,UBSFY,10.635961532592772
2023-08-07,UBSFY,10.74459171295166
2023-08-08,UBSFY,10.586584091186523
2023-08-09,UBSFY,10.468076705932615
2023-08-10,UBSFY,10.596458435058594
2023-08-11,UBSFY,10.566832542419434
2023-08-14,UBSFY,10.596458435058594
2023-08-15,UBSFY,10.51745319366455
2023-08-16,UBSFY,10.586584091186523
2023-08-17,UBSFY,10.339694023132324
2023-08-18,UBSFY,10.339694023132324
2023-08-21,UBSFY,10.3693208694458
2023-08-22,UBSFY,10.300192832946776
2023-08-23,UBSFY,10.477952003479004
2023-08-24,UBSFY,10.23106288909912
2023-08-25,UBSFY,10.270565032958984
2023-08-28,UBSFY,10.3693208694458
2023-08-29,UBSFY,10.448325157165527
2023-08-30,UBSFY,10.468076705932615
2023-08-31,UBSFY,10.53720474243164
2023-09-01,UBSFY,10.547080993652344
2023-09-05,UBSFY,10.497703552246094
2023-09-06,UBSFY,10.51745319366455
2023-09-07,UBSFY,10.596458435058594
2023-09-08,UBSFY,10.665587425231934
2023-09-11,UBSFY,10.78409481048584
2023-09-12,UBSFY,10.685338020324709
2023-09-13,UBSFY,10.53720474243164
2023-09-14,UBSFY,10.685338020324709
2023-09-15,UBSFY,10.48782730102539
2023-09-18,UBSFY,10.50757884979248
2023-09-19,UBSFY,10.705089569091797
2023-09-20,UBSFY,10.3693208694458
2023-09-21,UBSFY,10.20143699645996
2023-09-22,UBSFY,10.240939140319824
2023-09-25,UBSFY,10.280441284179688
2023-09-26,UBSFY,10.270565032958984
2023-09-27,UBSFY,10.23106288909912
2023-09-28,UBSFY,10.142183303833008
2023-09-29,UBSFY,10.22118854522705
2023-10-02,UBSFY,9.994050979614258
2023-10-03,UBSFY,10.053303718566896
2023-10-04,UBSFY,10.092805862426758
2023-10-05,UBSFY,10.260690689086914
2023-10-06,UBSFY,10.339694023132324
2023-10-09,UBSFY,10.3693208694458
2023-10-10,UBSFY,10.418699264526367
2023-10-11,UBSFY,10.379197120666504
2023-10-12,UBSFY,10.349569320678713
2023-10-13,UBSFY,10.092805862426758
2023-10-16,UBSFY,10.23106288909912
2023-10-17,UBSFY,10.043428421020508
2023-10-18,UBSFY,9.915045738220217
2023-10-19,UBSFY,9.964423179626465
2023-10-20,UBSFY,9.944671630859377
2023-10-23,UBSFY,9.964423179626465
2023-10-24,UBSFY,9.984174728393556
2023-10-25,UBSFY,10.043428421020508
2023-10-26,UBSFY,9.994050979614258
2023-10-27,UBSFY,10.102681159973145
2023-10-30,UBSFY,10.073054313659668
2023-10-31,UBSFY,10.191561698913574
2023-11-01,UBSFY,10.349569320678713
2023-11-02,UBSFY,10.477952003479004
2023-11-03,UBSFY,10.665587425231934
2023-11-06,UBSFY,10.547080993652344
2023-11-07,UBSFY,10.84334659576416
2023-11-08,UBSFY,11.21861743927002
2023-11-09,UBSFY,11.534635543823242
2023-11-10,UBSFY,11.258119583129885
2023-11-13,UBSFY,11.49513339996338
2023-11-14,UBSFY,11.613639831542969
2023-11-15,UBSFY,11.376626968383787
2023-11-16,UBSFY,11.52475929260254
2023-11-17,UBSFY,11.386502265930176
2023-11-20,UBSFY,11.297621726989746
2023-11-21,UBSFY,11.346999168395996
2023-11-22,UBSFY,11.465506553649902
2023-11-24,UBSFY,11.33712387084961
2023-11-27,UBSFY,11.396377563476562
2023-11-28,UBSFY,11.396377563476562
2023-11-29,UBSFY,11.386502265930176
2023-11-30,UBSFY,11.485257148742676
2023-12-01,UBSFY,11.584012985229492
2023-12-04,UBSFY,11.406253814697266
2023-12-05,UBSFY,11.406253814697266
2023-12-06,UBSFY,11.42600440979004
2023-12-07,UBSFY,11.584012985229492
2023-12-08,UBSFY,11.643266677856444
2023-12-11,UBSFY,11.643266677856444
2023-12-12,UBSFY,11.73214626312256
2023-12-13,UBSFY,11.870404243469238
2023-12-14,UBSFY,11.929656982421877
2023-12-15,UBSFY,11.643266677856444
2023-12-18,UBSFY,11.751896858215332
2023-12-19,UBSFY,11.919780731201172
2023-12-20,UBSFY,11.811150550842283
2023-12-21,UBSFY,12.038288116455078
2023-12-22,UBSFY,12.018537521362305
2023-12-26,UBSFY,12.127167701721191
2023-12-27,UBSFY,12.324678421020508
2023-12-28,UBSFY,12.3543062210083
2023-12-29,UBSFY,12.828330993652344
2024-01-02,UBSFY,12.64069652557373
2024-01-03,UBSFY,12.541940689086914
2024-01-04,UBSFY,12.265425682067873
2024-01-05,UBSFY,12.334553718566896
2024-01-08,UBSFY,12.630820274353027
2024-01-09,UBSFY,12.8974609375
2024-01-10,UBSFY,13.262855529785156
2024-01-11,UBSFY,13.440614700317385
2024-01-12,UBSFY,13.756633758544922
2024-01-16,UBSFY,13.480116844177246
2024-01-17,UBSFY,13.173975944519045
2024-01-18,UBSFY,13.480116844177246
2024-01-19,UBSFY,13.568997383117676
2024-01-22,UBSFY,13.430740356445312
2024-01-23,UBSFY,13.351736068725586
2024-01-24,UBSFY,13.193726539611816
2024-01-25,UBSFY,13.28260612487793
2024-01-26,UBSFY,13.23322868347168
2024-01-29,UBSFY,13.529495239257812
2024-01-30,UBSFY,13.74675750732422
2024-01-31,UBSFY,13.717130661010742
2024-02-01,UBSFY,14.043024063110352
2024-02-02,UBSFY,14.112152099609377
2024-02-05,UBSFY,13.815885543823242
2024-02-06,UBSFY,14.368916511535645
2024-02-07,UBSFY,13.993645668029783
2024-02-08,UBSFY,14.280035972595217
2024-02-09,UBSFY,14.39854335784912
2024-02-12,UBSFY,14.289912223815918
2024-02-13,UBSFY,14.151654243469238
2024-02-14,UBSFY,14.507173538208008
2024-02-15,UBSFY,14.75406265258789
2024-02-16,UBSFY,14.122027397155762
2024-02-20,UBSFY,13.450490951538086
2024-02-21,UBSFY,13.815885543823242
2024-02-22,UBSFY,13.766508102416992
2024-02-23,UBSFY,13.786259651184082
2024-02-26,UBSFY,14.062773704528809
2024-02-27,UBSFY,13.865262985229492
2024-02-28,UBSFY,13.598624229431152
2024-02-29,UBSFY,13.736882209777832
2024-03-01,UBSFY,13.865262985229492
2024-03-04,UBSFY,13.618374824523926
2024-03-05,UBSFY,13.667752265930176
2024-03-06,UBSFY,13.727005958557127
2024-03-07,UBSFY,13.845513343811035
2024-03-08,UBSFY,13.598624229431152
2024-03-11,UBSFY,13.77638339996338
2024-03-12,UBSFY,13.736882209777832
2024-03-13,UBSFY,13.648001670837402
2024-03-14,UBSFY,13.60849952697754
2024-03-15,UBSFY,13.598624229431152
2024-03-18,UBSFY,13.60849952697754
2024-03-19,UBSFY,13.736882209777832
2024-03-20,UBSFY,13.74675750732422
2024-03-21,UBSFY,13.667752265930176
2024-03-22,UBSFY,13.667752265930176
2024-03-25,UBSFY,13.499868392944336
2024-03-26,UBSFY,13.509743690490724
2024-03-27,UBSFY,13.509743690490724
2024-03-28,UBSFY,13.42086410522461
2024-04-01,UBSFY,13.292481422424316
2024-04-02,UBSFY,13.164100646972656
2024-04-03,UBSFY,12.73945140838623
2024-04-04,UBSFY,12.67032241821289
2024-04-05,UBSFY,12.611069679260254
2024-04-08,UBSFY,12.788829803466797
2024-04-09,UBSFY,12.749327659606934
2024-04-10,UBSFY,12.472811698913574
2024-04-11,UBSFY,12.423434257507324
2024-04-12,UBSFY,12.255549430847168
2024-04-15,UBSFY,12.038288116455078
2024-04-16,UBSFY,11.988910675048828
2024-04-17,UBSFY,12.067914962768556
2024-04-18,UBSFY,11.969159126281738
2024-04-19,UBSFY,11.83090114593506
2024-04-22,UBSFY,11.97903537750244
2024-04-23,UBSFY,11.929656982421877
2024-04-24,UBSFY,11.890154838562012
2024-04-25,UBSFY,11.742021560668944
2024-04-26,UBSFY,12.097540855407717
2024-04-29,UBSFY,12.196297645568848
2024-04-30,UBSFY,12.028412818908691
2024-05-01,UBSFY,11.900030136108398
2024-05-02,UBSFY,12.097540855407717
2024-05-03,UBSFY,12.225923538208008
2024-05-06,UBSFY,12.255549430847168
2024-05-07,UBSFY,12.24567413330078
2024-05-08,UBSFY,11.613639831542969
2024-05-09,UBSFY,12.176546096801758
2024-05-10,UBSFY,12.462936401367188
2024-05-13,UBSFY,12.69007396697998
2024-05-14,UBSFY,13.322108268737791
2024-05-15,UBSFY,13.243103981018066
2024-05-16,UBSFY,13.509743690490724
2024-05-17,UBSFY,13.470242500305176
2024-05-20,UBSFY,13.213478088378906
2024-05-21,UBSFY,13.272730827331545
2024-05-22,UBSFY,13.164100646972656
2024-05-23,UBSFY,12.87770938873291
2024-05-24,UBSFY,12.9962158203125
2024-05-28,UBSFY,12.838207244873049
2024-05-29,UBSFY,12.848082542419434
2024-05-30,UBSFY,13.124597549438477
2024-05-31,UBSFY,13.410988807678224
2024-06-03,UBSFY,13.559122085571287
2024-06-04,UBSFY,14.023272514343262
2024-06-05,UBSFY,13.91464138031006
2024-06-06,UBSFY,13.91464138031006
2024-06-07,UBSFY,13.727005958557127
2024-06-10,UBSFY,13.77638339996338
2024-06-11,UBSFY,13.549246788024902
2024-06-12,UBSFY,13.480116844177246
2024-06-13,UBSFY,13.075220108032228
2024-06-14,UBSFY,13.223353385925291
2024-06-17,UBSFY,13.203601837158203
2024-06-18,UBSFY,13.618374824523926
2024-06-20,UBSFY,13.134472846984863
2024-06-21,UBSFY,13.094970703125
2024-06-24,UBSFY,13.104846954345703
2024-06-25,UBSFY,13.30235767364502
2024-06-26,UBSFY,13.223353385925291
2024-06-27,UBSFY,13.213478088378906
2024-06-28,UBSFY,13.134472846984863
2024-07-01,UBSFY,13.31223201751709
2024-07-02,UBSFY,13.618374824523926
2024-07-03,UBSFY,13.568997383117676
2024-07-05,UBSFY,13.60849952697754
2024-07-08,UBSFY,13.460366249084473
2024-07-09,UBSFY,13.588748931884766
2024-07-10,UBSFY,13.825761795043944
2024-07-11,UBSFY,13.924516677856444
2024-07-12,UBSFY,13.924516677856444
2024-07-15,UBSFY,13.845513343811035
2024-07-16,UBSFY,13.717130661010742
2024-07-17,UBSFY,13.588748931884766
2024-07-18,UBSFY,13.460366249084473
2024-07-19,UBSFY,13.272730827331545
2024-07-22,UBSFY,13.440614700317385
2024-07-23,UBSFY,13.351736068725586
2024-07-24,UBSFY,13.30235767364502
2024-07-25,UBSFY,13.173975944519045
2024-07-26,UBSFY,13.37148666381836
2024-07-29,UBSFY,13.30235767364502
2024-07-30,UBSFY,13.351736068725586
2024-07-31,UBSFY,13.549246788024902
2024-08-01,UBSFY,13.04559326171875
2024-08-02,UBSFY,11.742021560668944
2024-08-05,UBSFY,11.73214626312256
2024-08-06,UBSFY,12.433309555053713
2024-08-07,UBSFY,12.73945140838623
2024-08-08,UBSFY,12.828330993652344
2024-08-09,UBSFY,13.065343856811523
2024-08-12,UBSFY,13.085095405578612
2024-08-13,UBSFY,13.04559326171875
2024-08-14,UBSFY,13.213478088378906
2024-08-15,UBSFY,13.262855529785156
2024-08-16,UBSFY,13.410988807678224
2024-08-19,UBSFY,13.598624229431152
2024-08-20,UBSFY,13.67762851715088
2024-08-21,UBSFY,14.043024063110352
2024-08-22,UBSFY,13.835637092590332
2024-08-23,UBSFY,14.043024063110352
2024-08-26,UBSFY,13.825761795043944
2024-08-27,UBSFY,13.736882209777832
2024-08-28,UBSFY,13.470242500305176
2024-08-29,UBSFY,13.361611366271973
2024-08-30,UBSFY,13.430740356445312
2024-09-03,UBSFY,13.134472846984863
2024-09-04,UBSFY,13.193726539611816
2024-09-05,UBSFY,13.31223201751709
2024-09-06,UBSFY,13.134472846984863
2024-09-09,UBSFY,13.351736068725586
2024-09-10,UBSFY,13.28260612487793
2024-09-11,UBSFY,13.262855529785156
2024-09-12,UBSFY,13.322108268737791
2024-09-13,UBSFY,13.193726539611816
2024-09-16,UBSFY,13.30235767364502
2024-09-17,UBSFY,13.164100646972656
2024-09-18,UBSFY,13.114721298217772
2024-09-19,UBSFY,13.31223201751709
2024-09-20,UBSFY,13.203601837158203
2024-09-23,UBSFY,13.223353385925291
2024-09-24,UBSFY,13.23322868347168
2024-09-25,UBSFY,13.035717964172363
2024-09-26,UBSFY,13.717130661010742
2024-09-27,UBSFY,13.361611366271973
2024-09-30,UBSFY,13.210856437683104
2024-10-01,UBSFY,13.260446548461914
2024-10-02,UBSFY,13.081921577453612
2024-10-03,UBSFY,13.02241325378418
2024-10-04,UBSFY,13.081921577453612
2024-10-07,UBSFY,13.46872615814209
2024-10-08,UBSFY,13.349709510803224
2024-10-09,UBSFY,13.18110179901123
2024-10-10,UBSFY,13.210856437683104
2024-10-11,UBSFY,13.131511688232422
2024-10-14,UBSFY,13.072003364562988
2024-10-15,UBSFY,13.012495040893556
2024-10-16,UBSFY,13.22077465057373
2024-10-17,UBSFY,13.290200233459473
2024-10-18,UBSFY,13.369544982910156
2024-10-21,UBSFY,13.230692863464355
2024-10-22,UBSFY,13.121593475341797
2024-10-23,UBSFY,13.032331466674805
2024-10-24,UBSFY,13.121593475341797
2024-10-25,UBSFY,13.00257682800293
2024-10-28,UBSFY,13.191020011901855
2024-10-29,UBSFY,13.131511688232422
2024-10-30,UBSFY,13.072003364562988
2024-10-31,UBSFY,13.111676216125488
2024-11-01,UBSFY,12.962904930114746
2024-11-04,UBSFY,12.99265956878662
2024-11-05,UBSFY,12.764543533325195
2024-11-06,UBSFY,13.230692863464355
2024-11-07,UBSFY,13.389381408691406
2024-11-08,UBSFY,13.260446548461914
2024-11-11,UBSFY,13.290200233459473
2024-11-12,UBSFY,13.369544982910156
2024-11-13,UBSFY,12.893478393554688
2024-11-14,UBSFY,12.923232078552246
2024-11-15,UBSFY,13.131511688232422
2024-11-18,UBSFY,13.20093822479248
2024-11-19,UBSFY,13.101758003234863
2024-11-20,UBSFY,13.101758003234863
2024-11-21,UBSFY,13.151348114013672
2024-11-22,UBSFY,13.062085151672363
2024-11-25,UBSFY,13.260446548461914
2024-11-26,UBSFY,13.369544982910156
2024-11-27,UBSFY,13.84561252593994
2024-11-29,UBSFY,14.52995777130127
2024-12-02,UBSFY,14.619220733642578
2024-12-03,UBSFY,14.79774570465088
2024-12-04,UBSFY,15.224223136901855
2024-12-05,UBSFY,15.44242000579834
2024-12-06,UBSFY,15.075451850891112
2024-12-09,UBSFY,15.164713859558104
2024-12-10,UBSFY,14.827500343322754
2024-12-11,UBSFY,14.966353416442873
2024-12-12,UBSFY,14.857254028320312
2024-12-13,UBSFY,14.688647270202637
2024-12-16,UBSFY,14.807663917541504
2024-12-17,UBSFY,15.234140396118164
2024-12-18,UBSFY,14.658892631530762
2024-12-19,UBSFY,14.926680564880373
2024-12-20,UBSFY,14.579548835754396
2024-12-23,UBSFY,14.52995777130127
2024-12-24,UBSFY,14.52995777130127
2024-12-26,UBSFY,14.52004051208496
2024-12-27,UBSFY,14.559712409973145
2024-12-30,UBSFY,14.500204086303713
2024-12-31,UBSFY,14.510122299194336
2025-01-02,UBSFY,14.559712409973145
2025-01-03,UBSFY,14.56963062286377
2025-01-06,UBSFY,14.420859336853027
2025-01-07,UBSFY,14.252252578735352
2025-01-08,UBSFY,13.924956321716309
2025-01-10,UBSFY,14.30184268951416
2025-01-13,UBSFY,14.34151554107666
2025-01-14,UBSFY,14.658892631530762
2025-01-15,UBSFY,15.105205535888672
2025-01-16,UBSFY,15.511846542358398
2025-01-17,UBSFY,14.688647270202637
2025-01-21,UBSFY,14.559712409973145
2025-01-22,UBSFY,14.887008666992188
2025-01-23,UBSFY,15.224223136901855
2025-01-24,UBSFY,15.720126152038574
2025-01-27,UBSFY,15.492010116577148
2025-01-28,UBSFY,16.32512664794922
2025-01-29,UBSFY,16.11684799194336
2025-01-30,UBSFY,16.563161849975586
2025-01-31,UBSFY,16.216028213500977
2025-02-03,UBSFY,16.36479949951172
2025-02-04,UBSFY,16.3052921295166
2025-02-05,UBSFY,17.108654022216797
2025-02-06,UBSFY,17.832672119140625
2025-02-07,UBSFY,17.40619468688965
2025-02-10,UBSFY,17.832672119140625
2025-02-11,UBSFY,17.713655471801758
2025-02-12,UBSFY,17.584720611572266
2025-02-13,UBSFY,18.229394912719727
2025-02-14,UBSFY,18.2988224029541
2025-02-18,UBSFY,18.74513435363769
2025-02-19,UBSFY,19.25095558166504
2025-02-20,UBSFY,19.122020721435547
2025-02-21,UBSFY,18.973249435424805
2025-02-24,UBSFY,18.844314575195312
2025-02-25,UBSFY,18.86415100097656
2025-02-26,UBSFY,18.517019271850582
2025-02-27,UBSFY,18.636035919189453
2025-02-28,UBSFY,18.42775535583496
2025-03-03,UBSFY,18.23931312561035
2025-03-04,UBSFY,18.249231338500977
2025-03-05,UBSFY,18.66578865051269
2025-03-06,UBSFY,18.576526641845703
2025-03-07,UBSFY,17.495458602905273
2025-03-10,UBSFY,16.53340721130371
2025-03-11,UBSFY,16.880538940429688
2025-03-12,UBSFY,17.00947380065918
2025-03-13,UBSFY,17.00947380065918
2025-03-14,UBSFY,17.38636016845703
2025-03-17,UBSFY,17.23758888244629
2025-03-18,UBSFY,17.108654022216797
2025-03-19,UBSFY,17.683900833129883
2025-03-20,UBSFY,17.624393463134766
2025-03-21,UBSFY,18.03103446960449
2025-03-24,UBSFY,17.713655471801758
2025-03-25,UBSFY,17.872344970703125
2025-03-26,UBSFY,18.417837142944336
2025-03-27,UBSFY,18.100460052490234
2025-03-28,UBSFY,17.793001174926758
2025-03-31,UBSFY,17.170000076293945
2025-04-01,UBSFY,17.139999389648438
2025-04-02,UBSFY,17.360000610351562
2025-04-03,UBSFY,16.709999084472656
2025-04-04,UBSFY,15.890000343322754
2025-04-07,UBSFY,16.1200008392334
2025-04-08,UBSFY,16.43000030517578
2025-04-09,UBSFY,17.479999542236328
2025-04-10,UBSFY,17.139999389648438
2025-04-11,UBSFY,17.450000762939453
2025-04-14,UBSFY,18.21999931335449
2025-04-15,UBSFY,17.90999984741211
2025-04-16,UBSFY,17.5
2025-04-17,UBSFY,18.059999465942383
2025-04-21,UBSFY,17.969999313354492
2025-04-22,UBSFY,18.190000534057617
2025-04-23,UBSFY,18.520000457763672
2025-04-24,UBSFY,19.81999969482422
2025-04-25,UBSFY,19.8799991607666
2025-04-28,UBSFY,20.270000457763672
2025-04-29,UBSFY,20.229999542236328
2025-04-30,UBSFY,20.84000015258789
2025-05-01,UBSFY,20.899999618530277
2025-05-02,UBSFY,21.690000534057617
2025-05-05,UBSFY,21.899999618530277
2025-05-06,UBSFY,21.700000762939453
2025-05-07,UBSFY,21.520000457763672
2025-05-08,UBSFY,20.899999618530277
2025-05-09,UBSFY,20.1200008392334
2025-05-12,UBSFY,20.09000015258789
2025-05-13,UBSFY,20.559999465942383
2025-05-14,UBSFY,19.739999771118164
2025-05-15,UBSFY,19.63999938964844
2025-05-16,UBSFY,20.06999969482422
2025-05-19,UBSFY,19.950000762939453
2025-05-20,UBSFY,19.899999618530277
2025-05-21,UBSFY,19.399999618530277
2025-05-22,UBSFY,19.5
2025-05-23,UBSFY,20.5
2025-05-27,UBSFY,21.01000022888184
2025-05-28,UBSFY,20.88999938964844
2025-05-29,UBSFY,21.020000457763672
2025-05-30,UBSFY,20.440000534057617
2025-06-02,UBSFY,20.440000534057617
2025-06-03,UBSFY,20.440000534057617
2025-06-04,UBSFY,20.979999542236328
2025-06-05,UBSFY,20.68000030517578
2025-06-06,UBSFY,20.729999542236328
2025-06-09,UBSFY,20.950000762939453
2025-06-10,UBSFY,20.88999938964844
2025-06-11,UBSFY,20.170000076293945
2025-06-12,UBSFY,20.489999771118164
2025-06-13,UBSFY,20.71999931335449
2025-06-16,UBSFY,20.71999931335449
2025-06-17,UBSFY,21.56999969482422
2025-06-18,UBSFY,22.88999938964844
2025-06-20,UBSFY,21.959999084472656
2025-06-23,UBSFY,21.75
2025-06-24,UBSFY,22.25
2025-06-25,UBSFY,22.739999771118164
2025-06-26,UBSFY,23.229999542236328
2025-06-27,UBSFY,23.63999938964844
2025-06-30,UBSFY,24.020000457763672
2025-07-01,UBSFY,23.11000061035156
2025-07-02,UBSFY,22.81999969482422
2025-07-03,UBSFY,22.75
2025-07-07,UBSFY,22.540000915527344
2025-07-08,UBSFY,22.350000381469727
2025-07-09,UBSFY,22.1299991607666
2025-07-10,UBSFY,21.729999542236328
2025-07-11,UBSFY,21.399999618530277
2025-07-14,UBSFY,21.13999938964844
2025-07-15,UBSFY,20.989999771118164
2025-07-16,UBSFY,21.690000534057617
2025-07-17,UBSFY,22.01000022888184
2025-07-18,UBSFY,21.950000762939453
2025-07-21,UBSFY,22.209999084472656
2025-07-22,UBSFY,21.649999618530277
2025-07-23,UBSFY,22.15999984741211
2025-07-24,UBSFY,22.270000457763672
2025-07-25,UBSFY,21.81999969482422
2025-07-28,UBSFY,21.399999618530277
2025-07-29,UBSFY,21.56999969482422
2025-07-30,UBSFY,21.459999084472656
2025-07-31,UBSFY,21.0
2025-08-01,UBSFY,21.01000022888184
2025-08-04,UBSFY,22.6299991607666
2025-08-05,UBSFY,22.700000762939453
2025-08-06,UBSFY,22.950000762939453
2025-08-07,UBSFY,23.46999931335449
2025-08-08,UBSFY,24.489999771118164
2025-08-11,UBSFY,24.280000686645508
2025-08-12,UBSFY,23.84000015258789
2025-08-13,UBSFY,24.06999969482422
2025-08-14,UBSFY,24.149999618530277
2025-08-15,UBSFY,24.43000030517578
2025-08-18,UBSFY,24.88999938964844
2025-08-19,UBSFY,24.13999938964844
2025-08-20,UBSFY,23.290000915527344
2025-08-21,UBSFY,23.1200008392334
2025-08-22,UBSFY,23.59000015258789
2025-08-25,UBSFY,23.190000534057617
2025-08-26,UBSFY,22.920000076293945
2025-08-27,UBSFY,22.559999465942383
2025-08-28,UBSFY,22.84000015258789
2025-08-29,UBSFY,22.34000015258789
2025-09-02,UBSFY,22.0
2025-09-03,UBSFY,22.1200008392334
2025-09-04,UBSFY,22.520000457763672
2025-09-05,UBSFY,22.459999084472656
2025-09-08,UBSFY,23.489999771118164
2025-09-09,UBSFY,23.399999618530277
2025-09-10,UBSFY,23.270000457763672
2025-09-11,UBSFY,24.25
2025-09-12,UBSFY,23.690000534057617
2025-09-15,UBSFY,23.850000381469727
2025-09-16,UBSFY,23.549999237060547
2025-09-17,UBSFY,22.71999931335449
2025-09-18,UBSFY,22.09000015258789
2025-09-19,UBSFY,21.84000015258789
2025-09-22,UBSFY,21.61000061035156
2025-09-23,UBSFY,21.549999237060547
2025-09-24,UBSFY,21.8799991607666
2025-09-25,UBSFY,21.309999465942383
2025-09-26,UBSFY,21.65999984741211
2025-09-29,UBSFY,21.56999969482422
2025-09-30,UBSFY,21.34000015258789
2025-10-01,UBSFY,21.959999084472656
2025-10-02,UBSFY,21.479999542236328
2025-10-03,UBSFY,21.459999084472656
2025-10-06,UBSFY,21.38999938964844
2025-10-07,UBSFY,21.200000762939453
2025-10-08,UBSFY,21.13999938964844
2025-10-09,UBSFY,20.479999542236328
2025-10-10,UBSFY,19.600000381469727
2025-10-13,UBSFY,19.84000015258789
2025-10-14,UBSFY,20.450000762939453
2025-10-15,UBSFY,20.61000061035156
2025-10-16,UBSFY,20.100000381469727
2025-10-17,UBSFY,20.940000534057617
2025-10-20,UBSFY,21.299999237060547
2025-10-21,UBSFY,21.709999084472656
2025-10-22,UBSFY,21.34000015258789
2025-10-23,UBSFY,21.34000015258789
2025-10-24,UBSFY,20.899999618530277
2025-10-27,UBSFY,21.200000762939453
2025-10-28,UBSFY,21.649999618530277
2025-10-29,UBSFY,21.149999618530277
2025-10-30,UBSFY,20.82999992370605
2025-10-31,UBSFY,21.440000534057617
2025-11-03,UBSFY,21.6299991607666
2025-11-04,UBSFY,22.13999938964844
2025-11-05,UBSFY,22.0
2025-11-06,UBSFY,22.61000061035156
2025-11-07,UBSFY,22.399999618530277
2025-11-10,UBSFY,21.93000030517578
2025-11-11,UBSFY,22.1200008392334
2025-11-12,UBSFY,22.479999542236328
2025-11-13,UBSFY,21.649999618530277
2025-11-14,UBSFY,21.86000061035156
2010-01-04,^GSPC,1132.989990234375
2010-01-05,^GSPC,1136.52001953125
2010-01-06,^GSPC,1137.1400146484375
2010-01-07,^GSPC,1141.68994140625
2010-01-08,^GSPC,1144.97998046875
2010-01-11,^GSPC,1146.97998046875
2010-01-12,^GSPC,1136.219970703125
2010-01-13,^GSPC,1145.6800537109375
2010-01-14,^GSPC,1148.4599609375
2010-01-15,^GSPC,1136.030029296875
2010-01-19,^GSPC,1150.22998046875
2010-01-20,^GSPC,1138.0400390625
2010-01-21,^GSPC,1116.47998046875
2010-01-22,^GSPC,1091.760009765625
2010-01-25,^GSPC,1096.780029296875
2010-01-26,^GSPC,1092.1700439453125
2010-01-27,^GSPC,1097.5
2010-01-28,^GSPC,1084.530029296875
2010-01-29,^GSPC,1073.8699951171875
2010-02-01,^GSPC,1089.18994140625
2010-02-02,^GSPC,1103.3199462890625
2010-02-03,^GSPC,1097.280029296875
2010-02-04,^GSPC,1063.1099853515625
2010-02-05,^GSPC,1066.18994140625
2010-02-08,^GSPC,1056.739990234375
2010-02-09,^GSPC,1070.52001953125
2010-02-10,^GSPC,1068.1300048828125
2010-02-11,^GSPC,1078.469970703125
2010-02-12,^GSPC,1075.510009765625
2010-02-16,^GSPC,1094.8699951171875
2010-02-17,^GSPC,1099.510009765625
2010-02-18,^GSPC,1106.75
2010-02-19,^GSPC,1109.1700439453125
2010-02-22,^GSPC,1108.010009765625
2010-02-23,^GSPC,1094.5999755859375
2010-02-24,^GSPC,1105.239990234375
2010-02-25,^GSPC,1102.93994140625
2010-02-26,^GSPC,1104.489990234375
2010-03-01,^GSPC,1115.7099609375
2010-03-02,^GSPC,1118.31005859375
2010-03-03,^GSPC,1118.7900390625
2010-03-04,^GSPC,1122.969970703125
2010-03-05,^GSPC,1138.699951171875
2010-03-08,^GSPC,1138.5
2010-03-09,^GSPC,1140.449951171875
2010-03-10,^GSPC,1145.6099853515625
2010-03-11,^GSPC,1150.239990234375
2010-03-12,^GSPC,1149.989990234375
2010-03-15,^GSPC,1150.510009765625
2010-03-16,^GSPC,1159.4599609375
2010-03-17,^GSPC,1166.2099609375
2010-03-18,^GSPC,1165.8299560546875
2010-03-19,^GSPC,1159.9000244140625
2010-03-22,^GSPC,1165.81005859375
2010-03-23,^GSPC,1174.1700439453125
2010-03-24,^GSPC,1167.719970703125
2010-03-25,^GSPC,1165.72998046875
2010-03-26,^GSPC,1166.5899658203125
2010-03-29,^GSPC,1173.219970703125
2010-03-30,^GSPC,1173.27001953125
2010-03-31,^GSPC,1169.4300537109375
2010-04-01,^GSPC,1178.0999755859375
2010-04-05,^GSPC,1187.43994140625
2010-04-06,^GSPC,1189.43994140625
2010-04-07,^GSPC,1182.449951171875
2010-04-08,^GSPC,1186.43994140625
2010-04-09,^GSPC,1194.3699951171875
2010-04-12,^GSPC,1196.47998046875
2010-04-13,^GSPC,1197.300048828125
2010-04-14,^GSPC,1210.6500244140625
2010-04-15,^GSPC,1211.6700439453125
2010-04-16,^GSPC,1192.1300048828125
2010-04-19,^GSPC,1197.52001953125
2010-04-20,^GSPC,1207.1700439453125
2010-04-21,^GSPC,1205.93994140625
2010-04-22,^GSPC,1208.6700439453125
2010-04-23,^GSPC,1217.280029296875
2010-04-26,^GSPC,1212.050048828125
2010-04-27,^GSPC,1183.7099609375
2010-04-28,^GSPC,1191.3599853515625
2010-04-29,^GSPC,1206.780029296875
2010-04-30,^GSPC,1186.68994140625
2010-05-03,^GSPC,1202.260009765625
2010-05-04,^GSPC,1173.5999755859375
2010-05-05,^GSPC,1165.8699951171875
2010-05-06,^GSPC,1128.1500244140625
2010-05-07,^GSPC,1110.8800048828125
2010-05-10,^GSPC,1159.72998046875
2010-05-11,^GSPC,1155.7900390625
2010-05-12,^GSPC,1171.6700439453125
2010-05-13,^GSPC,1157.43994140625
2010-05-14,^GSPC,1135.6800537109375
2010-05-17,^GSPC,1136.93994140625
2010-05-18,^GSPC,1120.800048828125
2010-05-19,^GSPC,1115.050048828125
2010-05-20,^GSPC,1071.5899658203125
2010-05-21,^GSPC,1087.68994140625
2010-05-24,^GSPC,1073.6500244140625
2010-05-25,^GSPC,1074.030029296875
2010-05-26,^GSPC,1067.949951171875
2010-05-27,^GSPC,1103.06005859375
2010-05-28,^GSPC,1089.4100341796875
2010-06-01,^GSPC,1070.7099609375
2010-06-02,^GSPC,1098.3800048828125
2010-06-03,^GSPC,1102.8299560546875
2010-06-04,^GSPC,1064.8800048828125
2010-06-07,^GSPC,1050.469970703125
2010-06-08,^GSPC,1062.0
2010-06-09,^GSPC,1055.68994140625
2010-06-10,^GSPC,1086.8399658203125
2010-06-11,^GSPC,1091.5999755859375
2010-06-14,^GSPC,1089.6300048828125
2010-06-15,^GSPC,1115.22998046875
2010-06-16,^GSPC,1114.6099853515625
2010-06-17,^GSPC,1116.0400390625
2010-06-18,^GSPC,1117.510009765625
2010-06-21,^GSPC,1113.199951171875
2010-06-22,^GSPC,1095.31005859375
2010-06-23,^GSPC,1092.0400390625
2010-06-24,^GSPC,1073.68994140625
2010-06-25,^GSPC,1076.760009765625
2010-06-28,^GSPC,1074.5699462890625
2010-06-29,^GSPC,1041.239990234375
2010-06-30,^GSPC,1030.7099609375
2010-07-01,^GSPC,1027.3699951171875
2010-07-02,^GSPC,1022.5800170898438
2010-07-06,^GSPC,1028.06005859375
2010-07-07,^GSPC,1060.27001953125
2010-07-08,^GSPC,1070.25
2010-07-09,^GSPC,1077.9599609375
2010-07-12,^GSPC,1078.75
2010-07-13,^GSPC,1095.3399658203125
2010-07-14,^GSPC,1095.1700439453125
2010-07-15,^GSPC,1096.47998046875
2010-07-16,^GSPC,1064.8800048828125
2010-07-19,^GSPC,1071.25
2010-07-20,^GSPC,1083.47998046875
2010-07-21,^GSPC,1069.5899658203125
2010-07-22,^GSPC,1093.6700439453125
2010-07-23,^GSPC,1102.6600341796875
2010-07-26,^GSPC,1115.010009765625
2010-07-27,^GSPC,1113.8399658203125
2010-07-28,^GSPC,1106.1300048828125
2010-07-29,^GSPC,1101.530029296875
2010-07-30,^GSPC,1101.5999755859375
2010-08-02,^GSPC,1125.8599853515625
2010-08-03,^GSPC,1120.4599609375
2010-08-04,^GSPC,1127.239990234375
2010-08-05,^GSPC,1125.81005859375
2010-08-06,^GSPC,1121.6400146484375
2010-08-09,^GSPC,1127.7900390625
2010-08-10,^GSPC,1121.06005859375
2010-08-11,^GSPC,1089.469970703125
2010-08-12,^GSPC,1083.6099853515625
2010-08-13,^GSPC,1079.25
2010-08-16,^GSPC,1079.3800048828125
2010-08-17,^GSPC,1092.5400390625
2010-08-18,^GSPC,1094.1600341796875
2010-08-19,^GSPC,1075.6300048828125
2010-08-20,^GSPC,1071.68994140625
2010-08-23,^GSPC,1067.3599853515625
2010-08-24,^GSPC,1051.8699951171875
2010-08-25,^GSPC,1055.3299560546875
2010-08-26,^GSPC,1047.219970703125
2010-08-27,^GSPC,1064.5899658203125
2010-08-30,^GSPC,1048.9200439453125
2010-08-31,^GSPC,1049.3299560546875
2010-09-01,^GSPC,1080.2900390625
2010-09-02,^GSPC,1090.0999755859375
2010-09-03,^GSPC,1104.510009765625
2010-09-07,^GSPC,1091.8399658203125
2010-09-08,^GSPC,1098.8699951171875
2010-09-09,^GSPC,1104.1800537109375
2010-09-10,^GSPC,1109.550048828125
2010-09-13,^GSPC,1121.9000244140625
2010-09-14,^GSPC,1121.0999755859375
2010-09-15,^GSPC,1125.0699462890625
2010-09-16,^GSPC,1124.6600341796875
2010-09-17,^GSPC,1125.5899658203125
2010-09-20,^GSPC,1142.7099609375
2010-09-21,^GSPC,1139.780029296875
2010-09-22,^GSPC,1134.280029296875
2010-09-23,^GSPC,1124.8299560546875
2010-09-24,^GSPC,1148.6700439453125
2010-09-27,^GSPC,1142.1600341796875
2010-09-28,^GSPC,1147.699951171875
2010-09-29,^GSPC,1144.72998046875
2010-09-30,^GSPC,1141.199951171875
2010-10-01,^GSPC,1146.239990234375
2010-10-04,^GSPC,1137.030029296875
2010-10-05,^GSPC,1160.75
2010-10-06,^GSPC,1159.969970703125
2010-10-07,^GSPC,1158.06005859375
2010-10-08,^GSPC,1165.1500244140625
2010-10-11,^GSPC,1165.3199462890625
2010-10-12,^GSPC,1169.77001953125
2010-10-13,^GSPC,1178.0999755859375
2010-10-14,^GSPC,1173.81005859375
2010-10-15,^GSPC,1176.18994140625
2010-10-18,^GSPC,1184.7099609375
2010-10-19,^GSPC,1165.9000244140625
2010-10-20,^GSPC,1178.1700439453125
2010-10-21,^GSPC,1180.260009765625
2010-10-22,^GSPC,1183.0799560546875
2010-10-25,^GSPC,1185.6199951171875
2010-10-26,^GSPC,1185.6400146484375
2010-10-27,^GSPC,1182.449951171875
2010-10-28,^GSPC,1183.780029296875
2010-10-29,^GSPC,1183.260009765625
2010-11-01,^GSPC,1184.3800048828125
2010-11-02,^GSPC,1193.5699462890625
2010-11-03,^GSPC,1197.9599609375
2010-11-04,^GSPC,1221.06005859375
2010-11-05,^GSPC,1225.8499755859375
2010-11-08,^GSPC,1223.25
2010-11-09,^GSPC,1213.4000244140625
2010-11-10,^GSPC,1218.7099609375
2010-11-11,^GSPC,1213.5400390625
2010-11-12,^GSPC,1199.2099609375
2010-11-15,^GSPC,1197.75
2010-11-16,^GSPC,1178.3399658203125
2010-11-17,^GSPC,1178.5899658203125
2010-11-18,^GSPC,1196.68994140625
2010-11-19,^GSPC,1199.72998046875
2010-11-22,^GSPC,1197.8399658203125
2010-11-23,^GSPC,1180.72998046875
2010-11-24,^GSPC,1198.3499755859375
2010-11-26,^GSPC,1189.4000244140625
2010-11-29,^GSPC,1187.760009765625
2010-11-30,^GSPC,1180.550048828125
2010-12-01,^GSPC,1206.0699462890625
2010-12-02,^GSPC,1221.530029296875
2010-12-03,^GSPC,1224.7099609375
2010-12-06,^GSPC,1223.1199951171875
2010-12-07,^GSPC,1223.75
2010-12-08,^GSPC,1228.280029296875
2010-12-09,^GSPC,1233.0
2010-12-10,^GSPC,1240.4000244140625
2010-12-13,^GSPC,1240.4599609375
2010-12-14,^GSPC,1241.5899658203125
2010-12-15,^GSPC,1235.22998046875
2010-12-16,^GSPC,1242.8699951171875
2010-12-17,^GSPC,1243.9100341796875
2010-12-20,^GSPC,1247.0799560546875
2010-12-21,^GSPC,1254.5999755859375
2010-12-22,^GSPC,1258.8399658203125
2010-12-23,^GSPC,1256.77001953125
2010-12-27,^GSPC,1257.5400390625
2010-12-28,^GSPC,1258.510009765625
2010-12-29,^GSPC,1259.780029296875
2010-12-30,^GSPC,1257.8800048828125
2010-12-31,^GSPC,1257.6400146484375
2011-01-03,^GSPC,1271.8699951171875
2011-01-04,^GSPC,1270.199951171875
2011-01-05,^GSPC,1276.56005859375
2011-01-06,^GSPC,1273.8499755859375
2011-01-07,^GSPC,1271.5
2011-01-10,^GSPC,1269.75
2011-01-11,^GSPC,1274.47998046875
2011-01-12,^GSPC,1285.9599609375
2011-01-13,^GSPC,1283.760009765625
2011-01-14,^GSPC,1293.239990234375
2011-01-18,^GSPC,1295.02001953125
2011-01-19,^GSPC,1281.9200439453125
2011-01-20,^GSPC,1280.260009765625
2011-01-21,^GSPC,1283.3499755859375
2011-01-24,^GSPC,1290.8399658203125
2011-01-25,^GSPC,1291.1800537109375
2011-01-26,^GSPC,1296.6300048828125
2011-01-27,^GSPC,1299.5400390625
2011-01-28,^GSPC,1276.3399658203125
2011-01-31,^GSPC,1286.1199951171875
2011-02-01,^GSPC,1307.5899658203125
2011-02-02,^GSPC,1304.030029296875
2011-02-03,^GSPC,1307.0999755859375
2011-02-04,^GSPC,1310.8699951171875
2011-02-07,^GSPC,1319.050048828125
2011-02-08,^GSPC,1324.5699462890625
2011-02-09,^GSPC,1320.8800048828125
2011-02-10,^GSPC,1321.8699951171875
2011-02-11,^GSPC,1329.1500244140625
2011-02-14,^GSPC,1332.3199462890625
2011-02-15,^GSPC,1328.010009765625
2011-02-16,^GSPC,1336.3199462890625
2011-02-17,^GSPC,1340.4300537109375
2011-02-18,^GSPC,1343.010009765625
2011-02-22,^GSPC,1315.43994140625
2011-02-23,^GSPC,1307.4000244140625
2011-02-24,^GSPC,1306.0999755859375
2011-02-25,^GSPC,1319.8800048828125
2011-02-28,^GSPC,1327.219970703125
2011-03-01,^GSPC,1306.3299560546875
2011-03-02,^GSPC,1308.43994140625
2011-03-03,^GSPC,1330.969970703125
2011-03-04,^GSPC,1321.1500244140625
2011-03-07,^GSPC,1310.1300048828125
2011-03-08,^GSPC,1321.8199462890625
2011-03-09,^GSPC,1320.02001953125
2011-03-10,^GSPC,1295.1099853515625
2011-03-11,^GSPC,1304.280029296875
2011-03-14,^GSPC,1296.3900146484375
2011-03-15,^GSPC,1281.8699951171875
2011-03-16,^GSPC,1256.8800048828125
2011-03-17,^GSPC,1273.719970703125
2011-03-18,^GSPC,1279.2099609375
2011-03-21,^GSPC,1298.3800048828125
2011-03-22,^GSPC,1293.77001953125
2011-03-23,^GSPC,1297.5400390625
2011-03-24,^GSPC,1309.6600341796875
2011-03-25,^GSPC,1313.800048828125
2011-03-28,^GSPC,1310.18994140625
2011-03-29,^GSPC,1319.43994140625
2011-03-30,^GSPC,1328.260009765625
2011-03-31,^GSPC,1325.8299560546875
2011-04-01,^GSPC,1332.4100341796875
2011-04-04,^GSPC,1332.8699951171875
2011-04-05,^GSPC,1332.6300048828125
2011-04-06,^GSPC,1335.5400390625
2011-04-07,^GSPC,1333.510009765625
2011-04-08,^GSPC,1328.1700439453125
2011-04-11,^GSPC,1324.4599609375
2011-04-12,^GSPC,1314.1600341796875
2011-04-13,^GSPC,1314.4100341796875
2011-04-14,^GSPC,1314.52001953125
2011-04-15,^GSPC,1319.6800537109375
2011-04-18,^GSPC,1305.1400146484375
2011-04-19,^GSPC,1312.6199951171875
2011-04-20,^GSPC,1330.3599853515625
2011-04-21,^GSPC,1337.3800048828125
2011-04-25,^GSPC,1335.25
2011-04-26,^GSPC,1347.239990234375
2011-04-27,^GSPC,1355.6600341796875
2011-04-28,^GSPC,1360.47998046875
2011-04-29,^GSPC,1363.6099853515625
2011-05-02,^GSPC,1361.219970703125
2011-05-03,^GSPC,1356.6199951171875
2011-05-04,^GSPC,1347.3199462890625
2011-05-05,^GSPC,1335.0999755859375
2011-05-06,^GSPC,1340.199951171875
2011-05-09,^GSPC,1346.2900390625
2011-05-10,^GSPC,1357.1600341796875
2011-05-11,^GSPC,1342.0799560546875
2011-05-12,^GSPC,1348.6500244140625
2011-05-13,^GSPC,1337.77001953125
2011-05-16,^GSPC,1329.469970703125
2011-05-17,^GSPC,1328.97998046875
2011-05-18,^GSPC,1340.6800537109375
2011-05-19,^GSPC,1343.5999755859375
2011-05-20,^GSPC,1333.27001953125
2011-05-23,^GSPC,1317.3699951171875
2011-05-24,^GSPC,1316.280029296875
2011-05-25,^GSPC,1320.469970703125
2011-05-26,^GSPC,1325.68994140625
2011-05-27,^GSPC,1331.0999755859375
2011-05-31,^GSPC,1345.199951171875
2011-06-01,^GSPC,1314.550048828125
2011-06-02,^GSPC,1312.93994140625
2011-06-03,^GSPC,1300.1600341796875
2011-06-06,^GSPC,1286.1700439453125
2011-06-07,^GSPC,1284.93994140625
2011-06-08,^GSPC,1279.56005859375
2011-06-09,^GSPC,1289.0
2011-06-10,^GSPC,1270.97998046875
2011-06-13,^GSPC,1271.8299560546875
2011-06-14,^GSPC,1287.8699951171875
2011-06-15,^GSPC,1265.4200439453125
2011-06-16,^GSPC,1267.6400146484375
2011-06-17,^GSPC,1271.5
2011-06-20,^GSPC,1278.3599853515625
2011-06-21,^GSPC,1295.52001953125
2011-06-22,^GSPC,1287.1400146484375
2011-06-23,^GSPC,1283.5
2011-06-24,^GSPC,1268.449951171875
2011-06-27,^GSPC,1280.0999755859375
2011-06-28,^GSPC,1296.6700439453125
2011-06-29,^GSPC,1307.4100341796875
2011-06-30,^GSPC,1320.6400146484375
2011-07-01,^GSPC,1339.6700439453125
2011-07-05,^GSPC,1337.8800048828125
2011-07-06,^GSPC,1339.219970703125
2011-07-07,^GSPC,1353.219970703125
2011-07-08,^GSPC,1343.800048828125
2011-07-11,^GSPC,1319.489990234375
2011-07-12,^GSPC,1313.6400146484375
2011-07-13,^GSPC,1317.719970703125
2011-07-14,^GSPC,1308.8699951171875
2011-07-15,^GSPC,1316.1400146484375
2011-07-18,^GSPC,1305.43994140625
2011-07-19,^GSPC,1326.72998046875
2011-07-20,^GSPC,1325.8399658203125
2011-07-21,^GSPC,1343.800048828125
2011-07-22,^GSPC,1345.02001953125
2011-07-25,^GSPC,1337.4300537109375
2011-07-26,^GSPC,1331.93994140625
2011-07-27,^GSPC,1304.8900146484375
2011-07-28,^GSPC,1300.6700439453125
2011-07-29,^GSPC,1292.280029296875
2011-08-01,^GSPC,1286.93994140625
2011-08-02,^GSPC,1254.050048828125
2011-08-03,^GSPC,1260.3399658203125
2011-08-04,^GSPC,1200.0699462890625
2011-08-05,^GSPC,1199.3800048828125
2011-08-08,^GSPC,1119.4599609375
2011-08-09,^GSPC,1172.530029296875
2011-08-10,^GSPC,1120.760009765625
2011-08-11,^GSPC,1172.6400146484375
2011-08-12,^GSPC,1178.81005859375
2011-08-15,^GSPC,1204.489990234375
2011-08-16,^GSPC,1192.760009765625
2011-08-17,^GSPC,1193.8900146484375
2011-08-18,^GSPC,1140.6500244140625
2011-08-19,^GSPC,1123.530029296875
2011-08-22,^GSPC,1123.8199462890625
2011-08-23,^GSPC,1162.3499755859375
2011-08-24,^GSPC,1177.5999755859375
2011-08-25,^GSPC,1159.27001953125
2011-08-26,^GSPC,1176.800048828125
2011-08-29,^GSPC,1210.0799560546875
2011-08-30,^GSPC,1212.9200439453125
2011-08-31,^GSPC,1218.8900146484375
2011-09-01,^GSPC,1204.4200439453125
2011-09-02,^GSPC,1173.969970703125
2011-09-06,^GSPC,1165.239990234375
2011-09-07,^GSPC,1198.6199951171875
2011-09-08,^GSPC,1185.9000244140625
2011-09-09,^GSPC,1154.22998046875
2011-09-12,^GSPC,1162.27001953125
2011-09-13,^GSPC,1172.8699951171875
2011-09-14,^GSPC,1188.6800537109375
2011-09-15,^GSPC,1209.1099853515625
2011-09-16,^GSPC,1216.010009765625
2011-09-19,^GSPC,1204.0899658203125
2011-09-20,^GSPC,1202.0899658203125
2011-09-21,^GSPC,1166.760009765625
2011-09-22,^GSPC,1129.56005859375
2011-09-23,^GSPC,1136.4300537109375
2011-09-26,^GSPC,1162.949951171875
2011-09-27,^GSPC,1175.3800048828125
2011-09-28,^GSPC,1151.06005859375
2011-09-29,^GSPC,1160.4000244140625
2011-09-30,^GSPC,1131.4200439453125
2011-10-03,^GSPC,1099.22998046875
2011-10-04,^GSPC,1123.949951171875
2011-10-05,^GSPC,1144.030029296875
2011-10-06,^GSPC,1164.969970703125
2011-10-07,^GSPC,1155.4599609375
2011-10-10,^GSPC,1194.8900146484375
2011-10-11,^GSPC,1195.5400390625
2011-10-12,^GSPC,1207.25
2011-10-13,^GSPC,1203.6600341796875
2011-10-14,^GSPC,1224.5799560546875
2011-10-17,^GSPC,1200.8599853515625
2011-10-18,^GSPC,1225.3800048828125
2011-10-19,^GSPC,1209.8800048828125
2011-10-20,^GSPC,1215.3900146484375
2011-10-21,^GSPC,1238.25
2011-10-24,^GSPC,1254.18994140625
2011-10-25,^GSPC,1229.050048828125
2011-10-26,^GSPC,1242.0
2011-10-27,^GSPC,1284.5899658203125
2011-10-28,^GSPC,1285.0899658203125
2011-10-31,^GSPC,1253.300048828125
2011-11-01,^GSPC,1218.280029296875
2011-11-02,^GSPC,1237.9000244140625
2011-11-03,^GSPC,1261.1500244140625
2011-11-04,^GSPC,1253.22998046875
2011-11-07,^GSPC,1261.1199951171875
2011-11-08,^GSPC,1275.9200439453125
2011-11-09,^GSPC,1229.0999755859375
2011-11-10,^GSPC,1239.699951171875
2011-11-11,^GSPC,1263.8499755859375
2011-11-14,^GSPC,1251.780029296875
2011-11-15,^GSPC,1257.81005859375
2011-11-16,^GSPC,1236.9100341796875
2011-11-17,^GSPC,1216.1300048828125
2011-11-18,^GSPC,1215.6500244140625
2011-11-21,^GSPC,1192.97998046875
2011-11-22,^GSPC,1188.0400390625
2011-11-23,^GSPC,1161.7900390625
2011-11-25,^GSPC,1158.6700439453125
2011-11-28,^GSPC,1192.550048828125
2011-11-29,^GSPC,1195.18994140625
2011-11-30,^GSPC,1246.9599609375
2011-12-01,^GSPC,1244.5799560546875
2011-12-02,^GSPC,1244.280029296875
2011-12-05,^GSPC,1257.0799560546875
2011-12-06,^GSPC,1258.469970703125
2011-12-07,^GSPC,1261.010009765625
2011-12-08,^GSPC,1234.3499755859375
2011-12-09,^GSPC,1255.18994140625
2011-12-12,^GSPC,1236.469970703125
2011-12-13,^GSPC,1225.72998046875
2011-12-14,^GSPC,1211.8199462890625
2011-12-15,^GSPC,1215.75
2011-12-16,^GSPC,1219.6600341796875
2011-12-19,^GSPC,1205.3499755859375
2011-12-20,^GSPC,1241.300048828125
2011-12-21,^GSPC,1243.719970703125
2011-12-22,^GSPC,1254.0
2011-12-23,^GSPC,1265.3299560546875
2011-12-27,^GSPC,1265.4300537109375
2011-12-28,^GSPC,1249.6400146484375
2011-12-29,^GSPC,1263.02001953125
2011-12-30,^GSPC,1257.5999755859375
2012-01-03,^GSPC,1277.06005859375
2012-01-04,^GSPC,1277.300048828125
2012-01-05,^GSPC,1281.06005859375
2012-01-06,^GSPC,1277.81005859375
2012-01-09,^GSPC,1280.699951171875
2012-01-10,^GSPC,1292.0799560546875
2012-01-11,^GSPC,1292.47998046875
2012-01-12,^GSPC,1295.5
2012-01-13,^GSPC,1289.0899658203125
2012-01-17,^GSPC,1293.6700439453125
2012-01-18,^GSPC,1308.0400390625
2012-01-19,^GSPC,1314.5
2012-01-20,^GSPC,1315.3800048828125
2012-01-23,^GSPC,1316.0
2012-01-24,^GSPC,1314.6500244140625
2012-01-25,^GSPC,1326.06005859375
2012-01-26,^GSPC,1318.4300537109375
2012-01-27,^GSPC,1316.3299560546875
2012-01-30,^GSPC,1313.010009765625
2012-01-31,^GSPC,1312.4100341796875
2012-02-01,^GSPC,1324.0899658203125
2012-02-02,^GSPC,1325.5400390625
2012-02-03,^GSPC,1344.9000244140625
2012-02-06,^GSPC,1344.3299560546875
2012-02-07,^GSPC,1347.050048828125
2012-02-08,^GSPC,1349.9599609375
2012-02-09,^GSPC,1351.949951171875
2012-02-10,^GSPC,1342.6400146484375
2012-02-13,^GSPC,1351.77001953125
2012-02-14,^GSPC,1350.5
2012-02-15,^GSPC,1343.22998046875
2012-02-16,^GSPC,1358.0400390625
2012-02-17,^GSPC,1361.22998046875
2012-02-21,^GSPC,1362.2099609375
2012-02-22,^GSPC,1357.6600341796875
2012-02-23,^GSPC,1363.4599609375
2012-02-24,^GSPC,1365.739990234375
2012-02-27,^GSPC,1367.5899658203125
2012-02-28,^GSPC,1372.1800537109375
2012-02-29,^GSPC,1365.6800537109375
2012-03-01,^GSPC,1374.0899658203125
2012-03-02,^GSPC,1369.6300048828125
2012-03-05,^GSPC,1364.3299560546875
2012-03-06,^GSPC,1343.3599853515625
2012-03-07,^GSPC,1352.6300048828125
2012-03-08,^GSPC,1365.9100341796875
2012-03-09,^GSPC,1370.8699951171875
2012-03-12,^GSPC,1371.0899658203125
2012-03-13,^GSPC,1395.949951171875
2012-03-14,^GSPC,1394.280029296875
2012-03-15,^GSPC,1402.5999755859375
2012-03-16,^GSPC,1404.1700439453125
2012-03-19,^GSPC,1409.75
2012-03-20,^GSPC,1405.52001953125
2012-03-21,^GSPC,1402.8900146484375
2012-03-22,^GSPC,1392.780029296875
2012-03-23,^GSPC,1397.1099853515625
2012-03-26,^GSPC,1416.510009765625
2012-03-27,^GSPC,1412.52001953125
2012-03-28,^GSPC,1405.5400390625
2012-03-29,^GSPC,1403.280029296875
2012-03-30,^GSPC,1408.469970703125
2012-04-02,^GSPC,1419.0400390625
2012-04-03,^GSPC,1413.3800048828125
2012-04-04,^GSPC,1398.9599609375
2012-04-05,^GSPC,1398.0799560546875
2012-04-09,^GSPC,1382.199951171875
2012-04-10,^GSPC,1358.5899658203125
2012-04-11,^GSPC,1368.7099609375
2012-04-12,^GSPC,1387.5699462890625
2012-04-13,^GSPC,1370.260009765625
2012-04-16,^GSPC,1369.5699462890625
2012-04-17,^GSPC,1390.780029296875
2012-04-18,^GSPC,1385.1400146484375
2012-04-19,^GSPC,1376.9200439453125
2012-04-20,^GSPC,1378.530029296875
2012-04-23,^GSPC,1366.93994140625
2012-04-24,^GSPC,1371.969970703125
2012-04-25,^GSPC,1390.68994140625
2012-04-26,^GSPC,1399.97998046875
2012-04-27,^GSPC,1403.3599853515625
2012-04-30,^GSPC,1397.9100341796875
2012-05-01,^GSPC,1405.8199462890625
2012-05-02,^GSPC,1402.31005859375
2012-05-03,^GSPC,1391.5699462890625
2012-05-04,^GSPC,1369.0999755859375
2012-05-07,^GSPC,1369.5799560546875
2012-05-08,^GSPC,1363.719970703125
2012-05-09,^GSPC,1354.5799560546875
2012-05-10,^GSPC,1357.989990234375
2012-05-11,^GSPC,1353.3900146484375
2012-05-14,^GSPC,1338.3499755859375
2012-05-15,^GSPC,1330.6600341796875
2012-05-16,^GSPC,1324.800048828125
2012-05-17,^GSPC,1304.8599853515625
2012-05-18,^GSPC,1295.219970703125
2012-05-21,^GSPC,1315.989990234375
2012-05-22,^GSPC,1316.6300048828125
2012-05-23,^GSPC,1318.8599853515625
2012-05-24,^GSPC,1320.6800537109375
2012-05-25,^GSPC,1317.8199462890625
2012-05-29,^GSPC,1332.4200439453125
2012-05-30,^GSPC,1313.3199462890625
2012-05-31,^GSPC,1310.3299560546875
2012-06-01,^GSPC,1278.0400390625
2012-06-04,^GSPC,1278.1800537109375
2012-06-05,^GSPC,1285.5
2012-06-06,^GSPC,1315.1300048828125
2012-06-07,^GSPC,1314.989990234375
2012-06-08,^GSPC,1325.6600341796875
2012-06-11,^GSPC,1308.9300537109375
2012-06-12,^GSPC,1324.1800537109375
2012-06-13,^GSPC,1314.8800048828125
2012-06-14,^GSPC,1329.0999755859375
2012-06-15,^GSPC,1342.8399658203125
2012-06-18,^GSPC,1344.780029296875
2012-06-19,^GSPC,1357.97998046875
2012-06-20,^GSPC,1355.68994140625
2012-06-21,^GSPC,1325.510009765625
2012-06-22,^GSPC,1335.02001953125
2012-06-25,^GSPC,1313.719970703125
2012-06-26,^GSPC,1319.989990234375
2012-06-27,^GSPC,1331.8499755859375
2012-06-28,^GSPC,1329.0400390625
2012-06-29,^GSPC,1362.1600341796875
2012-07-02,^GSPC,1365.510009765625
2012-07-03,^GSPC,1374.02001953125
2012-07-05,^GSPC,1367.5799560546875
2012-07-06,^GSPC,1354.6800537109375
2012-07-09,^GSPC,1352.4599609375
2012-07-10,^GSPC,1341.469970703125
2012-07-11,^GSPC,1341.449951171875
2012-07-12,^GSPC,1334.760009765625
2012-07-13,^GSPC,1356.780029296875
2012-07-16,^GSPC,1353.6400146484375
2012-07-17,^GSPC,1363.6700439453125
2012-07-18,^GSPC,1372.780029296875
2012-07-19,^GSPC,1376.510009765625
2012-07-20,^GSPC,1362.6600341796875
2012-07-23,^GSPC,1350.52001953125
2012-07-24,^GSPC,1338.31005859375
2012-07-25,^GSPC,1337.8900146484375
2012-07-26,^GSPC,1360.02001953125
2012-07-27,^GSPC,1385.969970703125
2012-07-30,^GSPC,1385.300048828125
2012-07-31,^GSPC,1379.3199462890625
2012-08-01,^GSPC,1375.3199462890625
2012-08-02,^GSPC,1365.0
2012-08-03,^GSPC,1390.989990234375
2012-08-06,^GSPC,1394.22998046875
2012-08-07,^GSPC,1401.3499755859375
2012-08-08,^GSPC,1402.219970703125
2012-08-09,^GSPC,1402.800048828125
2012-08-10,^GSPC,1405.8699951171875
2012-08-13,^GSPC,1404.1099853515625
2012-08-14,^GSPC,1403.9300537109375
2012-08-15,^GSPC,1405.530029296875
2012-08-16,^GSPC,1415.510009765625
2012-08-17,^GSPC,1418.1600341796875
2012-08-20,^GSPC,1418.1300048828125
2012-08-21,^GSPC,1413.1700439453125
2012-08-22,^GSPC,1413.489990234375
2012-08-23,^GSPC,1402.0799560546875
2012-08-24,^GSPC,1411.1300048828125
2012-08-27,^GSPC,1410.43994140625
2012-08-28,^GSPC,1409.300048828125
2012-08-29,^GSPC,1410.489990234375
2012-08-30,^GSPC,1399.47998046875
2012-08-31,^GSPC,1406.5799560546875
2012-09-04,^GSPC,1404.93994140625
2012-09-05,^GSPC,1403.43994140625
2012-09-06,^GSPC,1432.1199951171875
2012-09-07,^GSPC,1437.9200439453125
2012-09-10,^GSPC,1429.0799560546875
2012-09-11,^GSPC,1433.56005859375
2012-09-12,^GSPC,1436.56005859375
2012-09-13,^GSPC,1459.989990234375
2012-09-14,^GSPC,1465.77001953125
2012-09-17,^GSPC,1461.18994140625
2012-09-18,^GSPC,1459.3199462890625
2012-09-19,^GSPC,1461.050048828125
2012-09-20,^GSPC,1460.260009765625
2012-09-21,^GSPC,1460.1500244140625
2012-09-24,^GSPC,1456.8900146484375
2012-09-25,^GSPC,1441.5899658203125
2012-09-26,^GSPC,1433.3199462890625
2012-09-27,^GSPC,1447.1500244140625
2012-09-28,^GSPC,1440.6700439453125
2012-10-01,^GSPC,1444.489990234375
2012-10-02,^GSPC,1445.75
2012-10-03,^GSPC,1450.989990234375
2012-10-04,^GSPC,1461.4000244140625
2012-10-05,^GSPC,1460.9300537109375
2012-10-08,^GSPC,1455.8800048828125
2012-10-09,^GSPC,1441.47998046875
2012-10-10,^GSPC,1432.56005859375
2012-10-11,^GSPC,1432.8399658203125
2012-10-12,^GSPC,1428.5899658203125
2012-10-15,^GSPC,1440.1300048828125
2012-10-16,^GSPC,1454.9200439453125
2012-10-17,^GSPC,1460.9100341796875
2012-10-18,^GSPC,1457.3399658203125
2012-10-19,^GSPC,1433.18994140625
2012-10-22,^GSPC,1433.8199462890625
2012-10-23,^GSPC,1413.1099853515625
2012-10-24,^GSPC,1408.75
2012-10-25,^GSPC,1412.969970703125
2012-10-26,^GSPC,1411.93994140625
2012-10-31,^GSPC,1412.1600341796875
2012-11-01,^GSPC,1427.5899658203125
2012-11-02,^GSPC,1414.199951171875
2012-11-05,^GSPC,1417.260009765625
2012-11-06,^GSPC,1428.3900146484375
2012-11-07,^GSPC,1394.530029296875
2012-11-08,^GSPC,1377.510009765625
2012-11-09,^GSPC,1379.8499755859375
2012-11-12,^GSPC,1380.030029296875
2012-11-13,^GSPC,1374.530029296875
2012-11-14,^GSPC,1355.489990234375
2012-11-15,^GSPC,1353.3299560546875
2012-11-16,^GSPC,1359.8800048828125
2012-11-19,^GSPC,1386.8900146484375
2012-11-20,^GSPC,1387.81005859375
2012-11-21,^GSPC,1391.030029296875
2012-11-23,^GSPC,1409.1500244140625
2012-11-26,^GSPC,1406.2900390625
2012-11-27,^GSPC,1398.93994140625
2012-11-28,^GSPC,1409.9300537109375
2012-11-29,^GSPC,1415.949951171875
2012-11-30,^GSPC,1416.1800537109375
2012-12-03,^GSPC,1409.4599609375
2012-12-04,^GSPC,1407.050048828125
2012-12-05,^GSPC,1409.280029296875
2012-12-06,^GSPC,1413.93994140625
2012-12-07,^GSPC,1418.0699462890625
2012-12-10,^GSPC,1418.550048828125
2012-12-11,^GSPC,1427.8399658203125
2012-12-12,^GSPC,1428.47998046875
2012-12-13,^GSPC,1419.449951171875
2012-12-14,^GSPC,1413.5799560546875
2012-12-17,^GSPC,1430.3599853515625
2012-12-18,^GSPC,1446.7900390625
2012-12-19,^GSPC,1435.81005859375
2012-12-20,^GSPC,1443.68994140625
2012-12-21,^GSPC,1430.1500244140625
2012-12-24,^GSPC,1426.6600341796875
2012-12-26,^GSPC,1419.8299560546875
2012-12-27,^GSPC,1418.0999755859375
2012-12-28,^GSPC,1402.4300537109375
2012-12-31,^GSPC,1426.18994140625
2013-01-02,^GSPC,1462.4200439453125
2013-01-03,^GSPC,1459.3699951171875
2013-01-04,^GSPC,1466.469970703125
2013-01-07,^GSPC,1461.8900146484375
2013-01-08,^GSPC,1457.1500244140625
2013-01-09,^GSPC,1461.02001953125
2013-01-10,^GSPC,1472.1199951171875
2013-01-11,^GSPC,1472.050048828125
2013-01-14,^GSPC,1470.6800537109375
2013-01-15,^GSPC,1472.3399658203125
2013-01-16,^GSPC,1472.6300048828125
2013-01-17,^GSPC,1480.93994140625
2013-01-18,^GSPC,1485.97998046875
2013-01-22,^GSPC,1492.56005859375
2013-01-23,^GSPC,1494.81005859375
2013-01-24,^GSPC,1494.8199462890625
2013-01-25,^GSPC,1502.9599609375
2013-01-28,^GSPC,1500.1800537109375
2013-01-29,^GSPC,1507.8399658203125
2013-01-30,^GSPC,1501.9599609375
2013-01-31,^GSPC,1498.1099853515625
2013-02-01,^GSPC,1513.1700439453125
2013-02-04,^GSPC,1495.7099609375
2013-02-05,^GSPC,1511.2900390625
2013-02-06,^GSPC,1512.1199951171875
2013-02-07,^GSPC,1509.3900146484375
2013-02-08,^GSPC,1517.9300537109375
2013-02-11,^GSPC,1517.010009765625
2013-02-12,^GSPC,1519.4300537109375
2013-02-13,^GSPC,1520.3299560546875
2013-02-14,^GSPC,1521.3800048828125
2013-02-15,^GSPC,1519.7900390625
2013-02-19,^GSPC,1530.93994140625
2013-02-20,^GSPC,1511.949951171875
2013-02-21,^GSPC,1502.4200439453125
2013-02-22,^GSPC,1515.5999755859375
2013-02-25,^GSPC,1487.8499755859375
2013-02-26,^GSPC,1496.93994140625
2013-02-27,^GSPC,1515.989990234375
2013-02-28,^GSPC,1514.6800537109375
2013-03-01,^GSPC,1518.199951171875
2013-03-04,^GSPC,1525.199951171875
2013-03-05,^GSPC,1539.7900390625
2013-03-06,^GSPC,1541.4599609375
2013-03-07,^GSPC,1544.260009765625
2013-03-08,^GSPC,1551.1800537109375
2013-03-11,^GSPC,1556.219970703125
2013-03-12,^GSPC,1552.47998046875
2013-03-13,^GSPC,1554.52001953125
2013-03-14,^GSPC,1563.22998046875
2013-03-15,^GSPC,1560.699951171875
2013-03-18,^GSPC,1552.0999755859375
2013-03-19,^GSPC,1548.3399658203125
2013-03-20,^GSPC,1558.7099609375
2013-03-21,^GSPC,1545.800048828125
2013-03-22,^GSPC,1556.8900146484375
2013-03-25,^GSPC,1551.68994140625
2013-03-26,^GSPC,1563.77001953125
2013-03-27,^GSPC,1562.8499755859375
2013-03-28,^GSPC,1569.18994140625
2013-04-01,^GSPC,1562.1700439453125
2013-04-02,^GSPC,1570.25
2013-04-03,^GSPC,1553.68994140625
2013-04-04,^GSPC,1559.97998046875
2013-04-05,^GSPC,1553.280029296875
2013-04-08,^GSPC,1563.0699462890625
2013-04-09,^GSPC,1568.6099853515625
2013-04-10,^GSPC,1587.72998046875
2013-04-11,^GSPC,1593.3699951171875
2013-04-12,^GSPC,1588.8499755859375
2013-04-15,^GSPC,1552.3599853515625
2013-04-16,^GSPC,1574.5699462890625
2013-04-17,^GSPC,1552.010009765625
2013-04-18,^GSPC,1541.6099853515625
2013-04-19,^GSPC,1555.25
2013-04-22,^GSPC,1562.5
2013-04-23,^GSPC,1578.780029296875
2013-04-24,^GSPC,1578.7900390625
2013-04-25,^GSPC,1585.1600341796875
2013-04-26,^GSPC,1582.239990234375
2013-04-29,^GSPC,1593.6099853515625
2013-04-30,^GSPC,1597.5699462890625
2013-05-01,^GSPC,1582.699951171875
2013-05-02,^GSPC,1597.5899658203125
2013-05-03,^GSPC,1614.4200439453125
2013-05-06,^GSPC,1617.5
2013-05-07,^GSPC,1625.9599609375
2013-05-08,^GSPC,1632.68994140625
2013-05-09,^GSPC,1626.6700439453125
2013-05-10,^GSPC,1633.699951171875
2013-05-13,^GSPC,1633.77001953125
2013-05-14,^GSPC,1650.3399658203125
2013-05-15,^GSPC,1658.780029296875
2013-05-16,^GSPC,1650.469970703125
2013-05-17,^GSPC,1667.469970703125
2013-05-20,^GSPC,1666.2900390625
2013-05-21,^GSPC,1669.1600341796875
2013-05-22,^GSPC,1655.3499755859375
2013-05-23,^GSPC,1650.510009765625
2013-05-24,^GSPC,1649.5999755859375
2013-05-28,^GSPC,1660.06005859375
2013-05-29,^GSPC,1648.3599853515625
2013-05-30,^GSPC,1654.4100341796875
2013-05-31,^GSPC,1630.739990234375
2013-06-03,^GSPC,1640.4200439453125
2013-06-04,^GSPC,1631.3800048828125
2013-06-05,^GSPC,1608.9000244140625
2013-06-06,^GSPC,1622.56005859375
2013-06-07,^GSPC,1643.3800048828125
2013-06-10,^GSPC,1642.81005859375
2013-06-11,^GSPC,1626.1300048828125
2013-06-12,^GSPC,1612.52001953125
2013-06-13,^GSPC,1636.3599853515625
2013-06-14,^GSPC,1626.72998046875
2013-06-17,^GSPC,1639.0400390625
2013-06-18,^GSPC,1651.81005859375
2013-06-19,^GSPC,1628.9300537109375
2013-06-20,^GSPC,1588.18994140625
2013-06-21,^GSPC,1592.4300537109375
2013-06-24,^GSPC,1573.0899658203125
2013-06-25,^GSPC,1588.030029296875
2013-06-26,^GSPC,1603.260009765625
2013-06-27,^GSPC,1613.199951171875
2013-06-28,^GSPC,1606.280029296875
2013-07-01,^GSPC,1614.9599609375
2013-07-02,^GSPC,1614.0799560546875
2013-07-03,^GSPC,1615.4100341796875
2013-07-05,^GSPC,1631.8900146484375
2013-07-08,^GSPC,1640.4599609375
2013-07-09,^GSPC,1652.3199462890625
2013-07-10,^GSPC,1652.6199951171875
2013-07-11,^GSPC,1675.02001953125
2013-07-12,^GSPC,1680.18994140625
2013-07-15,^GSPC,1682.5
2013-07-16,^GSPC,1676.260009765625
2013-07-17,^GSPC,1680.9100341796875
2013-07-18,^GSPC,1689.3699951171875
2013-07-19,^GSPC,1692.0899658203125
2013-07-22,^GSPC,1695.530029296875
2013-07-23,^GSPC,1692.3900146484375
2013-07-24,^GSPC,1685.93994140625
2013-07-25,^GSPC,1690.25
2013-07-26,^GSPC,1691.6500244140625
2013-07-29,^GSPC,1685.3299560546875
2013-07-30,^GSPC,1685.9599609375
2013-07-31,^GSPC,1685.72998046875
2013-08-01,^GSPC,1706.8699951171875
2013-08-02,^GSPC,1709.6700439453125
2013-08-05,^GSPC,1707.1400146484375
2013-08-06,^GSPC,1697.3699951171875
2013-08-07,^GSPC,1690.9100341796875
2013-08-08,^GSPC,1697.47998046875
2013-08-09,^GSPC,1691.4200439453125
2013-08-12,^GSPC,1689.469970703125
2013-08-13,^GSPC,1694.1600341796875
2013-08-14,^GSPC,1685.3900146484375
2013-08-15,^GSPC,1661.3199462890625
2013-08-16,^GSPC,1655.8299560546875
2013-08-19,^GSPC,1646.06005859375
2013-08-20,^GSPC,1652.3499755859375
2013-08-21,^GSPC,1642.800048828125
2013-08-22,^GSPC,1656.9599609375
2013-08-23,^GSPC,1663.5
2013-08-26,^GSPC,1656.780029296875
2013-08-27,^GSPC,1630.47998046875
2013-08-28,^GSPC,1634.9599609375
2013-08-29,^GSPC,1638.1700439453125
2013-08-30,^GSPC,1632.969970703125
2013-09-03,^GSPC,1639.77001953125
2013-09-04,^GSPC,1653.0799560546875
2013-09-05,^GSPC,1655.0799560546875
2013-09-06,^GSPC,1655.1700439453125
2013-09-09,^GSPC,1671.7099609375
2013-09-10,^GSPC,1683.989990234375
2013-09-11,^GSPC,1689.1300048828125
2013-09-12,^GSPC,1683.4200439453125
2013-09-13,^GSPC,1687.989990234375
2013-09-16,^GSPC,1697.5999755859375
2013-09-17,^GSPC,1704.760009765625
2013-09-18,^GSPC,1725.52001953125
2013-09-19,^GSPC,1722.3399658203125
2013-09-20,^GSPC,1709.9100341796875
2013-09-23,^GSPC,1701.8399658203125
2013-09-24,^GSPC,1697.4200439453125
2013-09-25,^GSPC,1692.77001953125
2013-09-26,^GSPC,1698.6700439453125
2013-09-27,^GSPC,1691.75
2013-09-30,^GSPC,1681.550048828125
2013-10-01,^GSPC,1695.0
2013-10-02,^GSPC,1693.8699951171875
2013-10-03,^GSPC,1678.6600341796875
2013-10-04,^GSPC,1690.5
2013-10-07,^GSPC,1676.1199951171875
2013-10-08,^GSPC,1655.449951171875
2013-10-09,^GSPC,1656.4000244140625
2013-10-10,^GSPC,1692.56005859375
2013-10-11,^GSPC,1703.199951171875
2013-10-14,^GSPC,1710.1400146484375
2013-10-15,^GSPC,1698.06005859375
2013-10-16,^GSPC,1721.5400390625
2013-10-17,^GSPC,1733.1500244140625
2013-10-18,^GSPC,1744.5
2013-10-21,^GSPC,1744.6600341796875
2013-10-22,^GSPC,1754.6700439453125
2013-10-23,^GSPC,1746.3800048828125
2013-10-24,^GSPC,1752.0699462890625
2013-10-25,^GSPC,1759.77001953125
2013-10-28,^GSPC,1762.1099853515625
2013-10-29,^GSPC,1771.949951171875
2013-10-30,^GSPC,1763.31005859375
2013-10-31,^GSPC,1756.5400390625
2013-11-01,^GSPC,1761.6400146484375
2013-11-04,^GSPC,1767.9300537109375
2013-11-05,^GSPC,1762.969970703125
2013-11-06,^GSPC,1770.489990234375
2013-11-07,^GSPC,1747.1500244140625
2013-11-08,^GSPC,1770.6099853515625
2013-11-11,^GSPC,1771.8900146484375
2013-11-12,^GSPC,1767.68994140625
2013-11-13,^GSPC,1782.0
2013-11-14,^GSPC,1790.6199951171875
2013-11-15,^GSPC,1798.1800537109375
2013-11-18,^GSPC,1791.530029296875
2013-11-19,^GSPC,1787.8699951171875
2013-11-20,^GSPC,1781.3699951171875
2013-11-21,^GSPC,1795.8499755859375
2013-11-22,^GSPC,1804.760009765625
2013-11-25,^GSPC,1802.47998046875
2013-11-26,^GSPC,1802.75
2013-11-27,^GSPC,1807.22998046875
2013-11-29,^GSPC,1805.81005859375
2013-12-02,^GSPC,1800.9000244140625
2013-12-03,^GSPC,1795.1500244140625
2013-12-04,^GSPC,1792.81005859375
2013-12-05,^GSPC,1785.030029296875
2013-12-06,^GSPC,1805.0899658203125
2013-12-09,^GSPC,1808.3699951171875
2013-12-10,^GSPC,1802.6199951171875
2013-12-11,^GSPC,1782.219970703125
2013-12-12,^GSPC,1775.5
2013-12-13,^GSPC,1775.3199462890625
2013-12-16,^GSPC,1786.5400390625
2013-12-17,^GSPC,1781.0
2013-12-18,^GSPC,1810.6500244140625
2013-12-19,^GSPC,1809.5999755859373
2013-12-20,^GSPC,1818.3199462890625
2013-12-23,^GSPC,1827.989990234375
2013-12-24,^GSPC,1833.3199462890625
2013-12-26,^GSPC,1842.02001953125
2013-12-27,^GSPC,1841.4000244140625
2013-12-30,^GSPC,1841.0699462890625
2013-12-31,^GSPC,1848.3599853515625
2014-01-02,^GSPC,1831.97998046875
2014-01-03,^GSPC,1831.3699951171875
2014-01-06,^GSPC,1826.77001953125
2014-01-07,^GSPC,1837.8800048828125
2014-01-08,^GSPC,1837.489990234375
2014-01-09,^GSPC,1838.1300048828125
2014-01-10,^GSPC,1842.3699951171875
2014-01-13,^GSPC,1819.199951171875
2014-01-14,^GSPC,1838.8800048828125
2014-01-15,^GSPC,1848.3800048828125
2014-01-16,^GSPC,1845.8900146484373
2014-01-17,^GSPC,1838.699951171875
2014-01-21,^GSPC,1843.800048828125
2014-01-22,^GSPC,1844.8599853515625
2014-01-23,^GSPC,1828.4599609375
2014-01-24,^GSPC,1790.2900390625
2014-01-27,^GSPC,1781.56005859375
2014-01-28,^GSPC,1792.5
2014-01-29,^GSPC,1774.199951171875
2014-01-30,^GSPC,1794.18994140625
2014-01-31,^GSPC,1782.5899658203125
2014-02-03,^GSPC,1741.8900146484375
2014-02-04,^GSPC,1755.199951171875
2014-02-05,^GSPC,1751.6400146484375
2014-02-06,^GSPC,1773.4300537109375
2014-02-07,^GSPC,1797.02001953125
2014-02-10,^GSPC,1799.8399658203125
2014-02-11,^GSPC,1819.75
2014-02-12,^GSPC,1819.260009765625
2014-02-13,^GSPC,1829.8299560546875
2014-02-14,^GSPC,1838.6300048828125
2014-02-18,^GSPC,1840.760009765625
2014-02-19,^GSPC,1828.75
2014-02-20,^GSPC,1839.780029296875
2014-02-21,^GSPC,1836.25
2014-02-24,^GSPC,1847.6099853515625
2014-02-25,^GSPC,1845.1199951171875
2014-02-26,^GSPC,1845.1600341796875
2014-02-27,^GSPC,1854.2900390625
2014-02-28,^GSPC,1859.449951171875
2014-03-03,^GSPC,1845.72998046875
2014-03-04,^GSPC,1873.9100341796875
2014-03-05,^GSPC,1873.81005859375
2014-03-06,^GSPC,1877.030029296875
2014-03-07,^GSPC,1878.0400390625
2014-03-10,^GSPC,1877.1700439453125
2014-03-11,^GSPC,1867.6300048828125
2014-03-12,^GSPC,1868.199951171875
2014-03-13,^GSPC,1846.3399658203125
2014-03-14,^GSPC,1841.1300048828125
2014-03-17,^GSPC,1858.8299560546875
2014-03-18,^GSPC,1872.25
2014-03-19,^GSPC,1860.77001953125
2014-03-20,^GSPC,1872.010009765625
2014-03-21,^GSPC,1866.52001953125
2014-03-24,^GSPC,1857.43994140625
2014-03-25,^GSPC,1865.6199951171875
2014-03-26,^GSPC,1852.56005859375
2014-03-27,^GSPC,1849.0400390625
2014-03-28,^GSPC,1857.6199951171875
2014-03-31,^GSPC,1872.3399658203125
2014-04-01,^GSPC,1885.52001953125
2014-04-02,^GSPC,1890.9000244140625
2014-04-03,^GSPC,1888.77001953125
2014-04-04,^GSPC,1865.0899658203125
2014-04-07,^GSPC,1845.0400390625
2014-04-08,^GSPC,1851.9599609375
2014-04-09,^GSPC,1872.1800537109373
2014-04-10,^GSPC,1833.0799560546875
2014-04-11,^GSPC,1815.68994140625
2014-04-14,^GSPC,1830.6099853515625
2014-04-15,^GSPC,1842.97998046875
2014-04-16,^GSPC,1862.31005859375
2014-04-17,^GSPC,1864.8499755859373
2014-04-21,^GSPC,1871.8900146484373
2014-04-22,^GSPC,1879.550048828125
2014-04-23,^GSPC,1875.3900146484373
2014-04-24,^GSPC,1878.6099853515625
2014-04-25,^GSPC,1863.4000244140625
2014-04-28,^GSPC,1869.4300537109373
2014-04-29,^GSPC,1878.3299560546875
2014-04-30,^GSPC,1883.949951171875
2014-05-01,^GSPC,1883.6800537109373
2014-05-02,^GSPC,1881.1400146484373
2014-05-05,^GSPC,1884.6600341796875
2014-05-06,^GSPC,1867.719970703125
2014-05-07,^GSPC,1878.2099609375
2014-05-08,^GSPC,1875.6300048828125
2014-05-09,^GSPC,1878.47998046875
2014-05-12,^GSPC,1896.6500244140625
2014-05-13,^GSPC,1897.449951171875
2014-05-14,^GSPC,1888.530029296875
2014-05-15,^GSPC,1870.8499755859373
2014-05-16,^GSPC,1877.8599853515625
2014-05-19,^GSPC,1885.0799560546875
2014-05-20,^GSPC,1872.8299560546875
2014-05-21,^GSPC,1888.030029296875
2014-05-22,^GSPC,1892.489990234375
2014-05-23,^GSPC,1900.530029296875
2014-05-27,^GSPC,1911.9100341796875
2014-05-28,^GSPC,1909.780029296875
2014-05-29,^GSPC,1920.030029296875
2014-05-30,^GSPC,1923.5699462890625
2014-06-02,^GSPC,1924.969970703125
2014-06-03,^GSPC,1924.239990234375
2014-06-04,^GSPC,1927.8800048828125
2014-06-05,^GSPC,1940.4599609375
2014-06-06,^GSPC,1949.43994140625
2014-06-09,^GSPC,1951.27001953125
2014-06-10,^GSPC,1950.7900390625
2014-06-11,^GSPC,1943.8900146484373
2014-06-12,^GSPC,1930.1099853515625
2014-06-13,^GSPC,1936.1600341796875
2014-06-16,^GSPC,1937.780029296875
2014-06-17,^GSPC,1941.989990234375
2014-06-18,^GSPC,1956.97998046875
2014-06-19,^GSPC,1959.47998046875
2014-06-20,^GSPC,1962.8699951171875
2014-06-23,^GSPC,1962.6099853515625
2014-06-24,^GSPC,1949.97998046875
2014-06-25,^GSPC,1959.530029296875
2014-06-26,^GSPC,1957.219970703125
2014-06-27,^GSPC,1960.9599609375
2014-06-30,^GSPC,1960.22998046875
2014-07-01,^GSPC,1973.3199462890625
2014-07-02,^GSPC,1974.6199951171875
2014-07-03,^GSPC,1985.43994140625
2014-07-07,^GSPC,1977.6500244140625
2014-07-08,^GSPC,1963.7099609375
2014-07-09,^GSPC,1972.8299560546875
2014-07-10,^GSPC,1964.6800537109373
2014-07-11,^GSPC,1967.5699462890625
2014-07-14,^GSPC,1977.0999755859373
2014-07-15,^GSPC,1973.280029296875
2014-07-16,^GSPC,1981.5699462890625
2014-07-17,^GSPC,1958.1199951171875
2014-07-18,^GSPC,1978.219970703125
2014-07-21,^GSPC,1973.6300048828125
2014-07-22,^GSPC,1983.530029296875
2014-07-23,^GSPC,1987.010009765625
2014-07-24,^GSPC,1987.97998046875
2014-07-25,^GSPC,1978.3399658203125
2014-07-28,^GSPC,1978.9100341796875
2014-07-29,^GSPC,1969.949951171875
2014-07-30,^GSPC,1970.0699462890625
2014-07-31,^GSPC,1930.6700439453125
2014-08-01,^GSPC,1925.1500244140625
2014-08-04,^GSPC,1938.989990234375
2014-08-05,^GSPC,1920.2099609375
2014-08-06,^GSPC,1920.239990234375
2014-08-07,^GSPC,1909.5699462890625
2014-08-08,^GSPC,1931.5899658203125
2014-08-11,^GSPC,1936.9200439453125
2014-08-12,^GSPC,1933.75
2014-08-13,^GSPC,1946.719970703125
2014-08-14,^GSPC,1955.1800537109373
2014-08-15,^GSPC,1955.06005859375
2014-08-18,^GSPC,1971.739990234375
2014-08-19,^GSPC,1981.5999755859373
2014-08-20,^GSPC,1986.510009765625
2014-08-21,^GSPC,1992.3699951171875
2014-08-22,^GSPC,1988.4000244140625
2014-08-25,^GSPC,1997.9200439453125
2014-08-26,^GSPC,2000.02001953125
2014-08-27,^GSPC,2000.1199951171875
2014-08-28,^GSPC,1996.739990234375
2014-08-29,^GSPC,2003.3699951171875
2014-09-02,^GSPC,2002.280029296875
2014-09-03,^GSPC,2000.719970703125
2014-09-04,^GSPC,1997.6500244140625
2014-09-05,^GSPC,2007.7099609375
2014-09-08,^GSPC,2001.5400390625
2014-09-09,^GSPC,1988.43994140625
2014-09-10,^GSPC,1995.68994140625
2014-09-11,^GSPC,1997.449951171875
2014-09-12,^GSPC,1985.5400390625
2014-09-15,^GSPC,1984.1300048828125
2014-09-16,^GSPC,1998.97998046875
2014-09-17,^GSPC,2001.5699462890625
2014-09-18,^GSPC,2011.3599853515625
2014-09-19,^GSPC,2010.4000244140625
2014-09-22,^GSPC,1994.2900390625
2014-09-23,^GSPC,1982.77001953125
2014-09-24,^GSPC,1998.300048828125
2014-09-25,^GSPC,1965.989990234375
2014-09-26,^GSPC,1982.8499755859373
2014-09-29,^GSPC,1977.800048828125
2014-09-30,^GSPC,1972.2900390625
2014-10-01,^GSPC,1946.1600341796875
2014-10-02,^GSPC,1946.1700439453125
2014-10-03,^GSPC,1967.9000244140625
2014-10-06,^GSPC,1964.8199462890625
2014-10-07,^GSPC,1935.0999755859373
2014-10-08,^GSPC,1968.8900146484373
2014-10-09,^GSPC,1928.2099609375
2014-10-10,^GSPC,1906.1300048828125
2014-10-13,^GSPC,1874.739990234375
2014-10-14,^GSPC,1877.699951171875
2014-10-15,^GSPC,1862.489990234375
2014-10-16,^GSPC,1862.760009765625
2014-10-17,^GSPC,1886.760009765625
2014-10-20,^GSPC,1904.010009765625
2014-10-21,^GSPC,1941.280029296875
2014-10-22,^GSPC,1927.1099853515625
2014-10-23,^GSPC,1950.8199462890625
2014-10-24,^GSPC,1964.5799560546875
2014-10-27,^GSPC,1961.6300048828125
2014-10-28,^GSPC,1985.050048828125
2014-10-29,^GSPC,1982.300048828125
2014-10-30,^GSPC,1994.6500244140625
2014-10-31,^GSPC,2018.050048828125
2014-11-03,^GSPC,2017.81005859375
2014-11-04,^GSPC,2012.0999755859373
2014-11-05,^GSPC,2023.5699462890625
2014-11-06,^GSPC,2031.2099609375
2014-11-07,^GSPC,2031.9200439453125
2014-11-10,^GSPC,2038.260009765625
2014-11-11,^GSPC,2039.6800537109373
2014-11-12,^GSPC,2038.25
2014-11-13,^GSPC,2039.3299560546875
2014-11-14,^GSPC,2039.8199462890625
2014-11-17,^GSPC,2041.3199462890625
2014-11-18,^GSPC,2051.800048828125
2014-11-19,^GSPC,2048.719970703125
2014-11-20,^GSPC,2052.75
2014-11-21,^GSPC,2063.5
2014-11-24,^GSPC,2069.409912109375
2014-11-25,^GSPC,2067.030029296875
2014-11-26,^GSPC,2072.830078125
2014-11-28,^GSPC,2067.56005859375
2014-12-01,^GSPC,2053.43994140625
2014-12-02,^GSPC,2066.550048828125
2014-12-03,^GSPC,2074.330078125
2014-12-04,^GSPC,2071.919921875
2014-12-05,^GSPC,2075.3701171875
2014-12-08,^GSPC,2060.31005859375
2014-12-09,^GSPC,2059.820068359375
2014-12-10,^GSPC,2026.1400146484373
2014-12-11,^GSPC,2035.3299560546875
2014-12-12,^GSPC,2002.3299560546875
2014-12-15,^GSPC,1989.6300048828125
2014-12-16,^GSPC,1972.739990234375
2014-12-17,^GSPC,2012.8900146484373
2014-12-18,^GSPC,2061.22998046875
2014-12-19,^GSPC,2070.64990234375
2014-12-22,^GSPC,2078.5400390625
2014-12-23,^GSPC,2082.169921875
2014-12-24,^GSPC,2081.8798828125
2014-12-26,^GSPC,2088.77001953125
2014-12-29,^GSPC,2090.570068359375
2014-12-30,^GSPC,2080.35009765625
2014-12-31,^GSPC,2058.89990234375
2015-01-02,^GSPC,2058.199951171875
2015-01-05,^GSPC,2020.5799560546875
2015-01-06,^GSPC,2002.6099853515625
2015-01-07,^GSPC,2025.9000244140625
2015-01-08,^GSPC,2062.139892578125
2015-01-09,^GSPC,2044.81005859375
2015-01-12,^GSPC,2028.260009765625
2015-01-13,^GSPC,2023.030029296875
2015-01-14,^GSPC,2011.27001953125
2015-01-15,^GSPC,1992.6700439453125
2015-01-16,^GSPC,2019.4200439453125
2015-01-20,^GSPC,2022.550048828125
2015-01-21,^GSPC,2032.1199951171875
2015-01-22,^GSPC,2063.14990234375
2015-01-23,^GSPC,2051.820068359375
2015-01-26,^GSPC,2057.090087890625
2015-01-27,^GSPC,2029.550048828125
2015-01-28,^GSPC,2002.1600341796875
2015-01-29,^GSPC,2021.25
2015-01-30,^GSPC,1994.989990234375
2015-02-02,^GSPC,2020.8499755859373
2015-02-03,^GSPC,2050.030029296875
2015-02-04,^GSPC,2041.510009765625
2015-02-05,^GSPC,2062.52001953125
2015-02-06,^GSPC,2055.469970703125
2015-02-09,^GSPC,2046.739990234375
2015-02-10,^GSPC,2068.590087890625
2015-02-11,^GSPC,2068.530029296875
2015-02-12,^GSPC,2088.47998046875
2015-02-13,^GSPC,2096.989990234375
2015-02-17,^GSPC,2100.340087890625
2015-02-18,^GSPC,2099.679931640625
2015-02-19,^GSPC,2097.449951171875
2015-02-20,^GSPC,2110.300048828125
2015-02-23,^GSPC,2109.659912109375
2015-02-24,^GSPC,2115.47998046875
2015-02-25,^GSPC,2113.860107421875
2015-02-26,^GSPC,2110.739990234375
2015-02-27,^GSPC,2104.5
2015-03-02,^GSPC,2117.389892578125
2015-03-03,^GSPC,2107.780029296875
2015-03-04,^GSPC,2098.530029296875
2015-03-05,^GSPC,2101.0400390625
2015-03-06,^GSPC,2071.260009765625
2015-03-09,^GSPC,2079.429931640625
2015-03-10,^GSPC,2044.1600341796875
2015-03-11,^GSPC,2040.239990234375
2015-03-12,^GSPC,2065.949951171875
2015-03-13,^GSPC,2053.39990234375
2015-03-16,^GSPC,2081.18994140625
2015-03-17,^GSPC,2074.280029296875
2015-03-18,^GSPC,2099.5
2015-03-19,^GSPC,2089.27001953125
2015-03-20,^GSPC,2108.10009765625
2015-03-23,^GSPC,2104.419921875
2015-03-24,^GSPC,2091.5
2015-03-25,^GSPC,2061.050048828125
2015-03-26,^GSPC,2056.14990234375
2015-03-27,^GSPC,2061.02001953125
2015-03-30,^GSPC,2086.239990234375
2015-03-31,^GSPC,2067.889892578125
2015-04-01,^GSPC,2059.68994140625
2015-04-02,^GSPC,2066.9599609375
2015-04-06,^GSPC,2080.6201171875
2015-04-07,^GSPC,2076.330078125
2015-04-08,^GSPC,2081.89990234375
2015-04-09,^GSPC,2091.179931640625
2015-04-10,^GSPC,2102.06005859375
2015-04-13,^GSPC,2092.429931640625
2015-04-14,^GSPC,2095.840087890625
2015-04-15,^GSPC,2106.6298828125
2015-04-16,^GSPC,2104.989990234375
2015-04-17,^GSPC,2081.179931640625
2015-04-20,^GSPC,2100.39990234375
2015-04-21,^GSPC,2097.2900390625
2015-04-22,^GSPC,2107.9599609375
2015-04-23,^GSPC,2112.929931640625
2015-04-24,^GSPC,2117.68994140625
2015-04-27,^GSPC,2108.919921875
2015-04-28,^GSPC,2114.760009765625
2015-04-29,^GSPC,2106.85009765625
2015-04-30,^GSPC,2085.510009765625
2015-05-01,^GSPC,2108.2900390625
2015-05-04,^GSPC,2114.489990234375
2015-05-05,^GSPC,2089.4599609375
2015-05-06,^GSPC,2080.14990234375
2015-05-07,^GSPC,2088.0
2015-05-08,^GSPC,2116.10009765625
2015-05-11,^GSPC,2105.330078125
2015-05-12,^GSPC,2099.1201171875
2015-05-13,^GSPC,2098.47998046875
2015-05-14,^GSPC,2121.10009765625
2015-05-15,^GSPC,2122.72998046875
2015-05-18,^GSPC,2129.199951171875
2015-05-19,^GSPC,2127.830078125
2015-05-20,^GSPC,2125.85009765625
2015-05-21,^GSPC,2130.820068359375
2015-05-22,^GSPC,2126.06005859375
2015-05-26,^GSPC,2104.199951171875
2015-05-27,^GSPC,2123.47998046875
2015-05-28,^GSPC,2120.7900390625
2015-05-29,^GSPC,2107.389892578125
2015-06-01,^GSPC,2111.72998046875
2015-06-02,^GSPC,2109.60009765625
2015-06-03,^GSPC,2114.070068359375
2015-06-04,^GSPC,2095.840087890625
2015-06-05,^GSPC,2092.830078125
2015-06-08,^GSPC,2079.280029296875
2015-06-09,^GSPC,2080.14990234375
2015-06-10,^GSPC,2105.199951171875
2015-06-11,^GSPC,2108.860107421875
2015-06-12,^GSPC,2094.110107421875
2015-06-15,^GSPC,2084.429931640625
2015-06-16,^GSPC,2096.2900390625
2015-06-17,^GSPC,2100.43994140625
2015-06-18,^GSPC,2121.239990234375
2015-06-19,^GSPC,2109.989990234375
2015-06-22,^GSPC,2122.85009765625
2015-06-23,^GSPC,2124.199951171875
2015-06-24,^GSPC,2108.580078125
2015-06-25,^GSPC,2102.31005859375
2015-06-26,^GSPC,2101.489990234375
2015-06-29,^GSPC,2057.639892578125
2015-06-30,^GSPC,2063.110107421875
2015-07-01,^GSPC,2077.419921875
2015-07-02,^GSPC,2076.780029296875
2015-07-06,^GSPC,2068.760009765625
2015-07-07,^GSPC,2081.340087890625
2015-07-08,^GSPC,2046.6800537109373
2015-07-09,^GSPC,2051.31005859375
2015-07-10,^GSPC,2076.6201171875
2015-07-13,^GSPC,2099.60009765625
2015-07-14,^GSPC,2108.949951171875
2015-07-15,^GSPC,2107.39990234375
2015-07-16,^GSPC,2124.2900390625
2015-07-17,^GSPC,2126.639892578125
2015-07-20,^GSPC,2128.280029296875
2015-07-21,^GSPC,2119.2099609375
2015-07-22,^GSPC,2114.14990234375
2015-07-23,^GSPC,2102.14990234375
2015-07-24,^GSPC,2079.64990234375
2015-07-27,^GSPC,2067.639892578125
2015-07-28,^GSPC,2093.25
2015-07-29,^GSPC,2108.570068359375
2015-07-30,^GSPC,2108.6298828125
2015-07-31,^GSPC,2103.840087890625
2015-08-03,^GSPC,2098.0400390625
2015-08-04,^GSPC,2093.320068359375
2015-08-05,^GSPC,2099.840087890625
2015-08-06,^GSPC,2083.56005859375
2015-08-07,^GSPC,2077.570068359375
2015-08-10,^GSPC,2104.179931640625
2015-08-11,^GSPC,2084.070068359375
2015-08-12,^GSPC,2086.050048828125
2015-08-13,^GSPC,2083.389892578125
2015-08-14,^GSPC,2091.5400390625
2015-08-17,^GSPC,2102.43994140625
2015-08-18,^GSPC,2096.919921875
2015-08-19,^GSPC,2079.610107421875
2015-08-20,^GSPC,2035.72998046875
2015-08-21,^GSPC,1970.8900146484373
2015-08-24,^GSPC,1893.2099609375
2015-08-25,^GSPC,1867.6099853515625
2015-08-26,^GSPC,1940.510009765625
2015-08-27,^GSPC,1987.6600341796875
2015-08-28,^GSPC,1988.8699951171875
2015-08-31,^GSPC,1972.1800537109373
2015-09-01,^GSPC,1913.8499755859373
2015-09-02,^GSPC,1948.8599853515625
2015-09-03,^GSPC,1951.1300048828125
2015-09-04,^GSPC,1921.219970703125
2015-09-08,^GSPC,1969.4100341796875
2015-09-09,^GSPC,1942.0400390625
2015-09-10,^GSPC,1952.2900390625
2015-09-11,^GSPC,1961.050048828125
2015-09-14,^GSPC,1953.030029296875
2015-09-15,^GSPC,1978.0899658203125
2015-09-16,^GSPC,1995.31005859375
2015-09-17,^GSPC,1990.199951171875
2015-09-18,^GSPC,1958.030029296875
2015-09-21,^GSPC,1966.969970703125
2015-09-22,^GSPC,1942.739990234375
2015-09-23,^GSPC,1938.760009765625
2015-09-24,^GSPC,1932.239990234375
2015-09-25,^GSPC,1931.3399658203125
2015-09-28,^GSPC,1881.77001953125
2015-09-29,^GSPC,1884.0899658203125
2015-09-30,^GSPC,1920.030029296875
2015-10-01,^GSPC,1923.8199462890625
2015-10-02,^GSPC,1951.3599853515625
2015-10-05,^GSPC,1987.050048828125
2015-10-06,^GSPC,1979.9200439453125
2015-10-07,^GSPC,1995.8299560546875
2015-10-08,^GSPC,2013.4300537109373
2015-10-09,^GSPC,2014.8900146484373
2015-10-12,^GSPC,2017.4599609375
2015-10-13,^GSPC,2003.68994140625
2015-10-14,^GSPC,1994.239990234375
2015-10-15,^GSPC,2023.8599853515625
2015-10-16,^GSPC,2033.1099853515625
2015-10-19,^GSPC,2033.6600341796875
2015-10-20,^GSPC,2030.77001953125
2015-10-21,^GSPC,2018.93994140625
2015-10-22,^GSPC,2052.510009765625
2015-10-23,^GSPC,2075.14990234375
2015-10-26,^GSPC,2071.179931640625
2015-10-27,^GSPC,2065.889892578125
2015-10-28,^GSPC,2090.35009765625
2015-10-29,^GSPC,2089.409912109375
2015-10-30,^GSPC,2079.360107421875
2015-11-02,^GSPC,2104.050048828125
2015-11-03,^GSPC,2109.7900390625
2015-11-04,^GSPC,2102.31005859375
2015-11-05,^GSPC,2099.929931640625
2015-11-06,^GSPC,2099.199951171875
2015-11-09,^GSPC,2078.580078125
2015-11-10,^GSPC,2081.719970703125
2015-11-11,^GSPC,2075.0
2015-11-12,^GSPC,2045.969970703125
2015-11-13,^GSPC,2023.0400390625
2015-11-16,^GSPC,2053.18994140625
2015-11-17,^GSPC,2050.43994140625
2015-11-18,^GSPC,2083.580078125
2015-11-19,^GSPC,2081.239990234375
2015-11-20,^GSPC,2089.169921875
2015-11-23,^GSPC,2086.590087890625
2015-11-24,^GSPC,2089.139892578125
2015-11-25,^GSPC,2088.8701171875
2015-11-27,^GSPC,2090.110107421875
2015-11-30,^GSPC,2080.409912109375
2015-12-01,^GSPC,2102.6298828125
2015-12-02,^GSPC,2079.510009765625
2015-12-03,^GSPC,2049.6201171875
2015-12-04,^GSPC,2091.68994140625
2015-12-07,^GSPC,2077.070068359375
2015-12-08,^GSPC,2063.590087890625
2015-12-09,^GSPC,2047.6199951171875
2015-12-10,^GSPC,2052.22998046875
2015-12-11,^GSPC,2012.3699951171875
2015-12-14,^GSPC,2021.93994140625
2015-12-15,^GSPC,2043.4100341796875
2015-12-16,^GSPC,2073.070068359375
2015-12-17,^GSPC,2041.8900146484373
2015-12-18,^GSPC,2005.550048828125
2015-12-21,^GSPC,2021.1500244140625
2015-12-22,^GSPC,2038.969970703125
2015-12-23,^GSPC,2064.2900390625
2015-12-24,^GSPC,2060.989990234375
2015-12-28,^GSPC,2056.5
2015-12-29,^GSPC,2078.360107421875
2015-12-30,^GSPC,2063.360107421875
2015-12-31,^GSPC,2043.93994140625
2016-01-04,^GSPC,2012.6600341796875
2016-01-05,^GSPC,2016.7099609375
2016-01-06,^GSPC,1990.260009765625
2016-01-07,^GSPC,1943.0899658203125
2016-01-08,^GSPC,1922.030029296875
2016-01-11,^GSPC,1923.6700439453125
2016-01-12,^GSPC,1938.6800537109373
2016-01-13,^GSPC,1890.280029296875
2016-01-14,^GSPC,1921.8399658203125
2016-01-15,^GSPC,1880.3299560546875
2016-01-19,^GSPC,1881.3299560546875
2016-01-20,^GSPC,1859.3299560546875
2016-01-21,^GSPC,1868.989990234375
2016-01-22,^GSPC,1906.9000244140625
2016-01-25,^GSPC,1877.0799560546875
2016-01-26,^GSPC,1903.6300048828125
2016-01-27,^GSPC,1882.949951171875
2016-01-28,^GSPC,1893.3599853515625
2016-01-29,^GSPC,1940.239990234375
2016-02-01,^GSPC,1939.3800048828125
2016-02-02,^GSPC,1903.030029296875
2016-02-03,^GSPC,1912.530029296875
2016-02-04,^GSPC,1915.449951171875
2016-02-05,^GSPC,1880.050048828125
2016-02-08,^GSPC,1853.43994140625
2016-02-09,^GSPC,1852.2099609375
2016-02-10,^GSPC,1851.8599853515625
2016-02-11,^GSPC,1829.0799560546875
2016-02-12,^GSPC,1864.780029296875
2016-02-16,^GSPC,1895.5799560546875
2016-02-17,^GSPC,1926.8199462890625
2016-02-18,^GSPC,1917.8299560546875
2016-02-19,^GSPC,1917.780029296875
2016-02-22,^GSPC,1945.5
2016-02-23,^GSPC,1921.27001953125
2016-02-24,^GSPC,1929.800048828125
2016-02-25,^GSPC,1951.699951171875
2016-02-26,^GSPC,1948.050048828125
2016-02-29,^GSPC,1932.22998046875
2016-03-01,^GSPC,1978.3499755859373
2016-03-02,^GSPC,1986.449951171875
2016-03-03,^GSPC,1993.4000244140625
2016-03-04,^GSPC,1999.989990234375
2016-03-07,^GSPC,2001.760009765625
2016-03-08,^GSPC,1979.260009765625
2016-03-09,^GSPC,1989.260009765625
2016-03-10,^GSPC,1989.5699462890625
2016-03-11,^GSPC,2022.18994140625
2016-03-14,^GSPC,2019.6400146484373
2016-03-15,^GSPC,2015.9300537109373
2016-03-16,^GSPC,2027.219970703125
2016-03-17,^GSPC,2040.5899658203125
2016-03-18,^GSPC,2049.580078125
2016-03-21,^GSPC,2051.60009765625
2016-03-22,^GSPC,2049.800048828125
2016-03-23,^GSPC,2036.7099609375
2016-03-24,^GSPC,2035.93994140625
2016-03-28,^GSPC,2037.050048828125
2016-03-29,^GSPC,2055.010009765625
2016-03-30,^GSPC,2063.949951171875
2016-03-31,^GSPC,2059.739990234375
2016-04-01,^GSPC,2072.780029296875
2016-04-04,^GSPC,2066.1298828125
2016-04-05,^GSPC,2045.1700439453125
2016-04-06,^GSPC,2066.659912109375
2016-04-07,^GSPC,2041.9100341796875
2016-04-08,^GSPC,2047.5999755859373
2016-04-11,^GSPC,2041.989990234375
2016-04-12,^GSPC,2061.719970703125
2016-04-13,^GSPC,2082.419921875
2016-04-14,^GSPC,2082.780029296875
2016-04-15,^GSPC,2080.72998046875
2016-04-18,^GSPC,2094.340087890625
2016-04-19,^GSPC,2100.800048828125
2016-04-20,^GSPC,2102.39990234375
2016-04-21,^GSPC,2091.47998046875
2016-04-22,^GSPC,2091.580078125
2016-04-25,^GSPC,2087.7900390625
2016-04-26,^GSPC,2091.699951171875
2016-04-27,^GSPC,2095.14990234375
2016-04-28,^GSPC,2075.81005859375
2016-04-29,^GSPC,2065.300048828125
2016-05-02,^GSPC,2081.429931640625
2016-05-03,^GSPC,2063.3701171875
2016-05-04,^GSPC,2051.1201171875
2016-05-05,^GSPC,2050.6298828125
2016-05-06,^GSPC,2057.139892578125
2016-05-09,^GSPC,2058.68994140625
2016-05-10,^GSPC,2084.389892578125
2016-05-11,^GSPC,2064.4599609375
2016-05-12,^GSPC,2064.110107421875
2016-05-13,^GSPC,2046.6099853515625
2016-05-16,^GSPC,2066.659912109375
2016-05-17,^GSPC,2047.2099609375
2016-05-18,^GSPC,2047.6300048828125
2016-05-19,^GSPC,2040.0400390625
2016-05-20,^GSPC,2052.320068359375
2016-05-23,^GSPC,2048.0400390625
2016-05-24,^GSPC,2076.06005859375
2016-05-25,^GSPC,2090.5400390625
2016-05-26,^GSPC,2090.10009765625
2016-05-27,^GSPC,2099.06005859375
2016-05-31,^GSPC,2096.949951171875
2016-06-01,^GSPC,2099.330078125
2016-06-02,^GSPC,2105.260009765625
2016-06-03,^GSPC,2099.1298828125
2016-06-06,^GSPC,2109.409912109375
2016-06-07,^GSPC,2112.1298828125
2016-06-08,^GSPC,2119.1201171875
2016-06-09,^GSPC,2115.47998046875
2016-06-10,^GSPC,2096.070068359375
2016-06-13,^GSPC,2079.06005859375
2016-06-14,^GSPC,2075.320068359375
2016-06-15,^GSPC,2071.5
2016-06-16,^GSPC,2077.989990234375
2016-06-17,^GSPC,2071.219970703125
2016-06-20,^GSPC,2083.25
2016-06-21,^GSPC,2088.89990234375
2016-06-22,^GSPC,2085.449951171875
2016-06-23,^GSPC,2113.320068359375
2016-06-24,^GSPC,2037.4100341796875
2016-06-27,^GSPC,2000.5400390625
2016-06-28,^GSPC,2036.0899658203125
2016-06-29,^GSPC,2070.77001953125
2016-06-30,^GSPC,2098.860107421875
2016-07-01,^GSPC,2102.949951171875
2016-07-05,^GSPC,2088.550048828125
2016-07-06,^GSPC,2099.72998046875
2016-07-07,^GSPC,2097.89990234375
2016-07-08,^GSPC,2129.89990234375
2016-07-11,^GSPC,2137.159912109375
2016-07-12,^GSPC,2152.139892578125
2016-07-13,^GSPC,2152.429931640625
2016-07-14,^GSPC,2163.75
2016-07-15,^GSPC,2161.739990234375
2016-07-18,^GSPC,2166.889892578125
2016-07-19,^GSPC,2163.780029296875
2016-07-20,^GSPC,2173.02001953125
2016-07-21,^GSPC,2165.169921875
2016-07-22,^GSPC,2175.030029296875
2016-07-25,^GSPC,2168.47998046875
2016-07-26,^GSPC,2169.179931640625
2016-07-27,^GSPC,2166.580078125
2016-07-28,^GSPC,2170.06005859375
2016-07-29,^GSPC,2173.60009765625
2016-08-01,^GSPC,2170.840087890625
2016-08-02,^GSPC,2157.030029296875
2016-08-03,^GSPC,2163.7900390625
2016-08-04,^GSPC,2164.25
2016-08-05,^GSPC,2182.8701171875
2016-08-08,^GSPC,2180.889892578125
2016-08-09,^GSPC,2181.739990234375
2016-08-10,^GSPC,2175.489990234375
2016-08-11,^GSPC,2185.7900390625
2016-08-12,^GSPC,2184.050048828125
2016-08-15,^GSPC,2190.14990234375
2016-08-16,^GSPC,2178.14990234375
2016-08-17,^GSPC,2182.219970703125
2016-08-18,^GSPC,2187.02001953125
2016-08-19,^GSPC,2183.8701171875
2016-08-22,^GSPC,2182.639892578125
2016-08-23,^GSPC,2186.89990234375
2016-08-24,^GSPC,2175.43994140625
2016-08-25,^GSPC,2172.469970703125
2016-08-26,^GSPC,2169.0400390625
2016-08-29,^GSPC,2180.3798828125
2016-08-30,^GSPC,2176.1201171875
2016-08-31,^GSPC,2170.949951171875
2016-09-01,^GSPC,2170.860107421875
2016-09-02,^GSPC,2179.97998046875
2016-09-06,^GSPC,2186.47998046875
2016-09-07,^GSPC,2186.159912109375
2016-09-08,^GSPC,2181.300048828125
2016-09-09,^GSPC,2127.81005859375
2016-09-12,^GSPC,2159.0400390625
2016-09-13,^GSPC,2127.02001953125
2016-09-14,^GSPC,2125.77001953125
2016-09-15,^GSPC,2147.260009765625
2016-09-16,^GSPC,2139.159912109375
2016-09-19,^GSPC,2139.1201171875
2016-09-20,^GSPC,2139.760009765625
2016-09-21,^GSPC,2163.1201171875
2016-09-22,^GSPC,2177.179931640625
2016-09-23,^GSPC,2164.68994140625
2016-09-26,^GSPC,2146.10009765625
2016-09-27,^GSPC,2159.929931640625
2016-09-28,^GSPC,2171.3701171875
2016-09-29,^GSPC,2151.1298828125
2016-09-30,^GSPC,2168.27001953125
2016-10-03,^GSPC,2161.199951171875
2016-10-04,^GSPC,2150.489990234375
2016-10-05,^GSPC,2159.72998046875
2016-10-06,^GSPC,2160.77001953125
2016-10-07,^GSPC,2153.739990234375
2016-10-10,^GSPC,2163.659912109375
2016-10-11,^GSPC,2136.72998046875
2016-10-12,^GSPC,2139.179931640625
2016-10-13,^GSPC,2132.550048828125
2016-10-14,^GSPC,2132.97998046875
2016-10-17,^GSPC,2126.5
2016-10-18,^GSPC,2139.60009765625
2016-10-19,^GSPC,2144.2900390625
2016-10-20,^GSPC,2141.340087890625
2016-10-21,^GSPC,2141.159912109375
2016-10-24,^GSPC,2151.330078125
2016-10-25,^GSPC,2143.159912109375
2016-10-26,^GSPC,2139.429931640625
2016-10-27,^GSPC,2133.0400390625
2016-10-28,^GSPC,2126.409912109375
2016-10-31,^GSPC,2126.14990234375
2016-11-01,^GSPC,2111.719970703125
2016-11-02,^GSPC,2097.93994140625
2016-11-03,^GSPC,2088.659912109375
2016-11-04,^GSPC,2085.179931640625
2016-11-07,^GSPC,2131.52001953125
2016-11-08,^GSPC,2139.56005859375
2016-11-09,^GSPC,2163.260009765625
2016-11-10,^GSPC,2167.47998046875
2016-11-11,^GSPC,2164.449951171875
2016-11-14,^GSPC,2164.199951171875
2016-11-15,^GSPC,2180.389892578125
2016-11-16,^GSPC,2176.93994140625
2016-11-17,^GSPC,2187.1201171875
2016-11-18,^GSPC,2181.89990234375
2016-11-21,^GSPC,2198.179931640625
2016-11-22,^GSPC,2202.93994140625
2016-11-23,^GSPC,2204.719970703125
2016-11-25,^GSPC,2213.35009765625
2016-11-28,^GSPC,2201.719970703125
2016-11-29,^GSPC,2204.659912109375
2016-11-30,^GSPC,2198.81005859375
2016-12-01,^GSPC,2191.080078125
2016-12-02,^GSPC,2191.949951171875
2016-12-05,^GSPC,2204.7099609375
2016-12-06,^GSPC,2212.22998046875
2016-12-07,^GSPC,2241.35009765625
2016-12-08,^GSPC,2246.18994140625
2016-12-09,^GSPC,2259.530029296875
2016-12-12,^GSPC,2256.9599609375
2016-12-13,^GSPC,2271.719970703125
2016-12-14,^GSPC,2253.280029296875
2016-12-15,^GSPC,2262.030029296875
2016-12-16,^GSPC,2258.070068359375
2016-12-19,^GSPC,2262.530029296875
2016-12-20,^GSPC,2270.760009765625
2016-12-21,^GSPC,2265.179931640625
2016-12-22,^GSPC,2260.9599609375
2016-12-23,^GSPC,2263.7900390625
2016-12-27,^GSPC,2268.8798828125
2016-12-28,^GSPC,2249.919921875
2016-12-29,^GSPC,2249.260009765625
2016-12-30,^GSPC,2238.830078125
2017-01-03,^GSPC,2257.830078125
2017-01-04,^GSPC,2270.75
2017-01-05,^GSPC,2269.0
2017-01-06,^GSPC,2276.97998046875
2017-01-09,^GSPC,2268.89990234375
2017-01-10,^GSPC,2268.89990234375
2017-01-11,^GSPC,2275.320068359375
2017-01-12,^GSPC,2270.43994140625
2017-01-13,^GSPC,2274.639892578125
2017-01-17,^GSPC,2267.889892578125
2017-01-18,^GSPC,2271.889892578125
2017-01-19,^GSPC,2263.68994140625
2017-01-20,^GSPC,2271.31005859375
2017-01-23,^GSPC,2265.199951171875
2017-01-24,^GSPC,2280.070068359375
2017-01-25,^GSPC,2298.3701171875
2017-01-26,^GSPC,2296.679931640625
2017-01-27,^GSPC,2294.68994140625
2017-01-30,^GSPC,2280.89990234375
2017-01-31,^GSPC,2278.8701171875
2017-02-01,^GSPC,2279.550048828125
2017-02-02,^GSPC,2280.85009765625
2017-02-03,^GSPC,2297.419921875
2017-02-06,^GSPC,2292.56005859375
2017-02-07,^GSPC,2293.080078125
2017-02-08,^GSPC,2294.669921875
2017-02-09,^GSPC,2307.8701171875
2017-02-10,^GSPC,2316.10009765625
2017-02-13,^GSPC,2328.25
2017-02-14,^GSPC,2337.580078125
2017-02-15,^GSPC,2349.25
2017-02-16,^GSPC,2347.219970703125
2017-02-17,^GSPC,2351.159912109375
2017-02-21,^GSPC,2365.3798828125
2017-02-22,^GSPC,2362.820068359375
2017-02-23,^GSPC,2363.81005859375
2017-02-24,^GSPC,2367.340087890625
2017-02-27,^GSPC,2369.75
2017-02-28,^GSPC,2363.639892578125
2017-03-01,^GSPC,2395.9599609375
2017-03-02,^GSPC,2381.919921875
2017-03-03,^GSPC,2383.1201171875
2017-03-06,^GSPC,2375.31005859375
2017-03-07,^GSPC,2368.389892578125
2017-03-08,^GSPC,2362.97998046875
2017-03-09,^GSPC,2364.8701171875
2017-03-10,^GSPC,2372.60009765625
2017-03-13,^GSPC,2373.469970703125
2017-03-14,^GSPC,2365.449951171875
2017-03-15,^GSPC,2385.260009765625
2017-03-16,^GSPC,2381.3798828125
2017-03-17,^GSPC,2378.25
2017-03-20,^GSPC,2373.469970703125
2017-03-21,^GSPC,2344.02001953125
2017-03-22,^GSPC,2348.449951171875
2017-03-23,^GSPC,2345.9599609375
2017-03-24,^GSPC,2343.97998046875
2017-03-27,^GSPC,2341.590087890625
2017-03-28,^GSPC,2358.570068359375
2017-03-29,^GSPC,2361.1298828125
2017-03-30,^GSPC,2368.06005859375
2017-03-31,^GSPC,2362.719970703125
2017-04-03,^GSPC,2358.840087890625
2017-04-04,^GSPC,2360.159912109375
2017-04-05,^GSPC,2352.949951171875
2017-04-06,^GSPC,2357.489990234375
2017-04-07,^GSPC,2355.5400390625
2017-04-10,^GSPC,2357.159912109375
2017-04-11,^GSPC,2353.780029296875
2017-04-12,^GSPC,2344.929931640625
2017-04-13,^GSPC,2328.949951171875
2017-04-17,^GSPC,2349.010009765625
2017-04-18,^GSPC,2342.18994140625
2017-04-19,^GSPC,2338.169921875
2017-04-20,^GSPC,2355.840087890625
2017-04-21,^GSPC,2348.68994140625
2017-04-24,^GSPC,2374.14990234375
2017-04-25,^GSPC,2388.610107421875
2017-04-26,^GSPC,2387.449951171875
2017-04-27,^GSPC,2388.77001953125
2017-04-28,^GSPC,2384.199951171875
2017-05-01,^GSPC,2388.330078125
2017-05-02,^GSPC,2391.169921875
2017-05-03,^GSPC,2388.1298828125
2017-05-04,^GSPC,2389.52001953125
2017-05-05,^GSPC,2399.2900390625
2017-05-08,^GSPC,2399.3798828125
2017-05-09,^GSPC,2396.919921875
2017-05-10,^GSPC,2399.6298828125
2017-05-11,^GSPC,2394.43994140625
2017-05-12,^GSPC,2390.89990234375
2017-05-15,^GSPC,2402.320068359375
2017-05-16,^GSPC,2400.669921875
2017-05-17,^GSPC,2357.030029296875
2017-05-18,^GSPC,2365.719970703125
2017-05-19,^GSPC,2381.72998046875
2017-05-22,^GSPC,2394.02001953125
2017-05-23,^GSPC,2398.419921875
2017-05-24,^GSPC,2404.389892578125
2017-05-25,^GSPC,2415.070068359375
2017-05-26,^GSPC,2415.820068359375
2017-05-30,^GSPC,2412.909912109375
2017-05-31,^GSPC,2411.800048828125
2017-06-01,^GSPC,2430.06005859375
2017-06-02,^GSPC,2439.070068359375
2017-06-05,^GSPC,2436.10009765625
2017-06-06,^GSPC,2429.330078125
2017-06-07,^GSPC,2433.139892578125
2017-06-08,^GSPC,2433.7900390625
2017-06-09,^GSPC,2431.77001953125
2017-06-12,^GSPC,2429.389892578125
2017-06-13,^GSPC,2440.35009765625
2017-06-14,^GSPC,2437.919921875
2017-06-15,^GSPC,2432.4599609375
2017-06-16,^GSPC,2433.14990234375
2017-06-19,^GSPC,2453.4599609375
2017-06-20,^GSPC,2437.030029296875
2017-06-21,^GSPC,2435.610107421875
2017-06-22,^GSPC,2434.5
2017-06-23,^GSPC,2438.300048828125
2017-06-26,^GSPC,2439.070068359375
2017-06-27,^GSPC,2419.3798828125
2017-06-28,^GSPC,2440.68994140625
2017-06-29,^GSPC,2419.699951171875
2017-06-30,^GSPC,2423.409912109375
2017-07-03,^GSPC,2429.010009765625
2017-07-05,^GSPC,2432.5400390625
2017-07-06,^GSPC,2409.75
2017-07-07,^GSPC,2425.179931640625
2017-07-10,^GSPC,2427.429931640625
2017-07-11,^GSPC,2425.530029296875
2017-07-12,^GSPC,2443.25
2017-07-13,^GSPC,2447.830078125
2017-07-14,^GSPC,2459.27001953125
2017-07-17,^GSPC,2459.139892578125
2017-07-18,^GSPC,2460.610107421875
2017-07-19,^GSPC,2473.830078125
2017-07-20,^GSPC,2473.449951171875
2017-07-21,^GSPC,2472.5400390625
2017-07-24,^GSPC,2469.909912109375
2017-07-25,^GSPC,2477.1298828125
2017-07-26,^GSPC,2477.830078125
2017-07-27,^GSPC,2475.419921875
2017-07-28,^GSPC,2472.10009765625
2017-07-31,^GSPC,2470.300048828125
2017-08-01,^GSPC,2476.35009765625
2017-08-02,^GSPC,2477.570068359375
2017-08-03,^GSPC,2472.159912109375
2017-08-04,^GSPC,2476.830078125
2017-08-07,^GSPC,2480.909912109375
2017-08-08,^GSPC,2474.919921875
2017-08-09,^GSPC,2474.02001953125
2017-08-10,^GSPC,2438.2099609375
2017-08-11,^GSPC,2441.320068359375
2017-08-14,^GSPC,2465.840087890625
2017-08-15,^GSPC,2464.610107421875
2017-08-16,^GSPC,2468.110107421875
2017-08-17,^GSPC,2430.010009765625
2017-08-18,^GSPC,2425.550048828125
2017-08-21,^GSPC,2428.3701171875
2017-08-22,^GSPC,2452.510009765625
2017-08-23,^GSPC,2444.0400390625
2017-08-24,^GSPC,2438.969970703125
2017-08-25,^GSPC,2443.050048828125
2017-08-28,^GSPC,2444.239990234375
2017-08-29,^GSPC,2446.300048828125
2017-08-30,^GSPC,2457.590087890625
2017-08-31,^GSPC,2471.64990234375
2017-09-01,^GSPC,2476.550048828125
2017-09-05,^GSPC,2457.85009765625
2017-09-06,^GSPC,2465.5400390625
2017-09-07,^GSPC,2465.10009765625
2017-09-08,^GSPC,2461.429931640625
2017-09-11,^GSPC,2488.110107421875
2017-09-12,^GSPC,2496.47998046875
2017-09-13,^GSPC,2498.3701171875
2017-09-14,^GSPC,2495.6201171875
2017-09-15,^GSPC,2500.22998046875
2017-09-18,^GSPC,2503.8701171875
2017-09-19,^GSPC,2506.64990234375
2017-09-20,^GSPC,2508.239990234375
2017-09-21,^GSPC,2500.60009765625
2017-09-22,^GSPC,2502.219970703125
2017-09-25,^GSPC,2496.659912109375
2017-09-26,^GSPC,2496.840087890625
2017-09-27,^GSPC,2507.0400390625
2017-09-28,^GSPC,2510.06005859375
2017-09-29,^GSPC,2519.360107421875
2017-10-02,^GSPC,2529.1201171875
2017-10-03,^GSPC,2534.580078125
2017-10-04,^GSPC,2537.739990234375
2017-10-05,^GSPC,2552.070068359375
2017-10-06,^GSPC,2549.330078125
2017-10-09,^GSPC,2544.72998046875
2017-10-10,^GSPC,2550.639892578125
2017-10-11,^GSPC,2555.239990234375
2017-10-12,^GSPC,2550.929931640625
2017-10-13,^GSPC,2553.169921875
2017-10-16,^GSPC,2557.639892578125
2017-10-17,^GSPC,2559.360107421875
2017-10-18,^GSPC,2561.260009765625
2017-10-19,^GSPC,2562.10009765625
2017-10-20,^GSPC,2575.2099609375
2017-10-23,^GSPC,2564.97998046875
2017-10-24,^GSPC,2569.1298828125
2017-10-25,^GSPC,2557.14990234375
2017-10-26,^GSPC,2560.39990234375
2017-10-27,^GSPC,2581.070068359375
2017-10-30,^GSPC,2572.830078125
2017-10-31,^GSPC,2575.260009765625
2017-11-01,^GSPC,2579.360107421875
2017-11-02,^GSPC,2579.85009765625
2017-11-03,^GSPC,2587.840087890625
2017-11-06,^GSPC,2591.1298828125
2017-11-07,^GSPC,2590.639892578125
2017-11-08,^GSPC,2594.3798828125
2017-11-09,^GSPC,2584.6201171875
2017-11-10,^GSPC,2582.300048828125
2017-11-13,^GSPC,2584.840087890625
2017-11-14,^GSPC,2578.8701171875
2017-11-15,^GSPC,2564.6201171875
2017-11-16,^GSPC,2585.639892578125
2017-11-17,^GSPC,2578.85009765625
2017-11-20,^GSPC,2582.139892578125
2017-11-21,^GSPC,2599.030029296875
2017-11-22,^GSPC,2597.080078125
2017-11-24,^GSPC,2602.419921875
2017-11-27,^GSPC,2601.419921875
2017-11-28,^GSPC,2627.0400390625
2017-11-29,^GSPC,2626.070068359375
2017-11-30,^GSPC,2647.580078125
2017-12-01,^GSPC,2642.219970703125
2017-12-04,^GSPC,2639.43994140625
2017-12-05,^GSPC,2629.570068359375
2017-12-06,^GSPC,2629.27001953125
2017-12-07,^GSPC,2636.97998046875
2017-12-08,^GSPC,2651.5
2017-12-11,^GSPC,2659.989990234375
2017-12-12,^GSPC,2664.110107421875
2017-12-13,^GSPC,2662.85009765625
2017-12-14,^GSPC,2652.010009765625
2017-12-15,^GSPC,2675.81005859375
2017-12-18,^GSPC,2690.159912109375
2017-12-19,^GSPC,2681.469970703125
2017-12-20,^GSPC,2679.25
2017-12-21,^GSPC,2684.570068359375
2017-12-22,^GSPC,2683.340087890625
2017-12-26,^GSPC,2680.5
2017-12-27,^GSPC,2682.6201171875
2017-12-28,^GSPC,2687.5400390625
2017-12-29,^GSPC,2673.610107421875
2018-01-02,^GSPC,2695.81005859375
2018-01-03,^GSPC,2713.06005859375
2018-01-04,^GSPC,2723.989990234375
2018-01-05,^GSPC,2743.14990234375
2018-01-08,^GSPC,2747.7099609375
2018-01-09,^GSPC,2751.2900390625
2018-01-10,^GSPC,2748.22998046875
2018-01-11,^GSPC,2767.56005859375
2018-01-12,^GSPC,2786.239990234375
2018-01-16,^GSPC,2776.419921875
2018-01-17,^GSPC,2802.56005859375
2018-01-18,^GSPC,2798.030029296875
2018-01-19,^GSPC,2810.300048828125
2018-01-22,^GSPC,2832.969970703125
2018-01-23,^GSPC,2839.1298828125
2018-01-24,^GSPC,2837.5400390625
2018-01-25,^GSPC,2839.25
2018-01-26,^GSPC,2872.8701171875
2018-01-29,^GSPC,2853.530029296875
2018-01-30,^GSPC,2822.429931640625
2018-01-31,^GSPC,2823.81005859375
2018-02-01,^GSPC,2821.97998046875
2018-02-02,^GSPC,2762.1298828125
2018-02-05,^GSPC,2648.93994140625
2018-02-06,^GSPC,2695.139892578125
2018-02-07,^GSPC,2681.659912109375
2018-02-08,^GSPC,2581.0
2018-02-09,^GSPC,2619.550048828125
2018-02-12,^GSPC,2656.0
2018-02-13,^GSPC,2662.93994140625
2018-02-14,^GSPC,2698.6298828125
2018-02-15,^GSPC,2731.199951171875
2018-02-16,^GSPC,2732.219970703125
2018-02-20,^GSPC,2716.260009765625
2018-02-21,^GSPC,2701.330078125
2018-02-22,^GSPC,2703.9599609375
2018-02-23,^GSPC,2747.300048828125
2018-02-26,^GSPC,2779.60009765625
2018-02-27,^GSPC,2744.280029296875
2018-02-28,^GSPC,2713.830078125
2018-03-01,^GSPC,2677.669921875
2018-03-02,^GSPC,2691.25
2018-03-05,^GSPC,2720.93994140625
2018-03-06,^GSPC,2728.1201171875
2018-03-07,^GSPC,2726.800048828125
2018-03-08,^GSPC,2738.969970703125
2018-03-09,^GSPC,2786.570068359375
2018-03-12,^GSPC,2783.02001953125
2018-03-13,^GSPC,2765.31005859375
2018-03-14,^GSPC,2749.47998046875
2018-03-15,^GSPC,2747.330078125
2018-03-16,^GSPC,2752.010009765625
2018-03-19,^GSPC,2712.919921875
2018-03-20,^GSPC,2716.93994140625
2018-03-21,^GSPC,2711.929931640625
2018-03-22,^GSPC,2643.68994140625
2018-03-23,^GSPC,2588.260009765625
2018-03-26,^GSPC,2658.550048828125
2018-03-27,^GSPC,2612.6201171875
2018-03-28,^GSPC,2605.0
2018-03-29,^GSPC,2640.8701171875
2018-04-02,^GSPC,2581.8798828125
2018-04-03,^GSPC,2614.449951171875
2018-04-04,^GSPC,2644.68994140625
2018-04-05,^GSPC,2662.840087890625
2018-04-06,^GSPC,2604.469970703125
2018-04-09,^GSPC,2613.159912109375
2018-04-10,^GSPC,2656.8701171875
2018-04-11,^GSPC,2642.18994140625
2018-04-12,^GSPC,2663.989990234375
2018-04-13,^GSPC,2656.300048828125
2018-04-16,^GSPC,2677.840087890625
2018-04-17,^GSPC,2706.389892578125
2018-04-18,^GSPC,2708.639892578125
2018-04-19,^GSPC,2693.1298828125
2018-04-20,^GSPC,2670.139892578125
2018-04-23,^GSPC,2670.2900390625
2018-04-24,^GSPC,2634.56005859375
2018-04-25,^GSPC,2639.39990234375
2018-04-26,^GSPC,2666.93994140625
2018-04-27,^GSPC,2669.909912109375
2018-04-30,^GSPC,2648.050048828125
2018-05-01,^GSPC,2654.800048828125
2018-05-02,^GSPC,2635.669921875
2018-05-03,^GSPC,2629.72998046875
2018-05-04,^GSPC,2663.419921875
2018-05-07,^GSPC,2672.6298828125
2018-05-08,^GSPC,2671.919921875
2018-05-09,^GSPC,2697.7900390625
2018-05-10,^GSPC,2723.070068359375
2018-05-11,^GSPC,2727.719970703125
2018-05-14,^GSPC,2730.1298828125
2018-05-15,^GSPC,2711.449951171875
2018-05-16,^GSPC,2722.4599609375
2018-05-17,^GSPC,2720.1298828125
2018-05-18,^GSPC,2712.969970703125
2018-05-21,^GSPC,2733.010009765625
2018-05-22,^GSPC,2724.43994140625
2018-05-23,^GSPC,2733.2900390625
2018-05-24,^GSPC,2727.760009765625
2018-05-25,^GSPC,2721.330078125
2018-05-29,^GSPC,2689.860107421875
2018-05-30,^GSPC,2724.010009765625
2018-05-31,^GSPC,2705.27001953125
2018-06-01,^GSPC,2734.6201171875
2018-06-04,^GSPC,2746.8701171875
2018-06-05,^GSPC,2748.800048828125
2018-06-06,^GSPC,2772.35009765625
2018-06-07,^GSPC,2770.3701171875
2018-06-08,^GSPC,2779.030029296875
2018-06-11,^GSPC,2782.0
2018-06-12,^GSPC,2786.85009765625
2018-06-13,^GSPC,2775.6298828125
2018-06-14,^GSPC,2782.489990234375
2018-06-15,^GSPC,2779.659912109375
2018-06-18,^GSPC,2773.75
2018-06-19,^GSPC,2762.590087890625
2018-06-20,^GSPC,2767.320068359375
2018-06-21,^GSPC,2749.760009765625
2018-06-22,^GSPC,2754.8798828125
2018-06-25,^GSPC,2717.070068359375
2018-06-26,^GSPC,2723.06005859375
2018-06-27,^GSPC,2699.6298828125
2018-06-28,^GSPC,2716.31005859375
2018-06-29,^GSPC,2718.3701171875
2018-07-02,^GSPC,2726.7099609375
2018-07-03,^GSPC,2713.219970703125
2018-07-05,^GSPC,2736.610107421875
2018-07-06,^GSPC,2759.820068359375
2018-07-09,^GSPC,2784.169921875
2018-07-10,^GSPC,2793.840087890625
2018-07-11,^GSPC,2774.02001953125
2018-07-12,^GSPC,2798.2900390625
2018-07-13,^GSPC,2801.31005859375
2018-07-16,^GSPC,2798.429931640625
2018-07-17,^GSPC,2809.550048828125
2018-07-18,^GSPC,2815.6201171875
2018-07-19,^GSPC,2804.489990234375
2018-07-20,^GSPC,2801.830078125
2018-07-23,^GSPC,2806.97998046875
2018-07-24,^GSPC,2820.39990234375
2018-07-25,^GSPC,2846.070068359375
2018-07-26,^GSPC,2837.43994140625
2018-07-27,^GSPC,2818.820068359375
2018-07-30,^GSPC,2802.60009765625
2018-07-31,^GSPC,2816.2900390625
2018-08-01,^GSPC,2813.360107421875
2018-08-02,^GSPC,2827.219970703125
2018-08-03,^GSPC,2840.35009765625
2018-08-06,^GSPC,2850.39990234375
2018-08-07,^GSPC,2858.449951171875
2018-08-08,^GSPC,2857.699951171875
2018-08-09,^GSPC,2853.580078125
2018-08-10,^GSPC,2833.280029296875
2018-08-13,^GSPC,2821.929931640625
2018-08-14,^GSPC,2839.9599609375
2018-08-15,^GSPC,2818.3701171875
2018-08-16,^GSPC,2840.68994140625
2018-08-17,^GSPC,2850.1298828125
2018-08-20,^GSPC,2857.050048828125
2018-08-21,^GSPC,2862.9599609375
2018-08-22,^GSPC,2861.820068359375
2018-08-23,^GSPC,2856.97998046875
2018-08-24,^GSPC,2874.68994140625
2018-08-27,^GSPC,2896.739990234375
2018-08-28,^GSPC,2897.52001953125
2018-08-29,^GSPC,2914.0400390625
2018-08-30,^GSPC,2901.1298828125
2018-08-31,^GSPC,2901.52001953125
2018-09-04,^GSPC,2896.719970703125
2018-09-05,^GSPC,2888.60009765625
2018-09-06,^GSPC,2878.050048828125
2018-09-07,^GSPC,2871.679931640625
2018-09-10,^GSPC,2877.1298828125
2018-09-11,^GSPC,2887.889892578125
2018-09-12,^GSPC,2888.919921875
2018-09-13,^GSPC,2904.179931640625
2018-09-14,^GSPC,2904.97998046875
2018-09-17,^GSPC,2888.800048828125
2018-09-18,^GSPC,2904.31005859375
2018-09-19,^GSPC,2907.949951171875
2018-09-20,^GSPC,2930.75
2018-09-21,^GSPC,2929.669921875
2018-09-24,^GSPC,2919.3701171875
2018-09-25,^GSPC,2915.56005859375
2018-09-26,^GSPC,2905.969970703125
2018-09-27,^GSPC,2914.0
2018-09-28,^GSPC,2913.97998046875
2018-10-01,^GSPC,2924.590087890625
2018-10-02,^GSPC,2923.429931640625
2018-10-03,^GSPC,2925.510009765625
2018-10-04,^GSPC,2901.610107421875
2018-10-05,^GSPC,2885.570068359375
2018-10-08,^GSPC,2884.429931640625
2018-10-09,^GSPC,2880.340087890625
2018-10-10,^GSPC,2785.679931640625
2018-10-11,^GSPC,2728.3701171875
2018-10-12,^GSPC,2767.1298828125
2018-10-15,^GSPC,2750.7900390625
2018-10-16,^GSPC,2809.919921875
2018-10-17,^GSPC,2809.2099609375
2018-10-18,^GSPC,2768.780029296875
2018-10-19,^GSPC,2767.780029296875
2018-10-22,^GSPC,2755.8798828125
2018-10-23,^GSPC,2740.68994140625
2018-10-24,^GSPC,2656.10009765625
2018-10-25,^GSPC,2705.570068359375
2018-10-26,^GSPC,2658.68994140625
2018-10-29,^GSPC,2641.25
2018-10-30,^GSPC,2682.6298828125
2018-10-31,^GSPC,2711.739990234375
2018-11-01,^GSPC,2740.3701171875
2018-11-02,^GSPC,2723.06005859375
2018-11-05,^GSPC,2738.31005859375
2018-11-06,^GSPC,2755.449951171875
2018-11-07,^GSPC,2813.889892578125
2018-11-08,^GSPC,2806.830078125
2018-11-09,^GSPC,2781.010009765625
2018-11-12,^GSPC,2726.219970703125
2018-11-13,^GSPC,2722.179931640625
2018-11-14,^GSPC,2701.580078125
2018-11-15,^GSPC,2730.199951171875
2018-11-16,^GSPC,2736.27001953125
2018-11-19,^GSPC,2690.72998046875
2018-11-20,^GSPC,2641.889892578125
2018-11-21,^GSPC,2649.929931640625
2018-11-23,^GSPC,2632.56005859375
2018-11-26,^GSPC,2673.449951171875
2018-11-27,^GSPC,2682.169921875
2018-11-28,^GSPC,2743.7900390625
2018-11-29,^GSPC,2737.800048828125
2018-11-30,^GSPC,2760.169921875
2018-12-03,^GSPC,2790.3701171875
2018-12-04,^GSPC,2700.06005859375
2018-12-06,^GSPC,2695.949951171875
2018-12-07,^GSPC,2633.080078125
2018-12-10,^GSPC,2637.719970703125
2018-12-11,^GSPC,2636.780029296875
2018-12-12,^GSPC,2651.070068359375
2018-12-13,^GSPC,2650.5400390625
2018-12-14,^GSPC,2599.949951171875
2018-12-17,^GSPC,2545.93994140625
2018-12-18,^GSPC,2546.159912109375
2018-12-19,^GSPC,2506.9599609375
2018-12-20,^GSPC,2467.419921875
2018-12-21,^GSPC,2416.6201171875
2018-12-24,^GSPC,2351.10009765625
2018-12-26,^GSPC,2467.699951171875
2018-12-27,^GSPC,2488.830078125
2018-12-28,^GSPC,2485.739990234375
2018-12-31,^GSPC,2506.85009765625
2019-01-02,^GSPC,2510.030029296875
2019-01-03,^GSPC,2447.889892578125
2019-01-04,^GSPC,2531.93994140625
2019-01-07,^GSPC,2549.68994140625
2019-01-08,^GSPC,2574.409912109375
2019-01-09,^GSPC,2584.9599609375
2019-01-10,^GSPC,2596.639892578125
2019-01-11,^GSPC,2596.260009765625
2019-01-14,^GSPC,2582.610107421875
2019-01-15,^GSPC,2610.300048828125
2019-01-16,^GSPC,2616.10009765625
2019-01-17,^GSPC,2635.9599609375
2019-01-18,^GSPC,2670.7099609375
2019-01-22,^GSPC,2632.89990234375
2019-01-23,^GSPC,2638.699951171875
2019-01-24,^GSPC,2642.330078125
2019-01-25,^GSPC,2664.760009765625
2019-01-28,^GSPC,2643.85009765625
2019-01-29,^GSPC,2640.0
2019-01-30,^GSPC,2681.050048828125
2019-01-31,^GSPC,2704.10009765625
2019-02-01,^GSPC,2706.530029296875
2019-02-04,^GSPC,2724.8701171875
2019-02-05,^GSPC,2737.699951171875
2019-02-06,^GSPC,2731.610107421875
2019-02-07,^GSPC,2706.050048828125
2019-02-08,^GSPC,2707.8798828125
2019-02-11,^GSPC,2709.800048828125
2019-02-12,^GSPC,2744.72998046875
2019-02-13,^GSPC,2753.030029296875
2019-02-14,^GSPC,2745.72998046875
2019-02-15,^GSPC,2775.60009765625
2019-02-19,^GSPC,2779.760009765625
2019-02-20,^GSPC,2784.699951171875
2019-02-21,^GSPC,2774.8798828125
2019-02-22,^GSPC,2792.669921875
2019-02-25,^GSPC,2796.110107421875
2019-02-26,^GSPC,2793.89990234375
2019-02-27,^GSPC,2792.3798828125
2019-02-28,^GSPC,2784.489990234375
2019-03-01,^GSPC,2803.68994140625
2019-03-04,^GSPC,2792.81005859375
2019-03-05,^GSPC,2789.64990234375
2019-03-06,^GSPC,2771.449951171875
2019-03-07,^GSPC,2748.929931640625
2019-03-08,^GSPC,2743.070068359375
2019-03-11,^GSPC,2783.300048828125
2019-03-12,^GSPC,2791.52001953125
2019-03-13,^GSPC,2810.919921875
2019-03-14,^GSPC,2808.47998046875
2019-03-15,^GSPC,2822.47998046875
2019-03-18,^GSPC,2832.93994140625
2019-03-19,^GSPC,2832.570068359375
2019-03-20,^GSPC,2824.22998046875
2019-03-21,^GSPC,2854.8798828125
2019-03-22,^GSPC,2800.7099609375
2019-03-25,^GSPC,2798.360107421875
2019-03-26,^GSPC,2818.4599609375
2019-03-27,^GSPC,2805.3701171875
2019-03-28,^GSPC,2815.43994140625
2019-03-29,^GSPC,2834.39990234375
2019-04-01,^GSPC,2867.18994140625
2019-04-02,^GSPC,2867.239990234375
2019-04-03,^GSPC,2873.39990234375
2019-04-04,^GSPC,2879.389892578125
2019-04-05,^GSPC,2892.739990234375
2019-04-08,^GSPC,2895.77001953125
2019-04-09,^GSPC,2878.199951171875
2019-04-10,^GSPC,2888.2099609375
2019-04-11,^GSPC,2888.320068359375
2019-04-12,^GSPC,2907.409912109375
2019-04-15,^GSPC,2905.580078125
2019-04-16,^GSPC,2907.06005859375
2019-04-17,^GSPC,2900.449951171875
2019-04-18,^GSPC,2905.030029296875
2019-04-22,^GSPC,2907.969970703125
2019-04-23,^GSPC,2933.679931640625
2019-04-24,^GSPC,2927.25
2019-04-25,^GSPC,2926.169921875
2019-04-26,^GSPC,2939.8798828125
2019-04-29,^GSPC,2943.030029296875
2019-04-30,^GSPC,2945.830078125
2019-05-01,^GSPC,2923.72998046875
2019-05-02,^GSPC,2917.52001953125
2019-05-03,^GSPC,2945.639892578125
2019-05-06,^GSPC,2932.469970703125
2019-05-07,^GSPC,2884.050048828125
2019-05-08,^GSPC,2879.419921875
2019-05-09,^GSPC,2870.719970703125
2019-05-10,^GSPC,2881.39990234375
2019-05-13,^GSPC,2811.8701171875
2019-05-14,^GSPC,2834.409912109375
2019-05-15,^GSPC,2850.9599609375
2019-05-16,^GSPC,2876.320068359375
2019-05-17,^GSPC,2859.530029296875
2019-05-20,^GSPC,2840.22998046875
2019-05-21,^GSPC,2864.360107421875
2019-05-22,^GSPC,2856.27001953125
2019-05-23,^GSPC,2822.239990234375
2019-05-24,^GSPC,2826.06005859375
2019-05-28,^GSPC,2802.389892578125
2019-05-29,^GSPC,2783.02001953125
2019-05-30,^GSPC,2788.860107421875
2019-05-31,^GSPC,2752.06005859375
2019-06-03,^GSPC,2744.449951171875
2019-06-04,^GSPC,2803.27001953125
2019-06-05,^GSPC,2826.14990234375
2019-06-06,^GSPC,2843.489990234375
2019-06-07,^GSPC,2873.340087890625
2019-06-10,^GSPC,2886.72998046875
2019-06-11,^GSPC,2885.719970703125
2019-06-12,^GSPC,2879.840087890625
2019-06-13,^GSPC,2891.639892578125
2019-06-14,^GSPC,2886.97998046875
2019-06-17,^GSPC,2889.669921875
2019-06-18,^GSPC,2917.75
2019-06-19,^GSPC,2926.4599609375
2019-06-20,^GSPC,2954.179931640625
2019-06-21,^GSPC,2950.4599609375
2019-06-24,^GSPC,2945.35009765625
2019-06-25,^GSPC,2917.3798828125
2019-06-26,^GSPC,2913.780029296875
2019-06-27,^GSPC,2924.919921875
2019-06-28,^GSPC,2941.760009765625
2019-07-01,^GSPC,2964.330078125
2019-07-02,^GSPC,2973.010009765625
2019-07-03,^GSPC,2995.820068359375
2019-07-05,^GSPC,2990.409912109375
2019-07-08,^GSPC,2975.949951171875
2019-07-09,^GSPC,2979.6298828125
2019-07-10,^GSPC,2993.070068359375
2019-07-11,^GSPC,2999.909912109375
2019-07-12,^GSPC,3013.77001953125
2019-07-15,^GSPC,3014.300048828125
2019-07-16,^GSPC,3004.0400390625
2019-07-17,^GSPC,2984.419921875
2019-07-18,^GSPC,2995.110107421875
2019-07-19,^GSPC,2976.610107421875
2019-07-22,^GSPC,2985.030029296875
2019-07-23,^GSPC,3005.469970703125
2019-07-24,^GSPC,3019.56005859375
2019-07-25,^GSPC,3003.669921875
2019-07-26,^GSPC,3025.860107421875
2019-07-29,^GSPC,3020.969970703125
2019-07-30,^GSPC,3013.179931640625
2019-07-31,^GSPC,2980.3798828125
2019-08-01,^GSPC,2953.56005859375
2019-08-02,^GSPC,2932.050048828125
2019-08-05,^GSPC,2844.739990234375
2019-08-06,^GSPC,2881.77001953125
2019-08-07,^GSPC,2883.97998046875
2019-08-08,^GSPC,2938.090087890625
2019-08-09,^GSPC,2918.64990234375
2019-08-12,^GSPC,2882.699951171875
2019-08-13,^GSPC,2926.320068359375
2019-08-14,^GSPC,2840.60009765625
2019-08-15,^GSPC,2847.60009765625
2019-08-16,^GSPC,2888.679931640625
2019-08-19,^GSPC,2923.64990234375
2019-08-20,^GSPC,2900.510009765625
2019-08-21,^GSPC,2924.429931640625
2019-08-22,^GSPC,2922.949951171875
2019-08-23,^GSPC,2847.110107421875
2019-08-26,^GSPC,2878.3798828125
2019-08-27,^GSPC,2869.159912109375
2019-08-28,^GSPC,2887.93994140625
2019-08-29,^GSPC,2924.580078125
2019-08-30,^GSPC,2926.4599609375
2019-09-03,^GSPC,2906.27001953125
2019-09-04,^GSPC,2937.780029296875
2019-09-05,^GSPC,2976.0
2019-09-06,^GSPC,2978.7099609375
2019-09-09,^GSPC,2978.429931640625
2019-09-10,^GSPC,2979.389892578125
2019-09-11,^GSPC,3000.929931640625
2019-09-12,^GSPC,3009.570068359375
2019-09-13,^GSPC,3007.389892578125
2019-09-16,^GSPC,2997.9599609375
2019-09-17,^GSPC,3005.699951171875
2019-09-18,^GSPC,3006.72998046875
2019-09-19,^GSPC,3006.7900390625
2019-09-20,^GSPC,2992.070068359375
2019-09-23,^GSPC,2991.780029296875
2019-09-24,^GSPC,2966.60009765625
2019-09-25,^GSPC,2984.8701171875
2019-09-26,^GSPC,2977.6201171875
2019-09-27,^GSPC,2961.7900390625
2019-09-30,^GSPC,2976.739990234375
2019-10-01,^GSPC,2940.25
2019-10-02,^GSPC,2887.610107421875
2019-10-03,^GSPC,2910.6298828125
2019-10-04,^GSPC,2952.010009765625
2019-10-07,^GSPC,2938.7900390625
2019-10-08,^GSPC,2893.06005859375
2019-10-09,^GSPC,2919.39990234375
2019-10-10,^GSPC,2938.1298828125
2019-10-11,^GSPC,2970.27001953125
2019-10-14,^GSPC,2966.14990234375
2019-10-15,^GSPC,2995.679931640625
2019-10-16,^GSPC,2989.68994140625
2019-10-17,^GSPC,2997.949951171875
2019-10-18,^GSPC,2986.199951171875
2019-10-21,^GSPC,3006.719970703125
2019-10-22,^GSPC,2995.989990234375
2019-10-23,^GSPC,3004.52001953125
2019-10-24,^GSPC,3010.2900390625
2019-10-25,^GSPC,3022.550048828125
2019-10-28,^GSPC,3039.419921875
2019-10-29,^GSPC,3036.889892578125
2019-10-30,^GSPC,3046.77001953125
2019-10-31,^GSPC,3037.56005859375
2019-11-01,^GSPC,3066.909912109375
2019-11-04,^GSPC,3078.27001953125
2019-11-05,^GSPC,3074.6201171875
2019-11-06,^GSPC,3076.780029296875
2019-11-07,^GSPC,3085.179931640625
2019-11-08,^GSPC,3093.080078125
2019-11-11,^GSPC,3087.010009765625
2019-11-12,^GSPC,3091.840087890625
2019-11-13,^GSPC,3094.0400390625
2019-11-14,^GSPC,3096.6298828125
2019-11-15,^GSPC,3120.4599609375
2019-11-18,^GSPC,3122.030029296875
2019-11-19,^GSPC,3120.179931640625
2019-11-20,^GSPC,3108.4599609375
2019-11-21,^GSPC,3103.5400390625
2019-11-22,^GSPC,3110.2900390625
2019-11-25,^GSPC,3133.639892578125
2019-11-26,^GSPC,3140.52001953125
2019-11-27,^GSPC,3153.6298828125
2019-11-29,^GSPC,3140.97998046875
2019-12-02,^GSPC,3113.8701171875
2019-12-03,^GSPC,3093.199951171875
2019-12-04,^GSPC,3112.760009765625
2019-12-05,^GSPC,3117.429931640625
2019-12-06,^GSPC,3145.909912109375
2019-12-09,^GSPC,3135.9599609375
2019-12-10,^GSPC,3132.52001953125
2019-12-11,^GSPC,3141.6298828125
2019-12-12,^GSPC,3168.570068359375
2019-12-13,^GSPC,3168.800048828125
2019-12-16,^GSPC,3191.449951171875
2019-12-17,^GSPC,3192.52001953125
2019-12-18,^GSPC,3191.139892578125
2019-12-19,^GSPC,3205.3701171875
2019-12-20,^GSPC,3221.219970703125
2019-12-23,^GSPC,3224.010009765625
2019-12-24,^GSPC,3223.3798828125
2019-12-26,^GSPC,3239.909912109375
2019-12-27,^GSPC,3240.02001953125
2019-12-30,^GSPC,3221.2900390625
2019-12-31,^GSPC,3230.780029296875
2020-01-02,^GSPC,3257.85009765625
2020-01-03,^GSPC,3234.85009765625
2020-01-06,^GSPC,3246.280029296875
2020-01-07,^GSPC,3237.179931640625
2020-01-08,^GSPC,3253.050048828125
2020-01-09,^GSPC,3274.699951171875
2020-01-10,^GSPC,3265.35009765625
2020-01-13,^GSPC,3288.1298828125
2020-01-14,^GSPC,3283.14990234375
2020-01-15,^GSPC,3289.2900390625
2020-01-16,^GSPC,3316.81005859375
2020-01-17,^GSPC,3329.6201171875
2020-01-21,^GSPC,3320.7900390625
2020-01-22,^GSPC,3321.75
2020-01-23,^GSPC,3325.5400390625
2020-01-24,^GSPC,3295.469970703125
2020-01-27,^GSPC,3243.6298828125
2020-01-28,^GSPC,3276.239990234375
2020-01-29,^GSPC,3273.39990234375
2020-01-30,^GSPC,3283.659912109375
2020-01-31,^GSPC,3225.52001953125
2020-02-03,^GSPC,3248.919921875
2020-02-04,^GSPC,3297.590087890625
2020-02-05,^GSPC,3334.68994140625
2020-02-06,^GSPC,3345.780029296875
2020-02-07,^GSPC,3327.7099609375
2020-02-10,^GSPC,3352.090087890625
2020-02-11,^GSPC,3357.75
2020-02-12,^GSPC,3379.449951171875
2020-02-13,^GSPC,3373.93994140625
2020-02-14,^GSPC,3380.159912109375
2020-02-18,^GSPC,3370.2900390625
2020-02-19,^GSPC,3386.14990234375
2020-02-20,^GSPC,3373.22998046875
2020-02-21,^GSPC,3337.75
2020-02-24,^GSPC,3225.889892578125
2020-02-25,^GSPC,3128.2099609375
2020-02-26,^GSPC,3116.389892578125
2020-02-27,^GSPC,2978.760009765625
2020-02-28,^GSPC,2954.219970703125
2020-03-02,^GSPC,3090.22998046875
2020-03-03,^GSPC,3003.3701171875
2020-03-04,^GSPC,3130.1201171875
2020-03-05,^GSPC,3023.93994140625
2020-03-06,^GSPC,2972.3701171875
2020-03-09,^GSPC,2746.56005859375
2020-03-10,^GSPC,2882.22998046875
2020-03-11,^GSPC,2741.3798828125
2020-03-12,^GSPC,2480.639892578125
2020-03-13,^GSPC,2711.02001953125
2020-03-16,^GSPC,2386.1298828125
2020-03-17,^GSPC,2529.18994140625
2020-03-18,^GSPC,2398.10009765625
2020-03-19,^GSPC,2409.389892578125
2020-03-20,^GSPC,2304.919921875
2020-03-23,^GSPC,2237.39990234375
2020-03-24,^GSPC,2447.330078125
2020-03-25,^GSPC,2475.56005859375
2020-03-26,^GSPC,2630.070068359375
2020-03-27,^GSPC,2541.469970703125
2020-03-30,^GSPC,2626.64990234375
2020-03-31,^GSPC,2584.590087890625
2020-04-01,^GSPC,2470.5
2020-04-02,^GSPC,2526.89990234375
2020-04-03,^GSPC,2488.64990234375
2020-04-06,^GSPC,2663.679931640625
2020-04-07,^GSPC,2659.409912109375
2020-04-08,^GSPC,2749.97998046875
2020-04-09,^GSPC,2789.820068359375
2020-04-13,^GSPC,2761.6298828125
2020-04-14,^GSPC,2846.06005859375
2020-04-15,^GSPC,2783.360107421875
2020-04-16,^GSPC,2799.550048828125
2020-04-17,^GSPC,2874.56005859375
2020-04-20,^GSPC,2823.159912109375
2020-04-21,^GSPC,2736.56005859375
2020-04-22,^GSPC,2799.31005859375
2020-04-23,^GSPC,2797.800048828125
2020-04-24,^GSPC,2836.739990234375
2020-04-27,^GSPC,2878.47998046875
2020-04-28,^GSPC,2863.389892578125
2020-04-29,^GSPC,2939.510009765625
2020-04-30,^GSPC,2912.429931640625
2020-05-01,^GSPC,2830.7099609375
2020-05-04,^GSPC,2842.739990234375
2020-05-05,^GSPC,2868.43994140625
2020-05-06,^GSPC,2848.419921875
2020-05-07,^GSPC,2881.18994140625
2020-05-08,^GSPC,2929.800048828125
2020-05-11,^GSPC,2930.18994140625
2020-05-12,^GSPC,2870.1201171875
2020-05-13,^GSPC,2820.0
2020-05-14,^GSPC,2852.5
2020-05-15,^GSPC,2863.699951171875
2020-05-18,^GSPC,2953.909912109375
2020-05-19,^GSPC,2922.93994140625
2020-05-20,^GSPC,2971.610107421875
2020-05-21,^GSPC,2948.510009765625
2020-05-22,^GSPC,2955.449951171875
2020-05-26,^GSPC,2991.77001953125
2020-05-27,^GSPC,3036.1298828125
2020-05-28,^GSPC,3029.72998046875
2020-05-29,^GSPC,3044.31005859375
2020-06-01,^GSPC,3055.72998046875
2020-06-02,^GSPC,3080.820068359375
2020-06-03,^GSPC,3122.8701171875
2020-06-04,^GSPC,3112.35009765625
2020-06-05,^GSPC,3193.929931640625
2020-06-08,^GSPC,3232.389892578125
2020-06-09,^GSPC,3207.179931640625
2020-06-10,^GSPC,3190.139892578125
2020-06-11,^GSPC,3002.10009765625
2020-06-12,^GSPC,3041.31005859375
2020-06-15,^GSPC,3066.590087890625
2020-06-16,^GSPC,3124.739990234375
2020-06-17,^GSPC,3113.489990234375
2020-06-18,^GSPC,3115.340087890625
2020-06-19,^GSPC,3097.739990234375
2020-06-22,^GSPC,3117.860107421875
2020-06-23,^GSPC,3131.2900390625
2020-06-24,^GSPC,3050.330078125
2020-06-25,^GSPC,3083.760009765625
2020-06-26,^GSPC,3009.050048828125
2020-06-29,^GSPC,3053.239990234375
2020-06-30,^GSPC,3100.2900390625
2020-07-01,^GSPC,3115.860107421875
2020-07-02,^GSPC,3130.010009765625
2020-07-06,^GSPC,3179.719970703125
2020-07-07,^GSPC,3145.320068359375
2020-07-08,^GSPC,3169.93994140625
2020-07-09,^GSPC,3152.050048828125
2020-07-10,^GSPC,3185.0400390625
2020-07-13,^GSPC,3155.219970703125
2020-07-14,^GSPC,3197.52001953125
2020-07-15,^GSPC,3226.56005859375
2020-07-16,^GSPC,3215.570068359375
2020-07-17,^GSPC,3224.72998046875
2020-07-20,^GSPC,3251.840087890625
2020-07-21,^GSPC,3257.300048828125
2020-07-22,^GSPC,3276.02001953125
2020-07-23,^GSPC,3235.659912109375
2020-07-24,^GSPC,3215.6298828125
2020-07-27,^GSPC,3239.409912109375
2020-07-28,^GSPC,3218.43994140625
2020-07-29,^GSPC,3258.43994140625
2020-07-30,^GSPC,3246.219970703125
2020-07-31,^GSPC,3271.1201171875
2020-08-03,^GSPC,3294.610107421875
2020-08-04,^GSPC,3306.510009765625
2020-08-05,^GSPC,3327.77001953125
2020-08-06,^GSPC,3349.159912109375
2020-08-07,^GSPC,3351.280029296875
2020-08-10,^GSPC,3360.469970703125
2020-08-11,^GSPC,3333.68994140625
2020-08-12,^GSPC,3380.35009765625
2020-08-13,^GSPC,3373.429931640625
2020-08-14,^GSPC,3372.85009765625
2020-08-17,^GSPC,3381.989990234375
2020-08-18,^GSPC,3389.780029296875
2020-08-19,^GSPC,3374.85009765625
2020-08-20,^GSPC,3385.510009765625
2020-08-21,^GSPC,3397.159912109375
2020-08-24,^GSPC,3431.280029296875
2020-08-25,^GSPC,3443.6201171875
2020-08-26,^GSPC,3478.72998046875
2020-08-27,^GSPC,3484.550048828125
2020-08-28,^GSPC,3508.010009765625
2020-08-31,^GSPC,3500.31005859375
2020-09-01,^GSPC,3526.64990234375
2020-09-02,^GSPC,3580.840087890625
2020-09-03,^GSPC,3455.06005859375
2020-09-04,^GSPC,3426.9599609375
2020-09-08,^GSPC,3331.840087890625
2020-09-09,^GSPC,3398.9599609375
2020-09-10,^GSPC,3339.18994140625
2020-09-11,^GSPC,3340.969970703125
2020-09-14,^GSPC,3383.5400390625
2020-09-15,^GSPC,3401.199951171875
2020-09-16,^GSPC,3385.489990234375
2020-09-17,^GSPC,3357.010009765625
2020-09-18,^GSPC,3319.469970703125
2020-09-21,^GSPC,3281.06005859375
2020-09-22,^GSPC,3315.570068359375
2020-09-23,^GSPC,3236.919921875
2020-09-24,^GSPC,3246.590087890625
2020-09-25,^GSPC,3298.4599609375
2020-09-28,^GSPC,3351.60009765625
2020-09-29,^GSPC,3335.469970703125
2020-09-30,^GSPC,3363.0
2020-10-01,^GSPC,3380.800048828125
2020-10-02,^GSPC,3348.419921875
2020-10-05,^GSPC,3408.60009765625
2020-10-06,^GSPC,3360.969970703125
2020-10-07,^GSPC,3419.43994140625
2020-10-08,^GSPC,3446.830078125
2020-10-09,^GSPC,3477.139892578125
2020-10-12,^GSPC,3534.219970703125
2020-10-13,^GSPC,3511.929931640625
2020-10-14,^GSPC,3488.669921875
2020-10-15,^GSPC,3483.340087890625
2020-10-16,^GSPC,3483.81005859375
2020-10-19,^GSPC,3426.919921875
2020-10-20,^GSPC,3443.1201171875
2020-10-21,^GSPC,3435.56005859375
2020-10-22,^GSPC,3453.489990234375
2020-10-23,^GSPC,3465.389892578125
2020-10-26,^GSPC,3400.969970703125
2020-10-27,^GSPC,3390.679931640625
2020-10-28,^GSPC,3271.030029296875
2020-10-29,^GSPC,3310.110107421875
2020-10-30,^GSPC,3269.9599609375
2020-11-02,^GSPC,3310.239990234375
2020-11-03,^GSPC,3369.159912109375
2020-11-04,^GSPC,3443.43994140625
2020-11-05,^GSPC,3510.449951171875
2020-11-06,^GSPC,3509.43994140625
2020-11-09,^GSPC,3550.5
2020-11-10,^GSPC,3545.530029296875
2020-11-11,^GSPC,3572.659912109375
2020-11-12,^GSPC,3537.010009765625
2020-11-13,^GSPC,3585.14990234375
2020-11-16,^GSPC,3626.909912109375
2020-11-17,^GSPC,3609.530029296875
2020-11-18,^GSPC,3567.7900390625
2020-11-19,^GSPC,3581.8701171875
2020-11-20,^GSPC,3557.5400390625
2020-11-23,^GSPC,3577.590087890625
2020-11-24,^GSPC,3635.409912109375
2020-11-25,^GSPC,3629.64990234375
2020-11-27,^GSPC,3638.35009765625
2020-11-30,^GSPC,3621.6298828125
2020-12-01,^GSPC,3662.449951171875
2020-12-02,^GSPC,3669.010009765625
2020-12-03,^GSPC,3666.719970703125
2020-12-04,^GSPC,3699.1201171875
2020-12-07,^GSPC,3691.9599609375
2020-12-08,^GSPC,3702.25
2020-12-09,^GSPC,3672.820068359375
2020-12-10,^GSPC,3668.10009765625
2020-12-11,^GSPC,3663.4599609375
2020-12-14,^GSPC,3647.489990234375
2020-12-15,^GSPC,3694.6201171875
2020-12-16,^GSPC,3701.169921875
2020-12-17,^GSPC,3722.47998046875
2020-12-18,^GSPC,3709.409912109375
2020-12-21,^GSPC,3694.919921875
2020-12-22,^GSPC,3687.260009765625
2020-12-23,^GSPC,3690.010009765625
2020-12-24,^GSPC,3703.06005859375
2020-12-28,^GSPC,3735.360107421875
2020-12-29,^GSPC,3727.0400390625
2020-12-30,^GSPC,3732.0400390625
2020-12-31,^GSPC,3756.070068359375
2021-01-04,^GSPC,3700.64990234375
2021-01-05,^GSPC,3726.860107421875
2021-01-06,^GSPC,3748.139892578125
2021-01-07,^GSPC,3803.7900390625
2021-01-08,^GSPC,3824.679931640625
2021-01-11,^GSPC,3799.610107421875
2021-01-12,^GSPC,3801.18994140625
2021-01-13,^GSPC,3809.840087890625
2021-01-14,^GSPC,3795.5400390625
2021-01-15,^GSPC,3768.25
2021-01-19,^GSPC,3798.909912109375
2021-01-20,^GSPC,3851.85009765625
2021-01-21,^GSPC,3853.070068359375
2021-01-22,^GSPC,3841.469970703125
2021-01-25,^GSPC,3855.360107421875
2021-01-26,^GSPC,3849.6201171875
2021-01-27,^GSPC,3750.77001953125
2021-01-28,^GSPC,3787.3798828125
2021-01-29,^GSPC,3714.239990234375
2021-02-01,^GSPC,3773.860107421875
2021-02-02,^GSPC,3826.31005859375
2021-02-03,^GSPC,3830.169921875
2021-02-04,^GSPC,3871.739990234375
2021-02-05,^GSPC,3886.830078125
2021-02-08,^GSPC,3915.590087890625
2021-02-09,^GSPC,3911.22998046875
2021-02-10,^GSPC,3909.8798828125
2021-02-11,^GSPC,3916.3798828125
2021-02-12,^GSPC,3934.830078125
2021-02-16,^GSPC,3932.590087890625
2021-02-17,^GSPC,3931.330078125
2021-02-18,^GSPC,3913.969970703125
2021-02-19,^GSPC,3906.7099609375
2021-02-22,^GSPC,3876.5
2021-02-23,^GSPC,3881.3701171875
2021-02-24,^GSPC,3925.429931640625
2021-02-25,^GSPC,3829.340087890625
2021-02-26,^GSPC,3811.14990234375
2021-03-01,^GSPC,3901.820068359375
2021-03-02,^GSPC,3870.2900390625
2021-03-03,^GSPC,3819.719970703125
2021-03-04,^GSPC,3768.469970703125
2021-03-05,^GSPC,3841.93994140625
2021-03-08,^GSPC,3821.35009765625
2021-03-09,^GSPC,3875.43994140625
2021-03-10,^GSPC,3898.81005859375
2021-03-11,^GSPC,3939.340087890625
2021-03-12,^GSPC,3943.340087890625
2021-03-15,^GSPC,3968.93994140625
2021-03-16,^GSPC,3962.7099609375
2021-03-17,^GSPC,3974.1201171875
2021-03-18,^GSPC,3915.4599609375
2021-03-19,^GSPC,3913.10009765625
2021-03-22,^GSPC,3940.590087890625
2021-03-23,^GSPC,3910.52001953125
2021-03-24,^GSPC,3889.139892578125
2021-03-25,^GSPC,3909.52001953125
2021-03-26,^GSPC,3974.5400390625
2021-03-29,^GSPC,3971.090087890625
2021-03-30,^GSPC,3958.550048828125
2021-03-31,^GSPC,3972.889892578125
2021-04-01,^GSPC,4019.8701171875
2021-04-05,^GSPC,4077.909912109375
2021-04-06,^GSPC,4073.93994140625
2021-04-07,^GSPC,4079.949951171875
2021-04-08,^GSPC,4097.169921875
2021-04-09,^GSPC,4128.7998046875
2021-04-12,^GSPC,4127.990234375
2021-04-13,^GSPC,4141.58984375
2021-04-14,^GSPC,4124.66015625
2021-04-15,^GSPC,4170.419921875
2021-04-16,^GSPC,4185.47021484375
2021-04-19,^GSPC,4163.259765625
2021-04-20,^GSPC,4134.93994140625
2021-04-21,^GSPC,4173.419921875
2021-04-22,^GSPC,4134.97998046875
2021-04-23,^GSPC,4180.169921875
2021-04-26,^GSPC,4187.6201171875
2021-04-27,^GSPC,4186.72021484375
2021-04-28,^GSPC,4183.18017578125
2021-04-29,^GSPC,4211.47021484375
2021-04-30,^GSPC,4181.169921875
2021-05-03,^GSPC,4192.66015625
2021-05-04,^GSPC,4164.66015625
2021-05-05,^GSPC,4167.58984375
2021-05-06,^GSPC,4201.6201171875
2021-05-07,^GSPC,4232.60009765625
2021-05-10,^GSPC,4188.43017578125
2021-05-11,^GSPC,4152.10009765625
2021-05-12,^GSPC,4063.0400390625
2021-05-13,^GSPC,4112.5
2021-05-14,^GSPC,4173.85009765625
2021-05-17,^GSPC,4163.2900390625
2021-05-18,^GSPC,4127.830078125
2021-05-19,^GSPC,4115.68017578125
2021-05-20,^GSPC,4159.1201171875
2021-05-21,^GSPC,4155.85986328125
2021-05-24,^GSPC,4197.0498046875
2021-05-25,^GSPC,4188.1298828125
2021-05-26,^GSPC,4195.990234375
2021-05-27,^GSPC,4200.8798828125
2021-05-28,^GSPC,4204.10986328125
2021-06-01,^GSPC,4202.0400390625
2021-06-02,^GSPC,4208.1201171875
2021-06-03,^GSPC,4192.85009765625
2021-06-04,^GSPC,4229.89013671875
2021-06-07,^GSPC,4226.52001953125
2021-06-08,^GSPC,4227.259765625
2021-06-09,^GSPC,4219.5498046875
2021-06-10,^GSPC,4239.18017578125
2021-06-11,^GSPC,4247.43994140625
2021-06-14,^GSPC,4255.14990234375
2021-06-15,^GSPC,4246.58984375
2021-06-16,^GSPC,4223.7001953125
2021-06-17,^GSPC,4221.85986328125
2021-06-18,^GSPC,4166.4501953125
2021-06-21,^GSPC,4224.7900390625
2021-06-22,^GSPC,4246.43994140625
2021-06-23,^GSPC,4241.83984375
2021-06-24,^GSPC,4266.490234375
2021-06-25,^GSPC,4280.7001953125
2021-06-28,^GSPC,4290.60986328125
2021-06-29,^GSPC,4291.7998046875
2021-06-30,^GSPC,4297.5
2021-07-01,^GSPC,4319.93994140625
2021-07-02,^GSPC,4352.33984375
2021-07-06,^GSPC,4343.5400390625
2021-07-07,^GSPC,4358.1298828125
2021-07-08,^GSPC,4320.81982421875
2021-07-09,^GSPC,4369.5498046875
2021-07-12,^GSPC,4384.6298828125
2021-07-13,^GSPC,4369.2099609375
2021-07-14,^GSPC,4374.2998046875
2021-07-15,^GSPC,4360.02978515625
2021-07-16,^GSPC,4327.16015625
2021-07-19,^GSPC,4258.490234375
2021-07-20,^GSPC,4323.06005859375
2021-07-21,^GSPC,4358.68994140625
2021-07-22,^GSPC,4367.47998046875
2021-07-23,^GSPC,4411.7900390625
2021-07-26,^GSPC,4422.2998046875
2021-07-27,^GSPC,4401.4599609375
2021-07-28,^GSPC,4400.64013671875
2021-07-29,^GSPC,4419.14990234375
2021-07-30,^GSPC,4395.259765625
2021-08-02,^GSPC,4387.16015625
2021-08-03,^GSPC,4423.14990234375
2021-08-04,^GSPC,4402.66015625
2021-08-05,^GSPC,4429.10009765625
2021-08-06,^GSPC,4436.52001953125
2021-08-09,^GSPC,4432.35009765625
2021-08-10,^GSPC,4436.75
2021-08-11,^GSPC,4442.41015625
2021-08-12,^GSPC,4460.830078125
2021-08-13,^GSPC,4468.0
2021-08-16,^GSPC,4479.7099609375
2021-08-17,^GSPC,4448.080078125
2021-08-18,^GSPC,4400.27001953125
2021-08-19,^GSPC,4405.7998046875
2021-08-20,^GSPC,4441.669921875
2021-08-23,^GSPC,4479.52978515625
2021-08-24,^GSPC,4486.22998046875
2021-08-25,^GSPC,4496.18994140625
2021-08-26,^GSPC,4470.0
2021-08-27,^GSPC,4509.3701171875
2021-08-30,^GSPC,4528.7900390625
2021-08-31,^GSPC,4522.68017578125
2021-09-01,^GSPC,4524.08984375
2021-09-02,^GSPC,4536.9501953125
2021-09-03,^GSPC,4535.43017578125
2021-09-07,^GSPC,4520.02978515625
2021-09-08,^GSPC,4514.06982421875
2021-09-09,^GSPC,4493.27978515625
2021-09-10,^GSPC,4458.580078125
2021-09-13,^GSPC,4468.72998046875
2021-09-14,^GSPC,4443.0498046875
2021-09-15,^GSPC,4480.7001953125
2021-09-16,^GSPC,4473.75
2021-09-17,^GSPC,4432.990234375
2021-09-20,^GSPC,4357.72998046875
2021-09-21,^GSPC,4354.18994140625
2021-09-22,^GSPC,4395.64013671875
2021-09-23,^GSPC,4448.97998046875
2021-09-24,^GSPC,4455.47998046875
2021-09-27,^GSPC,4443.10986328125
2021-09-28,^GSPC,4352.6298828125
2021-09-29,^GSPC,4359.4599609375
2021-09-30,^GSPC,4307.5400390625
2021-10-01,^GSPC,4357.0400390625
2021-10-04,^GSPC,4300.4599609375
2021-10-05,^GSPC,4345.72021484375
2021-10-06,^GSPC,4363.5498046875
2021-10-07,^GSPC,4399.759765625
2021-10-08,^GSPC,4391.33984375
2021-10-11,^GSPC,4361.18994140625
2021-10-12,^GSPC,4350.64990234375
2021-10-13,^GSPC,4363.7998046875
2021-10-14,^GSPC,4438.259765625
2021-10-15,^GSPC,4471.3701171875
2021-10-18,^GSPC,4486.4599609375
2021-10-19,^GSPC,4519.6298828125
2021-10-20,^GSPC,4536.18994140625
2021-10-21,^GSPC,4549.77978515625
2021-10-22,^GSPC,4544.89990234375
2021-10-25,^GSPC,4566.47998046875
2021-10-26,^GSPC,4574.7900390625
2021-10-27,^GSPC,4551.68017578125
2021-10-28,^GSPC,4596.419921875
2021-10-29,^GSPC,4605.3798828125
2021-11-01,^GSPC,4613.669921875
2021-11-02,^GSPC,4630.64990234375
2021-11-03,^GSPC,4660.56982421875
2021-11-04,^GSPC,4680.06005859375
2021-11-05,^GSPC,4697.52978515625
2021-11-08,^GSPC,4701.7001953125
2021-11-09,^GSPC,4685.25
2021-11-10,^GSPC,4646.7099609375
2021-11-11,^GSPC,4649.27001953125
2021-11-12,^GSPC,4682.85009765625
2021-11-15,^GSPC,4682.7998046875
2021-11-16,^GSPC,4700.89990234375
2021-11-17,^GSPC,4688.669921875
2021-11-18,^GSPC,4704.5400390625
2021-11-19,^GSPC,4697.9599609375
2021-11-22,^GSPC,4682.93994140625
2021-11-23,^GSPC,4690.7001953125
2021-11-24,^GSPC,4701.4599609375
2021-11-26,^GSPC,4594.6201171875
2021-11-29,^GSPC,4655.27001953125
2021-11-30,^GSPC,4567.0
2021-12-01,^GSPC,4513.0400390625
2021-12-02,^GSPC,4577.10009765625
2021-12-03,^GSPC,4538.43017578125
2021-12-06,^GSPC,4591.669921875
2021-12-07,^GSPC,4686.75
2021-12-08,^GSPC,4701.2099609375
2021-12-09,^GSPC,4667.4501953125
2021-12-10,^GSPC,4712.02001953125
2021-12-13,^GSPC,4668.97021484375
2021-12-14,^GSPC,4634.08984375
2021-12-15,^GSPC,4709.85009765625
2021-12-16,^GSPC,4668.669921875
2021-12-17,^GSPC,4620.64013671875
2021-12-20,^GSPC,4568.02001953125
2021-12-21,^GSPC,4649.22998046875
2021-12-22,^GSPC,4696.56005859375
2021-12-23,^GSPC,4725.7900390625
2021-12-27,^GSPC,4791.18994140625
2021-12-28,^GSPC,4786.35009765625
2021-12-29,^GSPC,4793.06005859375
2021-12-30,^GSPC,4778.72998046875
2021-12-31,^GSPC,4766.18017578125
2022-01-03,^GSPC,4796.56005859375
2022-01-04,^GSPC,4793.5400390625
2022-01-05,^GSPC,4700.580078125
2022-01-06,^GSPC,4696.0498046875
2022-01-07,^GSPC,4677.02978515625
2022-01-10,^GSPC,4670.2900390625
2022-01-11,^GSPC,4713.06982421875
2022-01-12,^GSPC,4726.35009765625
2022-01-13,^GSPC,4659.02978515625
2022-01-14,^GSPC,4662.85009765625
2022-01-18,^GSPC,4577.10986328125
2022-01-19,^GSPC,4532.759765625
2022-01-20,^GSPC,4482.72998046875
2022-01-21,^GSPC,4397.93994140625
2022-01-24,^GSPC,4410.1298828125
2022-01-25,^GSPC,4356.4501953125
2022-01-26,^GSPC,4349.93017578125
2022-01-27,^GSPC,4326.509765625
2022-01-28,^GSPC,4431.85009765625
2022-01-31,^GSPC,4515.5498046875
2022-02-01,^GSPC,4546.5400390625
2022-02-02,^GSPC,4589.3798828125
2022-02-03,^GSPC,4477.43994140625
2022-02-04,^GSPC,4500.52978515625
2022-02-07,^GSPC,4483.8701171875
2022-02-08,^GSPC,4521.5400390625
2022-02-09,^GSPC,4587.18017578125
2022-02-10,^GSPC,4504.080078125
2022-02-11,^GSPC,4418.64013671875
2022-02-14,^GSPC,4401.669921875
2022-02-15,^GSPC,4471.06982421875
2022-02-16,^GSPC,4475.009765625
2022-02-17,^GSPC,4380.259765625
2022-02-18,^GSPC,4348.8701171875
2022-02-22,^GSPC,4304.759765625
2022-02-23,^GSPC,4225.5
2022-02-24,^GSPC,4288.7001953125
2022-02-25,^GSPC,4384.64990234375
2022-02-28,^GSPC,4373.93994140625
2022-03-01,^GSPC,4306.259765625
2022-03-02,^GSPC,4386.5400390625
2022-03-03,^GSPC,4363.490234375
2022-03-04,^GSPC,4328.8701171875
2022-03-07,^GSPC,4201.08984375
2022-03-08,^GSPC,4170.7001953125
2022-03-09,^GSPC,4277.8798828125
2022-03-10,^GSPC,4259.52001953125
2022-03-11,^GSPC,4204.31005859375
2022-03-14,^GSPC,4173.10986328125
2022-03-15,^GSPC,4262.4501953125
2022-03-16,^GSPC,4357.85986328125
2022-03-17,^GSPC,4411.669921875
2022-03-18,^GSPC,4463.1201171875
2022-03-21,^GSPC,4461.18017578125
2022-03-22,^GSPC,4511.60986328125
2022-03-23,^GSPC,4456.240234375
2022-03-24,^GSPC,4520.16015625
2022-03-25,^GSPC,4543.06005859375
2022-03-28,^GSPC,4575.52001953125
2022-03-29,^GSPC,4631.60009765625
2022-03-30,^GSPC,4602.4501953125
2022-03-31,^GSPC,4530.41015625
2022-04-01,^GSPC,4545.85986328125
2022-04-04,^GSPC,4582.64013671875
2022-04-05,^GSPC,4525.1201171875
2022-04-06,^GSPC,4481.14990234375
2022-04-07,^GSPC,4500.2099609375
2022-04-08,^GSPC,4488.27978515625
2022-04-11,^GSPC,4412.52978515625
2022-04-12,^GSPC,4397.4501953125
2022-04-13,^GSPC,4446.58984375
2022-04-14,^GSPC,4392.58984375
2022-04-18,^GSPC,4391.68994140625
2022-04-19,^GSPC,4462.2099609375
2022-04-20,^GSPC,4459.4501953125
2022-04-21,^GSPC,4393.66015625
2022-04-22,^GSPC,4271.77978515625
2022-04-25,^GSPC,4296.1201171875
2022-04-26,^GSPC,4175.2001953125
2022-04-27,^GSPC,4183.9599609375
2022-04-28,^GSPC,4287.5
2022-04-29,^GSPC,4131.93017578125
2022-05-02,^GSPC,4155.3798828125
2022-05-03,^GSPC,4175.47998046875
2022-05-04,^GSPC,4300.169921875
2022-05-05,^GSPC,4146.8701171875
2022-05-06,^GSPC,4123.33984375
2022-05-09,^GSPC,3991.239990234375
2022-05-10,^GSPC,4001.050048828125
2022-05-11,^GSPC,3935.179931640625
2022-05-12,^GSPC,3930.080078125
2022-05-13,^GSPC,4023.889892578125
2022-05-16,^GSPC,4008.010009765625
2022-05-17,^GSPC,4088.85009765625
2022-05-18,^GSPC,3923.679931640625
2022-05-19,^GSPC,3900.7900390625
2022-05-20,^GSPC,3901.360107421875
2022-05-23,^GSPC,3973.75
2022-05-24,^GSPC,3941.47998046875
2022-05-25,^GSPC,3978.72998046875
2022-05-26,^GSPC,4057.840087890625
2022-05-27,^GSPC,4158.240234375
2022-05-31,^GSPC,4132.14990234375
2022-06-01,^GSPC,4101.22998046875
2022-06-02,^GSPC,4176.81982421875
2022-06-03,^GSPC,4108.5400390625
2022-06-06,^GSPC,4121.43017578125
2022-06-07,^GSPC,4160.68017578125
2022-06-08,^GSPC,4115.77001953125
2022-06-09,^GSPC,4017.820068359375
2022-06-10,^GSPC,3900.860107421875
2022-06-13,^GSPC,3749.6298828125
2022-06-14,^GSPC,3735.47998046875
2022-06-15,^GSPC,3789.989990234375
2022-06-16,^GSPC,3666.77001953125
2022-06-17,^GSPC,3674.840087890625
2022-06-21,^GSPC,3764.7900390625
2022-06-22,^GSPC,3759.889892578125
2022-06-23,^GSPC,3795.72998046875
2022-06-24,^GSPC,3911.739990234375
2022-06-27,^GSPC,3900.110107421875
2022-06-28,^GSPC,3821.550048828125
2022-06-29,^GSPC,3818.830078125
2022-06-30,^GSPC,3785.3798828125
2022-07-01,^GSPC,3825.330078125
2022-07-05,^GSPC,3831.389892578125
2022-07-06,^GSPC,3845.080078125
2022-07-07,^GSPC,3902.6201171875
2022-07-08,^GSPC,3899.3798828125
2022-07-11,^GSPC,3854.429931640625
2022-07-12,^GSPC,3818.800048828125
2022-07-13,^GSPC,3801.780029296875
2022-07-14,^GSPC,3790.3798828125
2022-07-15,^GSPC,3863.159912109375
2022-07-18,^GSPC,3830.85009765625
2022-07-19,^GSPC,3936.68994140625
2022-07-20,^GSPC,3959.89990234375
2022-07-21,^GSPC,3998.949951171875
2022-07-22,^GSPC,3961.6298828125
2022-07-25,^GSPC,3966.840087890625
2022-07-26,^GSPC,3921.050048828125
2022-07-27,^GSPC,4023.610107421875
2022-07-28,^GSPC,4072.429931640625
2022-07-29,^GSPC,4130.2900390625
2022-08-01,^GSPC,4118.6298828125
2022-08-02,^GSPC,4091.18994140625
2022-08-03,^GSPC,4155.169921875
2022-08-04,^GSPC,4151.93994140625
2022-08-05,^GSPC,4145.18994140625
2022-08-08,^GSPC,4140.06005859375
2022-08-09,^GSPC,4122.47021484375
2022-08-10,^GSPC,4210.240234375
2022-08-11,^GSPC,4207.27001953125
2022-08-12,^GSPC,4280.14990234375
2022-08-15,^GSPC,4297.14013671875
2022-08-16,^GSPC,4305.2001953125
2022-08-17,^GSPC,4274.0400390625
2022-08-18,^GSPC,4283.740234375
2022-08-19,^GSPC,4228.47998046875
2022-08-22,^GSPC,4137.990234375
2022-08-23,^GSPC,4128.72998046875
2022-08-24,^GSPC,4140.77001953125
2022-08-25,^GSPC,4199.1201171875
2022-08-26,^GSPC,4057.659912109375
2022-08-29,^GSPC,4030.610107421875
2022-08-30,^GSPC,3986.159912109375
2022-08-31,^GSPC,3955.0
2022-09-01,^GSPC,3966.85009765625
2022-09-02,^GSPC,3924.260009765625
2022-09-06,^GSPC,3908.18994140625
2022-09-07,^GSPC,3979.8701171875
2022-09-08,^GSPC,4006.179931640625
2022-09-09,^GSPC,4067.360107421875
2022-09-12,^GSPC,4110.41015625
2022-09-13,^GSPC,3932.68994140625
2022-09-14,^GSPC,3946.010009765625
2022-09-15,^GSPC,3901.35009765625
2022-09-16,^GSPC,3873.330078125
2022-09-19,^GSPC,3899.889892578125
2022-09-20,^GSPC,3855.929931640625
2022-09-21,^GSPC,3789.929931640625
2022-09-22,^GSPC,3757.989990234375
2022-09-23,^GSPC,3693.22998046875
2022-09-26,^GSPC,3655.0400390625
2022-09-27,^GSPC,3647.2900390625
2022-09-28,^GSPC,3719.0400390625
2022-09-29,^GSPC,3640.469970703125
2022-09-30,^GSPC,3585.6201171875
2022-10-03,^GSPC,3678.429931640625
2022-10-04,^GSPC,3790.929931640625
2022-10-05,^GSPC,3783.280029296875
2022-10-06,^GSPC,3744.52001953125
2022-10-07,^GSPC,3639.659912109375
2022-10-10,^GSPC,3612.389892578125
2022-10-11,^GSPC,3588.840087890625
2022-10-12,^GSPC,3577.030029296875
2022-10-13,^GSPC,3669.909912109375
2022-10-14,^GSPC,3583.070068359375
2022-10-17,^GSPC,3677.949951171875
2022-10-18,^GSPC,3719.97998046875
2022-10-19,^GSPC,3695.159912109375
2022-10-20,^GSPC,3665.780029296875
2022-10-21,^GSPC,3752.75
2022-10-24,^GSPC,3797.340087890625
2022-10-25,^GSPC,3859.110107421875
2022-10-26,^GSPC,3830.60009765625
2022-10-27,^GSPC,3807.300048828125
2022-10-28,^GSPC,3901.06005859375
2022-10-31,^GSPC,3871.97998046875
2022-11-01,^GSPC,3856.10009765625
2022-11-02,^GSPC,3759.68994140625
2022-11-03,^GSPC,3719.889892578125
2022-11-04,^GSPC,3770.550048828125
2022-11-07,^GSPC,3806.800048828125
2022-11-08,^GSPC,3828.110107421875
2022-11-09,^GSPC,3748.570068359375
2022-11-10,^GSPC,3956.3701171875
2022-11-11,^GSPC,3992.929931640625
2022-11-14,^GSPC,3957.25
2022-11-15,^GSPC,3991.72998046875
2022-11-16,^GSPC,3958.7900390625
2022-11-17,^GSPC,3946.56005859375
2022-11-18,^GSPC,3965.340087890625
2022-11-21,^GSPC,3949.93994140625
2022-11-22,^GSPC,4003.580078125
2022-11-23,^GSPC,4027.260009765625
2022-11-25,^GSPC,4026.1201171875
2022-11-28,^GSPC,3963.93994140625
2022-11-29,^GSPC,3957.6298828125
2022-11-30,^GSPC,4080.110107421875
2022-12-01,^GSPC,4076.570068359375
2022-12-02,^GSPC,4071.699951171875
2022-12-05,^GSPC,3998.840087890625
2022-12-06,^GSPC,3941.260009765625
2022-12-07,^GSPC,3933.919921875
2022-12-08,^GSPC,3963.510009765625
2022-12-09,^GSPC,3934.3798828125
2022-12-12,^GSPC,3990.56005859375
2022-12-13,^GSPC,4019.64990234375
2022-12-14,^GSPC,3995.320068359375
2022-12-15,^GSPC,3895.75
2022-12-16,^GSPC,3852.360107421875
2022-12-19,^GSPC,3817.659912109375
2022-12-20,^GSPC,3821.6201171875
2022-12-21,^GSPC,3878.43994140625
2022-12-22,^GSPC,3822.389892578125
2022-12-23,^GSPC,3844.820068359375
2022-12-27,^GSPC,3829.25
2022-12-28,^GSPC,3783.219970703125
2022-12-29,^GSPC,3849.280029296875
2022-12-30,^GSPC,3839.5
2023-01-03,^GSPC,3824.139892578125
2023-01-04,^GSPC,3852.969970703125
2023-01-05,^GSPC,3808.10009765625
2023-01-06,^GSPC,3895.080078125
2023-01-09,^GSPC,3892.090087890625
2023-01-10,^GSPC,3919.25
2023-01-11,^GSPC,3969.610107421875
2023-01-12,^GSPC,3983.169921875
2023-01-13,^GSPC,3999.090087890625
2023-01-17,^GSPC,3990.969970703125
2023-01-18,^GSPC,3928.860107421875
2023-01-19,^GSPC,3898.85009765625
2023-01-20,^GSPC,3972.610107421875
2023-01-23,^GSPC,4019.81005859375
2023-01-24,^GSPC,4016.949951171875
2023-01-25,^GSPC,4016.219970703125
2023-01-26,^GSPC,4060.429931640625
2023-01-27,^GSPC,4070.56005859375
2023-01-30,^GSPC,4017.77001953125
2023-01-31,^GSPC,4076.60009765625
2023-02-01,^GSPC,4119.2099609375
2023-02-02,^GSPC,4179.759765625
2023-02-03,^GSPC,4136.47998046875
2023-02-06,^GSPC,4111.080078125
2023-02-07,^GSPC,4164.0
2023-02-08,^GSPC,4117.85986328125
2023-02-09,^GSPC,4081.5
2023-02-10,^GSPC,4090.4599609375
2023-02-13,^GSPC,4137.2900390625
2023-02-14,^GSPC,4136.1298828125
2023-02-15,^GSPC,4147.60009765625
2023-02-16,^GSPC,4090.409912109375
2023-02-17,^GSPC,4079.090087890625
2023-02-21,^GSPC,3997.340087890625
2023-02-22,^GSPC,3991.050048828125
2023-02-23,^GSPC,4012.320068359375
2023-02-24,^GSPC,3970.0400390625
2023-02-27,^GSPC,3982.239990234375
2023-02-28,^GSPC,3970.14990234375
2023-03-01,^GSPC,3951.389892578125
2023-03-02,^GSPC,3981.35009765625
2023-03-03,^GSPC,4045.639892578125
2023-03-06,^GSPC,4048.419921875
2023-03-07,^GSPC,3986.3701171875
2023-03-08,^GSPC,3992.010009765625
2023-03-09,^GSPC,3918.320068359375
2023-03-10,^GSPC,3861.590087890625
2023-03-13,^GSPC,3855.760009765625
2023-03-14,^GSPC,3919.2900390625
2023-03-15,^GSPC,3891.929931640625
2023-03-16,^GSPC,3960.280029296875
2023-03-17,^GSPC,3916.639892578125
2023-03-20,^GSPC,3951.570068359375
2023-03-21,^GSPC,4002.8701171875
2023-03-22,^GSPC,3936.969970703125
2023-03-23,^GSPC,3948.719970703125
2023-03-24,^GSPC,3970.989990234375
2023-03-27,^GSPC,3977.530029296875
2023-03-28,^GSPC,3971.27001953125
2023-03-29,^GSPC,4027.81005859375
2023-03-30,^GSPC,4050.830078125
2023-03-31,^GSPC,4109.31005859375
2023-04-03,^GSPC,4124.509765625
2023-04-04,^GSPC,4100.60009765625
2023-04-05,^GSPC,4090.3798828125
2023-04-06,^GSPC,4105.02001953125
2023-04-10,^GSPC,4109.10986328125
2023-04-11,^GSPC,4108.93994140625
2023-04-12,^GSPC,4091.949951171875
2023-04-13,^GSPC,4146.22021484375
2023-04-14,^GSPC,4137.64013671875
2023-04-17,^GSPC,4151.31982421875
2023-04-18,^GSPC,4154.8701171875
2023-04-19,^GSPC,4154.52001953125
2023-04-20,^GSPC,4129.7900390625
2023-04-21,^GSPC,4133.52001953125
2023-04-24,^GSPC,4137.0400390625
2023-04-25,^GSPC,4071.6298828125
2023-04-26,^GSPC,4055.989990234375
2023-04-27,^GSPC,4135.35009765625
2023-04-28,^GSPC,4169.47998046875
2023-05-01,^GSPC,4167.8701171875
2023-05-02,^GSPC,4119.580078125
2023-05-03,^GSPC,4090.75
2023-05-04,^GSPC,4061.219970703125
2023-05-05,^GSPC,4136.25
2023-05-08,^GSPC,4138.1201171875
2023-05-09,^GSPC,4119.169921875
2023-05-10,^GSPC,4137.64013671875
2023-05-11,^GSPC,4130.6201171875
2023-05-12,^GSPC,4124.080078125
2023-05-15,^GSPC,4136.27978515625
2023-05-16,^GSPC,4109.89990234375
2023-05-17,^GSPC,4158.77001953125
2023-05-18,^GSPC,4198.0498046875
2023-05-19,^GSPC,4191.97998046875
2023-05-22,^GSPC,4192.6298828125
2023-05-23,^GSPC,4145.580078125
2023-05-24,^GSPC,4115.240234375
2023-05-25,^GSPC,4151.27978515625
2023-05-26,^GSPC,4205.4501953125
2023-05-30,^GSPC,4205.52001953125
2023-05-31,^GSPC,4179.830078125
2023-06-01,^GSPC,4221.02001953125
2023-06-02,^GSPC,4282.3701171875
2023-06-05,^GSPC,4273.7900390625
2023-06-06,^GSPC,4283.85009765625
2023-06-07,^GSPC,4267.52001953125
2023-06-08,^GSPC,4293.93017578125
2023-06-09,^GSPC,4298.85986328125
2023-06-12,^GSPC,4338.93017578125
2023-06-13,^GSPC,4369.009765625
2023-06-14,^GSPC,4372.58984375
2023-06-15,^GSPC,4425.83984375
2023-06-16,^GSPC,4409.58984375
2023-06-20,^GSPC,4388.7099609375
2023-06-21,^GSPC,4365.68994140625
2023-06-22,^GSPC,4381.89013671875
2023-06-23,^GSPC,4348.330078125
2023-06-26,^GSPC,4328.81982421875
2023-06-27,^GSPC,4378.41015625
2023-06-28,^GSPC,4376.85986328125
2023-06-29,^GSPC,4396.43994140625
2023-06-30,^GSPC,4450.3798828125
2023-07-03,^GSPC,4455.58984375
2023-07-05,^GSPC,4446.81982421875
2023-07-06,^GSPC,4411.58984375
2023-07-07,^GSPC,4398.9501953125
2023-07-10,^GSPC,4409.52978515625
2023-07-11,^GSPC,4439.259765625
2023-07-12,^GSPC,4472.16015625
2023-07-13,^GSPC,4510.0400390625
2023-07-14,^GSPC,4505.419921875
2023-07-17,^GSPC,4522.7900390625
2023-07-18,^GSPC,4554.97998046875
2023-07-19,^GSPC,4565.72021484375
2023-07-20,^GSPC,4534.8701171875
2023-07-21,^GSPC,4536.33984375
2023-07-24,^GSPC,4554.64013671875
2023-07-25,^GSPC,4567.4599609375
2023-07-26,^GSPC,4566.75
2023-07-27,^GSPC,4537.41015625
2023-07-28,^GSPC,4582.22998046875
2023-07-31,^GSPC,4588.9599609375
2023-08-01,^GSPC,4576.72998046875
2023-08-02,^GSPC,4513.39013671875
2023-08-03,^GSPC,4501.89013671875
2023-08-04,^GSPC,4478.02978515625
2023-08-07,^GSPC,4518.43994140625
2023-08-08,^GSPC,4499.3798828125
2023-08-09,^GSPC,4467.7099609375
2023-08-10,^GSPC,4468.830078125
2023-08-11,^GSPC,4464.0498046875
2023-08-14,^GSPC,4489.72021484375
2023-08-15,^GSPC,4437.85986328125
2023-08-16,^GSPC,4404.330078125
2023-08-17,^GSPC,4370.35986328125
2023-08-18,^GSPC,4369.7099609375
2023-08-21,^GSPC,4399.77001953125
2023-08-22,^GSPC,4387.5498046875
2023-08-23,^GSPC,4436.009765625
2023-08-24,^GSPC,4376.31005859375
2023-08-25,^GSPC,4405.7099609375
2023-08-28,^GSPC,4433.31005859375
2023-08-29,^GSPC,4497.6298828125
2023-08-30,^GSPC,4514.8701171875
2023-08-31,^GSPC,4507.66015625
2023-09-01,^GSPC,4515.77001953125
2023-09-05,^GSPC,4496.830078125
2023-09-06,^GSPC,4465.47998046875
2023-09-07,^GSPC,4451.14013671875
2023-09-08,^GSPC,4457.490234375
2023-09-11,^GSPC,4487.4599609375
2023-09-12,^GSPC,4461.89990234375
2023-09-13,^GSPC,4467.43994140625
2023-09-14,^GSPC,4505.10009765625
2023-09-15,^GSPC,4450.31982421875
2023-09-18,^GSPC,4453.52978515625
2023-09-19,^GSPC,4443.9501953125
2023-09-20,^GSPC,4402.2001953125
2023-09-21,^GSPC,4330.0
2023-09-22,^GSPC,4320.06005859375
2023-09-25,^GSPC,4337.43994140625
2023-09-26,^GSPC,4273.52978515625
2023-09-27,^GSPC,4274.509765625
2023-09-28,^GSPC,4299.7001953125
2023-09-29,^GSPC,4288.0498046875
2023-10-02,^GSPC,4288.39013671875
2023-10-03,^GSPC,4229.4501953125
2023-10-04,^GSPC,4263.75
2023-10-05,^GSPC,4258.18994140625
2023-10-06,^GSPC,4308.5
2023-10-09,^GSPC,4335.66015625
2023-10-10,^GSPC,4358.240234375
2023-10-11,^GSPC,4376.9501953125
2023-10-12,^GSPC,4349.60986328125
2023-10-13,^GSPC,4327.77978515625
2023-10-16,^GSPC,4373.6298828125
2023-10-17,^GSPC,4373.2001953125
2023-10-18,^GSPC,4314.60009765625
2023-10-19,^GSPC,4278.0
2023-10-20,^GSPC,4224.16015625
2023-10-23,^GSPC,4217.0400390625
2023-10-24,^GSPC,4247.68017578125
2023-10-25,^GSPC,4186.77001953125
2023-10-26,^GSPC,4137.22998046875
2023-10-27,^GSPC,4117.3701171875
2023-10-30,^GSPC,4166.81982421875
2023-10-31,^GSPC,4193.7998046875
2023-11-01,^GSPC,4237.85986328125
2023-11-02,^GSPC,4317.77978515625
2023-11-03,^GSPC,4358.33984375
2023-11-06,^GSPC,4365.97998046875
2023-11-07,^GSPC,4378.3798828125
2023-11-08,^GSPC,4382.77978515625
2023-11-09,^GSPC,4347.35009765625
2023-11-10,^GSPC,4415.240234375
2023-11-13,^GSPC,4411.5498046875
2023-11-14,^GSPC,4495.7001953125
2023-11-15,^GSPC,4502.8798828125
2023-11-16,^GSPC,4508.240234375
2023-11-17,^GSPC,4514.02001953125
2023-11-20,^GSPC,4547.3798828125
2023-11-21,^GSPC,4538.18994140625
2023-11-22,^GSPC,4556.6201171875
2023-11-24,^GSPC,4559.33984375
2023-11-27,^GSPC,4550.43017578125
2023-11-28,^GSPC,4554.89013671875
2023-11-29,^GSPC,4550.580078125
2023-11-30,^GSPC,4567.7998046875
2023-12-01,^GSPC,4594.6298828125
2023-12-04,^GSPC,4569.77978515625
2023-12-05,^GSPC,4567.18017578125
2023-12-06,^GSPC,4549.33984375
2023-12-07,^GSPC,4585.58984375
2023-12-08,^GSPC,4604.3701171875
2023-12-11,^GSPC,4622.43994140625
2023-12-12,^GSPC,4643.7001953125
2023-12-13,^GSPC,4707.08984375
2023-12-14,^GSPC,4719.5498046875
2023-12-15,^GSPC,4719.18994140625
2023-12-18,^GSPC,4740.56005859375
2023-12-19,^GSPC,4768.3701171875
2023-12-20,^GSPC,4698.35009765625
2023-12-21,^GSPC,4746.75
2023-12-22,^GSPC,4754.6298828125
2023-12-26,^GSPC,4774.75
2023-12-27,^GSPC,4781.580078125
2023-12-28,^GSPC,4783.35009765625
2023-12-29,^GSPC,4769.830078125
2024-01-02,^GSPC,4742.830078125
2024-01-03,^GSPC,4704.81005859375
2024-01-04,^GSPC,4688.68017578125
2024-01-05,^GSPC,4697.240234375
2024-01-08,^GSPC,4763.5400390625
2024-01-09,^GSPC,4756.5
2024-01-10,^GSPC,4783.4501953125
2024-01-11,^GSPC,4780.240234375
2024-01-12,^GSPC,4783.830078125
2024-01-16,^GSPC,4765.97998046875
2024-01-17,^GSPC,4739.2099609375
2024-01-18,^GSPC,4780.93994140625
2024-01-19,^GSPC,4839.81005859375
2024-01-22,^GSPC,4850.43017578125
2024-01-23,^GSPC,4864.60009765625
2024-01-24,^GSPC,4868.5498046875
2024-01-25,^GSPC,4894.16015625
2024-01-26,^GSPC,4890.97021484375
2024-01-29,^GSPC,4927.93017578125
2024-01-30,^GSPC,4924.97021484375
2024-01-31,^GSPC,4845.64990234375
2024-02-01,^GSPC,4906.18994140625
2024-02-02,^GSPC,4958.60986328125
2024-02-05,^GSPC,4942.81005859375
2024-02-06,^GSPC,4954.22998046875
2024-02-07,^GSPC,4995.06005859375
2024-02-08,^GSPC,4997.91015625
2024-02-09,^GSPC,5026.60986328125
2024-02-12,^GSPC,5021.83984375
2024-02-13,^GSPC,4953.169921875
2024-02-14,^GSPC,5000.6201171875
2024-02-15,^GSPC,5029.72998046875
2024-02-16,^GSPC,5005.56982421875
2024-02-20,^GSPC,4975.509765625
2024-02-21,^GSPC,4981.7998046875
2024-02-22,^GSPC,5087.02978515625
2024-02-23,^GSPC,5088.7998046875
2024-02-26,^GSPC,5069.52978515625
2024-02-27,^GSPC,5078.18017578125
2024-02-28,^GSPC,5069.759765625
2024-02-29,^GSPC,5096.27001953125
2024-03-01,^GSPC,5137.080078125
2024-03-04,^GSPC,5130.9501953125
2024-03-05,^GSPC,5078.64990234375
2024-03-06,^GSPC,5104.759765625
2024-03-07,^GSPC,5157.35986328125
2024-03-08,^GSPC,5123.68994140625
2024-03-11,^GSPC,5117.93994140625
2024-03-12,^GSPC,5175.27001953125
2024-03-13,^GSPC,5165.31005859375
2024-03-14,^GSPC,5150.47998046875
2024-03-15,^GSPC,5117.08984375
2024-03-18,^GSPC,5149.419921875
2024-03-19,^GSPC,5178.509765625
2024-03-20,^GSPC,5224.6201171875
2024-03-21,^GSPC,5241.52978515625
2024-03-22,^GSPC,5234.18017578125
2024-03-25,^GSPC,5218.18994140625
2024-03-26,^GSPC,5203.580078125
2024-03-27,^GSPC,5248.490234375
2024-03-28,^GSPC,5254.35009765625
2024-04-01,^GSPC,5243.77001953125
2024-04-02,^GSPC,5205.81005859375
2024-04-03,^GSPC,5211.490234375
2024-04-04,^GSPC,5147.2099609375
2024-04-05,^GSPC,5204.33984375
2024-04-08,^GSPC,5202.39013671875
2024-04-09,^GSPC,5209.91015625
2024-04-10,^GSPC,5160.64013671875
2024-04-11,^GSPC,5199.06005859375
2024-04-12,^GSPC,5123.41015625
2024-04-15,^GSPC,5061.81982421875
2024-04-16,^GSPC,5051.41015625
2024-04-17,^GSPC,5022.2099609375
2024-04-18,^GSPC,5011.1201171875
2024-04-19,^GSPC,4967.22998046875
2024-04-22,^GSPC,5010.60009765625
2024-04-23,^GSPC,5070.5498046875
2024-04-24,^GSPC,5071.6298828125
2024-04-25,^GSPC,5048.419921875
2024-04-26,^GSPC,5099.9599609375
2024-04-29,^GSPC,5116.169921875
2024-04-30,^GSPC,5035.68994140625
2024-05-01,^GSPC,5018.39013671875
2024-05-02,^GSPC,5064.2001953125
2024-05-03,^GSPC,5127.7900390625
2024-05-06,^GSPC,5180.740234375
2024-05-07,^GSPC,5187.7001953125
2024-05-08,^GSPC,5187.669921875
2024-05-09,^GSPC,5214.080078125
2024-05-10,^GSPC,5222.68017578125
2024-05-13,^GSPC,5221.419921875
2024-05-14,^GSPC,5246.68017578125
2024-05-15,^GSPC,5308.14990234375
2024-05-16,^GSPC,5297.10009765625
2024-05-17,^GSPC,5303.27001953125
2024-05-20,^GSPC,5308.1298828125
2024-05-21,^GSPC,5321.41015625
2024-05-22,^GSPC,5307.009765625
2024-05-23,^GSPC,5267.83984375
2024-05-24,^GSPC,5304.72021484375
2024-05-28,^GSPC,5306.0400390625
2024-05-29,^GSPC,5266.9501953125
2024-05-30,^GSPC,5235.47998046875
2024-05-31,^GSPC,5277.509765625
2024-06-03,^GSPC,5283.39990234375
2024-06-04,^GSPC,5291.33984375
2024-06-05,^GSPC,5354.02978515625
2024-06-06,^GSPC,5352.9599609375
2024-06-07,^GSPC,5346.990234375
2024-06-10,^GSPC,5360.7900390625
2024-06-11,^GSPC,5375.31982421875
2024-06-12,^GSPC,5421.02978515625
2024-06-13,^GSPC,5433.740234375
2024-06-14,^GSPC,5431.60009765625
2024-06-17,^GSPC,5473.22998046875
2024-06-18,^GSPC,5487.02978515625
2024-06-20,^GSPC,5473.169921875
2024-06-21,^GSPC,5464.6201171875
2024-06-24,^GSPC,5447.8701171875
2024-06-25,^GSPC,5469.2998046875
2024-06-26,^GSPC,5477.89990234375
2024-06-27,^GSPC,5482.8701171875
2024-06-28,^GSPC,5460.47998046875
2024-07-01,^GSPC,5475.08984375
2024-07-02,^GSPC,5509.009765625
2024-07-03,^GSPC,5537.02001953125
2024-07-05,^GSPC,5567.18994140625
2024-07-08,^GSPC,5572.85009765625
2024-07-09,^GSPC,5576.97998046875
2024-07-10,^GSPC,5633.91015625
2024-07-11,^GSPC,5584.5400390625
2024-07-12,^GSPC,5615.35009765625
2024-07-15,^GSPC,5631.22021484375
2024-07-16,^GSPC,5667.2001953125
2024-07-17,^GSPC,5588.27001953125
2024-07-18,^GSPC,5544.58984375
2024-07-19,^GSPC,5505.0
2024-07-22,^GSPC,5564.41015625
2024-07-23,^GSPC,5555.740234375
2024-07-24,^GSPC,5427.1298828125
2024-07-25,^GSPC,5399.22021484375
2024-07-26,^GSPC,5459.10009765625
2024-07-29,^GSPC,5463.5400390625
2024-07-30,^GSPC,5436.43994140625
2024-07-31,^GSPC,5522.2998046875
2024-08-01,^GSPC,5446.68017578125
2024-08-02,^GSPC,5346.56005859375
2024-08-05,^GSPC,5186.330078125
2024-08-06,^GSPC,5240.02978515625
2024-08-07,^GSPC,5199.5
2024-08-08,^GSPC,5319.31005859375
2024-08-09,^GSPC,5344.16015625
2024-08-12,^GSPC,5344.39013671875
2024-08-13,^GSPC,5434.43017578125
2024-08-14,^GSPC,5455.2099609375
2024-08-15,^GSPC,5543.22021484375
2024-08-16,^GSPC,5554.25
2024-08-19,^GSPC,5608.25
2024-08-20,^GSPC,5597.1201171875
2024-08-21,^GSPC,5620.85009765625
2024-08-22,^GSPC,5570.64013671875
2024-08-23,^GSPC,5634.60986328125
2024-08-26,^GSPC,5616.83984375
2024-08-27,^GSPC,5625.7998046875
2024-08-28,^GSPC,5592.18017578125
2024-08-29,^GSPC,5591.9599609375
2024-08-30,^GSPC,5648.39990234375
2024-09-03,^GSPC,5528.93017578125
2024-09-04,^GSPC,5520.06982421875
2024-09-05,^GSPC,5503.41015625
2024-09-06,^GSPC,5408.419921875
2024-09-09,^GSPC,5471.0498046875
2024-09-10,^GSPC,5495.52001953125
2024-09-11,^GSPC,5554.1298828125
2024-09-12,^GSPC,5595.759765625
2024-09-13,^GSPC,5626.02001953125
2024-09-16,^GSPC,5633.08984375
2024-09-17,^GSPC,5634.580078125
2024-09-18,^GSPC,5618.259765625
2024-09-19,^GSPC,5713.64013671875
2024-09-20,^GSPC,5702.5498046875
2024-09-23,^GSPC,5718.56982421875
2024-09-24,^GSPC,5732.93017578125
2024-09-25,^GSPC,5722.259765625
2024-09-26,^GSPC,5745.3701171875
2024-09-27,^GSPC,5738.169921875
2024-09-30,^GSPC,5762.47998046875
2024-10-01,^GSPC,5708.75
2024-10-02,^GSPC,5709.5400390625
2024-10-03,^GSPC,5699.93994140625
2024-10-04,^GSPC,5751.06982421875
2024-10-07,^GSPC,5695.93994140625
2024-10-08,^GSPC,5751.1298828125
2024-10-09,^GSPC,5792.0400390625
2024-10-10,^GSPC,5780.0498046875
2024-10-11,^GSPC,5815.02978515625
2024-10-14,^GSPC,5859.85009765625
2024-10-15,^GSPC,5815.259765625
2024-10-16,^GSPC,5842.47021484375
2024-10-17,^GSPC,5841.47021484375
2024-10-18,^GSPC,5864.669921875
2024-10-21,^GSPC,5853.97998046875
2024-10-22,^GSPC,5851.2001953125
2024-10-23,^GSPC,5797.419921875
2024-10-24,^GSPC,5809.85986328125
2024-10-25,^GSPC,5808.1201171875
2024-10-28,^GSPC,5823.52001953125
2024-10-29,^GSPC,5832.919921875
2024-10-30,^GSPC,5813.669921875
2024-10-31,^GSPC,5705.4501953125
2024-11-01,^GSPC,5728.7998046875
2024-11-04,^GSPC,5712.68994140625
2024-11-05,^GSPC,5782.759765625
2024-11-06,^GSPC,5929.0400390625
2024-11-07,^GSPC,5973.10009765625
2024-11-08,^GSPC,5995.5400390625
2024-11-11,^GSPC,6001.35009765625
2024-11-12,^GSPC,5983.990234375
2024-11-13,^GSPC,5985.3798828125
2024-11-14,^GSPC,5949.169921875
2024-11-15,^GSPC,5870.6201171875
2024-11-18,^GSPC,5893.6201171875
2024-11-19,^GSPC,5916.97998046875
2024-11-20,^GSPC,5917.10986328125
2024-11-21,^GSPC,5948.7099609375
2024-11-22,^GSPC,5969.33984375
2024-11-25,^GSPC,5987.3701171875
2024-11-26,^GSPC,6021.6298828125
2024-11-27,^GSPC,5998.740234375
2024-11-29,^GSPC,6032.3798828125
2024-12-02,^GSPC,6047.14990234375
2024-12-03,^GSPC,6049.8798828125
2024-12-04,^GSPC,6086.490234375
2024-12-05,^GSPC,6075.10986328125
2024-12-06,^GSPC,6090.27001953125
2024-12-09,^GSPC,6052.85009765625
2024-12-10,^GSPC,6034.91015625
2024-12-11,^GSPC,6084.18994140625
2024-12-12,^GSPC,6051.25
2024-12-13,^GSPC,6051.08984375
2024-12-16,^GSPC,6074.080078125
2024-12-17,^GSPC,6050.60986328125
2024-12-18,^GSPC,5872.16015625
2024-12-19,^GSPC,5867.080078125
2024-12-20,^GSPC,5930.85009765625
2024-12-23,^GSPC,5974.06982421875
2024-12-24,^GSPC,6040.0400390625
2024-12-26,^GSPC,6037.58984375
2024-12-27,^GSPC,5970.83984375
2024-12-30,^GSPC,5906.93994140625
2024-12-31,^GSPC,5881.6298828125
2025-01-02,^GSPC,5868.5498046875
2025-01-03,^GSPC,5942.47021484375
2025-01-06,^GSPC,5975.3798828125
2025-01-07,^GSPC,5909.02978515625
2025-01-08,^GSPC,5918.25
2025-01-10,^GSPC,5827.0400390625
2025-01-13,^GSPC,5836.22021484375
2025-01-14,^GSPC,5842.91015625
2025-01-15,^GSPC,5949.91015625
2025-01-16,^GSPC,5937.33984375
2025-01-17,^GSPC,5996.66015625
2025-01-21,^GSPC,6049.240234375
2025-01-22,^GSPC,6086.3701171875
2025-01-23,^GSPC,6118.7099609375
2025-01-24,^GSPC,6101.240234375
2025-01-27,^GSPC,6012.27978515625
2025-01-28,^GSPC,6067.7001953125
2025-01-29,^GSPC,6039.31005859375
2025-01-30,^GSPC,6071.169921875
2025-01-31,^GSPC,6040.52978515625
2025-02-03,^GSPC,5994.56982421875
2025-02-04,^GSPC,6037.8798828125
2025-02-05,^GSPC,6061.47998046875
2025-02-06,^GSPC,6083.56982421875
2025-02-07,^GSPC,6025.990234375
2025-02-10,^GSPC,6066.43994140625
2025-02-11,^GSPC,6068.5
2025-02-12,^GSPC,6051.97021484375
2025-02-13,^GSPC,6115.06982421875
2025-02-14,^GSPC,6114.6298828125
2025-02-18,^GSPC,6129.580078125
2025-02-19,^GSPC,6144.14990234375
2025-02-20,^GSPC,6117.52001953125
2025-02-21,^GSPC,6013.1298828125
2025-02-24,^GSPC,5983.25
2025-02-25,^GSPC,5955.25
2025-02-26,^GSPC,5956.06005859375
2025-02-27,^GSPC,5861.56982421875
2025-02-28,^GSPC,5954.5
2025-03-03,^GSPC,5849.72021484375
2025-03-04,^GSPC,5778.14990234375
2025-03-05,^GSPC,5842.6298828125
2025-03-06,^GSPC,5738.52001953125
2025-03-07,^GSPC,5770.2001953125
2025-03-10,^GSPC,5614.56005859375
2025-03-11,^GSPC,5572.06982421875
2025-03-12,^GSPC,5599.2998046875
2025-03-13,^GSPC,5521.52001953125
2025-03-14,^GSPC,5638.93994140625
2025-03-17,^GSPC,5675.1201171875
2025-03-18,^GSPC,5614.66015625
2025-03-19,^GSPC,5675.2900390625
2025-03-20,^GSPC,5662.89013671875
2025-03-21,^GSPC,5667.56005859375
2025-03-24,^GSPC,5767.56982421875
2025-03-25,^GSPC,5776.64990234375
2025-03-26,^GSPC,5712.2001953125
2025-03-27,^GSPC,5693.31005859375
2025-03-28,^GSPC,5580.93994140625
2025-03-31,^GSPC,5611.85009765625
2025-04-01,^GSPC,5633.06982421875
2025-04-02,^GSPC,5670.97021484375
2025-04-03,^GSPC,5396.52001953125
2025-04-04,^GSPC,5074.080078125
2025-04-07,^GSPC,5062.25
2025-04-08,^GSPC,4982.77001953125
2025-04-09,^GSPC,5456.89990234375
2025-04-10,^GSPC,5268.0498046875
2025-04-11,^GSPC,5363.35986328125
2025-04-14,^GSPC,5405.97021484375
2025-04-15,^GSPC,5396.6298828125
2025-04-16,^GSPC,5275.7001953125
2025-04-17,^GSPC,5282.7001953125
2025-04-21,^GSPC,5158.2001953125
2025-04-22,^GSPC,5287.759765625
2025-04-23,^GSPC,5375.85986328125
2025-04-24,^GSPC,5484.77001953125
2025-04-25,^GSPC,5525.2099609375
2025-04-28,^GSPC,5528.75
2025-04-29,^GSPC,5560.830078125
2025-04-30,^GSPC,5569.06005859375
2025-05-01,^GSPC,5604.14013671875
2025-05-02,^GSPC,5686.669921875
2025-05-05,^GSPC,5650.3798828125
2025-05-06,^GSPC,5606.91015625
2025-05-07,^GSPC,5631.27978515625
2025-05-08,^GSPC,5663.93994140625
2025-05-09,^GSPC,5659.91015625
2025-05-12,^GSPC,5844.18994140625
2025-05-13,^GSPC,5886.5498046875
2025-05-14,^GSPC,5892.580078125
2025-05-15,^GSPC,5916.93017578125
2025-05-16,^GSPC,5958.3798828125
2025-05-19,^GSPC,5963.60009765625
2025-05-20,^GSPC,5940.4599609375
2025-05-21,^GSPC,5844.60986328125
2025-05-22,^GSPC,5842.009765625
2025-05-23,^GSPC,5802.81982421875
2025-05-27,^GSPC,5921.5400390625
2025-05-28,^GSPC,5888.5498046875
2025-05-29,^GSPC,5912.169921875
2025-05-30,^GSPC,5911.68994140625
2025-06-02,^GSPC,5935.93994140625
2025-06-03,^GSPC,5970.3701171875
2025-06-04,^GSPC,5970.81005859375
2025-06-05,^GSPC,5939.2998046875
2025-06-06,^GSPC,6000.35986328125
2025-06-09,^GSPC,6005.8798828125
2025-06-10,^GSPC,6038.81005859375
2025-06-11,^GSPC,6022.240234375
2025-06-12,^GSPC,6045.259765625
2025-06-13,^GSPC,5976.97021484375
2025-06-16,^GSPC,6033.10986328125
2025-06-17,^GSPC,5982.72021484375
2025-06-18,^GSPC,5980.8701171875
2025-06-20,^GSPC,5967.83984375
2025-06-23,^GSPC,6025.169921875
2025-06-24,^GSPC,6092.18017578125
2025-06-25,^GSPC,6092.16015625
2025-06-26,^GSPC,6141.02001953125
2025-06-27,^GSPC,6173.06982421875
2025-06-30,^GSPC,6204.9501953125
2025-07-01,^GSPC,6198.009765625
2025-07-02,^GSPC,6227.419921875
2025-07-03,^GSPC,6279.35009765625
2025-07-07,^GSPC,6229.97998046875
2025-07-08,^GSPC,6225.52001953125
2025-07-09,^GSPC,6263.259765625
2025-07-10,^GSPC,6280.4599609375
2025-07-11,^GSPC,6259.75
2025-07-14,^GSPC,6268.56005859375
2025-07-15,^GSPC,6243.759765625
2025-07-16,^GSPC,6263.7001953125
2025-07-17,^GSPC,6297.35986328125
2025-07-18,^GSPC,6296.7900390625
2025-07-21,^GSPC,6305.60009765625
2025-07-22,^GSPC,6309.6201171875
2025-07-23,^GSPC,6358.91015625
2025-07-24,^GSPC,6363.35009765625
2025-07-25,^GSPC,6388.64013671875
2025-07-28,^GSPC,6389.77001953125
2025-07-29,^GSPC,6370.85986328125
2025-07-30,^GSPC,6362.89990234375
2025-07-31,^GSPC,6339.39013671875
2025-08-01,^GSPC,6238.009765625
2025-08-04,^GSPC,6329.93994140625
2025-08-05,^GSPC,6299.18994140625
2025-08-06,^GSPC,6345.06005859375
2025-08-07,^GSPC,6340.0
2025-08-08,^GSPC,6389.4501953125
2025-08-11,^GSPC,6373.4501953125
2025-08-12,^GSPC,6445.759765625
2025-08-13,^GSPC,6466.580078125
2025-08-14,^GSPC,6468.5400390625
2025-08-15,^GSPC,6449.7998046875
2025-08-18,^GSPC,6449.14990234375
2025-08-19,^GSPC,6411.3701171875
2025-08-20,^GSPC,6395.77978515625
2025-08-21,^GSPC,6370.169921875
2025-08-22,^GSPC,6466.91015625
2025-08-25,^GSPC,6439.31982421875
2025-08-26,^GSPC,6465.93994140625
2025-08-27,^GSPC,6481.39990234375
2025-08-28,^GSPC,6501.85986328125
2025-08-29,^GSPC,6460.259765625
2025-09-02,^GSPC,6415.5400390625
2025-09-03,^GSPC,6448.259765625
2025-09-04,^GSPC,6502.080078125
2025-09-05,^GSPC,6481.5
2025-09-08,^GSPC,6495.14990234375
2025-09-09,^GSPC,6512.60986328125
2025-09-10,^GSPC,6532.0400390625
2025-09-11,^GSPC,6587.47021484375
2025-09-12,^GSPC,6584.2900390625
2025-09-15,^GSPC,6615.27978515625
2025-09-16,^GSPC,6606.759765625
2025-09-17,^GSPC,6600.35009765625
2025-09-18,^GSPC,6631.9599609375
2025-09-19,^GSPC,6664.35986328125
2025-09-22,^GSPC,6693.75
2025-09-23,^GSPC,6656.919921875
2025-09-24,^GSPC,6637.97021484375
2025-09-25,^GSPC,6604.72021484375
2025-09-26,^GSPC,6643.7001953125
2025-09-29,^GSPC,6661.2099609375
2025-09-30,^GSPC,6688.4599609375
2025-10-01,^GSPC,6711.2001953125
2025-10-02,^GSPC,6715.35009765625
2025-10-03,^GSPC,6715.7900390625
2025-10-06,^GSPC,6740.27978515625
2025-10-07,^GSPC,6714.58984375
2025-10-08,^GSPC,6753.72021484375
2025-10-09,^GSPC,6735.10986328125
2025-10-10,^GSPC,6552.509765625
2025-10-13,^GSPC,6654.72021484375
2025-10-14,^GSPC,6644.31005859375
2025-10-15,^GSPC,6671.06005859375
2025-10-16,^GSPC,6629.06982421875
2025-10-17,^GSPC,6664.009765625
2025-10-20,^GSPC,6735.1298828125
2025-10-21,^GSPC,6735.35009765625
2025-10-22,^GSPC,6699.39990234375
2025-10-23,^GSPC,6738.43994140625
2025-10-24,^GSPC,6791.68994140625
2025-10-27,^GSPC,6875.16015625
2025-10-28,^GSPC,6890.89013671875
2025-10-29,^GSPC,6890.58984375
2025-10-30,^GSPC,6822.33984375
2025-10-31,^GSPC,6840.2001953125
2025-11-03,^GSPC,6851.97021484375
2025-11-04,^GSPC,6771.5498046875
2025-11-05,^GSPC,6796.2900390625
2025-11-06,^GSPC,6720.31982421875
2025-11-07,^GSPC,6728.7998046875
2025-11-10,^GSPC,6832.43017578125
2025-11-11,^GSPC,6846.60986328125
2025-11-12,^GSPC,6850.919921875
2025-11-13,^GSPC,6737.490234375
2025-11-14,^GSPC,6734.10986328125
