Price,Adj Close
Ticker,EA
Date,
2010-01-04,17.647132873535156
2010-01-05,18.143001556396484
2010-01-06,17.67630386352539
2010-01-07,17.540180206298828
2010-01-08,17.890207290649414
2010-01-11,17.763809204101562
2010-01-12,16.383153915405273
2010-01-13,16.69428825378418
2010-01-14,16.704010009765625
2010-01-15,16.558164596557617
2010-01-19,16.69428825378418
2010-01-20,16.733173370361328
2010-01-21,16.898462295532227
2010-01-22,16.305368423461914
2010-01-25,16.363704681396484
2010-01-26,16.276199340820312
2010-01-27,16.655391693115234
2010-01-28,16.305368423461914
2010-01-29,15.82894515991211
2010-02-01,16.276199340820312
2010-02-02,16.597057342529297
2010-02-03,16.791515350341797
2010-02-04,16.509552001953125
2010-02-05,16.781797409057617
2010-02-08,17.005420684814453
2010-02-09,15.51781177520752
2010-02-10,15.49836540222168
2010-02-11,15.673377990722656
2010-02-12,15.61503791809082
2010-02-16,15.858116149902344
2010-02-17,16.16924285888672
2010-02-18,16.13035774230957
2010-02-19,16.285921096801758
2010-02-22,16.13035774230957
2010-02-23,15.858116149902344
2010-02-24,16.062294006347656
2010-02-25,16.101186752319336
2010-02-26,16.12063217163086
2010-03-01,16.402603149414062
2010-03-02,16.276199340820312
2010-03-03,16.34425926208496
2010-03-04,16.353981018066406
2010-03-05,16.64566993713379
2010-03-08,16.80124282836914
2010-03-09,17.092927932739258
2010-03-10,17.394338607788086
2010-03-11,17.4040584564209
2010-03-12,17.277658462524414
2010-03-15,17.374895095825195
2010-03-16,17.42350196838379
2010-03-17,17.637409210205078
2010-03-18,18.016605377197266
2010-03-19,17.909650802612305
2010-03-22,18.0457763671875
2010-03-23,18.00688362121582
2010-03-24,18.016605377197266
2010-03-25,18.0457763671875
2010-03-26,18.32773780822754
2010-03-29,18.16244888305664
2010-03-30,18.269405364990234
2010-03-31,18.143001556396484
2010-04-01,18.31801414489746
2010-04-05,18.57081413269043
2010-04-06,18.580535888671875
2010-04-07,18.648597717285156
2010-04-08,18.65831756591797
2010-04-09,18.823610305786133
2010-04-12,18.862503051757812
2010-04-13,18.784719467163086
2010-04-14,19.19308090209961
2010-04-15,18.911117553710938
2010-04-16,19.027793884277344
2010-04-19,19.163911819458008
2010-04-20,19.416709899902344
2010-04-21,19.20280647277832
2010-04-22,19.290311813354492
2010-04-23,19.416709899902344
2010-04-26,19.348651885986328
2010-04-27,19.22225570678711
2010-04-28,19.086124420166016
2010-04-29,19.251419067382812
2010-04-30,18.833332061767578
2010-05-03,19.173633575439453
2010-05-04,18.541643142700195
2010-05-05,18.76527214050293
2010-05-06,17.67630386352539
2010-05-07,17.14154052734375
2010-05-10,17.734638214111328
2010-05-11,18.27911949157715
2010-05-12,17.219324111938477
2010-05-13,17.588796615600586
2010-05-14,16.93735694885254
2010-05-17,17.2679386138916
2010-05-18,17.05403709411621
2010-05-19,16.64566993713379
2010-05-20,15.916450500488281
2010-05-21,16.237308502197266
2010-05-24,15.82894515991211
2010-05-25,15.790050506591797
2010-05-26,15.80949878692627
2010-05-27,16.256752014160156
2010-05-28,16.052568435668945
2010-06-01,15.644207954406738
2010-06-02,15.916450500488281
2010-06-03,16.2664737701416
2010-06-04,15.371967315673828
2010-06-07,14.934433937072754
2010-06-08,15.060833930969238
2010-06-09,14.788589477539062
2010-06-10,15.47891902923584
2010-06-11,15.867836952209473
2010-06-14,15.906728744506836
2010-06-15,15.858116149902344
2010-06-16,15.566425323486328
2010-06-17,15.721991539001465
2010-06-18,15.585872650146484
2010-06-21,15.342798233032227
2010-06-22,14.895543098449707
2010-06-23,14.866374015808105
2010-06-24,14.623298645019531
2010-06-25,14.720531463623047
2010-06-28,14.671916007995605
2010-06-29,14.244105339050293
2010-06-30,14.001031875610352
2010-07-01,13.93297004699707
2010-07-02,14.195491790771484
2010-07-06,14.03019905090332
2010-07-07,14.535795211791992
2010-07-08,14.351058006286621
2010-07-09,14.428841590881348
2010-07-12,14.39967155456543
2010-07-13,14.720531463623047
2010-07-14,14.953878402709961
2010-07-15,15.060833930969238
2010-07-16,14.380227088928223
2010-07-19,14.671916007995605
2010-07-20,14.934433937072754
2010-07-21,14.458011627197266
2010-07-22,15.158062934875488
2010-07-23,15.440025329589844
2010-07-26,15.935895919799805
2010-07-27,16.062294006347656
2010-07-28,15.712265968322754
2010-07-29,15.566425323486328
2010-07-30,15.488642692565918
2010-08-02,16.0428524017334
2010-08-03,15.731714248657227
2010-08-04,16.898462295532227
2010-08-05,16.75262451171875
2010-08-06,16.597057342529297
2010-08-09,16.674837112426758
2010-08-10,16.247026443481445
2010-08-11,15.634483337402344
2010-08-12,15.323351860046387
2010-08-13,15.235844612121582
2010-08-16,15.605316162109375
2010-08-17,15.702545166015625
2010-08-18,15.877561569213867
2010-08-19,15.624761581420898
2010-08-20,15.352520942687988
2010-08-23,15.031662940979004
2010-08-24,14.613574981689453
2010-08-25,14.8760986328125
2010-08-26,14.846929550170898
2010-08-27,15.119170188903809
2010-08-30,14.856651306152344
2010-08-31,14.80803394317627
2010-09-01,15.663654327392578
2010-09-02,15.906728744506836
2010-09-03,16.00395393371582
2010-09-07,15.61503791809082
2010-09-08,15.799777030944824
2010-09-09,15.82894515991211
2010-09-10,15.790050506591797
2010-09-13,16.072021484375
2010-09-14,16.247026443481445
2010-09-15,16.178970336914062
2010-09-16,15.92617130279541
2010-09-17,15.80949878692627
2010-09-20,15.89700698852539
2010-09-21,15.838666915893555
2010-09-22,15.702545166015625
2010-09-23,15.712265968322754
2010-09-24,16.00395393371582
2010-09-27,16.11090850830078
2010-09-28,16.091463088989258
2010-09-29,15.7803316116333
2010-09-30,15.994234085083008
2010-10-01,15.984515190124512
2010-10-04,16.49010467529297
2010-10-05,17.326278686523438
2010-10-06,16.92763900756836
2010-10-07,17.092927932739258
2010-10-08,17.16098976135254
2010-10-11,17.170711517333984
2010-10-12,16.149803161621094
2010-10-13,16.29564666748047
2010-10-14,16.062294006347656
2010-10-15,15.51781177520752
2010-10-18,15.333074569702148
2010-10-19,15.14833927154541
2010-10-20,14.973325729370117
2010-10-21,15.138615608215332
2010-10-22,15.177506446838379
2010-10-25,15.187232971191406
2010-10-26,15.371967315673828
2010-10-27,15.352520942687988
2010-10-28,15.196952819824219
2010-10-29,15.391411781311035
2010-11-01,15.362244606018066
2010-11-02,15.75115966796875
2010-11-03,15.070554733276367
2010-11-04,15.410858154296875
2010-11-05,15.887283325195312
2010-11-08,16.072021484375
2010-11-09,15.887283325195312
2010-11-10,15.731714248657227
2010-11-11,15.556700706481934
2010-11-12,15.391411781311035
2010-11-15,15.24556827545166
2010-11-16,14.963603019714355
2010-11-17,14.992769241333008
2010-11-18,15.109448432922363
2010-11-19,14.924711227416992
2010-11-22,14.983047485351562
2010-11-23,14.438566207885742
2010-11-24,14.564962387084961
2010-11-26,14.40939712524414
2010-11-29,14.594130516052246
2010-11-30,14.496901512145996
2010-12-01,14.63302230834961
2010-12-02,14.662192344665527
2010-12-03,14.759419441223145
2010-12-06,15.002493858337402
2010-12-07,15.080280303955078
2010-12-08,15.313628196716309
2010-12-09,15.313628196716309
2010-12-10,15.38168716430664
2010-12-13,15.323351860046387
2010-12-14,15.352520942687988
2010-12-15,15.274737358093262
2010-12-16,15.430303573608398
2010-12-17,15.469195365905762
2010-12-20,15.410858154296875
2010-12-21,15.488642692565918
2010-12-22,15.53725528717041
2010-12-23,15.49836540222168
2010-12-27,15.683100700378418
2010-12-28,15.702545166015625
2010-12-29,16.091463088989258
2010-12-30,16.159523010253906
2010-12-31,15.92617130279541
2011-01-03,15.92617130279541
2011-01-04,15.92617130279541
2011-01-05,15.82894515991211
2011-01-06,15.7803316116333
2011-01-07,15.605316162109375
2011-01-10,15.566425323486328
2011-01-11,15.556700706481934
2011-01-12,15.585872650146484
2011-01-13,15.59559440612793
2011-01-14,15.508087158203125
2011-01-18,15.556700706481934
2011-01-19,15.401135444641113
2011-01-20,15.323351860046387
2011-01-21,14.710806846618652
2011-01-24,14.866374015808105
2011-01-25,14.953878402709961
2011-01-26,14.914985656738281
2011-01-27,14.662192344665527
2011-01-28,14.584407806396484
2011-01-31,15.158062934875488
2011-02-01,15.187232971191406
2011-02-02,17.588796615600586
2011-02-03,17.608240127563477
2011-02-04,17.724916458129883
2011-02-07,17.77353286743164
2011-02-08,17.7929744720459
2011-02-09,17.53046226501465
2011-02-10,17.695749282836914
2011-02-11,17.705469131469727
2011-02-14,17.890207290649414
2011-02-15,18.016605377197266
2011-02-16,18.40552520751953
2011-02-17,18.823610305786133
2011-02-18,18.74582290649414
2011-02-22,18.347187042236328
2011-02-23,18.33746337890625
2011-02-24,18.27911949157715
2011-02-25,18.648597717285156
2011-02-28,18.27911949157715
2011-03-01,17.890207290649414
2011-03-02,18.191614151000977
2011-03-03,18.434688568115234
2011-03-04,18.269405364990234
2011-03-07,17.938823699951172
2011-03-08,18.230506896972656
2011-03-09,18.10411262512207
2011-03-10,18.016605377197266
2011-03-11,18.026334762573242
2011-03-14,18.084671020507812
2011-03-15,17.86103630065918
2011-03-16,17.705469131469727
2011-03-17,18.152725219726562
2011-03-18,18.0749454498291
2011-03-21,18.41524314880371
2011-03-22,18.29857063293457
2011-03-23,18.57081413269043
2011-03-24,19.290311813354492
2011-03-25,19.15418815612793
2011-03-28,19.163911819458008
2011-03-29,19.115297317504883
2011-03-30,19.134748458862305
2011-03-31,18.98889923095703
2011-04-01,19.18335723876953
2011-04-04,19.14446449279785
2011-04-05,19.475048065185547
2011-04-06,19.68895149230957
2011-04-07,19.68895149230957
2011-04-08,19.30975914001465
2011-04-11,19.300033569335938
2011-04-12,19.19308090209961
2011-04-13,19.338926315307617
2011-04-14,19.39726448059082
2011-04-15,19.572275161743164
2011-04-18,19.319482803344727
2011-04-19,19.436155319213867
2011-04-20,19.932022094726562
2011-04-21,19.844514846801758
2011-04-25,19.97091293334961
2011-04-26,19.66950225830078
2011-04-27,19.679227828979492
2011-04-28,19.92230224609375
2011-04-29,19.620893478393555
2011-05-02,19.737564086914062
2011-05-03,19.60144805908203
2011-05-04,19.368093490600586
2011-05-05,21.07933235168457
2011-05-06,21.14739418029785
2011-05-09,21.429359436035156
2011-05-10,22.129411697387695
2011-05-11,21.98356819152832
2011-05-12,22.246084213256836
2011-05-13,23.043365478515625
2011-05-16,22.469709396362305
2011-05-17,22.732229232788086
2011-05-18,23.06281089782715
2011-05-19,23.12114715576172
2011-05-20,22.985029220581055
2011-05-23,22.703062057495117
2011-05-24,22.547496795654297
2011-05-25,23.091981887817383
2011-05-26,22.916967391967773
2011-05-27,23.23782730102539
2011-05-31,23.73369026184082
2011-06-01,23.74341583251953
2011-06-02,23.568401336669922
2011-06-03,23.364221572875977
2011-06-06,23.140588760375977
2011-06-07,22.703062057495117
2011-06-08,22.09051513671875
2011-06-09,22.45998764038086
2011-06-10,22.178024291992188
2011-06-13,22.158578872680664
2011-06-14,22.557222366333008
2011-06-15,22.09051513671875
2011-06-16,21.798830032348633
2011-06-17,21.62381362915039
2011-06-20,21.740493774414062
2011-06-21,22.05162239074707
2011-06-22,21.915502548217773
2011-06-23,21.29323387145996
2011-06-24,21.166833877563477
2011-06-27,21.108495712280273
2011-06-28,21.92522621154785
2011-06-29,22.955860137939453
2011-06-30,22.94614028930664
2011-07-01,23.51978874206543
2011-07-05,23.64618492126465
2011-07-06,23.675355911254883
2011-07-07,24.142059326171875
2011-07-08,24.3559627532959
2011-07-11,23.714244842529297
2011-07-12,23.500341415405273
2011-07-13,23.247547149658203
2011-07-14,22.858633041381836
2011-07-15,22.94614028930664
2011-07-18,22.955860137939453
2011-07-19,23.43228530883789
2011-07-20,23.344778060913086
2011-07-21,23.228099822998047
2011-07-22,23.266996383666992
2011-07-25,23.403114318847656
2011-07-26,23.15031623840332
2011-07-27,22.33359146118164
2011-07-28,21.93494987487793
2011-07-29,21.63353729248047
2011-08-01,21.341856002807617
2011-08-02,20.622350692749023
2011-08-03,20.74875259399414
2011-08-04,19.59172248840332
2011-08-05,19.445873260498047
2011-08-08,17.647132873535156
2011-08-09,18.084671020507812
2011-08-10,17.131818771362305
2011-08-11,18.61942481994629
2011-08-12,19.37781524658203
2011-08-15,19.69867515563965
2011-08-16,19.46532440185547
2011-08-17,19.358369827270508
2011-08-18,18.347187042236328
2011-08-19,18.774999618530273
2011-08-22,19.056957244873047
2011-08-23,19.74728775024414
2011-08-24,19.776456832885742
2011-08-25,19.83479118347168
2011-08-26,20.904321670532227
2011-08-29,21.66271209716797
2011-08-30,21.93494987487793
2011-08-31,21.954395294189453
2011-09-01,21.35157012939453
2011-09-02,21.380741119384766
2011-09-06,21.28351593017578
2011-09-07,21.92522621154785
2011-09-08,21.46824836730957
2011-09-09,20.768198013305664
2011-09-12,21.458526611328125
2011-09-13,21.49742317199707
2011-09-14,22.05162239074707
2011-09-15,22.33359146118164
2011-09-16,22.372480392456055
2011-09-19,22.236366271972656
2011-09-20,22.275249481201172
2011-09-21,21.341856002807617
2011-09-22,20.184823989868164
2011-09-23,20.66124725341797
2011-09-26,21.15711784362793
2011-09-27,21.312681198120117
2011-09-28,20.427894592285156
2011-09-29,20.048702239990234
2011-09-30,19.883403778076172
2011-10-03,19.212526321411133
2011-10-04,19.70840072631836
2011-10-05,20.3792781829834
2011-10-06,21.93494987487793
2011-10-07,21.75993537902832
2011-10-10,22.936416625976562
2011-10-11,22.858633041381836
2011-10-12,23.072534561157227
2011-10-13,23.169763565063477
2011-10-14,23.860095977783203
2011-10-17,23.169763565063477
2011-10-18,23.830921173095703
2011-10-19,22.9655818939209
2011-10-20,22.761396408081055
2011-10-21,22.92669677734375
2011-10-24,24.249013900756836
2011-10-25,23.792030334472656
2011-10-26,23.714244842529297
2011-10-27,23.821195602416992
2011-10-28,23.43228530883789
2011-10-31,22.703062057495117
2011-11-01,21.83771514892578
2011-11-02,22.82946014404297
2011-11-03,23.704524993896484
2011-11-04,24.501806259155273
2011-11-07,23.811477661132812
2011-11-08,23.568401336669922
2011-11-09,22.39192771911621
2011-11-10,22.916967391967773
2011-11-11,23.23782730102539
2011-11-14,23.091981887817383
2011-11-15,23.15031623840332
2011-11-16,22.421100616455078
2011-11-17,21.701602935791016
2011-11-18,21.380741119384766
2011-11-21,21.030712127685547
2011-11-22,21.25434684753418
2011-11-23,20.359834671020508
2011-11-25,20.252880096435547
2011-11-28,21.477970123291016
2011-11-29,21.089052200317383
2011-11-30,22.547496795654297
2011-12-01,22.683612823486328
2011-12-02,22.362756729125977
2011-12-05,22.100242614746094
2011-12-06,22.508604049682617
2011-12-07,21.9641170501709
2011-12-08,20.894594192504883
2011-12-09,21.380741119384766
2011-12-12,21.07933235168457
2011-12-13,20.282052993774414
2011-12-14,19.776456832885742
2011-12-15,20.34038734436035
2011-12-16,19.66950225830078
2011-12-19,19.300033569335938
2011-12-20,20.000089645385742
2011-12-21,19.737564086914062
2011-12-22,19.737564086914062
2011-12-23,20.136207580566406
2011-12-27,20.427894592285156
2011-12-28,19.97091293334961
2011-12-29,20.282052993774414
2011-12-30,20.02925682067871
2012-01-03,20.709861755371094
2012-01-04,19.727842330932617
2012-01-05,19.96119499206543
2012-01-06,19.12502098083496
2012-01-09,18.88195037841797
2012-01-10,18.920833587646484
2012-01-11,18.84305191040039
2012-01-12,18.96945571899414
2012-01-13,17.540180206298828
2012-01-17,17.24849510192871
2012-01-18,17.75408935546875
2012-01-19,17.05403709411621
2012-01-20,17.4332332611084
2012-01-23,17.481843948364258
2012-01-24,17.44295310974121
2012-01-25,17.540180206298828
2012-01-26,17.170711517333984
2012-01-27,17.637409210205078
2012-01-30,17.53046226501465
2012-01-31,18.06522560119629
2012-02-01,17.929100036621094
2012-02-02,19.027793884277344
2012-02-03,18.706932067871094
2012-02-06,18.473581314086914
2012-02-07,17.97771644592285
2012-02-08,17.734638214111328
2012-02-09,17.374895095825195
2012-02-10,16.93735694885254
2012-02-13,17.005420684814453
2012-02-14,17.170711517333984
2012-02-15,17.25821876525879
2012-02-16,17.277658462524414
2012-02-17,16.9859676361084
2012-02-21,16.742900848388672
2012-02-22,16.655391693115234
2012-02-23,16.71373176574707
2012-02-24,16.460935592651367
2012-02-27,16.34425926208496
2012-02-28,16.247026443481445
2012-02-29,15.887283325195312
2012-03-01,16.22758674621582
2012-03-02,16.31509017944336
2012-03-05,16.033124923706055
2012-03-06,15.984515190124512
2012-03-07,16.052568435668945
2012-03-08,16.917911529541016
2012-03-09,16.781797409057617
2012-03-12,16.37342643737793
2012-03-13,16.80124282836914
2012-03-14,16.0428524017334
2012-03-15,16.247026443481445
2012-03-16,16.976247787475586
2012-03-19,16.69428825378418
2012-03-20,16.53871726989746
2012-03-21,16.45121192932129
2012-03-22,16.49010467529297
2012-03-23,16.392881393432617
2012-03-26,16.52899742126465
2012-03-27,16.548439025878906
2012-03-28,16.324817657470703
2012-03-29,16.033124923706055
2012-03-30,16.033124923706055
2012-04-02,16.247026443481445
2012-04-03,16.18869400024414
2012-04-04,15.80949878692627
2012-04-05,15.81922435760498
2012-04-09,15.459474563598633
2012-04-10,15.119170188903809
2012-04-11,15.449752807617188
2012-04-12,16.062294006347656
2012-04-13,15.731714248657227
2012-04-16,14.788589477539062
2012-04-17,14.856651306152344
2012-04-18,14.652466773986816
2012-04-19,14.351058006286621
2012-04-20,14.51634693145752
2012-04-23,14.458011627197266
2012-04-24,14.467734336853027
2012-04-25,14.594130516052246
2012-04-26,15.488642692565918
2012-04-27,14.895543098449707
2012-04-30,14.953878402709961
2012-05-01,15.109448432922363
2012-05-02,15.430303573608398
2012-05-03,15.235844612121582
2012-05-04,14.701085090637207
2012-05-07,14.710806846618652
2012-05-08,14.078816413879395
2012-05-09,13.728788375854492
2012-05-10,14.30244255065918
2012-05-11,14.16632080078125
2012-05-14,13.981585502624512
2012-05-15,13.913527488708496
2012-05-16,14.01075553894043
2012-05-17,13.845464706420898
2012-05-18,13.709344863891602
2012-05-21,13.981585502624512
2012-05-22,13.864912033081055
2012-05-23,14.28299617767334
2012-05-24,13.826020240783691
2012-05-25,13.826020240783691
2012-05-29,13.981585502624512
2012-05-30,13.75795841217041
2012-05-31,13.242643356323242
2012-06-01,12.756494522094727
2012-06-04,12.707880020141602
2012-06-05,12.7759428024292
2012-06-06,13.33014965057373
2012-06-07,13.04818344116211
2012-06-08,13.09679889678955
2012-06-11,12.46480655670166
2012-06-12,12.435640335083008
2012-06-13,11.949493408203125
2012-06-14,11.978662490844727
2012-06-15,12.095335006713867
2012-06-18,12.085612297058105
2012-06-19,12.318964958190918
2012-06-20,12.30924129486084
2012-06-21,11.667526245117188
2012-06-22,11.92032241821289
2012-06-25,11.784200668334961
2012-06-26,11.638360023498535
2012-06-27,11.7744779586792
2012-06-28,11.56057357788086
2012-06-29,12.007826805114746
2012-07-02,11.939767837524414
2012-07-03,12.241179466247559
2012-07-05,12.046722412109375
2012-07-06,11.686975479125977
2012-07-09,11.609190940856934
2012-07-10,11.268885612487793
2012-07-11,11.356390953063965
2012-07-12,11.268885612487793
2012-07-13,11.38555908203125
2012-07-16,11.210550308227539
2012-07-17,11.045257568359375
2012-07-18,11.181378364562988
2012-07-19,11.930047988891602
2012-07-20,11.648078918457031
2012-07-23,11.492514610290527
2012-07-24,11.2202730178833
2012-07-25,11.1911039352417
2012-07-26,10.64661693572998
2012-07-27,11.093873023986816
2012-07-30,10.91885757446289
2012-07-31,10.714679718017578
2012-08-01,11.356390953063965
2012-08-02,11.054983139038086
2012-08-03,11.638360023498535
2012-08-06,11.86198616027832
2012-08-07,12.435640335083008
2012-08-08,12.58148193359375
2012-08-09,12.756494522094727
2012-08-10,12.71760368347168
2012-08-13,12.51342487335205
2012-08-14,12.357856750488281
2012-08-15,12.727328300476074
2012-08-16,13.427379608154297
2012-08-17,13.388486862182617
2012-08-20,13.184306144714355
2012-08-21,13.184306144714355
2012-08-22,13.067628860473633
2012-08-23,12.882893562316895
2012-08-24,12.96068000793457
2012-08-27,12.571760177612305
2012-08-28,12.474529266357422
2012-08-29,12.493974685668945
2012-08-30,12.63982105255127
2012-08-31,12.96068000793457
2012-09-04,12.668989181518555
2012-09-05,12.7759428024292
2012-09-06,13.252368927001953
2012-09-07,13.651009559631348
2012-09-10,13.45654582977295
2012-09-11,13.427379608154297
2012-09-12,13.60239315032959
2012-09-13,13.845464706420898
2012-09-14,14.098261833190918
2012-09-17,13.81629467010498
2012-09-18,13.612113952636719
2012-09-19,13.544053077697754
2012-09-20,13.106517791748047
2012-09-21,12.87317180633545
2012-09-24,12.941234588623047
2012-09-25,12.328685760498047
2012-09-26,12.250903129577637
2012-09-27,12.42591381072998
2012-09-28,12.338409423828125
2012-10-01,12.007826805114746
2012-10-02,12.299518585205078
2012-10-03,12.493974685668945
2012-10-04,12.668989181518555
2012-10-05,12.591206550598145
2012-10-08,12.620375633239746
2012-10-09,12.649545669555664
2012-10-10,12.532867431640625
2012-10-11,12.688433647155762
2012-10-12,13.038461685180664
2012-10-15,13.310702323913574
2012-10-16,13.592668533325195
2012-10-17,13.485715866088867
2012-10-18,13.446824073791504
2012-10-19,12.71760368347168
2012-10-22,12.688433647155762
2012-10-23,12.416193008422852
2012-10-24,12.075889587402344
2012-10-25,11.871707916259766
2012-10-26,11.580018997192383
2012-10-31,12.007826805114746
2012-11-01,12.63982105255127
2012-11-02,12.630097389221191
2012-11-05,12.834277153015137
2012-11-06,13.378761291503906
2012-11-07,13.067628860473633
2012-11-08,12.552313804626465
2012-11-09,12.532867431640625
2012-11-12,12.659268379211426
2012-11-13,12.620375633239746
2012-11-14,12.396745681762695
2012-11-15,12.688433647155762
2012-11-16,12.688433647155762
2012-11-19,13.33014965057373
2012-11-20,13.475991249084473
2012-11-21,13.58294677734375
2012-11-23,13.971861839294434
2012-11-26,14.195491790771484
2012-11-27,14.331611633300781
2012-11-28,14.613574981689453
2012-11-29,14.613574981689453
2012-11-30,14.39967155456543
2012-12-03,14.127429008483887
2012-12-04,14.039925575256348
2012-12-05,14.224662780761719
2012-12-06,14.40939712524414
2012-12-07,14.428841590881348
2012-12-10,14.40939712524414
2012-12-11,14.73025131225586
2012-12-12,14.905265808105469
2012-12-13,14.827481269836426
2012-12-14,14.8760986328125
2012-12-17,14.992769241333008
2012-12-18,14.496901512145996
2012-12-19,14.001031875610352
2012-12-20,13.553776741027832
2012-12-21,13.505160331726074
2012-12-24,13.719063758850098
2012-12-26,13.767680168151855
2012-12-27,13.631560325622559
2012-12-28,13.53432846069336
2012-12-31,14.117707252502441
2013-01-02,14.146876335144043
2013-01-03,14.331611633300781
2013-01-04,14.467734336853027
2013-01-07,14.049647331237793
2013-01-08,13.388486862182617
2013-01-09,13.320426940917969
2013-01-10,13.612113952636719
2013-01-11,13.845464706420898
2013-01-14,14.03019905090332
2013-01-15,14.205212593078613
2013-01-16,14.195491790771484
2013-01-17,14.10798454284668
2013-01-18,14.059369087219238
2013-01-22,14.03019905090332
2013-01-23,13.66072940826416
2013-01-24,13.864912033081055
2013-01-25,14.360780715942383
2013-01-28,14.623298645019531
2013-01-29,14.535795211791992
2013-01-30,14.662192344665527
2013-01-31,15.294180870056152
2013-02-01,15.741437911987305
2013-02-04,15.556700706481934
2013-02-05,16.422048568725586
2013-02-06,16.412322998046875
2013-02-07,16.402603149414062
2013-02-08,16.888744354248047
2013-02-11,16.92763900756836
2013-02-12,17.05403709411621
2013-02-13,16.69428825378418
2013-02-14,16.674837112426758
2013-02-15,16.499828338623047
2013-02-19,17.10265350341797
2013-02-20,16.99568748474121
2013-02-21,17.151268005371094
2013-02-22,17.316553115844727
2013-02-25,17.209604263305664
2013-02-26,17.19988250732422
2013-02-27,17.61796760559082
2013-02-28,17.044315338134766
2013-03-01,17.540180206298828
2013-03-04,17.695749282836914
2013-03-05,17.997163772583008
2013-03-06,18.10411262512207
2013-03-07,18.191614151000977
2013-03-08,18.06522560119629
2013-03-11,18.59998321533203
2013-03-12,18.716657638549805
2013-03-13,18.41524314880371
2013-03-14,18.80416488647461
2013-03-15,18.356910705566406
2013-03-18,18.191614151000977
2013-03-19,16.674837112426758
2013-03-20,16.859577178955078
2013-03-21,17.209604263305664
2013-03-22,17.472118377685547
2013-03-25,17.073482513427734
2013-03-26,17.277658462524414
2013-03-27,17.29710578918457
2013-03-28,17.209604263305664
2013-04-01,17.42350196838379
2013-04-02,17.06376075744629
2013-04-03,16.762348175048828
2013-04-04,16.77206802368164
2013-04-05,16.86929702758789
2013-04-08,16.791515350341797
2013-04-09,16.966529846191406
2013-04-10,17.30683135986328
2013-04-11,17.14154052734375
2013-04-12,17.092927932739258
2013-04-15,16.44148826599121
2013-04-16,16.888744354248047
2013-04-17,16.53871726989746
2013-04-18,16.470661163330078
2013-04-19,16.61650276184082
2013-04-22,16.80124282836914
2013-04-23,16.93735694885254
2013-04-24,17.30683135986328
2013-04-25,17.44295310974121
2013-04-26,17.384613037109375
2013-04-29,17.277658462524414
2013-04-30,17.122098922729492
2013-05-01,16.8206844329834
2013-05-02,17.05403709411621
2013-05-03,17.462400436401367
2013-05-06,17.783254623413086
2013-05-07,17.899932861328125
2013-05-08,20.962661743164062
2013-05-09,21.040437698364258
2013-05-10,21.857162475585938
2013-05-13,21.137666702270508
2013-05-14,21.789106369018555
2013-05-15,22.012733459472656
2013-05-16,21.409912109375
2013-05-17,21.594646453857422
2013-05-20,21.186281204223633
2013-05-21,21.361295700073242
2013-05-22,21.14739418029785
2013-05-23,22.022457122802734
2013-05-24,22.139129638671875
2013-05-28,22.615556716918945
2013-05-29,22.518321990966797
2013-05-30,22.703062057495117
2013-05-31,22.35304069519043
2013-06-03,22.35304069519043
2013-06-04,22.09051513671875
2013-06-05,22.246084213256836
2013-06-06,22.63500213623047
2013-06-07,22.955860137939453
2013-06-10,22.236366271972656
2013-06-11,21.973840713500977
2013-06-12,20.943212509155273
2013-06-13,20.894594192504883
2013-06-14,21.20572853088379
2013-06-17,21.80855369567871
2013-06-18,22.39192771911621
2013-06-19,22.207195281982422
2013-06-20,21.536304473876953
2013-06-21,21.37101936340332
2013-06-24,21.01127052307129
2013-06-25,21.176557540893555
2013-06-26,21.186281204223633
2013-06-27,21.594646453857422
2013-06-28,22.35304069519043
2013-07-01,22.537771224975586
2013-07-02,22.868350982666016
2013-07-03,22.664175033569336
2013-07-05,23.169763565063477
2013-07-08,22.887800216674805
2013-07-09,22.916967391967773
2013-07-10,23.23782730102539
2013-07-11,23.597572326660156
2013-07-12,23.64618492126465
2013-07-15,23.51978874206543
2013-07-16,23.51978874206543
2013-07-17,23.15031623840332
2013-07-18,23.490617752075195
2013-07-19,23.597572326660156
2013-07-22,23.344778060913086
2013-07-23,23.169763565063477
2013-07-24,24.705984115600586
2013-07-25,23.957324981689453
2013-07-26,25.10462760925293
2013-07-29,24.774049758911133
2013-07-30,25.347702026367188
2013-07-31,25.396318435668945
2013-08-01,25.794960021972656
2013-08-02,25.83384895324707
2013-08-05,25.794960021972656
2013-08-06,25.707448959350586
2013-08-07,25.610218048095703
2013-08-08,25.901906967163086
2013-08-09,25.911632537841797
2013-08-12,25.9408016204834
2013-08-13,25.814401626586914
2013-08-14,25.92136001586914
2013-08-15,25.7463436126709
2013-08-16,26.14498519897461
2013-08-19,25.83384895324707
2013-08-20,26.008859634399414
2013-08-21,25.92136001586914
2013-08-22,27.01032066345215
2013-08-23,27.195058822631836
2013-08-26,27.088106155395508
2013-08-27,26.242212295532227
2013-08-28,26.37833023071289
2013-08-29,26.806140899658203
2013-08-30,25.901906967163086
2013-09-03,26.60196304321289
2013-09-04,27.214509963989258
2013-09-05,26.9130916595459
2013-09-06,26.018583297729492
2013-09-09,26.358888626098633
2013-09-10,26.203319549560547
2013-09-11,25.969974517822266
2013-09-12,25.658838272094727
2013-09-13,25.93107795715332
2013-09-16,26.213035583496094
2013-09-17,26.835311889648438
2013-09-18,26.115814208984375
2013-09-19,26.23248863220215
2013-09-20,25.80467987060547
2013-09-23,25.46437644958496
2013-09-24,25.814401626586914
2013-09-25,25.863018035888672
2013-09-26,25.42548179626465
2013-09-27,25.23102569580078
2013-09-30,24.84210777282715
2013-10-01,25.688003540039062
2013-10-02,24.910167694091797
2013-10-03,24.385128021240234
2013-10-04,25.046289443969727
2013-10-07,24.55042266845703
2013-10-08,23.403114318847656
2013-10-09,23.48089599609375
2013-10-10,24.52125358581543
2013-10-11,24.035104751586914
2013-10-14,23.908706665039062
2013-10-15,23.30588150024414
2013-10-16,23.539236068725586
2013-10-17,23.850372314453125
2013-10-18,24.336519241333008
2013-10-21,23.821195602416992
2013-10-22,24.530973434448242
2013-10-23,23.928150177001953
2013-10-24,24.054550170898438
2013-10-25,24.064271926879883
2013-10-28,24.142059326171875
2013-10-29,23.46145248413086
2013-10-30,25.27964210510254
2013-10-31,25.52271270751953
2013-11-01,24.91989517211914
2013-11-04,25.017122268676758
2013-11-05,24.85182762145996
2013-11-06,25.0268497467041
2013-11-07,24.628206253051758
2013-11-08,24.98794937133789
2013-11-11,25.26991844177246
2013-11-12,25.707448959350586
2013-11-13,25.688003540039062
2013-11-14,25.240751266479492
2013-11-15,23.393386840820312
2013-11-18,23.45172882080078
2013-11-19,22.67388916015625
2013-11-20,22.362756729125977
2013-11-21,22.7419490814209
2013-11-22,22.498878479003906
2013-11-25,22.148853302001953
2013-11-26,21.896055221557617
2013-11-27,21.49742317199707
2013-11-29,21.55575180053711
2013-12-02,21.29323387145996
2013-12-03,20.943212509155273
2013-12-04,21.721046447753906
2013-12-05,20.427894592285156
2013-12-06,21.62381362915039
2013-12-09,21.5752010345459
2013-12-10,21.44879913330078
2013-12-11,20.495952606201172
2013-12-12,20.389001846313477
2013-12-13,21.6043701171875
2013-12-16,21.44879913330078
2013-12-17,22.11968994140625
2013-12-18,22.226640701293945
2013-12-19,22.7711181640625
2013-12-20,22.887800216674805
2013-12-23,23.19892692565918
2013-12-24,23.169763565063477
2013-12-26,23.014198303222656
2013-12-27,22.52804946899414
2013-12-30,22.255809783935547
2013-12-31,22.304424285888672
2014-01-02,22.19746971130371
2014-01-03,22.05162239074707
2014-01-06,21.905780792236328
2014-01-07,22.45998764038086
2014-01-08,22.664175033569336
2014-01-09,22.11968994140625
2014-01-10,22.372480392456055
2014-01-13,21.75993537902832
2014-01-14,21.83771514892578
2014-01-15,21.322406768798828
2014-01-16,20.943212509155273
2014-01-17,23.43228530883789
2014-01-21,23.64618492126465
2014-01-22,23.500341415405273
2014-01-23,23.20865249633789
2014-01-24,23.179485321044922
2014-01-27,23.792030334472656
2014-01-28,24.180953979492188
2014-01-29,24.52125358581543
2014-01-30,25.308813095092773
2014-01-31,25.668554306030273
2014-02-03,25.357421875
2014-02-04,25.45465660095215
2014-02-05,25.43520736694336
2014-02-06,25.72689437866211
2014-02-07,26.446399688720703
2014-02-10,26.135257720947266
2014-02-11,26.65057373046875
2014-02-12,27.088106155395508
2014-02-13,26.796424865722656
2014-02-14,26.81586456298828
2014-02-18,27.613149642944336
2014-02-19,27.136716842651367
2014-02-20,27.020048141479492
2014-02-21,27.224227905273438
2014-02-24,27.18533706665039
2014-02-25,27.32145881652832
2014-02-26,27.486751556396484
2014-02-27,27.749267578125
2014-02-28,27.797882080078125
2014-03-03,27.311735153198242
2014-03-04,28.011789321899414
2014-03-05,28.284029006958008
2014-03-06,28.400705337524414
2014-03-07,28.56599235534668
2014-03-10,28.400705337524414
2014-03-11,28.9743595123291
2014-03-12,29.149370193481445
2014-03-13,28.886852264404297
2014-03-14,28.779895782470703
2014-03-17,29.26604461669922
2014-03-18,29.402170181274414
2014-03-19,29.39244270324707
2014-03-20,29.41189193725586
2014-03-21,28.92574119567871
2014-03-24,28.196523666381836
2014-03-25,28.47848892211914
2014-03-26,27.778438568115234
2014-03-27,27.690929412841797
2014-03-28,27.73954200744629
2014-03-31,28.206247329711914
2014-04-01,28.65349769592285
2014-04-02,28.322914123535156
2014-04-03,28.07012939453125
2014-04-04,27.80760383605957
2014-04-07,27.554807662963867
2014-04-08,27.934005737304688
2014-04-09,27.379793167114258
2014-04-10,26.465839385986328
2014-04-11,25.93107795715332
2014-04-14,26.524179458618164
2014-04-15,26.70891571044922
2014-04-16,26.825584411621094
2014-04-17,26.806140899658203
2014-04-21,27.20478630065918
2014-04-22,27.34090805053711
2014-04-23,27.370073318481445
2014-04-24,27.32145881652832
2014-04-25,27.42841148376465
2014-04-28,27.399242401123047
2014-04-29,27.282569885253906
2014-04-30,27.51591682434082
2014-05-01,27.943723678588867
2014-05-02,27.71037483215332
2014-05-05,27.963171005249023
2014-05-06,27.272842407226562
2014-05-07,33.009376525878906
2014-05-08,33.33023452758789
2014-05-09,34.14696502685547
2014-05-12,34.331695556640625
2014-05-13,34.069183349609375
2014-05-14,33.184383392333984
2014-05-15,32.853816986083984
2014-05-16,33.485801696777344
2014-05-19,33.6121940612793
2014-05-20,33.42746353149414
2014-05-21,33.6413688659668
2014-05-22,33.6121940612793
2014-05-23,33.913604736328125
2014-05-27,34.10807418823242
2014-05-28,33.73859405517578
2014-05-29,33.79692459106445
2014-05-30,34.15667724609375
2014-06-02,33.60248565673828
2014-06-03,33.76777648925781
2014-06-04,33.98167037963867
2014-06-05,33.81637954711914
2014-06-06,33.88444137573242
2014-06-09,33.942787170410156
2014-06-10,34.71088790893555
2014-06-11,34.526161193847656
2014-06-12,34.253910064697266
2014-06-13,34.69145202636719
2014-06-16,34.71088790893555
2014-06-17,35.77069091796875
2014-06-18,36.1207160949707
2014-06-19,36.042938232421875
2014-06-20,36.11099624633789
2014-06-23,35.877647399902344
2014-06-24,35.35260772705078
2014-06-25,35.49844741821289
2014-06-26,35.26509475708008
2014-06-27,34.895626068115234
2014-06-30,34.876182556152344
2014-07-01,35.401214599609375
2014-07-02,35.741519927978516
2014-07-03,35.8970832824707
2014-07-07,35.15814971923828
2014-07-08,34.31224822998047
2014-07-09,34.5358772277832
2014-07-10,34.856727600097656
2014-07-11,34.973411560058594
2014-07-14,35.53734588623047
2014-07-15,35.17759323120117
2014-07-16,36.091552734375
2014-07-17,36.03321075439453
2014-07-18,37.31663513183594
2014-07-21,37.355533599853516
2014-07-22,37.355533599853516
2014-07-23,35.041465759277344
2014-07-24,35.81930160522461
2014-07-25,35.041465759277344
2014-07-28,34.1177978515625
2014-07-29,33.38857650756836
2014-07-30,33.54413604736328
2014-07-31,32.6690788269043
2014-08-01,32.77602767944336
2014-08-04,33.23300552368164
2014-08-05,33.184383392333984
2014-08-06,33.32051086425781
2014-08-07,32.38711166381836
2014-08-08,33.3399543762207
2014-08-11,34.09834671020508
2014-08-12,34.56505584716797
2014-08-13,35.401214599609375
2014-08-14,35.57624053955078
2014-08-15,35.138702392578125
2014-08-18,35.65400695800781
2014-08-19,35.984588623046875
2014-08-20,36.519351959228516
2014-08-21,36.71382141113281
2014-08-22,37.10273361206055
2014-08-25,36.57769012451172
2014-08-26,36.519351959228516
2014-08-27,36.18877410888672
2014-08-28,36.07209396362305
2014-08-29,36.791603088378906
2014-09-02,36.95688247680664
2014-09-03,36.840213775634766
2014-09-04,36.32489776611328
2014-09-05,36.645748138427734
2014-09-08,36.94716262817383
2014-09-09,36.412410736083984
2014-09-10,36.7624397277832
2014-09-11,36.9860725402832
2014-09-12,36.13045120239258
2014-09-15,35.51789093017578
2014-09-16,35.994327545166016
2014-09-17,35.401214599609375
2014-09-18,36.21794509887695
2014-09-19,35.69291305541992
2014-09-22,35.595672607421875
2014-09-23,35.65400695800781
2014-09-24,35.84846878051758
2014-09-25,34.82756423950195
2014-09-26,34.963687896728516
2014-09-29,34.78867721557617
2014-09-30,34.623382568359375
2014-10-01,34.16640853881836
2014-10-02,34.60395050048828
2014-10-03,34.95396041870117
2014-10-06,35.00257873535156
2014-10-07,33.95249557495117
2014-10-08,34.30253601074219
2014-10-09,34.04000473022461
2014-10-10,33.57331085205078
2014-10-13,32.30931854248047
2014-10-14,31.832901000976562
2014-10-15,32.45517349243164
2014-10-16,31.716232299804688
2014-10-17,33.33023452758789
2014-10-20,33.96222686767578
2014-10-21,34.701171875
2014-10-22,34.07890319824219
2014-10-23,35.23593521118164
2014-10-24,35.34288787841797
2014-10-27,35.84846878051758
2014-10-28,36.441566467285156
2014-10-29,37.83195877075195
2014-10-30,38.745914459228516
2014-10-31,39.83488464355469
2014-11-03,39.82516098022461
2014-11-04,39.51401901245117
2014-11-05,39.601531982421875
2014-11-06,39.66958236694336
2014-11-07,39.805702209472656
2014-11-10,40.116851806640625
2014-11-11,40.000179290771484
2014-11-12,40.05851364135742
2014-11-13,40.30158615112305
2014-11-14,40.32102584838867
2014-11-17,40.252960205078125
2014-11-18,41.6822395324707
2014-11-19,42.24617385864258
2014-11-20,41.95448303222656
2014-11-21,42.2947883605957
2014-11-24,42.39201736450195
2014-11-25,42.790645599365234
2014-11-26,42.46979522705078
2014-11-28,42.712860107421875
2014-12-01,41.95448303222656
2014-12-02,42.42118453979492
2014-12-03,44.715789794921875
2014-12-04,45.20194625854492
2014-12-05,45.367225646972656
2014-12-08,44.735233306884766
2014-12-09,44.31715774536133
2014-12-10,43.51987075805664
2014-12-11,43.86989974975586
2014-12-12,43.65599822998047
2014-12-15,44.19075012207031
2014-12-16,44.19075012207031
2014-12-17,44.78385543823242
2014-12-18,45.9311637878418
2014-12-19,46.14506912231445
2014-12-22,46.52426528930664
2014-12-23,46.5145378112793
2014-12-24,46.72844314575195
2014-12-26,46.990962982177734
2014-12-29,46.27146911621094
2014-12-30,46.06729507446289
2014-12-31,45.71726608276367
2015-01-02,45.571414947509766
2015-01-05,45.27972412109375
2015-01-06,44.68661880493164
2015-01-07,45.51308059692383
2015-01-08,46.796504974365234
2015-01-09,46.19367599487305
2015-01-12,45.75614547729492
2015-01-13,45.13388442993164
2015-01-14,45.600582122802734
2015-01-15,45.3477783203125
2015-01-16,46.75761032104492
2015-01-20,46.485374450683594
2015-01-21,46.73817825317383
2015-01-22,47.992427825927734
2015-01-23,48.410518646240234
2015-01-26,48.109100341796875
2015-01-27,47.06874084472656
2015-01-28,53.09697341918945
2015-01-29,53.79702377319336
2015-01-30,53.34003448486328
2015-02-02,53.44699478149414
2015-02-03,53.00947570800781
2015-02-04,53.04835891723633
2015-02-05,54.8276481628418
2015-02-06,53.612281799316406
2015-02-09,52.776100158691406
2015-02-10,53.2428092956543
2015-02-11,53.42753982543945
2015-02-12,54.64291763305664
2015-02-13,54.8276481628418
2015-02-17,55.187400817871094
2015-02-18,56.013851165771484
2015-02-19,55.55687713623047
2015-02-20,56.072181701660156
2015-02-23,55.95551681518555
2015-02-24,56.03329086303711
2015-02-25,55.79994583129883
2015-02-26,56.13052749633789
2015-02-27,55.59576416015625
2015-03-02,55.85828399658203
2015-03-03,55.099891662597656
2015-03-04,55.61520767211914
2015-03-05,55.79022216796875
2015-03-06,54.798484802246094
2015-03-09,55.099891662597656
2015-03-10,53.524776458740234
2015-03-11,53.56366729736328
2015-03-12,53.53450012207031
2015-03-13,53.76785659790039
2015-03-16,54.273433685302734
2015-03-17,52.669151306152344
2015-03-18,54.088706970214844
2015-03-19,54.40957260131836
2015-03-20,55.692996978759766
2015-03-23,55.68326187133789
2015-03-24,56.35415267944336
2015-03-25,54.53596115112305
2015-03-26,54.526241302490234
2015-03-27,56.62639617919922
2015-03-30,57.82231903076172
2015-03-31,57.19031524658203
2015-04-01,55.692996978759766
2015-04-02,56.0527458190918
2015-04-06,55.53743362426758
2015-04-07,56.19858932495117
2015-04-08,56.53889846801758
2015-04-09,55.90689468383789
2015-04-10,56.74306106567383
2015-04-13,55.74161148071289
2015-04-14,55.48881530761719
2015-04-15,55.28463363647461
2015-04-16,55.28463363647461
2015-04-17,54.47762680053711
2015-04-20,55.70270919799805
2015-04-21,57.394500732421875
2015-04-22,58.15289306640625
2015-04-23,58.22095489501953
2015-04-24,58.23067855834961
2015-04-27,58.182064056396484
2015-04-28,57.4722900390625
2015-04-29,56.99586486816406
2015-04-30,56.48054885864258
2015-05-01,57.68620300292969
2015-05-04,57.666748046875
2015-05-05,57.52090835571289
2015-05-06,59.24186706542969
2015-05-07,58.60015106201172
2015-05-08,60.165550231933594
2015-05-11,60.85586929321289
2015-05-12,60.72947311401367
2015-05-13,60.01969909667969
2015-05-14,61.342018127441406
2015-05-15,61.137840270996094
2015-05-18,61.546199798583984
2015-05-19,60.87532043457031
2015-05-20,60.51557159423828
2015-05-21,60.95309829711914
2015-05-22,60.82671356201172
2015-05-26,60.79752731323242
2015-05-27,62.090694427490234
2015-05-28,61.51703643798828
2015-05-29,61.02116394042969
2015-06-01,61.14755630493164
2015-06-02,61.235069274902344
2015-06-03,61.614261627197266
2015-06-04,60.8947639465332
2015-06-05,61.15728759765625
2015-06-08,59.95164108276367
2015-06-09,60.06831741333008
2015-06-10,60.79752731323242
2015-06-11,60.85586929321289
2015-06-12,61.011451721191406
2015-06-15,59.864139556884766
2015-06-16,61.1183967590332
2015-06-17,62.693511962890625
2015-06-18,63.46161651611328
2015-06-19,64.12275695800781
2015-06-22,64.77422332763672
2015-06-23,64.7353286743164
2015-06-24,65.80484771728516
2015-06-25,65.58120727539062
2015-06-26,65.75621795654297
2015-06-29,64.38530731201172
2015-06-30,64.65753936767578
2015-07-01,66.1159896850586
2015-07-02,65.92153930664062
2015-07-06,66.12571716308594
2015-07-07,67.95362854003906
2015-07-08,67.08827209472656
2015-07-09,68.54671478271484
2015-07-10,70.07321166992188
2015-07-13,71.50250244140625
2015-07-14,70.24824523925781
2015-07-15,70.49131774902344
2015-07-16,70.94828033447266
2015-07-17,71.4344253540039
2015-07-20,72.71788024902344
2015-07-21,71.63860321044922
2015-07-22,70.89966583251953
2015-07-23,69.82044219970703
2015-07-24,70.28712463378906
2015-07-27,69.24676513671875
2015-07-28,69.81071472167969
2015-07-29,70.18017578125
2015-07-30,70.29684448242188
2015-07-31,69.56763458251953
2015-08-03,69.00370025634766
2015-08-04,69.81071472167969
2015-08-05,73.07762145996094
2015-08-06,71.95948028564453
2015-08-07,71.32749938964844
2015-08-10,71.92057037353516
2015-08-11,71.77473449707031
2015-08-12,71.67750549316406
2015-08-13,71.34690856933594
2015-08-14,70.80242919921875
2015-08-17,71.65804290771484
2015-08-18,71.80390167236328
2015-08-19,69.62596130371094
2015-08-20,65.83401489257812
2015-08-21,63.71440505981445
2015-08-24,61.93511962890625
2015-08-25,61.7795524597168
2015-08-26,64.50196075439453
2015-08-27,65.29927062988281
2015-08-28,66.02849578857422
2015-08-31,64.31723022460938
2015-09-01,61.672607421875
2015-09-02,62.87824249267578
2015-09-03,63.96722412109375
2015-09-04,64.5311508178711
2015-09-08,66.60212707519531
2015-09-09,65.9020767211914
2015-09-10,66.83547973632812
2015-09-11,67.0007553100586
2015-09-14,66.456298828125
2015-09-15,67.45774841308594
2015-09-16,68.33281707763672
2015-09-17,69.09119415283203
2015-09-18,68.12863159179688
2015-09-21,68.62449645996094
2015-09-22,66.78685760498047
2015-09-23,67.53555297851562
2015-09-24,66.90354919433594
2015-09-25,67.564697265625
2015-09-28,64.61863708496094
2015-09-29,64.1714096069336
2015-09-30,65.87291717529297
2015-10-01,65.3381576538086
2015-10-02,64.6478271484375
2015-10-05,65.71733856201172
2015-10-06,64.70616149902344
2015-10-07,64.2783432006836
2015-10-08,63.97693634033203
2015-10-09,63.23799514770508
2015-10-12,66.22294616699219
2015-10-13,66.52435302734375
2015-10-14,68.61477661132812
2015-10-15,69.00370025634766
2015-10-16,69.72321319580078
2015-10-19,70.28712463378906
2015-10-20,70.29684448242188
2015-10-21,70.77327728271484
2015-10-22,72.47479248046875
2015-10-23,72.84425354003906
2015-10-26,72.02753448486328
2015-10-27,73.18455505371094
2015-10-28,74.64301300048828
2015-10-29,73.95266723632812
2015-10-30,70.07321166992188
2015-11-02,70.00515747070312
2015-11-03,69.90792083740234
2015-11-04,72.23169708251953
2015-11-05,72.00804901123047
2015-11-06,70.37462615966797
2015-11-09,68.97454071044922
2015-11-10,68.8675765991211
2015-11-11,69.32454681396484
2015-11-12,69.6745834350586
2015-11-13,67.95362854003906
2015-11-16,66.10626220703125
2015-11-17,66.21320343017578
2015-11-18,66.52435302734375
2015-11-19,69.11063385009766
2015-11-20,70.41352844238281
2015-11-23,67.0688247680664
2015-11-24,65.20203399658203
2015-11-25,67.58414459228516
2015-11-27,66.97160339355469
2015-11-30,65.91179656982422
2015-12-01,66.7285385131836
2015-12-02,67.4188461303711
2015-12-03,65.35758972167969
2015-12-04,68.4300308227539
2015-12-07,68.82869720458984
2015-12-08,69.02313232421875
2015-12-09,65.23119354248047
2015-12-10,64.5311508178711
2015-12-11,65.30897521972656
2015-12-14,67.7300033569336
2015-12-15,70.3260269165039
2015-12-16,70.04403686523438
2015-12-17,69.14955139160156
2015-12-18,67.0688247680664
2015-12-21,66.8062973022461
2015-12-22,67.15631866455078
2015-12-23,66.73822784423828
2015-12-24,67.0396728515625
2015-12-28,67.27304077148438
2015-12-29,67.91471862792969
2015-12-30,67.72026824951172
2015-12-31,66.8160400390625
2016-01-04,64.26862335205078
2016-01-05,63.14076614379883
2016-01-06,61.91567611694336
2016-01-07,60.72947311401367
2016-01-08,61.38091278076172
2016-01-11,62.43098831176758
2016-01-12,63.80192947387695
2016-01-13,61.62398910522461
2016-01-14,62.693511962890625
2016-01-15,64.22974395751953
2016-01-19,65.5034408569336
2016-01-20,64.99784088134766
2016-01-21,65.17285919189453
2016-01-22,67.43830871582031
2016-01-25,67.98274993896484
2016-01-26,68.8675765991211
2016-01-27,67.564697265625
2016-01-28,67.85639190673828
2016-01-29,62.76156997680664
2016-02-01,62.4212646484375
2016-02-02,58.97935104370117
2016-02-03,57.95843505859375
2016-02-04,57.102821350097656
2016-02-05,53.96231460571289
2016-02-08,54.759586334228516
2016-02-09,56.6361198425293
2016-02-10,57.34589385986328
2016-02-11,56.577789306640625
2016-02-12,57.60840606689453
2016-02-16,57.71536636352539
2016-02-17,58.182064056396484
2016-02-18,56.73334503173828
2016-02-19,57.91954803466797
2016-02-22,61.51703643798828
2016-02-23,59.815513610839844
2016-02-24,61.448978424072266
2016-02-25,62.88796615600586
2016-02-26,62.664344787597656
2016-02-29,62.46015167236328
2016-03-01,63.665802001953125
2016-03-02,64.25890350341797
2016-03-03,63.004638671875
2016-03-04,62.64490509033203
2016-03-07,61.82816696166992
2016-03-08,61.21562957763672
2016-03-09,62.14902114868164
2016-03-10,61.740657806396484
2016-03-11,62.68379211425781
2016-03-14,62.994930267333984
2016-03-15,63.89914321899414
2016-03-16,64.1714096069336
2016-03-17,62.87824249267578
2016-03-18,62.537933349609375
2016-03-21,62.16848373413086
2016-03-22,62.100406646728516
2016-03-23,63.24772262573242
2016-03-24,62.46015167236328
2016-03-28,62.849063873291016
2016-03-29,64.20055389404297
2016-03-30,64.57003784179688
2016-03-31,64.2783432006836
2016-04-01,64.0936050415039
2016-04-04,63.91861343383789
2016-04-05,63.63663101196289
2016-04-06,64.0061264038086
2016-04-07,62.15874481201172
2016-04-08,62.46015167236328
2016-04-11,61.41008377075195
2016-04-12,61.21562957763672
2016-04-13,62.97547149658203
2016-04-14,63.14076614379883
2016-04-15,64.98810577392578
2016-04-18,64.67697143554688
2016-04-19,64.35614013671875
2016-04-20,63.97693634033203
2016-04-21,64.34642028808594
2016-04-22,64.04499816894531
2016-04-25,64.10333251953125
2016-04-26,63.519954681396484
2016-04-27,61.594818115234375
2016-04-28,60.59335708618164
2016-04-29,60.136375427246094
2016-05-02,61.14755630493164
2016-05-03,60.36001205444336
2016-05-04,60.165550231933594
2016-05-05,60.51557159423828
2016-05-06,62.16848373413086
2016-05-09,62.73240280151367
2016-05-10,62.75184631347656
2016-05-11,71.34690856933594
2016-05-12,72.93177795410156
2016-05-13,73.1164779663086
2016-05-16,74.49714660644531
2016-05-17,73.05815887451172
2016-05-18,72.42616271972656
2016-05-19,71.46360778808594
2016-05-20,71.08441162109375
2016-05-23,71.2108154296875
2016-05-24,73.26233673095703
2016-05-25,72.86370849609375
2016-05-26,73.02900695800781
2016-05-27,73.6026611328125
2016-05-31,74.6235580444336
2016-06-01,74.49714660644531
2016-06-02,74.45825958251953
2016-06-03,74.24435424804688
2016-06-06,74.37077331542969
2016-06-07,75.10970306396484
2016-06-08,74.16657257080078
2016-06-09,74.13739776611328
2016-06-10,73.19428253173828
2016-06-13,72.18310546875
2016-06-14,72.45535278320312
2016-06-15,72.32894134521484
2016-06-16,72.92202758789062
2016-06-17,72.45535278320312
2016-06-20,73.22343444824219
2016-06-21,73.41792297363281
2016-06-22,72.72758483886719
2016-06-23,73.94293975830078
2016-06-24,71.18163299560547
2016-06-27,69.51898193359375
2016-06-28,70.58853149414062
2016-06-29,71.69693756103516
2016-06-30,73.66097259521484
2016-07-01,73.76793670654297
2016-07-05,73.78739929199219
2016-07-06,74.61381530761719
2016-07-07,74.49714660644531
2016-07-08,76.09172821044922
2016-07-11,76.97650909423828
2016-07-12,77.30709075927734
2016-07-13,75.46946716308594
2016-07-14,75.88754272460938
2016-07-15,75.67362213134766
2016-07-18,76.09172821044922
2016-07-19,74.38047790527344
2016-07-20,74.574951171875
2016-07-21,73.29149627685547
2016-07-22,74.21517944335938
2016-07-25,74.7694091796875
2016-07-26,74.71106719970703
2016-07-27,74.54576873779297
2016-07-28,74.16657257080078
2016-07-29,74.2054672241211
2016-08-01,74.50688171386719
2016-08-02,74.6527099609375
2016-08-03,76.45147705078125
2016-08-04,76.06256866455078
2016-08-05,77.6279525756836
2016-08-08,77.07372283935547
2016-08-09,76.50982666015625
2016-08-10,76.39313507080078
2016-08-11,75.69306945800781
2016-08-12,75.28470611572266
2016-08-15,77.2779312133789
2016-08-16,75.88754272460938
2016-08-17,77.55988311767578
2016-08-18,78.73635864257812
2016-08-19,79.4947509765625
2016-08-22,79.23223876953125
2016-08-23,80.02948760986328
2016-08-24,80.13646697998047
2016-08-25,79.29056549072266
2016-08-26,78.9599838256836
2016-08-29,79.25167846679688
2016-08-30,79.46556091308594
2016-08-31,78.97944641113281
2016-09-01,79.4947509765625
2016-09-02,81.14763641357422
2016-09-06,81.5462875366211
2016-09-07,80.45732116699219
2016-09-08,79.88365173339844
2016-09-09,77.64739227294922
2016-09-12,78.60025024414062
2016-09-13,78.62940979003906
2016-09-14,78.59048461914062
2016-09-15,81.06014251708984
2016-09-16,80.59342956542969
2016-09-19,80.47675323486328
2016-09-20,80.69068145751953
2016-09-21,81.15737915039062
2016-09-22,80.86569213867188
2016-09-23,81.92549133300781
2016-09-26,81.1865463256836
2016-09-27,82.83944702148438
2016-09-28,82.64498901367188
2016-09-29,81.92549133300781
2016-09-30,83.03390502929688
2016-10-03,83.04362487792969
2016-10-04,83.189453125
2016-10-05,83.10195922851562
2016-10-06,82.23662567138672
2016-10-07,81.4879379272461
2016-10-10,82.39217376708984
2016-10-11,81.06014251708984
2016-10-12,80.24341583251953
2016-10-13,79.4947509765625
2016-10-14,80.30175018310547
2016-10-17,80.03925323486328
2016-10-18,81.68242645263672
2016-10-19,80.467041015625
2016-10-20,80.23370361328125
2016-10-21,80.57401275634766
2016-10-24,81.81853485107422
2016-10-25,80.64205169677734
2016-10-26,80.29202270507812
2016-10-27,80.42815399169922
2016-10-28,77.24874114990234
2016-10-31,76.34449768066406
2016-11-01,75.68333435058594
2016-11-02,76.92789459228516
2016-11-03,78.28910064697266
2016-11-04,77.9974136352539
2016-11-07,78.83360290527344
2016-11-08,79.23223876953125
2016-11-09,77.2390365600586
2016-11-10,74.66244506835938
2016-11-11,75.30413818359375
2016-11-14,74.26380157470703
2016-11-15,75.46946716308594
2016-11-16,76.64591979980469
2016-11-17,77.41404724121094
2016-11-18,76.80149841308594
2016-11-21,76.09172821044922
2016-11-22,75.5958480834961
2016-11-23,77.15150451660156
2016-11-25,76.97650909423828
2016-11-28,76.54869842529297
2016-11-29,79.11552429199219
2016-11-30,77.04457092285156
2016-12-01,73.4859619140625
2016-12-02,73.75820922851562
2016-12-05,75.30413818359375
2016-12-06,74.74022674560547
2016-12-07,75.7903060913086
2016-12-08,75.62503814697266
2016-12-09,76.56814575195312
2016-12-12,78.38633728027344
2016-12-13,78.52247619628906
2016-12-14,78.4641342163086
2016-12-15,79.25167846679688
2016-12-16,77.30709075927734
2016-12-19,77.29736328125
2016-12-20,77.29736328125
2016-12-21,77.45293426513672
2016-12-22,77.579345703125
2016-12-23,78.43495178222656
2016-12-27,78.83360290527344
2016-12-28,78.1529769897461
2016-12-29,77.93907928466797
2016-12-30,76.5778579711914
2017-01-03,76.97650909423828
2017-01-04,78.39605712890625
2017-01-05,76.77232360839844
2017-01-06,76.8209228515625
2017-01-09,76.46118927001953
2017-01-10,76.66536712646484
2017-01-11,76.83067321777344
2017-01-12,77.39460754394531
2017-01-13,78.12381744384766
2017-01-17,78.00714874267578
2017-01-18,78.298828125
2017-01-19,78.1529769897461
2017-01-20,77.90019226074219
2017-01-23,77.66683959960938
2017-01-24,78.27938079833984
2017-01-25,79.22250366210938
2017-01-26,79.43639373779297
2017-01-27,80.85595703125
2017-01-30,81.5171127319336
2017-01-31,81.11849975585938
2017-02-01,80.70038604736328
2017-02-02,80.22396850585938
2017-02-03,79.02803802490234
2017-02-06,79.26139068603516
2017-02-07,79.93228912353516
2017-02-08,79.22250366210938
2017-02-09,80.95320129394531
2017-02-10,83.78255462646484
2017-02-13,83.92839813232422
2017-02-14,83.67561340332031
2017-02-15,85.51324462890625
2017-02-16,85.41602325439453
2017-02-17,84.88126373291016
2017-02-21,85.1146240234375
2017-02-22,84.95906066894531
2017-02-23,84.249267578125
2017-02-24,84.14231872558594
2017-02-27,84.5895767211914
2017-02-28,84.10342407226562
2017-03-01,85.38684844970703
2017-03-02,84.59928894042969
2017-03-03,84.82291412353516
2017-03-06,84.72569274902344
2017-03-07,85.85356903076172
2017-03-08,86.53414916992188
2017-03-09,86.56332397460938
2017-03-10,87.32172393798828
2017-03-13,88.21621704101562
2017-03-14,88.38150024414062
2017-03-15,88.97462463378906
2017-03-16,87.7009048461914
2017-03-17,87.10781860351562
2017-03-20,86.68972778320312
2017-03-21,85.96051025390625
2017-03-22,86.2813491821289
2017-03-23,86.15496063232422
2017-03-24,86.87446594238281
2017-03-27,86.5536117553711
2017-03-28,87.25364685058594
2017-03-29,87.29254913330078
2017-03-30,87.75924682617188
2017-03-31,87.03974151611328
2017-04-03,86.64111328125
2017-04-04,86.80641174316406
2017-04-05,85.95077514648438
2017-04-06,86.1063461303711
2017-04-07,86.27163696289062
2017-04-10,86.2813491821289
2017-04-11,87.19532012939453
2017-04-12,87.45783233642578
2017-04-13,86.5536117553711
2017-04-17,86.73833465576172
2017-04-18,86.72863006591797
2017-04-19,87.16613006591797
2017-04-20,88.68291473388672
2017-04-21,89.3927001953125
2017-04-24,90.23858642578125
2017-04-25,90.41360473632812
2017-04-26,90.90947723388672
2017-04-27,91.62899780273438
2017-04-28,92.19290924072266
2017-05-01,92.16374969482422
2017-05-02,91.6386947631836
2017-05-03,91.50255584716797
2017-05-04,92.13459014892578
2017-05-05,93.08740997314453
2017-05-08,93.07769012451172
2017-05-09,93.34992980957031
2017-05-10,105.1633071899414
2017-05-11,105.5716552734375
2017-05-12,106.06754302978516
2017-05-15,107.82738494873047
2017-05-16,108.66357421875
2017-05-17,102.3241958618164
2017-05-18,103.9673843383789
2017-05-19,104.65773010253906
2017-05-22,105.38693237304688
2017-05-23,105.9897689819336
2017-05-24,109.19831848144531
2017-05-25,110.67622375488281
2017-05-26,109.02330780029297
2017-05-30,109.72334289550781
2017-05-31,110.1900634765625
2017-06-01,110.71511840820312
2017-06-02,111.34708404541016
2017-06-05,111.51239776611328
2017-06-06,110.54009246826172
2017-06-07,112.17355346679688
2017-06-08,111.12348175048828
2017-06-09,107.39957427978516
2017-06-12,105.88280487060547
2017-06-13,106.932861328125
2017-06-14,106.97175598144531
2017-06-15,107.46764373779297
2017-06-16,107.44821166992188
2017-06-19,110.50120544433594
2017-06-20,110.32618713378906
2017-06-21,110.03450775146484
2017-06-22,109.49974822998047
2017-06-23,107.79822540283203
2017-06-26,108.76079559326172
2017-06-27,105.31888580322266
2017-06-28,105.79530334472656
2017-06-29,103.72431182861328
2017-06-30,102.79092407226562
2017-07-03,102.49919891357422
2017-07-05,103.80209350585938
2017-07-06,102.82006072998047
2017-07-07,104.47296905517578
2017-07-10,104.85214233398438
2017-07-11,105.41609954833984
2017-07-12,107.6135025024414
2017-07-13,105.96057891845703
2017-07-14,105.97029113769531
2017-07-17,106.40785217285156
2017-07-18,107.22456359863281
2017-07-19,108.48856353759766
2017-07-20,108.86772918701172
2017-07-21,109.11083221435547
2017-07-24,110.59843444824219
2017-07-25,110.51093292236328
2017-07-26,114.73066711425781
2017-07-27,114.34175109863281
2017-07-28,114.97374725341797
2017-07-31,113.50558471679688
2017-08-01,113.68059539794922
2017-08-02,113.59308624267578
2017-08-03,115.55711364746094
2017-08-04,113.9723129272461
2017-08-07,113.71949768066406
2017-08-08,113.2722396850586
2017-08-09,112.8930435180664
2017-08-10,110.83177947998047
2017-08-11,112.25132751464844
2017-08-14,113.86532592773438
2017-08-15,114.17647552490234
2017-08-16,115.94602966308594
2017-08-17,113.24308013916016
2017-08-18,113.6417007446289
2017-08-21,113.60282135009766
2017-08-22,115.73214721679688
2017-08-23,114.90570068359375
2017-08-24,114.5556640625
2017-08-25,113.69031524658203
2017-08-28,115.44047546386719
2017-08-29,115.92659759521484
2017-08-30,118.59069061279297
2017-08-31,118.13372802734375
2017-09-01,116.0043716430664
2017-09-05,114.93486022949219
2017-09-06,113.7583999633789
2017-09-07,115.6349105834961
2017-09-08,115.0029296875
2017-09-11,117.83230590820312
2017-09-12,117.07389831542969
2017-09-13,116.28636169433594
2017-09-14,115.88772583007812
2017-09-15,116.11134338378906
2017-09-18,116.63636779785156
2017-09-19,116.87945556640625
2017-09-20,117.005859375
2017-09-21,114.75011444091797
2017-09-22,115.21681213378906
2017-09-25,111.03595733642578
2017-09-26,110.76371765136719
2017-09-27,112.75691986083984
2017-09-28,113.37918853759766
2017-09-29,114.78900146484375
2017-10-02,114.68206024169922
2017-10-03,114.69178771972656
2017-10-04,115.27517700195312
2017-10-05,116.20857238769531
2017-10-06,116.76276397705078
2017-10-09,115.33349609375
2017-10-10,114.5556640625
2017-10-11,112.8346939086914
2017-10-12,113.89452362060547
2017-10-13,115.33349609375
2017-10-16,114.22509002685547
2017-10-17,112.76663970947266
2017-10-18,110.02477264404297
2017-10-19,109.93727111816406
2017-10-20,110.4720458984375
2017-10-23,110.51093292236328
2017-10-24,110.2484130859375
2017-10-25,111.38599395751953
2017-10-26,112.62080383300781
2017-10-27,113.65144348144531
2017-10-30,114.32233428955078
2017-10-31,116.28636169433594
2017-11-01,111.29849243164062
2017-11-02,109.56778717041016
2017-11-03,110.06366729736328
2017-11-06,109.34417724609375
2017-11-07,108.605224609375
2017-11-08,110.98735046386719
2017-11-09,108.78996276855469
2017-11-10,109.62615203857422
2017-11-13,108.90664672851562
2017-11-14,109.15941619873047
2017-11-15,108.39132690429688
2017-11-16,108.50800323486328
2017-11-17,105.80502319335938
2017-11-20,104.65773010253906
2017-11-21,104.72578430175781
2017-11-22,104.34656524658203
2017-11-24,104.94940948486328
2017-11-27,104.02571105957031
2017-11-28,106.43701171875
2017-11-29,102.5672836303711
2017-11-30,103.40345001220703
2017-12-01,103.08258056640625
2017-12-04,98.03639221191406
2017-12-05,100.51573181152344
2017-12-06,100.32128143310547
2017-12-07,101.4782943725586
2017-12-08,102.3533706665039
2017-12-11,104.9299545288086
2017-12-12,104.67716217041016
2017-12-13,102.61590576171875
2017-12-14,103.47151184082031
2017-12-15,106.25228118896484
2017-12-18,104.36603546142578
2017-12-19,104.03543853759766
2017-12-20,105.4452896118164
2017-12-21,104.97858428955078
2017-12-22,103.08258056640625
2017-12-26,102.14920043945312
2017-12-27,102.31450653076172
2017-12-28,102.39226531982422
2017-12-29,102.14920043945312
2018-01-02,106.41755676269531
2018-01-03,106.70923614501953
2018-01-04,104.22018432617188
2018-01-05,109.27613067626953
2018-01-08,110.08312225341797
2018-01-09,109.0719223022461
2018-01-10,109.13998413085938
2018-01-11,108.89691162109375
2018-01-12,109.99562072753906
2018-01-16,108.81914520263672
2018-01-17,110.00531768798828
2018-01-18,112.08604431152344
2018-01-19,112.96109771728516
2018-01-22,114.72096252441406
2018-01-23,114.4098129272461
2018-01-24,111.48322296142578
2018-01-25,111.32764434814453
2018-01-26,112.00825500488281
2018-01-29,114.39036560058594
2018-01-30,115.4112777709961
2018-01-31,123.44242858886719
2018-02-01,124.62861633300781
2018-02-02,121.07975006103516
2018-02-05,118.26982116699219
2018-02-06,119.71854400634766
2018-02-07,119.6407699584961
2018-02-08,113.31114959716797
2018-02-09,117.29753875732422
2018-02-12,118.83375549316406
2018-02-13,118.89210510253906
2018-02-14,120.34081268310547
2018-02-15,122.97573852539062
2018-02-16,122.52845764160156
2018-02-20,122.83960723876953
2018-02-21,121.43950653076172
2018-02-22,121.15753936767578
2018-02-23,123.57854461669922
2018-02-26,125.00782775878906
2018-02-27,122.3145751953125
2018-02-28,120.27275085449219
2018-03-01,118.78516387939453
2018-03-02,121.6242446899414
2018-03-05,122.60626220703125
2018-03-06,121.09921264648438
2018-03-07,123.64662170410156
2018-03-08,125.25090789794922
2018-03-09,124.93004608154297
2018-03-12,124.57030487060547
2018-03-13,123.06324005126953
2018-03-14,124.42445373535156
2018-03-15,125.54257202148438
2018-03-16,124.9592056274414
2018-03-19,121.96454620361328
2018-03-20,123.33548736572266
2018-03-21,122.50902557373047
2018-03-22,119.57272338867188
2018-03-23,118.07535552978516
2018-03-26,122.93683624267578
2018-03-27,116.65582275390625
2018-03-28,116.02381896972656
2018-03-29,117.88090515136719
2018-04-02,115.43073272705078
2018-04-03,116.19883728027344
2018-04-04,116.7822265625
2018-04-05,117.87117767333984
2018-04-06,115.08070373535156
2018-04-09,115.56684112548828
2018-04-10,117.3656005859375
2018-04-11,115.48906707763672
2018-04-12,117.73505401611328
2018-04-13,117.19059753417969
2018-04-16,118.80460357666016
2018-04-17,120.86585998535156
2018-04-18,121.46867370605469
2018-04-19,119.6991195678711
2018-04-20,117.54061889648438
2018-04-23,116.28636169433594
2018-04-24,115.30432891845703
2018-04-25,113.44722747802734
2018-04-26,116.28636169433594
2018-04-27,114.21536254882812
2018-04-30,114.71123504638672
2018-05-01,116.50997924804688
2018-05-02,115.64463806152344
2018-05-03,116.840576171875
2018-05-04,120.21442413330078
2018-05-07,120.4866714477539
2018-05-08,120.45750427246094
2018-05-09,127.38023376464844
2018-05-10,130.05401611328125
2018-05-11,129.13034057617188
2018-05-14,128.85809326171875
2018-05-15,126.50517272949219
2018-05-16,127.2343978881836
2018-05-17,127.1857681274414
2018-05-18,128.3428192138672
2018-05-21,129.22755432128906
2018-05-22,128.51780700683594
2018-05-23,129.8012237548828
2018-05-24,127.83722686767578
2018-05-25,128.19692993164062
2018-05-29,127.61357116699219
2018-05-30,127.73023223876953
2018-05-31,127.28297424316406
2018-06-01,131.93055725097656
2018-06-04,130.9290771484375
2018-06-05,133.1653594970703
2018-06-06,133.14593505859375
2018-06-07,133.11676025390625
2018-06-08,134.05010986328125
2018-06-11,135.304443359375
2018-06-12,135.90725708007812
2018-06-13,139.3102569580078
2018-06-14,140.3895263671875
2018-06-15,142.5869140625
2018-06-18,140.84652709960938
2018-06-19,139.1255340576172
2018-06-20,139.56304931640625
2018-06-21,139.18386840820312
2018-06-22,137.34620666503906
2018-06-25,136.626708984375
2018-06-26,136.48089599609375
2018-06-27,133.93348693847656
2018-06-28,136.73367309570312
2018-06-29,137.1129150390625
2018-07-02,139.50473022460938
2018-07-03,137.31704711914062
2018-07-05,139.26162719726562
2018-07-06,141.07984924316406
2018-07-09,140.63259887695312
2018-07-10,140.19508361816406
2018-07-11,141.68270874023438
2018-07-12,144.4925994873047
2018-07-13,144.6092529296875
2018-07-16,142.61602783203125
2018-07-17,144.61900329589844
2018-07-18,144.80369567871094
2018-07-19,143.86062622070312
2018-07-20,143.3938751220703
2018-07-23,142.49940490722656
2018-07-24,140.32144165039062
2018-07-25,142.44105529785156
2018-07-26,137.96853637695312
2018-07-27,130.1026611328125
2018-07-30,122.71320343017578
2018-07-31,125.1828384399414
2018-08-01,123.94805145263672
2018-08-02,125.0855941772461
2018-08-03,127.2441177368164
2018-08-06,125.45508575439453
2018-08-07,124.55085754394531
2018-08-08,124.85224151611328
2018-08-09,124.27857971191406
2018-08-10,127.68164825439453
2018-08-13,127.68164825439453
2018-08-14,128.25527954101562
2018-08-15,124.50222778320312
2018-08-16,126.11627197265625
2018-08-17,124.46332550048828
2018-08-20,124.17166900634766
2018-08-21,123.24797821044922
2018-08-22,124.08415222167969
2018-08-23,122.61598205566406
2018-08-24,125.396728515625
2018-08-27,125.396728515625
2018-08-28,124.24943542480469
2018-08-29,124.9592056274414
2018-08-30,112.7277603149414
2018-08-31,110.26785278320312
2018-09-04,110.37480163574219
2018-09-05,108.45936584472656
2018-09-06,110.06366729736328
2018-09-07,111.7262954711914
2018-09-10,110.07339477539062
2018-09-11,109.17888641357422
2018-09-12,109.86922454833984
2018-09-13,110.68594360351562
2018-09-14,111.10400390625
2018-09-17,109.56778717041016
2018-09-18,109.5289077758789
2018-09-19,109.7914047241211
2018-09-20,110.32618713378906
2018-09-21,111.83324432373047
2018-09-24,112.04715728759766
2018-09-25,113.02913665771484
2018-09-26,114.81819915771484
2018-09-27,116.07244110107422
2018-09-28,117.15169525146484
2018-10-01,114.29315185546875
2018-10-02,113.80701446533203
2018-10-03,113.16529846191406
2018-10-04,110.85124206542969
2018-10-05,110.57896423339844
2018-10-08,107.5551528930664
2018-10-09,106.4564437866211
2018-10-10,102.2367172241211
2018-10-11,100.72965240478516
2018-10-12,103.16039276123047
2018-10-15,102.94648742675781
2018-10-16,104.4438247680664
2018-10-17,105.77584838867188
2018-10-18,102.86869049072266
2018-10-19,99.28093719482422
2018-10-22,98.55171966552734
2018-10-23,96.34458923339844
2018-10-24,93.5832748413086
2018-10-25,95.90706634521484
2018-10-26,93.55413055419922
2018-10-29,88.66348266601562
2018-10-30,92.20264434814453
2018-10-31,88.45930480957031
2018-11-01,91.59007263183594
2018-11-02,89.8982925415039
2018-11-05,90.1219253540039
2018-11-06,89.6746826171875
2018-11-07,91.20116424560547
2018-11-08,91.26923370361328
2018-11-09,86.42721557617188
2018-11-12,85.23126983642578
2018-11-13,84.96875
2018-11-14,83.3839340209961
2018-11-15,85.80494689941406
2018-11-16,83.58810424804688
2018-11-19,80.73929595947266
2018-11-20,80.71983337402344
2018-11-21,81.692138671875
2018-11-23,80.37952423095703
2018-11-26,82.57691955566406
2018-11-27,82.68388366699219
2018-11-28,83.52005004882812
2018-11-29,83.99647521972656
2018-11-30,81.74075317382812
2018-12-03,81.67268371582031
2018-12-04,78.93081665039062
2018-12-06,81.5560073852539
2018-12-07,80.23370361328125
2018-12-10,81.41018676757812
2018-12-11,81.12821197509766
2018-12-12,80.69068145751953
2018-12-13,78.61968231201172
2018-12-14,77.93907928466797
2018-12-17,77.03485107421875
2018-12-18,77.78349304199219
2018-12-19,76.18894958496094
2018-12-20,75.29444122314453
2018-12-21,74.44855499267578
2018-12-24,72.64979553222656
2018-12-26,75.73197174072266
2018-12-27,77.22929382324219
2018-12-28,77.1029052734375
2018-12-31,76.72370910644531
2019-01-02,78.14326477050781
2019-01-03,76.52923583984375
2019-01-04,82.0810546875
2019-01-07,85.16321563720703
2019-01-08,86.5536117553711
2019-01-09,86.44664001464844
2019-01-10,88.48849487304688
2019-01-11,88.18704986572266
2019-01-14,86.12579345703125
2019-01-15,87.01057434082031
2019-01-16,87.42864990234375
2019-01-17,86.83555603027344
2019-01-18,89.95662689208984
2019-01-22,88.78013610839844
2019-01-23,86.66055297851562
2019-01-24,88.94546508789062
2019-01-25,89.19822692871094
2019-01-28,87.96343231201172
2019-01-29,84.82291412353516
2019-01-30,86.75779724121094
2019-01-31,89.68440246582031
2019-02-01,88.69264221191406
2019-02-04,85.97994995117188
2019-02-05,89.95662689208984
2019-02-06,77.98770141601562
2019-02-07,81.7699203491211
2019-02-08,94.89588928222656
2019-02-11,94.54586029052734
2019-02-12,99.49481964111328
2019-02-13,99.41703033447266
2019-02-14,102.33393859863281
2019-02-15,103.87989807128906
2019-02-19,100.1073989868164
2019-02-20,95.89735412597656
2019-02-21,94.1763687133789
2019-02-22,93.2624282836914
2019-02-25,93.20408630371094
2019-02-26,95.77094268798828
2019-02-27,95.1292495727539
2019-02-28,93.12631225585938
2019-03-01,94.7111587524414
2019-03-04,94.5944595336914
2019-03-05,93.06798553466797
2019-03-06,92.14429473876953
2019-03-07,96.60711669921875
2019-03-08,95.63482666015625
2019-03-11,96.29598236083984
2019-03-12,95.85845947265625
2019-03-13,97.35578918457031
2019-03-14,96.09180450439453
2019-03-15,96.23765563964844
2019-03-18,96.89881896972656
2019-03-19,94.80838012695312
2019-03-20,94.34166717529297
2019-03-21,101.97419738769531
2019-03-22,99.50457000732422
2019-03-25,98.91146087646484
2019-03-26,99.48512268066406
2019-03-27,97.8808364868164
2019-03-28,99.3684310913086
2019-03-29,98.8142318725586
2019-04-01,99.82540893554688
2019-04-02,98.04612731933594
2019-04-03,97.37523651123047
2019-04-04,95.22647094726562
2019-04-05,96.67517852783203
2019-04-08,95.23617553710938
2019-04-09,95.52788543701172
2019-04-10,96.86961364746094
2019-04-11,97.79332733154297
2019-04-12,99.00870513916016
2019-04-15,95.13896179199219
2019-04-16,91.23033142089844
2019-04-17,89.40242767333984
2019-04-18,90.5594482421875
2019-04-22,89.95662689208984
2019-04-23,92.00814819335938
2019-04-24,91.54145812988281
2019-04-25,90.40389251708984
2019-04-26,91.85260772705078
2019-04-29,92.10540771484375
2019-04-30,92.0276107788086
2019-05-01,92.23180389404297
2019-05-02,91.78456115722656
2019-05-03,89.93719482421875
2019-05-06,91.16226196289062
2019-05-07,90.16080474853516
2019-05-08,91.27894592285156
2019-05-09,90.73445129394531
2019-05-10,91.27894592285156
2019-05-13,87.91481018066406
2019-05-14,91.9498291015625
2019-05-15,94.0888900756836
2019-05-16,96.25708770751953
2019-05-17,94.56529235839844
2019-05-20,90.1219253540039
2019-05-21,92.9999008178711
2019-05-22,91.24004364013672
2019-05-23,89.5579833984375
2019-05-24,89.71355438232422
2019-05-28,90.90947723388672
2019-05-29,89.98579406738281
2019-05-30,89.57742309570312
2019-05-31,90.50111389160156
2019-06-03,88.78013610839844
2019-06-04,91.52203369140625
2019-06-05,92.61100769042969
2019-06-06,93.71941375732422
2019-06-07,94.30278015136719
2019-06-10,92.86380767822266
2019-06-11,91.95955657958984
2019-06-12,90.10246276855469
2019-06-13,90.97754669189453
2019-06-14,90.16080474853516
2019-06-17,89.87883758544922
2019-06-18,89.48020935058594
2019-06-19,90.01498413085938
2019-06-20,90.60808563232422
2019-06-21,92.68878936767578
2019-06-24,96.25708770751953
2019-06-25,94.21530151367188
2019-06-26,94.62364959716797
2019-06-27,96.39321899414062
2019-06-28,98.4544677734375
2019-07-01,98.0947265625
2019-07-02,99.87400817871094
2019-07-03,95.39176177978516
2019-07-05,91.00672912597656
2019-07-08,90.85112762451172
2019-07-09,89.49966430664062
2019-07-10,91.35674285888672
2019-07-11,90.89974975585938
2019-07-12,90.24829864501953
2019-07-15,89.66495513916016
2019-07-16,87.06891632080078
2019-07-17,87.21476745605469
2019-07-18,86.71890258789062
2019-07-19,85.07571411132812
2019-07-22,85.69796752929688
2019-07-23,85.77576446533203
2019-07-24,87.29254913330078
2019-07-25,86.68972778320312
2019-07-26,87.0300064086914
2019-07-29,86.40776824951172
2019-07-30,86.11607360839844
2019-07-31,89.93719482421875
2019-08-01,91.97900390625
2019-08-02,90.31636810302734
2019-08-05,86.13551330566406
2019-08-06,87.60369110107422
2019-08-07,89.71355438232422
2019-08-08,92.59156036376953
2019-08-09,89.42185974121094
2019-08-12,89.22740936279297
2019-08-13,89.78163146972656
2019-08-14,85.6590805053711
2019-08-15,85.44518280029297
2019-08-16,87.07865142822266
2019-08-19,88.39122772216797
2019-08-20,90.13164520263672
2019-08-21,91.43453216552734
2019-08-22,91.99844360351562
2019-08-23,90.33583068847656
2019-08-26,91.76510620117188
2019-08-27,91.4539566040039
2019-08-28,89.83995056152344
2019-08-29,90.45250701904297
2019-08-30,91.08447265625
2019-09-03,92.20264434814453
2019-09-04,95.23617553710938
2019-09-05,94.75004577636719
2019-09-06,95.80011749267578
2019-09-09,95.9459457397461
2019-09-10,96.74325561523438
2019-09-11,96.36404418945312
2019-09-12,95.61536407470703
2019-09-13,95.75149536132812
2019-09-16,96.373779296875
2019-09-17,95.69314575195312
2019-09-18,95.55706787109375
2019-09-19,96.92799377441406
2019-09-20,95.96542358398438
2019-09-23,95.45980072021484
2019-09-24,94.66253662109375
2019-09-25,94.925048828125
2019-09-26,93.94302368164062
2019-09-27,93.01933288574219
2019-09-30,95.10977935791016
2019-10-01,94.06944274902344
2019-10-02,91.6386947631836
2019-10-03,91.7261962890625
2019-10-04,92.96102905273438
2019-10-07,90.97754669189453
2019-10-08,89.97607421875
2019-10-09,90.3066635131836
2019-10-10,89.96635437011719
2019-10-11,91.58035278320312
2019-10-14,91.27894592285156
2019-10-15,92.5137710571289
2019-10-16,93.55413055419922
2019-10-17,94.07915496826172
2019-10-18,92.49431610107422
2019-10-21,93.15546417236328
2019-10-22,91.68730163574219
2019-10-23,93.05824279785156
2019-10-24,93.3207778930664
2019-10-25,93.6416244506836
2019-10-28,94.0402603149414
2019-10-29,91.79427337646484
2019-10-30,94.0402603149414
2019-10-31,93.72914123535156
2019-11-01,92.65961456298828
2019-11-04,95.43064880371094
2019-11-05,95.5375747680664
2019-11-06,95.93623352050781
2019-11-07,94.53614807128906
2019-11-08,95.54731750488281
2019-11-11,93.71941375732422
2019-11-12,93.66107940673828
2019-11-13,93.3402099609375
2019-11-14,94.83756256103516
2019-11-15,94.83756256103516
2019-11-18,94.69169616699219
2019-11-19,94.01109313964844
2019-11-20,95.4014892578125
2019-11-21,96.26679992675781
2019-11-22,96.44182586669922
2019-11-25,97.03492736816406
2019-11-26,96.52933502197266
2019-11-27,97.99751281738281
2019-11-29,98.2114028930664
2019-12-02,97.61831665039062
2019-12-03,98.46421813964844
2019-12-04,97.84191131591797
2019-12-05,99.29066467285156
2019-12-06,100.3698959350586
2019-12-09,99.20315551757812
2019-12-10,99.01840209960938
2019-12-11,100.34073638916016
2019-12-12,102.17835998535156
2019-12-13,101.65332794189453
2019-12-16,102.79092407226562
2019-12-17,102.82006072998047
2019-12-18,104.11321258544922
2019-12-19,104.36603546142578
2019-12-20,104.95911407470703
2019-12-23,104.80357360839844
2019-12-24,105.5425033569336
2019-12-26,105.50360107421875
2019-12-27,105.42582702636719
2019-12-30,103.9673843383789
2019-12-31,104.53131866455078
2020-01-02,104.36603546142578
2020-01-03,104.22991943359375
2020-01-06,105.76612091064453
2020-01-07,105.38693237304688
2020-01-08,106.4564437866211
2020-01-09,106.3300552368164
2020-01-10,105.5813980102539
2020-01-13,106.77731323242188
2020-01-14,106.54396057128906
2020-01-15,106.57313537597656
2020-01-16,108.17741394042969
2020-01-17,109.80115509033203
2020-01-21,109.2955551147461
2020-01-22,109.95671844482422
2020-01-23,110.3359146118164
2020-01-24,109.2177734375
2020-01-27,107.49681854248047
2020-01-28,108.79967498779297
2020-01-29,109.10110473632812
2020-01-30,108.54686737060547
2020-01-31,104.9299545288086
2020-02-03,102.12974548339844
2020-02-04,104.10352325439453
2020-02-05,104.83273315429688
2020-02-06,106.95233154296875
2020-02-07,106.06754302978516
2020-02-10,105.68832397460938
2020-02-11,106.01895141601562
2020-02-12,106.68006896972656
2020-02-13,105.82447052001953
2020-02-14,106.65093231201172
2020-02-18,106.42729187011719
2020-02-19,106.73844146728516
2020-02-20,106.17449951171875
2020-02-21,105.01747131347656
2020-02-24,104.06462097167969
2020-02-25,102.46031951904297
2020-02-26,103.58818054199219
2020-02-27,99.89347076416016
2020-02-28,98.56143951416016
2020-03-02,103.9284896850586
2020-03-03,103.74376678466797
2020-03-04,108.73163604736328
2020-03-05,107.15650939941406
2020-03-06,104.68688201904297
2020-03-09,98.13362121582031
2020-03-10,100.51573181152344
2020-03-11,98.37670135498047
2020-03-12,90.76363372802734
2020-03-13,94.37083435058594
2020-03-16,86.21328735351562
2020-03-17,92.76654815673828
2020-03-18,87.71062469482422
2020-03-19,87.5647964477539
2020-03-20,84.53121948242188
2020-03-23,92.82489776611328
2020-03-24,91.68730163574219
2020-03-25,87.15642547607422
2020-03-26,96.45154571533203
2020-03-27,92.7276611328125
2020-03-30,94.98339080810547
2020-03-31,97.39468383789062
2020-04-01,94.82781982421875
2020-04-02,99.45594787597656
2020-04-03,99.9809799194336
2020-04-06,103.55902862548828
2020-04-07,103.3742904663086
2020-04-08,103.84098815917969
2020-04-09,102.86869049072266
2020-04-13,106.271728515625
2020-04-14,108.92610931396484
2020-04-15,110.3650894165039
2020-04-16,114.8279037475586
2020-04-17,111.95964050292969
2020-04-20,112.21243286132812
2020-04-21,110.13172912597656
2020-04-22,111.39570617675781
2020-04-23,111.28876495361328
2020-04-24,113.0875015258789
2020-04-27,112.80553436279297
2020-04-28,108.2649154663086
2020-04-29,109.6552963256836
2020-04-30,111.09429931640625
2020-05-01,110.13172912597656
2020-05-04,113.59308624267578
2020-05-05,116.29606628417969
2020-05-06,112.12493133544922
2020-05-07,113.56393432617188
2020-05-08,113.38892364501953
2020-05-11,114.1181411743164
2020-05-12,113.1458511352539
2020-05-13,113.6611557006836
2020-05-14,113.87506103515625
2020-05-15,114.85708618164062
2020-05-18,113.87506103515625
2020-05-19,115.2557144165039
2020-05-20,116.23773193359375
2020-05-21,114.10842895507812
2020-05-22,116.50025177001953
2020-05-26,113.40835571289062
2020-05-27,114.12785339355469
2020-05-28,117.98785400390625
2020-05-29,119.47547149658203
2020-06-01,119.37823486328125
2020-06-02,118.96988677978516
2020-06-03,114.66261291503906
2020-06-04,113.93341064453125
2020-06-05,115.04181671142578
2020-06-08,116.19883728027344
2020-06-09,117.71560668945312
2020-06-10,121.35198211669922
2020-06-11,119.02821350097656
2020-06-12,118.59069061279297
2020-06-15,123.01459503173828
2020-06-16,122.24650573730469
2020-06-17,124.56057739257812
2020-06-18,125.76624298095703
2020-06-19,126.58293914794922
2020-06-22,126.12596893310547
2020-06-23,126.98155212402344
2020-06-24,127.2441177368164
2020-06-25,127.11770629882812
2020-06-26,127.30243682861328
2020-06-29,127.06910705566406
2020-06-30,128.39141845703125
2020-07-01,131.4735565185547
2020-07-02,130.1317901611328
2020-07-06,130.5499267578125
2020-07-07,131.04576110839844
2020-07-08,131.85279846191406
2020-07-09,134.9252471923828
2020-07-10,136.90872192382812
2020-07-13,131.56106567382812
2020-07-14,134.69187927246094
2020-07-15,134.5946502685547
2020-07-16,134.2251739501953
2020-07-17,134.4779815673828
2020-07-20,137.60877990722656
2020-07-21,135.4794158935547
2020-07-22,134.46829223632812
2020-07-23,131.6096954345703
2020-07-24,131.49302673339844
2020-07-27,132.38751220703125
2020-07-28,131.04576110839844
2020-07-29,132.1638946533203
2020-07-30,134.7501983642578
2020-07-31,137.6962432861328
2020-08-03,138.41580200195312
2020-08-04,142.2660369873047
2020-08-05,142.12997436523438
2020-08-06,142.87860107421875
2020-08-07,140.00059509277344
2020-08-10,136.8017120361328
2020-08-11,131.94027709960938
2020-08-12,136.02391052246094
2020-08-13,137.8420867919922
2020-08-14,136.5392303466797
2020-08-17,136.55865478515625
2020-08-18,138.62965393066406
2020-08-19,137.9296112060547
2020-08-20,139.50473022460938
2020-08-21,137.297607421875
2020-08-24,138.38653564453125
2020-08-25,138.26991271972656
2020-08-26,139.6505889892578
2020-08-27,137.8420867919922
2020-08-28,136.96707153320312
2020-08-31,135.60585021972656
2020-09-01,134.4585418701172
2020-09-02,135.69332885742188
2020-09-03,129.14007568359375
2020-09-04,126.52461242675781
2020-09-08,120.85613250732422
2020-09-09,125.13420104980469
2020-09-10,123.734130859375
2020-09-11,122.52845764160156
2020-09-14,122.68403625488281
2020-09-15,124.77446746826172
2020-09-16,123.22852325439453
2020-09-17,121.7895278930664
2020-09-18,122.41180419921875
2020-09-21,124.73558044433594
2020-09-22,127.38993835449219
2020-09-23,124.86197662353516
2020-09-24,125.73705291748047
2020-09-25,127.55522918701172
2020-09-28,128.6150665283203
2020-09-29,126.41767883300781
2020-09-30,126.79688262939453
2020-10-01,129.10118103027344
2020-10-02,125.49397277832031
2020-10-05,127.0982666015625
2020-10-06,121.38115692138672
2020-10-07,121.54645538330078
2020-10-08,122.49929809570312
2020-10-09,123.91886901855469
2020-10-12,127.25382995605469
2020-10-13,129.2567596435547
2020-10-14,129.07199096679688
2020-10-15,127.70108795166016
2020-10-16,128.26499938964844
2020-10-19,126.27181243896484
2020-10-20,123.83135223388672
2020-10-21,124.11331939697266
2020-10-22,123.40352630615234
2020-10-23,123.25770568847656
2020-10-26,123.1701889038086
2020-10-27,123.11184692382812
2020-10-28,122.12010192871094
2020-10-29,120.46722412109375
2020-10-30,116.50997924804688
2020-11-02,116.49053955078125
2020-11-03,117.3947525024414
2020-11-04,121.83815002441406
2020-11-05,124.77446746826172
2020-11-06,115.88772583007812
2020-11-09,113.7292251586914
2020-11-10,115.6349105834961
2020-11-11,116.46135711669922
2020-11-12,116.01409912109375
2020-11-13,117.453125
2020-11-16,115.31405639648438
2020-11-17,115.23628997802734
2020-11-18,113.60282135009766
2020-11-19,116.8113784790039
2020-11-20,118.49344635009766
2020-11-23,118.48373413085938
2020-11-24,116.91835021972656
2020-11-25,118.1434326171875
2020-11-27,120.72972869873047
2020-11-30,124.21052551269531
2020-12-01,123.8795166015625
2020-12-02,126.11876678466797
2020-12-03,124.98942565917969
2020-12-04,125.29124450683594
2020-12-07,127.38446044921875
2020-12-08,128.65982055664062
2020-12-09,129.65292358398438
2020-12-10,131.12298583984375
2020-12-11,132.2134552001953
2020-12-14,133.90750122070312
2020-12-15,136.9451141357422
2020-12-16,137.8602752685547
2020-12-17,136.156494140625
2020-12-18,138.8435821533203
2020-12-21,137.28582763671875
2020-12-22,135.74754333496094
2020-12-23,137.77259826660156
2020-12-24,138.06475830078125
2020-12-28,137.0034637451172
2020-12-29,136.98402404785156
2020-12-30,138.2983856201172
2020-12-31,139.80746459960938
2021-01-04,135.8254852294922
2021-01-05,137.587646484375
2021-01-06,133.18702697753906
2021-01-07,137.02297973632812
2021-01-08,138.11338806152344
2021-01-11,137.49032592773438
2021-01-12,135.38734436035156
2021-01-13,132.73916625976562
2021-01-14,135.2705078125
2021-01-15,135.3289337158203
2021-01-19,137.69473266601562
2021-01-20,141.754638671875
2021-01-21,142.11483764648438
2021-01-22,142.14402770996094
2021-01-25,142.4361572265625
2021-01-26,142.4361572265625
2021-01-27,142.36801147460938
2021-01-28,139.2330322265625
2021-01-29,139.41799926757812
2021-02-01,142.01747131347656
2021-02-02,145.0355987548828
2021-02-03,137.1008758544922
2021-02-04,134.96875
2021-02-05,137.49032592773438
2021-02-08,138.69757080078125
2021-02-09,142.25115966796875
2021-02-10,140.79075622558594
2021-02-11,143.43894958496094
2021-02-12,143.83811950683594
2021-02-16,141.9298858642578
2021-02-17,141.97853088378906
2021-02-18,143.51683044433594
2021-02-19,142.0953826904297
2021-02-22,138.50283813476562
2021-02-23,137.441650390625
2021-02-24,134.0438232421875
2021-02-25,131.66824340820312
2021-02-26,130.4317626953125
2021-03-01,133.64463806152344
2021-03-02,133.37167358398438
2021-03-03,129.69671630859375
2021-03-04,127.98108673095703
2021-03-05,129.25802612304688
2021-03-08,124.0038833618164
2021-03-09,127.6301040649414
2021-03-10,126.84050750732422
2021-03-11,128.02978515625
2021-03-12,127.20122528076172
2021-03-15,127.59111785888672
2021-03-16,128.41973876953125
2021-03-17,127.30843353271484
2021-03-18,124.77396392822266
2021-03-19,125.16387939453125
2021-03-22,128.0980224609375
2021-03-23,129.69671630859375
2021-03-24,126.5285873413086
2021-03-25,126.75282287597656
2021-03-26,129.5017547607422
2021-03-29,131.5683135986328
2021-03-30,131.04190063476562
2021-03-31,131.9581756591797
2021-04-01,134.4829864501953
2021-04-05,137.9727325439453
2021-04-06,137.71925354003906
2021-04-07,138.4308624267578
2021-04-08,137.98245239257812
2021-04-09,136.9199676513672
2021-04-12,137.8849639892578
2021-04-13,138.52835083007812
2021-04-14,138.04098510742188
2021-04-15,139.1717071533203
2021-04-16,137.4950714111328
2021-04-19,136.1108856201172
2021-04-20,137.3098907470703
2021-04-21,137.48532104492188
2021-04-22,137.6997833251953
2021-04-23,139.53237915039062
2021-04-26,140.16600036621094
2021-04-27,139.8443145751953
2021-04-28,140.3609619140625
2021-04-29,142.65170288085938
2021-04-30,138.49908447265625
2021-05-03,137.62179565429688
2021-05-04,133.60562133789062
2021-05-05,134.38546752929688
2021-05-06,137.77777099609375
2021-05-07,138.83053588867188
2021-05-10,137.1051483154297
2021-05-11,137.7972412109375
2021-05-12,136.1498565673828
2021-05-13,135.6234588623047
2021-05-14,135.12631225585938
2021-05-17,134.0637664794922
2021-05-18,134.58042907714844
2021-05-19,135.3797607421875
2021-05-20,138.23594665527344
2021-05-21,136.63723754882812
2021-05-24,138.50885009765625
2021-05-25,139.64938354492188
2021-05-26,140.3609619140625
2021-05-27,139.3276824951172
2021-05-28,139.3276824951172
2021-06-01,140.1669921875
2021-06-02,138.0004119873047
2021-06-03,138.57623291015625
2021-06-04,141.71878051757812
2021-06-07,142.21652221679688
2021-06-08,142.00180053710938
2021-06-09,142.3141326904297
2021-06-10,142.157958984375
2021-06-11,142.8704376220703
2021-06-14,144.978515625
2021-06-15,141.31866455078125
2021-06-16,139.17152404785156
2021-06-17,138.51763916015625
2021-06-18,137.72714233398438
2021-06-21,137.5709991455078
2021-06-22,137.47335815429688
2021-06-23,135.28720092773438
2021-06-24,135.3165283203125
2021-06-25,135.2579345703125
2021-06-28,139.54237365722656
2021-06-29,140.63548278808594
2021-06-30,140.37197875976562
2021-07-01,138.72259521484375
2021-07-02,139.96202087402344
2021-07-06,139.56192016601562
2021-07-07,139.51312255859375
2021-07-08,137.0732421875
2021-07-09,137.60028076171875
2021-07-12,137.99063110351562
2021-07-13,139.80593872070312
2021-07-14,139.6790313720703
2021-07-15,139.23007202148438
2021-07-16,139.6595001220703
2021-07-19,137.84426879882812
2021-07-20,137.6783447265625
2021-07-21,137.33670043945312
2021-07-22,138.8689727783203
2021-07-23,141.5041046142578
2021-07-26,141.7578125
2021-07-27,138.51763916015625
2021-07-28,140.10845947265625
2021-07-29,139.93276977539062
2021-07-30,140.49884033203125
2021-08-02,140.6452178955078
2021-08-03,136.43887329101562
2021-08-04,136.54620361328125
2021-08-05,133.5792999267578
2021-08-06,133.0620574951172
2021-08-09,132.88638305664062
2021-08-10,133.7354278564453
2021-08-11,134.97491455078125
2021-08-12,135.6483154296875
2021-08-13,135.3457794189453
2021-08-16,136.63401794433594
2021-08-17,137.6490478515625
2021-08-18,136.62428283691406
2021-08-19,137.21966552734375
2021-08-20,136.79995727539062
2021-08-23,139.38621520996094
2021-08-24,139.14224243164062
2021-08-25,138.44932556152344
2021-08-26,138.06869506835938
2021-08-27,139.5033721923828
2021-08-30,139.8449249267578
2021-08-31,141.8871307373047
2021-09-01,143.07920837402344
2021-09-02,142.07276916503906
2021-09-03,143.2453155517578
2021-09-07,141.89688110351562
2021-09-08,140.80255126953125
2021-09-09,139.05349731445312
2021-09-10,141.80897521972656
2021-09-13,141.36923217773438
2021-09-14,142.04347229003906
2021-09-15,133.9040985107422
2021-09-16,132.84877014160156
2021-09-17,130.81640625
2021-09-20,127.11314392089844
2021-09-21,123.85931396484375
2021-09-22,123.50756072998047
2021-09-23,124.96346282958984
2021-09-24,126.92745208740234
2021-09-27,128.9598846435547
2021-09-28,130.7089080810547
2021-09-29,134.78350830078125
2021-09-30,138.99484252929688
2021-10-01,140.30418395996094
2021-10-04,139.88401794433594
2021-10-05,140.79278564453125
2021-10-06,131.00204467773438
2021-10-07,134.44151306152344
2021-10-08,136.78656005859375
2021-10-11,136.2784881591797
2021-10-12,133.54257202148438
2021-10-13,133.31784057617188
2021-10-14,132.60450744628906
2021-10-15,131.66647338867188
2021-10-18,131.6273956298828
2021-10-19,133.6207275390625
2021-10-20,136.01463317871094
2021-10-21,137.41197204589844
2021-10-22,137.84185791015625
2021-10-25,138.9362335205078
2021-10-26,139.14137268066406
2021-10-27,137.1578826904297
2021-10-28,137.02108764648438
2021-10-29,137.04063415527344
2021-11-01,138.52584838867188
2021-11-02,136.9624481201172
2021-11-03,136.3077850341797
2021-11-04,139.2196044921875
2021-11-05,136.37619018554688
2021-11-08,134.99844360351562
2021-11-09,136.5911407470703
2021-11-10,136.09280395507812
2021-11-11,141.14451599121094
2021-11-12,142.11184692382812
2021-11-15,138.04702758789062
2021-11-16,136.36639404296875
2021-11-17,134.9789581298828
2021-11-18,134.18743896484375
2021-11-19,129.36048889160156
2021-11-22,123.39028930664062
2021-11-23,125.4715576171875
2021-11-24,123.7518539428711
2021-11-26,123.08740234375
2021-11-29,122.02234649658203
2021-11-30,121.37744140625
2021-12-01,117.47876739501953
2021-12-02,119.78473663330078
2021-12-03,122.4034194946289
2021-12-06,123.41960144042969
2021-12-07,123.4294204711914
2021-12-08,123.64466094970703
2021-12-09,122.3042221069336
2021-12-10,122.9303970336914
2021-12-13,124.03602600097656
2021-12-14,124.11430358886719
2021-12-15,126.12007141113281
2021-12-16,126.59952545166016
2021-12-17,124.76984405517578
2021-12-20,127.11810302734375
2021-12-21,129.31956481933594
2021-12-22,128.63467407226562
2021-12-23,129.6815948486328
2021-12-27,130.17079162597656
2021-12-28,130.59153747558594
2021-12-29,130.26864624023438
2021-12-30,131.56019592285156
2021-12-31,129.0553741455078
2022-01-03,132.03961181640625
2022-01-04,132.83216857910156
2022-01-05,130.91445922851562
2022-01-06,126.89307403564453
2022-01-07,128.93795776367188
2022-01-10,126.12007141113281
2022-01-11,127.9791030883789
2022-01-12,129.6424560546875
2022-01-13,128.01824951171875
2022-01-14,127.62690734863281
2022-01-18,131.02203369140625
2022-01-19,133.9573516845703
2022-01-20,135.88485717773438
2022-01-21,136.01205444335938
2022-01-24,132.2842254638672
2022-01-25,128.1846160888672
2022-01-26,127.17676544189453
2022-01-27,128.23348999023438
2022-01-28,129.07496643066406
2022-01-31,129.79901123046875
2022-02-01,127.13765716552734
2022-02-02,134.2117156982422
2022-02-03,134.3291473388672
2022-02-04,134.7400665283203
2022-02-07,133.4583282470703
2022-02-08,131.4721221923828
2022-02-09,132.86146545410156
2022-02-10,132.0689697265625
2022-02-11,131.2079620361328
2022-02-14,130.52301025390625
2022-02-15,131.59933471679688
2022-02-16,130.4154052734375
2022-02-17,127.58769989013672
2022-02-18,126.54084014892578
2022-02-22,124.34913635253906
2022-02-23,123.98710632324219
2022-02-24,124.75028228759766
2022-02-25,125.9342041015625
2022-02-28,127.2844467163086
2022-03-01,125.38626861572266
2022-03-02,126.47232055664062
2022-03-03,125.08294677734375
2022-03-04,123.76205444335938
2022-03-07,123.53701782226562
2022-03-08,120.18627166748047
2022-03-09,122.97857666015625
2022-03-10,121.17582702636719
2022-03-11,119.8531494140625
2022-03-14,116.71793365478516
2022-03-15,118.35413360595703
2022-03-16,121.29340362548828
2022-03-17,122.64546203613281
2022-03-18,123.7231674194336
2022-03-21,123.01775360107422
2022-03-22,125.33976745605469
2022-03-23,122.11638641357422
2022-03-24,123.02755737304688
2022-03-25,124.74212646484375
2022-03-28,125.44752502441406
2022-03-29,126.22154998779297
2022-03-30,125.09483337402344
2022-03-31,123.94853210449219
2022-04-01,122.6944351196289
2022-04-04,125.42794036865234
2022-04-05,123.31167602539062
2022-04-06,122.32212829589844
2022-04-07,120.90150451660156
2022-04-08,120.97987365722656
2022-04-11,120.09809112548828
2022-04-12,121.06803131103516
2022-04-13,121.11705780029297
2022-04-14,120.11769104003906
2022-04-18,119.68657684326172
2022-04-19,121.52852630615234
2022-04-20,120.81331634521484
2022-04-21,121.23461151123047
2022-04-22,125.49653625488281
2022-04-25,125.55531311035156
2022-04-26,122.10657501220703
2022-04-27,118.76563262939453
2022-04-28,120.91130065917969
2022-04-29,115.65982055664062
2022-05-02,117.57032775878906
2022-05-03,120.02951049804688
2022-05-04,121.21501159667969
2022-05-05,117.18822479248047
2022-05-06,112.95570373535156
2022-05-09,109.77149963378906
2022-05-10,109.34040069580078
2022-05-11,118.0504150390625
2022-05-12,118.50110626220703
2022-05-13,122.41031646728516
2022-05-16,124.81070709228516
2022-05-17,125.86885833740234
2022-05-18,126.35871887207031
2022-05-19,127.38745880126953
2022-05-20,128.11245727539062
2022-05-23,131.06153869628906
2022-05-24,133.91258239746094
2022-05-25,134.56903076171875
2022-05-26,135.8721160888672
2022-05-27,135.7251434326172
2022-05-31,135.84274291992188
2022-06-01,136.70492553710938
2022-06-02,138.63499450683594
2022-06-03,138.14512634277344
2022-06-06,137.50828552246094
2022-06-07,138.30296325683594
2022-06-08,136.58612060546875
2022-06-09,133.2406005859375
2022-06-10,130.9154510498047
2022-06-13,126.32396697998047
2022-06-14,124.96026611328125
2022-06-15,126.81452178955078
2022-06-16,125.5587387084961
2022-06-17,126.10811614990234
2022-06-21,127.92315673828125
2022-06-22,126.58887481689453
2022-06-23,126.52019500732422
2022-06-24,127.73674011230469
2022-06-27,123.22376251220703
2022-06-28,120.55522155761719
2022-06-29,120.50615692138672
2022-06-30,119.34849548339844
2022-07-01,120.40806579589844
2022-07-05,122.38984680175781
2022-07-06,121.99740600585938
2022-07-07,123.22376251220703
2022-07-08,123.25318908691406
2022-07-11,121.4970703125
2022-07-12,119.6722412109375
2022-07-13,119.37792205810547
2022-07-14,119.97637176513672
2022-07-15,120.82992553710938
2022-07-18,121.28125
2022-07-19,124.35199737548828
2022-07-20,125.1761245727539
2022-07-21,127.74655151367188
2022-07-22,127.69747161865234
2022-07-25,127.46202850341797
2022-07-26,128.2763214111328
2022-07-27,129.6792449951172
2022-07-28,130.6603546142578
2022-07-29,128.74722290039062
2022-08-01,128.39402770996094
2022-08-02,126.4515151977539
2022-08-03,130.7584686279297
2022-08-04,130.71922302246094
2022-08-05,130.05209350585938
2022-08-08,128.57064819335938
2022-08-09,126.8341293334961
2022-08-10,128.6785888671875
2022-08-11,127.22657012939453
2022-08-12,128.88461303710938
2022-08-15,129.1102294921875
2022-08-16,132.55386352539062
2022-08-17,130.65052795410156
2022-08-18,129.96380615234375
2022-08-19,128.01144409179688
2022-08-22,125.69608306884766
2022-08-23,124.33238983154297
2022-08-24,123.23357391357422
2022-08-25,125.19573974609375
2022-08-26,129.66943359375
2022-08-29,127.1480941772461
2022-08-30,124.25946807861328
2022-08-31,124.65248107910156
2022-09-01,125.44832611083984
2022-09-02,123.13941192626953
2022-09-06,122.54988098144531
2022-09-07,123.35554504394531
2022-09-08,124.91775512695312
2022-09-09,126.67644500732422
2022-09-12,128.5629119873047
2022-09-13,125.35989379882812
2022-09-14,124.70160675048828
2022-09-15,122.23546600341797
2022-09-16,119.61214447021484
2022-09-19,120.78133392333984
2022-09-20,118.43311309814453
2022-09-21,115.4364242553711
2022-09-22,115.36766052246094
2022-09-23,113.6187744140625
2022-09-26,112.81309509277344
2022-09-27,113.12750244140625
2022-09-28,116.2813949584961
2022-09-29,115.4167709350586
2022-09-30,113.68753051757812
2022-10-03,117.7649917602539
2022-10-04,121.04662322998047
2022-10-05,120.52588653564453
2022-10-06,121.49859619140625
2022-10-07,120.17217254638672
2022-10-10,118.5706787109375
2022-10-11,117.16566467285156
2022-10-12,116.80211639404297
2022-10-13,119.10123443603516
2022-10-14,118.26609802246094
2022-10-17,118.91454315185547
2022-10-18,121.21365356445312
2022-10-19,121.67545318603516
2022-10-20,121.3905029296875
2022-10-21,122.80533599853516
2022-10-24,123.47345733642578
2022-10-25,125.50727081298828
2022-10-26,125.02584075927734
2022-10-27,125.46795654296875
2022-10-28,125.99854278564453
2022-10-31,123.75837707519531
2022-11-01,124.06295776367188
2022-11-02,126.41119384765625
2022-11-03,124.40682983398438
2022-11-04,127.4919662475586
2022-11-07,130.10546875
2022-11-08,126.84352111816406
2022-11-09,124.08261108398438
2022-11-10,128.02252197265625
2022-11-11,128.93626403808594
2022-11-14,127.29544830322266
2022-11-15,126.5290756225586
2022-11-16,127.07931518554688
2022-11-17,126.40137481689453
2022-11-18,127.8063735961914
2022-11-21,125.62516784667969
2022-11-22,127.25617980957031
2022-11-23,128.6709747314453
2022-11-25,127.23652648925781
2022-11-28,126.10661315917969
2022-11-29,125.54574584960938
2022-11-30,128.68463134765625
2022-12-01,129.5111541748047
2022-12-02,130.16061401367188
2022-12-05,128.33041381835938
2022-12-06,125.36863708496094
2022-12-07,123.99105834960938
2022-12-08,124.0894546508789
2022-12-09,122.71187591552734
2022-12-12,123.58763122558594
2022-12-13,123.66634368896484
2022-12-14,122.6626968383789
2022-12-15,119.77964782714844
2022-12-16,119.78947448730469
2022-12-19,118.85469818115234
2022-12-20,118.49060821533203
2022-12-21,120.53729248046875
2022-12-22,119.47459411621094
2022-12-23,119.56317138671875
2022-12-27,118.88420867919922
2022-12-28,117.62471771240234
2022-12-29,120.23226165771484
2022-12-30,120.22241973876953
2023-01-03,120.8324966430664
2023-01-04,123.00707244873047
2023-01-05,122.682373046875
2023-01-06,121.905029296875
2023-01-09,122.18053436279297
2023-01-10,122.03294372558594
2023-01-11,124.0894546508789
2023-01-12,124.39448547363281
2023-01-13,123.44986724853516
2023-01-17,121.71807098388672
2023-01-18,121.72792053222656
2023-01-19,121.73774719238281
2023-01-20,123.97137451171875
2023-01-23,125.36863708496094
2023-01-24,125.44734954833984
2023-01-25,125.51622772216797
2023-01-26,127.07093048095703
2023-01-27,126.80523681640625
2023-01-30,126.92332458496094
2023-01-31,126.6182861328125
2023-02-01,114.88926696777344
2023-02-02,114.13158416748047
2023-02-03,112.09475708007812
2023-02-06,110.39248657226562
2023-02-07,112.35060119628906
2023-02-08,110.8943099975586
2023-02-09,109.99889373779297
2023-02-10,110.00873565673828
2023-02-13,111.38629150390625
2023-02-14,110.45152282714844
2023-02-15,111.5240478515625
2023-02-16,109.93000793457031
2023-02-17,110.20552825927734
2023-02-21,110.22520446777344
2023-02-22,109.9496841430664
2023-02-23,108.94603729248047
2023-02-24,108.01124572753906
2023-02-27,109.31010437011719
2023-02-28,109.34953308105469
2023-03-01,108.82713317871094
2023-03-02,110.68017578125
2023-03-03,111.52783966064453
2023-03-06,111.56727600097656
2023-03-07,110.5323257446289
2023-03-08,110.6703109741211
2023-03-09,108.87641143798828
2023-03-10,107.62461853027344
2023-03-13,108.49198913574219
2023-03-14,109.88179779052734
2023-03-15,109.78321075439453
2023-03-16,111.90239715576172
2023-03-17,111.72499084472656
2023-03-20,111.89253234863281
2023-03-21,113.29219055175781
2023-03-22,111.53771209716797
2023-03-23,114.37642669677734
2023-03-24,117.32355499267578
2023-03-27,116.93914031982422
2023-03-28,116.3280258178711
2023-03-29,117.48126220703125
2023-03-30,117.39253234863281
2023-03-31,118.72319030761719
2023-04-03,119.61029052734375
2023-04-04,123.44453430175781
2023-04-05,124.34148406982422
2023-04-06,123.36568450927734
2023-04-10,123.8190689086914
2023-04-11,123.87821960449219
2023-04-12,124.3217544555664
2023-04-13,126.44094848632812
2023-04-14,126.03681182861328
2023-04-17,126.24381256103516
2023-04-18,127.19005584716797
2023-04-19,126.34236907958984
2023-04-20,126.9534912109375
2023-04-21,127.25904846191406
2023-04-24,127.62370300292969
2023-04-25,127.64347839355469
2023-04-26,123.32624816894531
2023-04-27,124.69631958007812
2023-04-28,125.45526123046875
2023-05-01,125.59326171875
2023-05-02,124.35132598876953
2023-05-03,123.2769546508789
2023-05-04,122.2321548461914
2023-05-05,123.62195587158203
2023-05-08,123.95706939697266
2023-05-09,123.6120834350586
2023-05-10,122.95169830322266
2023-05-11,123.52336120605469
2023-05-12,123.67121887207031
2023-05-15,123.05025482177734
2023-05-16,123.32624816894531
2023-05-17,123.12911987304688
2023-05-18,124.40061950683594
2023-05-19,123.85851287841797
2023-05-22,123.32624816894531
2023-05-23,123.4937973022461
2023-05-24,123.60222625732422
2023-05-25,123.60222625732422
2023-05-26,124.98214721679688
2023-05-30,124.85383605957031
2023-05-31,126.35428619384766
2023-06-01,126.04826354980469
2023-06-02,126.02852630615234
2023-06-05,125.38687896728516
2023-06-06,125.5053482055664
2023-06-07,124.61691284179688
2023-06-08,125.47572326660156
2023-06-09,124.3207778930664
2023-06-12,124.14307403564453
2023-06-13,125.68302917480469
2023-06-14,126.25556945800781
2023-06-15,127.33155059814453
2023-06-16,127.00579833984375
2023-06-20,124.78472900390625
2023-06-21,122.96837615966797
2023-06-22,123.83707427978516
2023-06-23,123.6396484375
2023-06-26,125.04137420654297
2023-06-27,129.6908416748047
2023-06-28,128.9801025390625
2023-06-29,128.77276611328125
2023-06-30,128.0324249267578
2023-07-03,129.18736267089844
2023-07-05,128.22000122070312
2023-07-06,129.01954650878906
2023-07-07,127.5388412475586
2023-07-10,128.8616180419922
2023-07-11,135.56431579589844
2023-07-12,133.72825622558594
2023-07-13,134.95233154296875
2023-07-14,135.57420349121094
2023-07-17,136.47247314453125
2023-07-18,137.08453369140625
2023-07-19,135.0806121826172
2023-07-20,135.3668975830078
2023-07-21,135.29779052734375
2023-07-24,135.98878479003906
2023-07-25,137.77552795410156
2023-07-26,137.04505920410156
2023-07-27,135.74200439453125
2023-07-28,136.07763671875
2023-07-31,134.59695434570312
2023-08-01,134.36988830566406
2023-08-02,124.68600463867188
2023-08-03,122.2378921508789
2023-08-04,121.01383972167969
2023-08-07,122.45507049560547
2023-08-08,121.0335922241211
2023-08-09,120.35245513916016
2023-08-10,120.69795227050781
2023-08-11,120.62884521484375
2023-08-14,121.1915283203125
2023-08-15,119.85888671875
2023-08-16,119.12840270996094
2023-08-17,117.23308563232422
2023-08-18,116.83821868896484
2023-08-21,117.07514190673828
2023-08-22,117.99317932128906
2023-08-23,119.76016998291016
2023-08-24,118.3683090209961
2023-08-25,118.151123046875
2023-08-28,118.97045135498047
2023-08-29,119.59333801269531
2023-08-30,119.18797302246094
2023-08-31,118.6244125366211
2023-09-01,119.1780776977539
2023-09-05,120.12723541259766
2023-09-06,119.53401184082031
2023-09-07,119.57355499267578
2023-09-08,120.37440490722656
2023-09-11,121.14559173583984
2023-09-12,120.04814147949219
2023-09-13,120.3051986694336
2023-09-14,121.64983367919922
2023-09-15,119.09899139404297
2023-09-18,119.2374038696289
2023-09-19,119.63288116455078
2023-09-20,119.0890884399414
2023-09-21,117.45774841308594
2023-09-22,117.65547180175781
2023-09-25,118.35746002197266
2023-09-26,117.02271270751953
2023-09-27,116.63712310791016
2023-09-28,117.83344268798828
2023-09-29,119.0396499633789
2023-10-02,118.79248809814453
2023-10-03,118.19927215576172
2023-10-04,119.35604858398438
2023-10-05,119.42524719238281
2023-10-06,121.57073974609375
2023-10-09,123.18231964111328
2023-10-10,126.63288879394531
2023-10-11,128.22470092773438
2023-10-12,130.0834503173828
2023-10-13,129.80661010742188
2023-10-16,129.6583251953125
2023-10-17,129.54954528808594
2023-10-18,128.7882537841797
2023-10-19,126.78118133544922
2023-10-20,126.00012969970703
2023-10-23,124.91253662109375
2023-10-24,126.2176284790039
2023-10-25,124.299560546875
2023-10-26,122.24304962158203
2023-10-27,121.24446868896484
2023-10-30,119.93939208984375
2023-10-31,122.39134979248047
2023-11-01,122.38147735595703
2023-11-02,126.83063507080078
2023-11-03,128.12582397460938
2023-11-06,127.8094482421875
2023-11-07,128.26425170898438
2023-11-08,129.2628631591797
2023-11-09,129.8165283203125
2023-11-10,131.27976989746094
2023-11-13,131.18089294433594
2023-11-14,132.9210662841797
2023-11-15,132.91114807128906
2023-11-16,131.89276123046875
2023-11-17,132.1893768310547
2023-11-20,133.9196319580078
2023-11-21,134.52273559570312
2023-11-22,134.58204650878906
2023-11-24,135.05662536621094
2023-11-27,135.5707244873047
2023-11-28,135.02621459960938
2023-11-29,135.94699096679688
2023-11-30,136.6400146484375
2023-12-01,136.3925018310547
2023-12-04,136.451904296875
2023-12-05,136.05587768554688
2023-12-06,135.77867126464844
2023-12-07,134.20443725585938
2023-12-08,135.77867126464844
2023-12-11,137.18455505371094
2023-12-12,138.93701171875
2023-12-13,140.93695068359375
2023-12-14,139.45184326171875
2023-12-15,137.451904296875
2023-12-18,136.71923828125
2023-12-19,137.1746826171875
2023-12-20,135.23411560058594
2023-12-21,136.51132202148438
2023-12-22,136.30340576171875
2023-12-26,135.9271697998047
2023-12-27,135.35296630859375
2023-12-28,135.40240478515625
2023-12-29,135.45193481445312
2024-01-02,134.4321746826172
2024-01-03,134.3628692626953
2024-01-04,134.62026977539062
2024-01-05,134.26385498046875
2024-01-08,135.1054229736328
2024-01-09,136.35289001464844
2024-01-10,136.26382446289062
2024-01-11,136.37271118164062
2024-01-12,136.55093383789062
2024-01-16,135.78855895996094
2024-01-17,135.26382446289062
2024-01-18,136.6598358154297
2024-01-19,136.35289001464844
2024-01-22,136.20440673828125
2024-01-23,137.78854370117188
2024-01-24,136.49151611328125
2024-01-25,137.56080627441406
2024-01-26,138.03602600097656
2024-01-29,137.20436096191406
2024-01-30,136.18460083007812
2024-01-31,136.2142791748047
2024-02-01,136.55093383789062
2024-02-02,135.2836151123047
2024-02-05,133.60052490234375
2024-02-06,133.9173126220703
2024-02-07,135.3925323486328
2024-02-08,137.47169494628906
2024-02-09,139.2142333984375
2024-02-12,136.18460083007812
2024-02-13,137.62020874023438
2024-02-14,141.6597137451172
2024-02-15,142.62008666992188
2024-02-16,140.8676300048828
2024-02-20,139.63995361328125
2024-02-21,139.76864624023438
2024-02-22,142.09535217285156
2024-02-23,141.174560546875
2024-02-26,141.16465759277344
2024-02-27,138.29954528808594
2024-02-28,138.87454223632812
2024-02-29,138.2797088623047
2024-03-01,139.57843017578125
2024-03-04,137.61549377441406
2024-03-05,135.10723876953125
2024-03-06,134.35379028320312
2024-03-07,134.23480224609375
2024-03-08,133.98696899414062
2024-03-11,135.55335998535156
2024-03-12,134.8494873046875
2024-03-13,135.7814178466797
2024-03-14,133.86801147460938
2024-03-15,133.1145477294922
2024-03-18,131.33995056152344
2024-03-19,131.81581115722656
2024-03-20,131.1813201904297
2024-03-21,131.33995056152344
2024-03-22,130.566650390625
2024-03-25,129.39678955078125
2024-03-26,129.77354431152344
2024-03-27,130.73519897460938
2024-03-28,131.5283203125
2024-04-01,132.19252014160156
2024-04-02,131.01278686523438
2024-04-03,131.37960815429688
2024-04-04,128.445068359375
2024-04-05,129.16879272460938
2024-04-08,128.8812713623047
2024-04-09,129.56532287597656
2024-04-10,128.1873016357422
2024-04-11,128.06832885742188
2024-04-12,126.78944396972656
2024-04-15,125.95668029785156
2024-04-16,125.46097564697266
2024-04-17,125.22303009033203
2024-04-18,124.54889678955078
2024-04-19,126.17477416992188
2024-04-22,126.02606964111328
2024-04-23,126.04590606689453
2024-04-24,127.03728485107422
2024-04-25,126.21443176269531
2024-04-26,126.79936218261719
2024-04-29,126.79936218261719
2024-04-30,125.72865295410156
2024-05-01,127.07694244384766
2024-05-02,127.39420318603516
2024-05-03,128.445068359375
2024-05-06,129.4364776611328
2024-05-07,129.11923217773438
2024-05-08,124.16224670410156
2024-05-09,126.02606964111328
2024-05-10,126.04590606689453
2024-05-13,125.49071502685547
2024-05-14,125.50062561035156
2024-05-15,126.52177429199219
2024-05-16,128.0485076904297
2024-05-17,126.65064239501953
2024-05-20,127.19591522216797
2024-05-21,127.7411880493164
2024-05-22,133.97706604003906
2024-05-23,133.24342346191406
2024-05-24,133.89772033691406
2024-05-28,130.9136505126953
2024-05-29,131.02285766601562
2024-05-30,130.2881622314453
2024-05-31,131.9263153076172
2024-06-03,132.03553771972656
2024-06-04,135.52035522460938
2024-06-05,136.9698944091797
2024-06-06,136.4138946533203
2024-06-07,135.8380584716797
2024-06-10,135.23245239257812
2024-06-11,135.708984375
2024-06-12,134.6565704345703
2024-06-13,134.8948516845703
2024-06-14,135.0040740966797
2024-06-17,136.54295349121094
2024-06-18,137.13865661621094
2024-06-20,136.86065673828125
2024-06-21,138.0619659423828
2024-06-24,140.2163848876953
2024-06-25,139.62071228027344
2024-06-26,139.56114196777344
2024-06-27,138.51866149902344
2024-06-28,138.3300323486328
2024-07-01,136.33447265625
2024-07-02,137.88327026367188
2024-07-03,137.67477416992188
2024-07-05,137.2677001953125
2024-07-08,138.64773559570312
2024-07-09,139.57106018066406
2024-07-10,143.05584716796875
2024-07-11,144.25717163085938
2024-07-12,144.6344451904297
2024-07-15,143.9593505859375
2024-07-16,145.6173553466797
2024-07-17,145.94496154785156
2024-07-18,145.46841430664062
2024-07-19,139.19378662109375
2024-07-22,142.22189331054688
2024-07-23,140.970947265625
2024-07-24,140.16673278808594
2024-07-25,140.7823028564453
2024-07-26,144.13803100585938
2024-07-29,146.7888641357422
2024-07-30,148.0497589111328
2024-07-31,149.85671997070312
2024-08-01,147.33494567871094
2024-08-02,147.76187133789062
2024-08-05,144.4557342529297
2024-08-06,144.68409729003906
2024-08-07,143.3735809326172
2024-08-08,145.96484375
2024-08-09,145.54786682128906
2024-08-12,144.86280822753906
2024-08-13,145.845703125
2024-08-14,145.4088592529297
2024-08-15,145.98468017578125
2024-08-16,147.2952117919922
2024-08-19,148.5958251953125
2024-08-20,147.9802703857422
2024-08-21,148.67523193359375
2024-08-22,146.07406616210938
2024-08-23,146.560546875
2024-08-26,147.49378967285156
2024-08-27,148.13912963867188
2024-08-28,148.43736267089844
2024-08-29,149.3618621826172
2024-08-30,150.922607421875
2024-09-03,145.3656005859375
2024-09-04,146.21058654785156
2024-09-05,145.04750061035156
2024-09-06,143.1587371826172
2024-09-09,143.447021484375
2024-09-10,142.94996643066406
2024-09-11,142.8505859375
2024-09-12,143.89437866210938
2024-09-13,144.96798706054688
2024-09-16,145.65390014648438
2024-09-17,141.74713134765625
2024-09-18,139.61978149414062
2024-09-19,139.90806579589844
2024-09-20,138.72511291503906
2024-09-23,140.2361297607422
2024-09-24,140.802734375
2024-09-25,140.6436767578125
2024-09-26,142.7611083984375
2024-09-27,143.79493713378906
2024-09-30,142.5921173095703
2024-10-01,141.40914916992188
2024-10-02,142.35354614257812
2024-10-03,139.85838317871094
2024-10-04,141.85647583007812
2024-10-07,142.05528259277344
2024-10-08,142.48277282714844
2024-10-09,142.89035034179688
2024-10-10,141.13079833984375
2024-10-11,142.39329528808594
2024-10-14,143.3177947998047
2024-10-15,145.5544891357422
2024-10-16,144.18264770507812
2024-10-17,143.3476104736328
2024-10-18,143.49673461914062
2024-10-21,144.84869384765625
2024-10-22,144.85862731933594
2024-10-23,144.00372314453125
2024-10-24,144.17271423339844
2024-10-25,144.34169006347656
2024-10-28,143.32772827148438
2024-10-29,144.75921630859375
2024-10-30,148.25843811035156
2024-10-31,149.9582977294922
2024-11-01,150.3658905029297
2024-11-04,151.98623657226562
2024-11-05,154.580810546875
2024-11-06,157.0262908935547
2024-11-07,159.05421447753906
2024-11-08,156.97659301757812
2024-11-11,158.4478302001953
2024-11-12,161.90725708007812
2024-11-13,161.75814819335938
2024-11-14,163.14987182617188
2024-11-15,160.40618896484375
2024-11-18,163.04051208496094
2024-11-19,165.1479949951172
2024-11-20,165.72454833984375
2024-11-21,166.9770965576172
2024-11-22,165.68479919433594
2024-11-25,163.1697540283203
2024-11-26,164.04457092285156
2024-11-27,162.3227996826172
2024-11-29,162.89007568359375
2024-12-02,165.16915893554688
2024-12-03,166.90089416503906
2024-12-04,166.62220764160156
2024-12-05,164.83078002929688
2024-12-06,166.2141571044922
2024-12-09,164.82083129882812
2024-12-10,164.51231384277344
2024-12-11,163.13888549804688
2024-12-12,161.81521606445312
2024-12-13,156.86891174316406
2024-12-16,155.65472412109375
2024-12-17,154.05239868164062
2024-12-18,149.20559692382812
2024-12-19,147.1852569580078
2024-12-20,147.095703125
2024-12-23,146.5980987548828
2024-12-24,148.4691162109375
2024-12-26,148.35964965820312
2024-12-27,147.41416931152344
2024-12-30,145.84170532226562
2024-12-31,145.6028594970703
2025-01-02,145.20474243164062
2025-01-03,145.5928955078125
2025-01-06,144.557861328125
2025-01-07,143.9806365966797
2025-01-08,143.51284790039062
2025-01-10,140.17881774902344
2025-01-13,141.28353881835938
2025-01-14,141.07452392578125
2025-01-15,141.4527130126953
2025-01-16,140.7261962890625
2025-01-17,141.32333374023438
2025-01-21,142.5972442626953
2025-01-22,141.67169189453125
2025-01-23,118.01494598388672
2025-01-24,116.00456237792969
2025-01-27,117.34812927246094
2025-01-28,115.9747085571289
2025-01-29,116.5419921875
2025-01-30,118.11446380615234
2025-01-31,122.32431030273438
2025-02-03,122.32431030273438
2025-02-04,120.67222595214844
2025-02-05,129.84829711914062
2025-02-06,131.37098693847656
2025-02-07,127.98719787597656
2025-02-10,131.46055603027344
2025-02-11,132.71456909179688
2025-02-12,130.54493713378906
2025-02-13,129.20138549804688
2025-02-14,128.7833709716797
2025-02-18,127.73839569091797
2025-02-19,128.72366333007812
2025-02-20,129.37057495117188
2025-02-21,130.32598876953125
2025-02-24,133.41122436523438
2025-02-25,131.10227966308594
2025-02-26,130.75344848632812
2025-02-27,130.02587890625
2025-02-28,128.69032287597656
2025-03-03,128.7999725341797
2025-03-04,131.38136291503906
2025-03-05,133.6039276123047
2025-03-06,136.33480834960938
2025-03-07,139.57398986816406
2025-03-10,139.9626922607422
2025-03-11,137.4211883544922
2025-03-12,135.6670379638672
2025-03-13,137.26171875
2025-03-14,138.24842834472656
2025-03-17,142.42446899414062
2025-03-18,141.3979034423828
2025-03-19,141.49757385253906
2025-03-20,142.7733154296875
2025-03-21,143.81980895996094
2025-03-24,144.06898498535156
2025-03-25,144.01914978027344
2025-03-26,144.7068634033203
2025-03-27,144.81649780273438
2025-03-28,143.76998901367188
2025-03-31,144.03909301757812
2025-04-01,145.18524169921875
2025-04-02,144.38790893554688
2025-04-03,144.36801147460938
2025-04-04,134.88961791992188
2025-04-07,134.17201232910156
2025-04-08,132.08897399902344
2025-04-09,136.12550354003906
2025-04-10,138.92616271972656
2025-04-11,142.45436096191406
2025-04-14,145.01583862304688
2025-04-15,145.12547302246094
2025-04-16,142.49424743652344
2025-04-17,145.12547302246094
2025-04-21,141.45770263671875
2025-04-22,145.3845977783203
2025-04-23,143.251708984375
2025-04-24,145.7035369873047
2025-04-25,146.11216735839844
2025-04-28,146.23178100585938
2025-04-29,145.48426818847656
2025-04-30,144.60719299316406
2025-05-01,144.61717224121094
2025-05-02,150.59719848632812
2025-05-05,154.22508239746094
2025-05-06,154.02574157714844
2025-05-07,154.9825439453125
2025-05-08,155.1420135498047
2025-05-09,152.7898712158203
2025-05-12,148.77328491210938
2025-05-13,148.56399536132812
2025-05-14,146.74008178710938
2025-05-15,149.0723114013672
2025-05-16,151.0357208251953
2025-05-19,149.97926330566406
2025-05-20,151.4144744873047
2025-05-21,149.9991912841797
2025-05-22,146.14207458496094
2025-05-23,146.4011993408203
2025-05-27,146.421142578125
2025-05-28,146.580810546875
2025-05-29,142.54904174804688
2025-05-30,143.48712158203125
2025-06-02,145.58285522460938
2025-06-03,145.94212341308594
2025-06-04,148.15760803222656
2025-06-05,147.5787811279297
2025-06-06,149.26535034179688
2025-06-09,146.6207275390625
2025-06-10,146.86024475097656
2025-06-11,147.37916564941406
2025-06-12,149.74435424804688
2025-06-13,148.1775360107422
2025-06-16,150.79222106933594
2025-06-17,150.02378845214844
2025-06-18,150.69241333007812
2025-06-20,150.25331115722656
2025-06-23,154.09547424316406
2025-06-24,157.6282501220703
2025-06-25,157.49853515625
2025-06-26,157.40870666503906
2025-06-27,157.418701171875
2025-06-30,159.37469482421875
2025-07-01,158.73599243164062
2025-07-02,156.7101287841797
2025-07-03,155.0535125732422
2025-07-07,153.21726989746094
2025-07-08,152.32907104492188
2025-07-09,152.36898803710938
2025-07-10,150.9918212890625
2025-07-11,148.38711547851562
2025-07-14,148.52684020996094
2025-07-15,148.43702697753906
2025-07-16,149.04579162597656
2025-07-17,149.52481079101562
2025-07-18,149.80422973632812
2025-07-21,153.07754516601562
2025-07-22,156.70016479492188
2025-07-23,153.41685485839844
2025-07-24,152.32907104492188
2025-07-25,151.3710174560547
2025-07-28,151.68040466308594
2025-07-29,147.48895263671875
2025-07-30,155.9416961669922
2025-07-31,152.1793975830078
2025-08-01,156.76002502441406
2025-08-04,159.44456481933594
2025-08-05,160.66207885742188
2025-08-06,162.66798400878906
2025-08-07,162.41848754882812
2025-08-08,167.2985076904297
2025-08-11,175.75128173828125
2025-08-12,177.547607421875
2025-08-13,178.03659057617188
2025-08-14,178.64535522460938
2025-08-15,174.314208984375
2025-08-18,168.8154296875
2025-08-19,170.3323211669922
2025-08-20,170.9810028076172
2025-08-21,171.2005615234375
2025-08-22,171.0508575439453
2025-08-25,172.40809631347656
2025-08-26,171.87916564941406
2025-08-27,172.43865966796875
2025-08-28,170.8301544189453
2025-08-29,171.78924560546875
2025-09-02,171.2897186279297
2025-09-03,167.7030792236328
2025-09-04,167.8729248046875
2025-09-05,168.4623565673828
2025-09-08,167.90289306640625
2025-09-09,165.884765625
2025-09-10,170.11082458496094
2025-09-11,169.73118591308594
2025-09-12,172.21885681152344
2025-09-15,171.6094207763672
2025-09-16,171.91912841796875
2025-09-17,173.42771911621094
2025-09-18,173.00811767578125
2025-09-19,172.92819213867188
2025-09-22,173.25787353515625
2025-09-23,173.9072723388672
2025-09-24,167.1935577392578
2025-09-25,168.16265869140625
2025-09-26,193.16925048828125
2025-09-29,201.86111450195312
2025-09-30,201.51144409179688
2025-10-01,201.44151306152344
2025-10-02,200.81210327148438
2025-10-03,200.5023956298828
2025-10-06,200.27261352539062
2025-10-07,199.83302307128906
2025-10-08,199.82301330566406
2025-10-09,199.8629913330078
2025-10-10,199.83302307128906
2025-10-13,200.10275268554688
2025-10-14,200.01284790039062
2025-10-15,200.5623321533203
2025-10-16,200.16270446777344
2025-10-17,200.1127471923828
2025-10-20,200.40248107910156
2025-10-21,200.36251831054688
2025-10-22,200.5623321533203
2025-10-23,200.4324493408203
2025-10-24,200.65223693847656
2025-10-27,200.31256103515625
2025-10-28,200.1127471923828
2025-10-29,200.01284790039062
2025-10-30,199.7331085205078
2025-10-31,199.8729705810547
2025-11-03,199.70314025878906
2025-11-04,200.59230041503906
2025-11-05,200.55235290527344
2025-11-06,200.19268798828125
2025-11-07,200.4124755859375
2025-11-10,201.2117156982422
2025-11-11,201.74122619628906
2025-11-12,201.8111572265625
2025-11-13,201.1517791748047
2025-11-14,200.87203979492188
