Price,Adj Close
Ticker,EA
Date,
2010-01-04,17.663650512695312
2010-01-05,18.15998077392578
2010-01-06,17.692846298217773
2010-01-07,17.556594848632812
2010-01-08,17.90694808959961
2010-01-11,17.780433654785156
2010-01-12,16.398481369018555
2010-01-13,16.70990753173828
2010-01-14,16.719646453857422
2010-01-15,16.57366180419922
2010-01-19,16.70990753173828
2010-01-20,16.748836517333984
2010-01-21,16.914278030395508
2010-01-22,16.320627212524414
2010-01-25,16.37902069091797
2010-01-26,16.291425704956055
2010-01-27,16.670978546142578
2010-01-28,16.320627212524414
2010-01-29,15.843753814697266
2010-02-01,16.291425704956055
2010-02-02,16.612581253051758
2010-02-03,16.807228088378906
2010-02-04,16.524993896484375
2010-02-05,16.797500610351562
2010-02-08,17.02132797241211
2010-02-09,15.532332420349121
2010-02-10,15.512864112854004
2010-02-11,15.688045501708984
2010-02-12,15.62964916229248
2010-02-16,15.87295150756836
2010-02-17,16.184375762939453
2010-02-18,16.145450592041016
2010-02-19,16.301162719726562
2010-02-22,16.145450592041016
2010-02-23,15.87295150756836
2010-02-24,16.07732582092285
2010-02-25,16.116252899169922
2010-02-26,16.135717391967773
2010-03-01,16.417943954467773
2010-03-02,16.291425704956055
2010-03-03,16.35955238342285
2010-03-04,16.369287490844727
2010-03-05,16.6612491607666
2010-03-08,16.816957473754883
2010-03-09,17.108917236328125
2010-03-10,17.410614013671875
2010-03-11,17.42034339904785
2010-03-12,17.29383087158203
2010-03-15,17.391151428222656
2010-03-16,17.439809799194336
2010-03-17,17.653911590576172
2010-03-18,18.03346824645996
2010-03-19,17.926414489746094
2010-03-22,18.06265640258789
2010-03-23,18.023733139038086
2010-03-24,18.03346824645996
2010-03-25,18.06265640258789
2010-03-26,18.344890594482422
2010-03-29,18.179439544677734
2010-03-30,18.2864990234375
2010-03-31,18.15998077392578
2010-04-01,18.33515739440918
2010-04-05,18.588193893432617
2010-04-06,18.597919464111328
2010-04-07,18.66604995727539
2010-04-08,18.675779342651367
2010-04-09,18.841224670410156
2010-04-12,18.880146026611328
2010-04-13,18.802295684814453
2010-04-14,19.21103858947754
2010-04-15,18.928815841674805
2010-04-16,19.045595169067383
2010-04-19,19.181838989257812
2010-04-20,19.434877395629883
2010-04-21,19.22076988220215
2010-04-22,19.30836296081543
2010-04-23,19.434877395629883
2010-04-26,19.366750717163086
2010-04-27,19.240238189697266
2010-04-28,19.103988647460938
2010-04-29,19.269433975219727
2010-04-30,18.8509578704834
2010-05-03,19.191577911376953
2010-05-04,18.558992385864258
2010-05-05,18.782835006713867
2010-05-06,17.692846298217773
2010-05-07,17.157577514648438
2010-05-10,17.751237869262695
2010-05-11,18.296226501464844
2010-05-12,17.235435485839844
2010-05-13,17.605255126953125
2010-05-14,16.95320701599121
2010-05-17,17.28409767150879
2010-05-18,17.069992065429688
2010-05-19,16.6612491607666
2010-05-20,15.931343078613281
2010-05-21,16.252504348754883
2010-05-24,15.843753814697266
2010-05-25,15.804828643798828
2010-05-26,15.824295043945312
2010-05-27,16.271963119506836
2010-05-28,16.06759262084961
2010-06-01,15.658846855163574
2010-06-02,15.931343078613281
2010-06-03,16.281696319580078
2010-06-04,15.386350631713867
2010-06-07,14.948409080505371
2010-06-08,15.074923515319824
2010-06-09,14.802428245544434
2010-06-10,15.493400573730469
2010-06-11,15.882683753967285
2010-06-14,15.921610832214355
2010-06-15,15.87295150756836
2010-06-16,15.580988883972168
2010-06-17,15.736702919006348
2010-06-18,15.600459098815918
2010-06-21,15.357154846191406
2010-06-22,14.909481048583984
2010-06-23,14.88028335571289
2010-06-24,14.636982917785645
2010-06-25,14.73430347442627
2010-06-28,14.68564510345459
2010-06-29,14.257431983947754
2010-06-30,14.014132499694824
2010-07-01,13.946006774902344
2010-07-02,14.208775520324707
2010-07-06,14.043329238891602
2010-07-07,14.549394607543945
2010-07-08,14.364486694335938
2010-07-09,14.442340850830078
2010-07-12,14.41314697265625
2010-07-13,14.73430347442627
2010-07-14,14.967872619628906
2010-07-15,15.074923515319824
2010-07-16,14.393682479858398
2010-07-19,14.68564510345459
2010-07-20,14.948409080505371
2010-07-21,14.471537590026855
2010-07-22,15.172246932983398
2010-07-23,15.454473495483398
2010-07-26,15.9508056640625
2010-07-27,16.07732582092285
2010-07-28,15.726972579956055
2010-07-29,15.580988883972168
2010-07-30,15.503135681152344
2010-08-02,16.057861328125
2010-08-03,15.746435165405273
2010-08-04,16.914278030395508
2010-08-05,16.768295288085938
2010-08-06,16.612581253051758
2010-08-09,16.690441131591797
2010-08-10,16.26223373413086
2010-08-11,15.649115562438965
2010-08-12,15.337688446044922
2010-08-13,15.250100135803223
2010-08-16,15.619917869567871
2010-08-17,15.717235565185547
2010-08-18,15.892416954040527
2010-08-19,15.639383316040039
2010-08-20,15.366887092590332
2010-08-23,15.04572868347168
2010-08-24,14.627249717712402
2010-08-25,14.89001750946045
2010-08-26,14.860821723937988
2010-08-27,15.133317947387695
2010-08-30,14.870551109313965
2010-08-31,14.821890830993652
2010-09-01,15.67831039428711
2010-09-02,15.921610832214355
2010-09-03,16.018932342529297
2010-09-07,15.62964916229248
2010-09-08,15.814558029174805
2010-09-09,15.843753814697266
2010-09-10,15.804828643798828
2010-09-13,16.08705711364746
2010-09-14,16.26223373413086
2010-09-15,16.194107055664062
2010-09-16,15.94107437133789
2010-09-17,15.824295043945312
2010-09-20,15.911880493164062
2010-09-21,15.853487014770508
2010-09-22,15.717235565185547
2010-09-23,15.726972579956055
2010-09-24,16.018932342529297
2010-09-27,16.12598419189453
2010-09-28,16.106521606445312
2010-09-29,15.79509449005127
2010-09-30,16.009201049804688
2010-10-01,15.999466896057129
2010-10-04,16.50553321838379
2010-10-05,17.34248924255371
2010-10-06,16.943471908569336
2010-10-07,17.108917236328125
2010-10-08,17.177045822143555
2010-10-11,17.186771392822266
2010-10-12,16.164915084838867
2010-10-13,16.310895919799805
2010-10-14,16.07732582092285
2010-10-15,15.532332420349121
2010-10-18,15.347421646118164
2010-10-19,15.162514686584473
2010-10-20,14.987336158752441
2010-10-21,15.152780532836914
2010-10-22,15.191709518432617
2010-10-25,15.201441764831543
2010-10-26,15.386350631713867
2010-10-27,15.366887092590332
2010-10-28,15.211174964904785
2010-10-29,15.405815124511719
2010-11-01,15.376618385314941
2010-11-02,15.765901565551758
2010-11-03,15.084656715393066
2010-11-04,15.425276756286621
2010-11-05,15.902145385742188
2010-11-08,16.08705711364746
2010-11-09,15.902145385742188
2010-11-10,15.746435165405273
2010-11-11,15.571258544921875
2010-11-12,15.405815124511719
2010-11-15,15.259834289550781
2010-11-16,14.977603912353516
2010-11-17,15.006802558898926
2010-11-18,15.123586654663086
2010-11-19,14.938675880432129
2010-11-22,14.99706745147705
2010-11-23,14.452075958251953
2010-11-24,14.57858943939209
2010-11-26,14.422877311706543
2010-11-29,14.6077880859375
2010-11-30,14.510465621948242
2010-12-01,14.646716117858887
2010-12-02,14.675912857055664
2010-12-03,14.773232460021973
2010-12-06,15.016533851623535
2010-12-07,15.094389915466309
2010-12-08,15.327960014343262
2010-12-09,15.327960014343262
2010-12-10,15.396081924438477
2010-12-13,15.337688446044922
2010-12-14,15.366887092590332
2010-12-15,15.289031982421875
2010-12-16,15.444743156433105
2010-12-17,15.483668327331543
2010-12-20,15.425276756286621
2010-12-21,15.503135681152344
2010-12-22,15.551791191101074
2010-12-23,15.512864112854004
2010-12-27,15.697773933410645
2010-12-28,15.717235565185547
2010-12-29,16.106521606445312
2010-12-30,16.174646377563477
2010-12-31,15.94107437133789
2011-01-03,15.94107437133789
2011-01-04,15.94107437133789
2011-01-05,15.843753814697266
2011-01-06,15.79509449005127
2011-01-07,15.619917869567871
2011-01-10,15.580988883972168
2011-01-11,15.571258544921875
2011-01-12,15.600459098815918
2011-01-13,15.610187530517578
2011-01-14,15.522597312927246
2011-01-18,15.571258544921875
2011-01-19,15.415545463562012
2011-01-20,15.337688446044922
2011-01-21,14.724574089050293
2011-01-24,14.88028335571289
2011-01-25,14.967872619628906
2011-01-26,14.92894458770752
2011-01-27,14.675912857055664
2011-01-28,14.598052978515625
2011-01-31,15.172246932983398
2011-02-01,15.201441764831543
2011-02-02,17.605255126953125
2011-02-03,17.624717712402344
2011-02-04,17.741504669189453
2011-02-07,17.7901668548584
2011-02-08,17.809621810913086
2011-02-09,17.54686164855957
2011-02-10,17.71230697631836
2011-02-11,17.7220401763916
2011-02-14,17.90694808959961
2011-02-15,18.03346824645996
2011-02-16,18.422744750976562
2011-02-17,18.841224670410156
2011-02-18,18.76336669921875
2011-02-22,18.364351272583008
2011-02-23,18.35462188720703
2011-02-24,18.296226501464844
2011-02-25,18.66604995727539
2011-02-28,18.296226501464844
2011-03-01,17.90694808959961
2011-03-02,18.20863914489746
2011-03-03,18.451942443847656
2011-03-04,18.2864990234375
2011-03-07,17.955610275268555
2011-03-08,18.247568130493164
2011-03-09,18.12105369567871
2011-03-10,18.03346824645996
2011-03-11,18.043197631835938
2011-03-14,18.101587295532227
2011-03-15,17.87775230407715
2011-03-16,17.7220401763916
2011-03-17,18.169715881347656
2011-03-18,18.09185791015625
2011-03-21,18.432479858398438
2011-03-22,18.315692901611328
2011-03-23,18.588193893432617
2011-03-24,19.30836296081543
2011-03-25,19.172109603881836
2011-03-28,19.181838989257812
2011-03-29,19.13318634033203
2011-03-30,19.152647018432617
2011-03-31,19.006664276123047
2011-04-01,19.201313018798828
2011-04-04,19.162378311157227
2011-04-05,19.493267059326172
2011-04-06,19.707368850708008
2011-04-07,19.707368850708008
2011-04-08,19.327829360961914
2011-04-11,19.318098068237305
2011-04-12,19.21103858947754
2011-04-13,19.357017517089844
2011-04-14,19.4154109954834
2011-04-15,19.59058952331543
2011-04-18,19.33755874633789
2011-04-19,19.454341888427734
2011-04-20,19.950674057006836
2011-04-21,19.86309051513672
2011-04-25,19.989608764648438
2011-04-26,19.687908172607422
2011-04-27,19.69763946533203
2011-04-28,19.94093894958496
2011-04-29,19.639245986938477
2011-05-02,19.756032943725586
2011-05-03,19.61979103088379
2011-05-04,19.38622283935547
2011-05-05,21.099056243896484
2011-05-06,21.16718101501465
2011-05-09,21.449413299560547
2011-05-10,22.150114059448242
2011-05-11,22.004135131835938
2011-05-12,22.266897201538086
2011-05-13,23.06492805480957
2011-05-16,22.49073600769043
2011-05-17,22.75349998474121
2011-05-18,23.084388732910156
2011-05-19,23.14278221130371
2011-05-20,23.00653648376465
2011-05-23,22.724306106567383
2011-05-24,22.56859588623047
2011-05-25,23.113588333129883
2011-05-26,22.938411712646484
2011-05-27,23.259565353393555
2011-05-31,23.755903244018555
2011-06-01,23.765636444091797
2011-06-02,23.590456008911133
2011-06-03,23.38608169555664
2011-06-06,23.16224479675293
2011-06-07,22.724306106567383
2011-06-08,22.111186981201172
2011-06-09,22.481006622314453
2011-06-10,22.198776245117188
2011-06-13,22.1793155670166
2011-06-14,22.578323364257812
2011-06-15,22.111186981201172
2011-06-16,21.819225311279297
2011-06-17,21.644052505493164
2011-06-20,21.76082992553711
2011-06-21,22.072263717651367
2011-06-22,21.936012268066406
2011-06-23,21.31315803527832
2011-06-24,21.186647415161133
2011-06-27,21.12824821472168
2011-06-28,21.945743560791016
2011-06-29,22.977338790893555
2011-06-30,22.967607498168945
2011-07-01,23.54180145263672
2011-07-05,23.668312072753906
2011-07-06,23.697505950927734
2011-07-07,24.164648056030273
2011-07-08,24.378751754760742
2011-07-11,23.736438751220703
2011-07-12,23.522336959838867
2011-07-13,23.269304275512695
2011-07-14,22.880016326904297
2011-07-15,22.967607498168945
2011-07-18,22.977338790893555
2011-07-19,23.454206466674805
2011-07-20,23.366619110107422
2011-07-21,23.24983787536621
2011-07-22,23.288766860961914
2011-07-25,23.425010681152344
2011-07-26,23.171979904174805
2011-07-27,22.3544864654541
2011-07-28,21.955474853515625
2011-07-29,21.65378189086914
2011-08-01,21.361820220947266
2011-08-02,20.641651153564453
2011-08-03,20.76816749572754
2011-08-04,19.610055923461914
2011-08-05,19.46407699584961
2011-08-08,17.663650512695312
2011-08-09,18.101587295532227
2011-08-10,17.147851943969727
2011-08-11,18.63684844970703
2011-08-12,19.395950317382812
2011-08-15,19.717105865478516
2011-08-16,19.483535766601562
2011-08-17,19.376487731933594
2011-08-18,18.364351272583008
2011-08-19,18.792564392089844
2011-08-22,19.074792861938477
2011-08-23,19.765762329101562
2011-08-24,19.794965744018555
2011-08-25,19.853357315063477
2011-08-26,20.923879623413086
2011-08-29,21.6829776763916
2011-08-30,21.955474853515625
2011-08-31,21.974939346313477
2011-09-01,21.371553421020508
2011-09-02,21.40074920654297
2011-09-06,21.303430557250977
2011-09-07,21.945743560791016
2011-09-08,21.48833656311035
2011-09-09,20.787633895874023
2011-09-12,21.47860336303711
2011-09-13,21.517532348632812
2011-09-14,22.072263717651367
2011-09-15,22.3544864654541
2011-09-16,22.393415451049805
2011-09-19,22.257169723510742
2011-09-20,22.296098709106445
2011-09-21,21.361820220947266
2011-09-22,20.203710556030273
2011-09-23,20.680580139160156
2011-09-26,21.17691421508789
2011-09-27,21.332624435424805
2011-09-28,20.44700813293457
2011-09-29,20.067462921142578
2011-09-30,19.902013778686523
2011-10-03,19.23050308227539
2011-10-04,19.726842880249023
2011-10-05,20.398347854614258
2011-10-06,21.955474853515625
2011-10-07,21.78029441833496
2011-10-10,22.957874298095703
2011-10-11,22.880016326904297
2011-10-12,23.0941219329834
2011-10-13,23.191442489624023
2011-10-14,23.882415771484375
2011-10-17,23.191442489624023
2011-10-18,23.853221893310547
2011-10-19,22.987070083618164
2011-10-20,22.78270149230957
2011-10-21,22.94814109802246
2011-10-24,24.271697998046875
2011-10-25,23.81429672241211
2011-10-26,23.736438751220703
2011-10-27,23.843488693237305
2011-10-28,23.454206466674805
2011-10-31,22.724306106567383
2011-11-01,21.858152389526367
2011-11-02,22.850820541381836
2011-11-03,23.72670555114746
2011-11-04,24.52473258972168
2011-11-07,23.833757400512695
2011-11-08,23.590456008911133
2011-11-09,22.41287612915039
2011-11-10,22.938411712646484
2011-11-11,23.259565353393555
2011-11-14,23.113588333129883
2011-11-15,23.171979904174805
2011-11-16,22.442079544067383
2011-11-17,21.721908569335938
2011-11-18,21.40074920654297
2011-11-21,21.05039405822754
2011-11-22,21.27423095703125
2011-11-23,20.378887176513672
2011-11-25,20.271835327148438
2011-11-28,21.498071670532227
2011-11-29,21.108783721923828
2011-11-30,22.56859588623047
2011-12-01,22.70484161376953
2011-12-02,22.383686065673828
2011-12-05,22.120920181274414
2011-12-06,22.529666900634766
2011-12-07,21.98467445373535
2011-12-08,20.914152145385742
2011-12-09,21.40074920654297
2011-12-12,21.099056243896484
2011-12-13,20.30103302001953
2011-12-14,19.794965744018555
2011-12-15,20.35942268371582
2011-12-16,19.687908172607422
2011-12-19,19.318098068237305
2011-12-20,20.018798828125
2011-12-21,19.756032943725586
2011-12-22,19.756032943725586
2011-12-23,20.155046463012695
2011-12-27,20.44700813293457
2011-12-28,19.989608764648438
2011-12-29,20.30103302001953
2011-12-30,20.047996520996094
2012-01-03,20.729236602783203
2012-01-04,19.74630355834961
2012-01-05,19.979873657226562
2012-01-06,19.142913818359375
2012-01-09,18.899616241455078
2012-01-10,18.93854331970215
2012-01-11,18.860687255859375
2012-01-12,18.987207412719727
2012-01-13,17.556594848632812
2012-01-17,17.264631271362305
2012-01-18,17.770700454711914
2012-01-19,17.069992065429688
2012-01-20,17.449542999267578
2012-01-23,17.498197555541992
2012-01-24,17.459280014038086
2012-01-25,17.556594848632812
2012-01-26,17.186771392822266
2012-01-27,17.653911590576172
2012-01-30,17.54686164855957
2012-01-31,18.08212661743164
2012-02-01,17.94587516784668
2012-02-02,19.045595169067383
2012-02-03,18.72443962097168
2012-02-06,18.490873336791992
2012-02-07,17.994535446166992
2012-02-08,17.751237869262695
2012-02-09,17.391151428222656
2012-02-10,16.95320701599121
2012-02-13,17.02132797241211
2012-02-14,17.186771392822266
2012-02-15,17.27436637878418
2012-02-16,17.29383087158203
2012-02-17,17.001861572265625
2012-02-21,16.758563995361328
2012-02-22,16.670978546142578
2012-02-23,16.729373931884766
2012-02-24,16.476335525512695
2012-02-27,16.35955238342285
2012-02-28,16.26223373413086
2012-02-29,15.902145385742188
2012-03-01,16.24277114868164
2012-03-02,16.330360412597656
2012-03-05,16.048126220703125
2012-03-06,15.999466896057129
2012-03-07,16.06759262084961
2012-03-08,16.933746337890625
2012-03-09,16.797500610351562
2012-03-12,16.388750076293945
2012-03-13,16.816957473754883
2012-03-14,16.057861328125
2012-03-15,16.26223373413086
2012-03-16,16.992137908935547
2012-03-19,16.70990753173828
2012-03-20,16.554195404052734
2012-03-21,16.46660614013672
2012-03-22,16.50553321838379
2012-03-23,16.408218383789062
2012-03-26,16.54446029663086
2012-03-27,16.563928604125977
2012-03-28,16.340085983276367
2012-03-29,16.048126220703125
2012-03-30,16.048126220703125
2012-04-02,16.26223373413086
2012-04-03,16.203838348388672
2012-04-04,15.824295043945312
2012-04-05,15.834025382995605
2012-04-09,15.473939895629883
2012-04-10,15.133317947387695
2012-04-11,15.46420669555664
2012-04-12,16.07732582092285
2012-04-13,15.746435165405273
2012-04-16,14.802428245544434
2012-04-17,14.870551109313965
2012-04-18,14.666178703308105
2012-04-19,14.364486694335938
2012-04-20,14.529932022094727
2012-04-23,14.471537590026855
2012-04-24,14.481269836425781
2012-04-25,14.6077880859375
2012-04-26,15.503135681152344
2012-04-27,14.909481048583984
2012-04-30,14.967872619628906
2012-05-01,15.123586654663086
2012-05-02,15.444743156433105
2012-05-03,15.250100135803223
2012-05-04,14.714838981628418
2012-05-07,14.724574089050293
2012-05-08,14.091987609863281
2012-05-09,13.7416353225708
2012-05-10,14.315826416015625
2012-05-11,14.17957592010498
2012-05-14,13.994669914245605
2012-05-15,13.926543235778809
2012-05-16,14.023863792419434
2012-05-17,13.858421325683594
2012-05-18,13.722173690795898
2012-05-21,13.994669914245605
2012-05-22,13.877885818481445
2012-05-23,14.29636001586914
2012-05-24,13.838957786560059
2012-05-25,13.838957786560059
2012-05-29,13.994669914245605
2012-05-30,13.770830154418945
2012-05-31,13.255034446716309
2012-06-01,12.7684326171875
2012-06-04,12.719769477844238
2012-06-05,12.787897109985352
2012-06-06,13.342623710632324
2012-06-07,13.060393333435059
2012-06-08,13.109055519104004
2012-06-11,12.476470947265625
2012-06-12,12.447275161743164
2012-06-13,11.960671424865723
2012-06-14,11.989870071411133
2012-06-15,12.10665225982666
2012-06-18,12.096920013427734
2012-06-19,12.330490112304688
2012-06-20,12.320758819580078
2012-06-21,11.67844295501709
2012-06-22,11.931475639343262
2012-06-25,11.795228004455566
2012-06-26,11.649248123168945
2012-06-27,11.78549575805664
2012-06-28,11.571391105651855
2012-06-29,12.01906681060791
2012-07-02,11.950940132141113
2012-07-03,12.252634048461914
2012-07-05,12.05799388885498
2012-07-06,11.697907447814941
2012-07-09,11.6200532913208
2012-07-10,11.279431343078613
2012-07-11,11.367019653320312
2012-07-12,11.279431343078613
2012-07-13,11.396219253540039
2012-07-16,11.221039772033691
2012-07-17,11.055593490600586
2012-07-18,11.191843032836914
2012-07-19,11.941207885742188
2012-07-20,11.658980369567871
2012-07-23,11.503268241882324
2012-07-24,11.2307710647583
2012-07-25,11.201574325561523
2012-07-26,10.65657901763916
2012-07-27,11.104254722595215
2012-07-30,10.929076194763184
2012-07-31,10.724706649780273
2012-08-01,11.367019653320312
2012-08-02,11.065328598022461
2012-08-03,11.649248123168945
2012-08-06,11.873085021972656
2012-08-07,12.447275161743164
2012-08-08,12.593255043029785
2012-08-09,12.7684326171875
2012-08-10,12.729503631591797
2012-08-13,12.525132179260254
2012-08-14,12.36941909790039
2012-08-15,12.739237785339355
2012-08-16,13.439942359924316
2012-08-17,13.40101432800293
2012-08-20,13.196642875671387
2012-08-21,13.196642875671387
2012-08-22,13.07986068725586
2012-08-23,12.894947052001953
2012-08-24,12.972805976867676
2012-08-27,12.58352279663086
2012-08-28,12.486201286315918
2012-08-29,12.505669593811035
2012-08-30,12.65164566040039
2012-08-31,12.972805976867676
2012-09-04,12.680842399597168
2012-09-05,12.787897109985352
2012-09-06,13.264765739440918
2012-09-07,13.663778305053711
2012-09-10,13.469136238098145
2012-09-11,13.439942359924316
2012-09-12,13.615119934082031
2012-09-13,13.858421325683594
2012-09-14,14.11145305633545
2012-09-17,13.829221725463867
2012-09-18,13.624849319458008
2012-09-19,13.556729316711426
2012-09-20,13.118785858154297
2012-09-21,12.885215759277344
2012-09-24,12.953338623046875
2012-09-25,12.340221405029297
2012-09-26,12.26236629486084
2012-09-27,12.437543869018555
2012-09-28,12.349955558776855
2012-10-01,12.01906681060791
2012-10-02,12.311025619506836
2012-10-03,12.505669593811035
2012-10-04,12.680842399597168
2012-10-05,12.602987289428711
2012-10-08,12.632183074951172
2012-10-09,12.661378860473633
2012-10-10,12.544595718383789
2012-10-11,12.700310707092285
2012-10-12,13.05066204071045
2012-10-15,13.323158264160156
2012-10-16,13.605386734008789
2012-10-17,13.498335838317871
2012-10-18,13.459407806396484
2012-10-19,12.729503631591797
2012-10-22,12.700310707092285
2012-10-23,12.427811622619629
2012-10-24,12.087189674377441
2012-10-25,11.882818222045898
2012-10-26,11.590855598449707
2012-10-31,12.01906681060791
2012-11-01,12.65164566040039
2012-11-02,12.641914367675781
2012-11-05,12.84628963470459
2012-11-06,13.391283988952637
2012-11-07,13.07986068725586
2012-11-08,12.564061164855957
2012-11-09,12.544595718383789
2012-11-12,12.671114921569824
2012-11-13,12.632183074951172
2012-11-14,12.408347129821777
2012-11-15,12.700310707092285
2012-11-16,12.700310707092285
2012-11-19,13.342623710632324
2012-11-20,13.488604545593262
2012-11-21,13.595656394958496
2012-11-23,13.984933853149414
2012-11-26,14.208775520324707
2012-11-27,14.345022201538086
2012-11-28,14.627249717712402
2012-11-29,14.627249717712402
2012-11-30,14.41314697265625
2012-12-03,14.140650749206543
2012-12-04,14.053059577941895
2012-12-05,14.237971305847168
2012-12-06,14.422877311706543
2012-12-07,14.442340850830078
2012-12-10,14.422877311706543
2012-12-11,14.744035720825195
2012-12-12,14.919210433959961
2012-12-13,14.841354370117188
2012-12-14,14.89001750946045
2012-12-17,15.006802558898926
2012-12-18,14.510465621948242
2012-12-19,14.014132499694824
2012-12-20,13.566459655761719
2012-12-21,13.517800331115723
2012-12-24,13.731905937194824
2012-12-26,13.780562400817871
2012-12-27,13.644314765930176
2012-12-28,13.54699420928955
2012-12-31,14.130919456481934
2013-01-02,14.160113334655762
2013-01-03,14.345022201538086
2013-01-04,14.481269836425781
2013-01-07,14.062792778015137
2013-01-08,13.40101432800293
2013-01-09,13.33288860321045
2013-01-10,13.624849319458008
2013-01-11,13.858421325683594
2013-01-14,14.043329238891602
2013-01-15,14.218504905700684
2013-01-16,14.208775520324707
2013-01-17,14.121183395385742
2013-01-18,14.072526931762695
2013-01-22,14.043329238891602
2013-01-23,13.67351245880127
2013-01-24,13.877885818481445
2013-01-25,14.374220848083496
2013-01-28,14.636982917785645
2013-01-29,14.549394607543945
2013-01-30,14.675912857055664
2013-01-31,15.308492660522461
2013-02-01,15.7561674118042
2013-02-04,15.571258544921875
2013-02-05,16.437414169311523
2013-02-06,16.427677154541016
2013-02-07,16.417943954467773
2013-02-08,16.904550552368164
2013-02-11,16.943471908569336
2013-02-12,17.069992065429688
2013-02-13,16.70990753173828
2013-02-14,16.690441131591797
2013-02-15,16.515270233154297
2013-02-19,17.118656158447266
2013-02-20,17.011598587036133
2013-02-21,17.167312622070312
2013-02-22,17.332759857177734
2013-02-25,17.225706100463867
2013-02-26,17.21597671508789
2013-02-27,17.63445472717285
2013-02-28,17.060264587402344
2013-03-01,17.556594848632812
2013-03-04,17.71230697631836
2013-03-05,18.014001846313477
2013-03-06,18.12105369567871
2013-03-07,18.20863914489746
2013-03-08,18.08212661743164
2013-03-11,18.617387771606445
2013-03-12,18.73417091369629
2013-03-13,18.432479858398438
2013-03-14,18.821760177612305
2013-03-15,18.374086380004883
2013-03-18,18.20863914489746
2013-03-19,16.690441131591797
2013-03-20,16.875350952148438
2013-03-21,17.225706100463867
2013-03-22,17.488468170166016
2013-03-25,17.08945655822754
2013-03-26,17.29383087158203
2013-03-27,17.313291549682617
2013-03-28,17.225706100463867
2013-04-01,17.439809799194336
2013-04-02,17.07971954345703
2013-04-03,16.778032302856445
2013-04-04,16.787761688232422
2013-04-05,16.88508415222168
2013-04-08,16.807228088378906
2013-04-09,16.982412338256836
2013-04-10,17.323026657104492
2013-04-11,17.157577514648438
2013-04-12,17.108917236328125
2013-04-15,16.456872940063477
2013-04-16,16.904550552368164
2013-04-17,16.554195404052734
2013-04-18,16.486074447631836
2013-04-19,16.632051467895508
2013-04-22,16.816957473754883
2013-04-23,16.95320701599121
2013-04-24,17.323026657104492
2013-04-25,17.459280014038086
2013-04-26,17.400882720947266
2013-04-29,17.29383087158203
2013-04-30,17.13811683654785
2013-05-01,16.836421966552734
2013-05-02,17.069992065429688
2013-05-03,17.478740692138672
2013-05-06,17.799894332885742
2013-05-07,17.916675567626953
2013-05-08,20.98227310180664
2013-05-09,21.06012725830078
2013-05-10,21.87761688232422
2013-05-13,21.15744972229004
2013-05-14,21.809492111206055
2013-05-15,22.0333309173584
2013-05-16,21.42994499206543
2013-05-17,21.614852905273438
2013-05-20,21.20611000061035
2013-05-21,21.381284713745117
2013-05-22,21.16718101501465
2013-05-23,22.043060302734375
2013-05-24,22.159847259521484
2013-05-28,22.636714935302734
2013-05-29,22.539396286010742
2013-05-30,22.724306106567383
2013-05-31,22.373950958251953
2013-06-03,22.373950958251953
2013-06-04,22.111186981201172
2013-06-05,22.266897201538086
2013-06-06,22.65618324279785
2013-06-07,22.977338790893555
2013-06-10,22.257169723510742
2013-06-11,21.994403839111328
2013-06-12,20.96280860900879
2013-06-13,20.914152145385742
2013-06-14,21.22557258605957
2013-06-17,21.828956604003906
2013-06-18,22.41287612915039
2013-06-19,22.227968215942383
2013-06-20,21.556461334228516
2013-06-21,21.391019821166992
2013-06-24,21.03093147277832
2013-06-25,21.196378707885742
2013-06-26,21.20611000061035
2013-06-27,21.614852905273438
2013-06-28,22.373950958251953
2013-07-01,22.558862686157227
2013-07-02,22.88974952697754
2013-07-03,22.685373306274414
2013-07-05,23.191442489624023
2013-07-08,22.909210205078125
2013-07-09,22.938411712646484
2013-07-10,23.259565353393555
2013-07-11,23.619651794433594
2013-07-12,23.668312072753906
2013-07-15,23.54180145263672
2013-07-16,23.54180145263672
2013-07-17,23.171979904174805
2013-07-18,23.512601852416992
2013-07-19,23.619651794433594
2013-07-22,23.366619110107422
2013-07-23,23.191442489624023
2013-07-24,24.729101181030273
2013-07-25,23.979740142822266
2013-07-26,25.128122329711914
2013-07-29,24.797229766845703
2013-07-30,25.371421813964844
2013-07-31,25.420082092285156
2013-08-01,25.8190975189209
2013-08-02,25.858020782470703
2013-08-05,25.8190975189209
2013-08-06,25.731502532958984
2013-08-07,25.634185791015625
2013-08-08,25.9261474609375
2013-08-09,25.93587875366211
2013-08-12,25.965070724487305
2013-08-13,25.83855438232422
2013-08-14,25.94561195373535
2013-08-15,25.770431518554688
2013-08-16,26.169445037841797
2013-08-19,25.858020782470703
2013-08-20,26.033201217651367
2013-08-21,25.94561195373535
2013-08-22,27.035600662231445
2013-08-23,27.220508575439453
2013-08-26,27.11345863342285
2013-08-27,26.266767501831055
2013-08-28,26.403018951416016
2013-08-29,26.831220626831055
2013-08-30,25.9261474609375
2013-09-03,26.626853942871094
2013-09-04,27.23996925354004
2013-09-05,26.93827247619629
2013-09-06,26.04292869567871
2013-09-09,26.3835506439209
2013-09-10,26.22783851623535
2013-09-11,25.99427032470703
2013-09-12,25.68284797668457
2013-09-13,25.955341339111328
2013-09-16,26.237571716308594
2013-09-17,26.86041831970215
2013-09-18,26.1402530670166
2013-09-19,26.257028579711914
2013-09-20,25.82882308959961
2013-09-23,25.488201141357422
2013-09-24,25.83855438232422
2013-09-25,25.887218475341797
2013-09-26,25.44927978515625
2013-09-27,25.254634857177734
2013-09-30,24.865354537963867
2013-10-01,25.712039947509766
2013-10-02,24.93347930908203
2013-10-03,24.407947540283203
2013-10-04,25.069725036621094
2013-10-07,24.573392868041992
2013-10-08,23.425010681152344
2013-10-09,23.502870559692383
2013-10-10,24.544193267822266
2013-10-11,24.05759620666504
2013-10-14,23.931076049804688
2013-10-15,23.32769203186035
2013-10-16,23.561262130737305
2013-10-17,23.872684478759766
2013-10-18,24.359285354614258
2013-10-21,23.843488693237305
2013-10-22,24.55392837524414
2013-10-23,23.950544357299805
2013-10-24,24.07706069946289
2013-10-25,24.0867919921875
2013-10-28,24.164648056030273
2013-10-29,23.4834041595459
2013-10-30,25.30329132080078
2013-10-31,25.54659652709961
2013-11-01,24.943206787109375
2013-11-04,25.040529251098633
2013-11-05,24.87508773803711
2013-11-06,25.050264358520508
2013-11-07,24.6512508392334
2013-11-08,25.01133918762207
2013-11-11,25.293561935424805
2013-11-12,25.731502532958984
2013-11-13,25.712039947509766
2013-11-14,25.264366149902344
2013-11-15,23.415281295776367
2013-11-18,23.473676681518555
2013-11-19,22.695110321044922
2013-11-20,22.383686065673828
2013-11-21,22.763235092163086
2013-11-22,22.51993179321289
2013-11-25,22.169578552246094
2013-11-26,21.916547775268555
2013-11-27,21.517532348632812
2013-11-29,21.575925827026367
2013-12-02,21.31315803527832
2013-12-03,20.96280860900879
2013-12-04,21.74136734008789
2013-12-05,20.44700813293457
2013-12-06,21.644052505493164
2013-12-09,21.59539031982422
2013-12-10,21.4688777923584
2013-12-11,20.515134811401367
2013-12-12,20.4080810546875
2013-12-13,21.62457847595215
2013-12-16,21.4688777923584
2013-12-17,22.1403865814209
2013-12-18,22.2474365234375
2013-12-19,22.792438507080078
2013-12-20,22.909210205078125
2013-12-23,23.22063446044922
2013-12-24,23.191442489624023
2013-12-26,23.035730361938477
2013-12-27,22.54912757873535
2013-12-30,22.276630401611328
2013-12-31,22.325294494628906
2014-01-02,22.21824073791504
2014-01-03,22.072263717651367
2014-01-06,21.926279067993164
2014-01-07,22.481006622314453
2014-01-08,22.685373306274414
2014-01-09,22.1403865814209
2014-01-10,22.393415451049805
2014-01-13,21.78029441833496
2014-01-14,21.858152389526367
2014-01-15,21.34235382080078
2014-01-16,20.96280860900879
2014-01-17,23.454206466674805
2014-01-21,23.668312072753906
2014-01-22,23.522336959838867
2014-01-23,23.23037338256836
2014-01-24,23.201173782348633
2014-01-27,23.81429672241211
2014-01-28,24.20357894897461
2014-01-29,24.544193267822266
2014-01-30,25.332490921020508
2014-01-31,25.69257926940918
2014-02-03,25.381149291992188
2014-02-04,25.47847557067871
2014-02-05,25.459007263183594
2014-02-06,25.75096893310547
2014-02-07,26.47114372253418
2014-02-10,26.15972137451172
2014-02-11,26.675512313842773
2014-02-12,27.11345863342285
2014-02-13,26.821495056152344
2014-02-14,26.840957641601562
2014-02-18,27.63898277282715
2014-02-19,27.1621150970459
2014-02-20,27.045331954956055
2014-02-21,27.249698638916016
2014-02-24,27.210773468017578
2014-02-25,27.34702491760254
2014-02-26,27.512466430664062
2014-02-27,27.775230407714844
2014-02-28,27.823890686035156
2014-03-03,27.33729362487793
2014-03-04,28.037994384765625
2014-03-05,28.310495376586914
2014-03-06,28.427278518676758
2014-03-07,28.59272003173828
2014-03-10,28.427278518676758
2014-03-11,29.001468658447266
2014-03-12,29.176645278930664
2014-03-13,28.913881301879883
2014-03-14,28.80683135986328
2014-03-17,29.293432235717773
2014-03-18,29.429677963256836
2014-03-19,29.419944763183594
2014-03-20,29.439407348632812
2014-03-21,28.95281219482422
2014-03-24,28.2229061126709
2014-03-25,28.505136489868164
2014-03-26,27.80443000793457
2014-03-27,27.716842651367188
2014-03-28,27.7655029296875
2014-03-31,28.232637405395508
2014-04-01,28.68031120300293
2014-04-02,28.349422454833984
2014-04-03,28.096385955810547
2014-04-04,27.833621978759766
2014-04-07,27.580591201782227
2014-04-08,27.960142135620117
2014-04-09,27.405414581298828
2014-04-10,26.4906005859375
2014-04-11,25.955341339111328
2014-04-14,26.54899787902832
2014-04-15,26.733909606933594
2014-04-16,26.850688934326172
2014-04-17,26.831220626831055
2014-04-21,27.230239868164062
2014-04-22,27.366487503051758
2014-04-23,27.395687103271484
2014-04-24,27.34702491760254
2014-04-25,27.454076766967773
2014-04-28,27.424877166748047
2014-04-29,27.308094024658203
2014-04-30,27.54166030883789
2014-05-01,27.969867706298828
2014-05-02,27.73630714416504
2014-05-05,27.98933982849121
2014-05-06,27.298364639282227
2014-05-07,33.04026412963867
2014-05-08,33.36142349243164
2014-05-09,34.17891311645508
2014-05-12,34.36381912231445
2014-05-13,34.10105895996094
2014-05-14,33.21543884277344
2014-05-15,32.88454818725586
2014-05-16,33.517127990722656
2014-05-19,33.64365768432617
2014-05-20,33.45874786376953
2014-05-21,33.67284393310547
2014-05-22,33.64365768432617
2014-05-23,33.945350646972656
2014-05-27,34.139984130859375
2014-05-28,33.77016830444336
2014-05-29,33.828556060791016
2014-05-30,34.188655853271484
2014-06-02,33.633914947509766
2014-06-03,33.79936218261719
2014-06-04,34.01346969604492
2014-06-05,33.848018646240234
2014-06-06,33.916141510009766
2014-06-09,33.97454071044922
2014-06-10,34.74336624145508
2014-06-11,34.558467864990234
2014-06-12,34.285953521728516
2014-06-13,34.723907470703125
2014-06-16,34.74336624145508
2014-06-17,35.80415725708008
2014-06-18,36.154518127441406
2014-06-19,36.076656341552734
2014-06-20,36.144771575927734
2014-06-23,35.91122055053711
2014-06-24,35.38569259643555
2014-06-25,35.53166580200195
2014-06-26,35.29810333251953
2014-06-27,34.928279876708984
2014-06-30,34.908809661865234
2014-07-01,35.43434524536133
2014-07-02,35.774967193603516
2014-07-03,35.93069076538086
2014-07-07,35.1910514831543
2014-07-08,34.344364166259766
2014-07-09,34.56819534301758
2014-07-10,34.88935470581055
2014-07-11,35.006134033203125
2014-07-14,35.57059097290039
2014-07-15,35.21051025390625
2014-07-16,36.12531280517578
2014-07-17,36.06693649291992
2014-07-18,37.351558685302734
2014-07-21,37.39048385620117
2014-07-22,37.39048385620117
2014-07-23,35.074256896972656
2014-07-24,35.85282897949219
2014-07-25,35.074256896972656
2014-07-28,34.149715423583984
2014-07-29,33.41981506347656
2014-07-30,33.575523376464844
2014-07-31,32.699642181396484
2014-08-01,32.80669403076172
2014-08-04,33.264102935791016
2014-08-05,33.21543884277344
2014-08-06,33.3516845703125
2014-08-07,32.417415618896484
2014-08-08,33.371158599853516
2014-08-11,34.13025665283203
2014-08-12,34.597389221191406
2014-08-13,35.43434524536133
2014-08-14,35.60952377319336
2014-08-15,35.171573638916016
2014-08-18,35.687374114990234
2014-08-19,36.01826095581055
2014-08-20,36.55353546142578
2014-08-21,36.748172760009766
2014-08-22,37.1374626159668
2014-08-25,36.61192321777344
2014-08-26,36.55353546142578
2014-08-27,36.22263717651367
2014-08-28,36.1058464050293
2014-08-29,36.82602310180664
2014-09-02,36.9914665222168
2014-09-03,36.87468719482422
2014-09-04,36.35887908935547
2014-09-05,36.680049896240234
2014-09-08,36.981746673583984
2014-09-09,36.44647979736328
2014-09-10,36.79683303833008
2014-09-11,37.02067184448242
2014-09-12,36.16425323486328
2014-09-15,35.55112838745117
2014-09-16,36.02800369262695
2014-09-17,35.43434524536133
2014-09-18,36.251834869384766
2014-09-19,35.72630310058594
2014-09-22,35.62898635864258
2014-09-23,35.687374114990234
2014-09-24,35.88201904296875
2014-09-25,34.86015319824219
2014-09-26,34.996395111083984
2014-09-29,34.82122802734375
2014-09-30,34.655784606933594
2014-10-01,34.1983757019043
2014-10-02,34.636322021484375
2014-10-03,34.98666763305664
2014-10-06,35.03533172607422
2014-10-07,33.984275817871094
2014-10-08,34.334625244140625
2014-10-09,34.071861267089844
2014-10-10,33.60471725463867
2014-10-13,32.33955764770508
2014-10-14,31.862686157226562
2014-10-15,32.48554229736328
2014-10-16,31.74590301513672
2014-10-17,33.36142349243164
2014-10-20,33.99401092529297
2014-10-21,34.733638763427734
2014-10-22,34.11079406738281
2014-10-23,35.2689094543457
2014-10-24,35.37594985961914
2014-10-27,35.88201904296875
2014-10-28,36.475669860839844
2014-10-29,37.86735916137695
2014-10-30,38.78215789794922
2014-10-31,39.872154235839844
2014-11-03,39.862422943115234
2014-11-04,39.55099868774414
2014-11-05,39.638587951660156
2014-11-06,39.70671463012695
2014-11-07,39.842960357666016
2014-11-10,40.15437698364258
2014-11-11,40.03759765625
2014-11-12,40.09599304199219
2014-11-13,40.339298248291016
2014-11-14,40.3587532043457
2014-11-17,40.2906379699707
2014-11-18,41.72123718261719
2014-11-19,42.28569412231445
2014-11-20,41.993743896484375
2014-11-21,42.3343620300293
2014-11-24,42.431671142578125
2014-11-25,42.830692291259766
2014-11-26,42.50953674316406
2014-11-28,42.75282669067383
2014-12-01,41.993743896484375
2014-12-02,42.460880279541016
2014-12-03,44.75763702392578
2014-12-04,45.244239807128906
2014-12-05,45.40968322753906
2014-12-08,44.7770881652832
2014-12-09,44.3586311340332
2014-12-10,43.56058883666992
2014-12-11,43.91094970703125
2014-12-12,43.69684600830078
2014-12-15,44.23210906982422
2014-12-16,44.23210906982422
2014-12-17,44.82575225830078
2014-12-18,45.97414016723633
2014-12-19,46.1882438659668
2014-12-22,46.56779098510742
2014-12-23,46.55806350708008
2014-12-24,46.77216339111328
2014-12-26,47.03493881225586
2014-12-29,46.314762115478516
2014-12-30,46.11039733886719
2014-12-31,45.760032653808594
2015-01-02,45.61405563354492
2015-01-05,45.32209014892578
2015-01-06,44.72844314575195
2015-01-07,45.555667877197266
2015-01-08,46.84029769897461
2015-01-09,46.23691177368164
2015-01-12,45.79896545410156
2015-01-13,45.176116943359375
2015-01-14,45.643245697021484
2015-01-15,45.390220642089844
2015-01-16,46.80136489868164
2015-01-20,46.52885818481445
2015-01-21,46.78190231323242
2015-01-22,48.03733444213867
2015-01-23,48.455810546875
2015-01-26,48.15412139892578
2015-01-27,47.1127815246582
2015-01-28,53.14665985107422
2015-01-29,53.84735870361328
2015-01-30,53.389949798583984
2015-02-02,53.49700164794922
2015-02-03,53.05906295776367
2015-02-04,53.09799575805664
2015-02-05,54.87895584106445
2015-02-06,53.66244125366211
2015-02-09,52.825496673583984
2015-02-10,53.292633056640625
2015-02-11,53.4775390625
2015-02-12,54.69404983520508
2015-02-13,54.87895584106445
2015-02-17,55.23903274536133
2015-02-18,56.0662727355957
2015-02-19,55.60886001586914
2015-02-20,56.124656677246094
2015-02-23,56.00786209106445
2015-02-24,56.08573532104492
2015-02-25,55.85215759277344
2015-02-26,56.18305206298828
2015-02-27,55.64778137207031
2015-03-02,55.91056442260742
2015-03-03,55.151451110839844
2015-03-04,55.66724395751953
2015-03-05,55.84242248535156
2015-03-06,54.849754333496094
2015-03-09,55.151451110839844
2015-03-10,53.57486343383789
2015-03-11,53.613792419433594
2015-03-12,53.58460235595703
2015-03-13,53.81816101074219
2015-03-16,54.3242301940918
2015-03-17,52.71844482421875
2015-03-18,54.13932418823242
2015-03-19,54.460479736328125
2015-03-20,55.74510955810547
2015-03-23,55.735374450683594
2015-03-24,56.40688705444336
2015-03-25,54.58699035644531
2015-03-26,54.5772590637207
2015-03-27,56.679386138916016
2015-03-30,57.87642288208008
2015-03-31,57.243839263916016
2015-04-01,55.74510955810547
2015-04-02,56.10519027709961
2015-04-06,55.58940124511719
2015-04-07,56.25117111206055
2015-04-08,56.591800689697266
2015-04-09,55.95921325683594
2015-04-10,56.796173095703125
2015-04-13,55.79377746582031
2015-04-14,55.54072952270508
2015-04-15,55.336368560791016
2015-04-16,55.336368560791016
2015-04-17,54.52859878540039
2015-04-20,55.754844665527344
2015-04-21,57.448211669921875
2015-04-22,58.20731735229492
2015-04-23,58.275447845458984
2015-04-24,58.28516387939453
2015-04-27,58.236515045166016
2015-04-28,57.526065826416016
2015-04-29,57.049198150634766
2015-04-30,56.53340148925781
2015-05-01,57.74017333984375
2015-05-04,57.72071075439453
2015-05-05,57.574729919433594
2015-05-06,59.297298431396484
2015-05-07,58.654991149902344
2015-05-08,60.22184753417969
2015-05-11,60.91281509399414
2015-05-12,60.78629684448242
2015-05-13,60.07586669921875
2015-05-14,61.39942932128906
2015-05-15,61.195045471191406
2015-05-18,61.603782653808594
2015-05-19,60.932281494140625
2015-05-20,60.57220458984375
2015-05-21,61.010135650634766
2015-05-22,60.88362503051758
2015-05-26,60.85441970825195
2015-05-27,62.14878463745117
2015-05-28,61.5745964050293
2015-05-29,61.0782585144043
2015-06-01,61.20476150512695
2015-06-02,61.29237365722656
2015-06-03,61.67191696166992
2015-06-04,60.951744079589844
2015-06-05,61.214515686035156
2015-06-08,60.00774383544922
2015-06-09,60.1245231628418
2015-06-10,60.85441970825195
2015-06-11,60.91281509399414
2015-06-12,61.06853103637695
2015-06-15,59.92015838623047
2015-06-16,61.17559051513672
2015-06-17,62.75218200683594
2015-06-18,63.52099609375
2015-06-19,64.18278503417969
2015-06-22,64.83483123779297
2015-06-23,64.79590606689453
2015-06-24,65.86642456054688
2015-06-25,65.6426010131836
2015-06-26,65.81775665283203
2015-06-29,64.445556640625
2015-06-30,64.7180404663086
2015-07-01,66.17784118652344
2015-07-02,65.98320770263672
2015-07-06,66.18757629394531
2015-07-07,68.01721954345703
2015-07-08,67.15104675292969
2015-07-09,68.61084747314453
2015-07-10,70.1387710571289
2015-07-13,71.56941223144531
2015-07-14,70.3139877319336
2015-07-15,70.55726623535156
2015-07-16,71.0146713256836
2015-07-17,71.50128173828125
2015-07-20,72.7859115600586
2015-07-21,71.70565795898438
2015-07-22,70.96601867675781
2015-07-23,69.88575744628906
2015-07-24,70.35289764404297
2015-07-27,69.31156921386719
2015-07-28,69.87602996826172
2015-07-29,70.245849609375
2015-07-30,70.36263275146484
2015-07-31,69.63273620605469
2015-08-03,69.06826782226562
2015-08-04,69.87602996826172
2015-08-05,73.14599609375
2015-08-06,72.02680206298828
2015-08-07,71.39421844482422
2015-08-10,71.98788452148438
2015-08-11,71.8418960571289
2015-08-12,71.74458312988281
2015-08-13,71.41368865966797
2015-08-14,70.86869049072266
2015-08-17,71.72510528564453
2015-08-18,71.87108612060547
2015-08-19,69.69111633300781
2015-08-20,65.89562225341797
2015-08-21,63.774044036865234
2015-08-24,61.993080139160156
2015-08-25,61.837364196777344
2015-08-26,64.56233215332031
2015-08-27,65.36034393310547
2015-08-28,66.09027099609375
2015-08-31,64.37743377685547
2015-09-01,61.73030090332031
2015-09-02,62.93706512451172
2015-09-03,64.02705383300781
2015-09-04,64.5915298461914
2015-09-08,66.66443634033203
2015-09-09,65.9637451171875
2015-09-10,66.89800262451172
2015-09-11,67.0634765625
2015-09-14,66.51847839355469
2015-09-15,67.52085876464844
2015-09-16,68.3967514038086
2015-09-17,69.1558609008789
2015-09-18,68.1923828125
2015-09-21,68.68872833251953
2015-09-22,66.849365234375
2015-09-23,67.59872436523438
2015-09-24,66.96614837646484
2015-09-25,67.6279067993164
2015-09-28,64.67911529541016
2015-09-29,64.2314453125
2015-09-30,65.93453216552734
2015-10-01,65.39928436279297
2015-10-02,64.70832061767578
2015-10-05,65.77882385253906
2015-10-06,64.76669311523438
2015-10-07,64.33849334716797
2015-10-08,64.03680419921875
2015-10-09,63.29718017578125
2015-10-12,66.28490447998047
2015-10-13,66.58658599853516
2015-10-14,68.6789779663086
2015-10-15,69.06826782226562
2015-10-16,69.78845977783203
2015-10-19,70.35289764404297
2015-10-20,70.36263275146484
2015-10-21,70.8395004272461
2015-10-22,72.5426025390625
2015-10-23,72.91240692138672
2015-10-26,72.09493255615234
2015-10-27,73.2530288696289
2015-10-28,74.71284484863281
2015-10-29,74.0218734741211
2015-10-30,70.1387710571289
2015-11-02,70.07066345214844
2015-11-03,69.97333526611328
2015-11-04,72.29930114746094
2015-11-05,72.07546997070312
2015-11-06,70.44048309326172
2015-11-09,69.0390625
2015-11-10,68.93201446533203
2015-11-11,69.38943481445312
2015-11-12,69.73976135253906
2015-11-13,68.01721954345703
2015-11-16,66.16810607910156
2015-11-17,66.27517700195312
2015-11-18,66.58658599853516
2015-11-19,69.17532348632812
2015-11-20,70.47941589355469
2015-11-23,67.131591796875
2015-11-24,65.26303100585938
2015-11-25,67.64739990234375
2015-11-27,67.03425598144531
2015-11-30,65.97348022460938
2015-12-01,66.79096984863281
2015-12-02,67.48194885253906
2015-12-03,65.41876220703125
2015-12-04,68.49406433105469
2015-12-07,68.89309692382812
2015-12-08,69.08773040771484
2015-12-09,65.29222869873047
2015-12-10,64.5915298461914
2015-12-11,65.3700942993164
2015-12-14,67.79337310791016
2015-12-15,70.3918228149414
2015-12-16,70.1095962524414
2015-12-17,69.21424865722656
2015-12-18,67.131591796875
2015-12-21,66.86880493164062
2015-12-22,67.21918487548828
2015-12-23,66.80070495605469
2015-12-24,67.1023941040039
2015-12-28,67.33597564697266
2015-12-29,67.97826385498047
2015-12-30,67.78365325927734
2015-12-31,66.87858581542969
2016-01-04,64.3287582397461
2016-01-05,63.19985580444336
2016-01-06,61.973602294921875
2016-01-07,60.78629684448242
2016-01-08,61.438350677490234
2016-01-11,62.48939895629883
2016-01-12,63.861595153808594
2016-01-13,61.68165588378906
2016-01-14,62.75218200683594
2016-01-15,64.28983306884766
2016-01-19,65.56474304199219
2016-01-20,65.05867767333984
2016-01-21,65.23383331298828
2016-01-22,67.50140380859375
2016-01-25,68.04639434814453
2016-01-26,68.93201446533203
2016-01-27,67.6279067993164
2016-01-28,67.91988372802734
2016-01-29,62.82030487060547
2016-02-01,62.479671478271484
2016-02-02,59.03453063964844
2016-02-03,58.012664794921875
2016-02-04,57.156253814697266
2016-02-05,54.0128059387207
2016-02-08,54.810829162597656
2016-02-09,56.68910217285156
2016-02-10,57.3995475769043
2016-02-11,56.63072967529297
2016-02-12,57.662315368652344
2016-02-16,57.76936340332031
2016-02-17,58.236515045166016
2016-02-18,56.786434173583984
2016-02-19,57.97374725341797
2016-02-22,61.5745964050293
2016-02-23,59.871490478515625
2016-02-24,61.506473541259766
2016-02-25,62.94681167602539
2016-02-26,62.72296905517578
2016-02-29,62.51859664916992
2016-03-01,63.725372314453125
2016-03-02,64.31903076171875
2016-03-03,63.06360626220703
2016-03-04,62.70350646972656
2016-03-07,61.886016845703125
2016-03-08,61.27289962768555
2016-03-09,62.2071647644043
2016-03-10,61.79844284057617
2016-03-11,62.7424430847168
2016-03-14,63.05387496948242
2016-03-15,63.95895004272461
2016-03-16,64.2314453125
2016-03-17,62.93706512451172
2016-03-18,62.59646224975586
2016-03-21,62.22663879394531
2016-03-22,62.158512115478516
2016-03-23,63.30690383911133
2016-03-24,62.51859664916992
2016-03-28,62.90789031982422
2016-03-29,64.26063537597656
2016-03-30,64.63045501708984
2016-03-31,64.33849334716797
2016-04-01,64.15360260009766
2016-04-04,63.978416442871094
2016-04-05,63.6961784362793
2016-04-06,64.06600189208984
2016-04-07,62.216915130615234
2016-04-08,62.51859664916992
2016-04-11,61.46754837036133
2016-04-12,61.27289962768555
2016-04-13,63.034393310546875
2016-04-14,63.19985580444336
2016-04-15,65.04893493652344
2016-04-18,64.73750305175781
2016-04-19,64.4163818359375
2016-04-20,64.03680419921875
2016-04-21,64.40660858154297
2016-04-22,64.10493469238281
2016-04-25,64.16332244873047
2016-04-26,63.57939529418945
2016-04-27,61.6524543762207
2016-04-28,60.65005874633789
2016-04-29,60.19264602661133
2016-05-02,61.20476150512695
2016-05-03,60.41648483276367
2016-05-04,60.22184753417969
2016-05-05,60.57220458984375
2016-05-06,62.22663879394531
2016-05-09,62.79109573364258
2016-05-10,62.810569763183594
2016-05-11,71.41368865966797
2016-05-12,73.00001525878906
2016-05-13,73.18490600585938
2016-05-16,74.56687927246094
2016-05-17,73.12653350830078
2016-05-18,72.49394989013672
2016-05-19,71.53047943115234
2016-05-20,71.15092468261719
2016-05-23,71.27743530273438
2016-05-24,73.33088684082031
2016-05-25,72.93189239501953
2016-05-26,73.09735107421875
2016-05-27,73.67151641845703
2016-05-31,74.6933822631836
2016-06-01,74.56687927246094
2016-06-02,74.52793884277344
2016-06-03,74.3138427734375
2016-06-06,74.44036102294922
2016-06-07,75.18000030517578
2016-06-08,74.23596954345703
2016-06-09,74.20679473876953
2016-06-10,73.26277160644531
2016-06-13,72.25062561035156
2016-06-14,72.52313995361328
2016-06-15,72.39662170410156
2016-06-16,72.99027252197266
2016-06-17,72.52313995361328
2016-06-20,73.29195404052734
2016-06-21,73.48661041259766
2016-06-22,72.79564666748047
2016-06-23,74.01213836669922
2016-06-24,71.24825286865234
2016-06-27,69.58406829833984
2016-06-28,70.65460205078125
2016-06-29,71.7640380859375
2016-06-30,73.72991943359375
2016-07-01,73.83696746826172
2016-07-05,73.8564224243164
2016-07-06,74.68364715576172
2016-07-07,74.56687927246094
2016-07-08,76.16291809082031
2016-07-11,77.04853057861328
2016-07-12,77.37943267822266
2016-07-13,75.54008483886719
2016-07-14,75.95854949951172
2016-07-15,75.74444580078125
2016-07-18,76.16291809082031
2016-07-19,74.45008087158203
2016-07-20,74.64470672607422
2016-07-21,73.36009979248047
2016-07-22,74.2846450805664
2016-07-25,74.83937072753906
2016-07-26,74.78096771240234
2016-07-27,74.61550903320312
2016-07-28,74.23596954345703
2016-07-29,74.2749252319336
2016-08-01,74.57658386230469
2016-08-02,74.72257995605469
2016-08-03,76.52299499511719
2016-08-04,76.13375091552734
2016-08-05,77.7005615234375
2016-08-08,77.1458511352539
2016-08-09,76.58141326904297
2016-08-10,76.46461486816406
2016-08-11,75.76388549804688
2016-08-12,75.35514068603516
2016-08-15,77.35023498535156
2016-08-16,75.95854949951172
2016-08-17,77.63245391845703
2016-08-18,78.81004333496094
2016-08-19,79.56913757324219
2016-08-22,79.30635070800781
2016-08-23,80.10440063476562
2016-08-24,80.21143341064453
2016-08-25,79.3647689819336
2016-08-26,79.03386688232422
2016-08-29,79.32582092285156
2016-08-30,79.53993225097656
2016-08-31,79.05332946777344
2016-09-01,79.56913757324219
2016-09-02,81.22357940673828
2016-09-06,81.62258911132812
2016-09-07,80.5326156616211
2016-09-08,79.95843505859375
2016-09-09,77.72006225585938
2016-09-12,78.67377471923828
2016-09-13,78.70296478271484
2016-09-14,78.66404724121094
2016-09-15,81.13597106933594
2016-09-16,80.66886138916016
2016-09-19,80.55207061767578
2016-09-20,80.76618194580078
2016-09-21,81.23331451416016
2016-09-22,80.94132995605469
2016-09-23,82.00216674804688
2016-09-26,81.26249694824219
2016-09-27,82.91694641113281
2016-09-28,82.72232055664062
2016-09-29,82.00216674804688
2016-09-30,83.1115951538086
2016-10-03,83.12132263183594
2016-10-04,83.26728057861328
2016-10-05,83.17971801757812
2016-10-06,82.3135757446289
2016-10-07,81.564208984375
2016-10-10,82.46926879882812
2016-10-11,81.13597106933594
2016-10-12,80.3185043334961
2016-10-13,79.56913757324219
2016-10-14,80.37686920166016
2016-10-17,80.11412811279297
2016-10-18,81.75885009765625
2016-10-19,80.5423355102539
2016-10-20,80.30875396728516
2016-10-21,80.64938354492188
2016-10-24,81.89508056640625
2016-10-25,80.7175064086914
2016-10-26,80.3671646118164
2016-10-27,80.50341796875
2016-10-28,77.32102966308594
2016-10-31,76.41595458984375
2016-11-01,75.7541732788086
2016-11-02,76.99988555908203
2016-11-03,78.36235809326172
2016-11-04,78.07038116455078
2016-11-07,78.9073715209961
2016-11-08,79.30635070800781
2016-11-09,77.31131744384766
2016-11-10,74.7323226928711
2016-11-11,75.3746337890625
2016-11-14,74.33329010009766
2016-11-15,75.54008483886719
2016-11-16,76.71763610839844
2016-11-17,77.48648071289062
2016-11-18,76.87336730957031
2016-11-21,76.16291809082031
2016-11-22,75.66659545898438
2016-11-23,77.22369384765625
2016-11-25,77.04853057861328
2016-11-28,76.62033081054688
2016-11-29,79.18959045410156
2016-11-30,77.11666107177734
2016-12-01,73.55474090576172
2016-12-02,73.82723236083984
2016-12-05,75.3746337890625
2016-12-06,74.8101577758789
2016-12-07,75.86122131347656
2016-12-08,75.6957778930664
2016-12-09,76.63981628417969
2016-12-12,78.45970153808594
2016-12-13,78.595947265625
2016-12-14,78.53752899169922
2016-12-15,79.32582092285156
2016-12-16,77.37943267822266
2016-12-19,77.36969757080078
2016-12-20,77.36969757080078
2016-12-21,77.5254135131836
2016-12-22,77.65191650390625
2016-12-23,78.5083236694336
2016-12-27,78.9073715209961
2016-12-28,78.22610473632812
2016-12-29,78.01200866699219
2016-12-30,76.6495132446289
2017-01-03,77.04853057861328
2017-01-04,78.46939086914062
2017-01-05,76.84415435791016
2017-01-06,76.89281463623047
2017-01-09,76.53274536132812
2017-01-10,76.73709106445312
2017-01-11,76.9025650024414
2017-01-12,77.46700286865234
2017-01-13,78.19690704345703
2017-01-17,78.08011627197266
2017-01-18,78.37208557128906
2017-01-19,78.22610473632812
2017-01-20,77.97306823730469
2017-01-23,77.73950958251953
2017-01-24,78.35263061523438
2017-01-25,79.29662322998047
2017-01-26,79.51074981689453
2017-01-27,80.93162536621094
2017-01-30,81.59339141845703
2017-01-31,81.19438171386719
2017-02-01,80.77590942382812
2017-02-02,80.29904174804688
2017-02-03,79.10199737548828
2017-02-06,79.33554077148438
2017-02-07,80.0070571899414
2017-02-08,79.29662322998047
2017-02-09,81.02893829345703
2017-02-10,83.86095428466797
2017-02-13,84.00692749023438
2017-02-14,83.75389099121094
2017-02-15,85.59324645996094
2017-02-16,85.49595642089844
2017-02-17,84.9606704711914
2017-02-21,85.19425201416016
2017-02-22,85.0385513305664
2017-02-23,84.3281021118164
2017-02-24,84.22105407714844
2017-02-27,84.6687240600586
2017-02-28,84.18211364746094
2017-03-01,85.46675872802734
2017-03-02,84.67845153808594
2017-03-03,84.90229034423828
2017-03-06,84.80498504638672
2017-03-07,85.93388366699219
2017-03-08,86.61512756347656
2017-03-09,86.64433288574219
2017-03-10,87.40342712402344
2017-03-13,88.29876708984375
2017-03-14,88.46421813964844
2017-03-15,89.05785369873047
2017-03-16,87.78297424316406
2017-03-17,87.18931579589844
2017-03-20,86.77082061767578
2017-03-21,86.04093933105469
2017-03-22,86.36209106445312
2017-03-23,86.23558044433594
2017-03-24,86.95574951171875
2017-03-27,86.63456726074219
2017-03-28,87.33531951904297
2017-03-29,87.37422180175781
2017-03-30,87.84136962890625
2017-03-31,87.12117767333984
2017-04-03,86.72218322753906
2017-04-04,86.88763427734375
2017-04-05,86.03121185302734
2017-04-06,86.18689727783203
2017-04-07,86.35234832763672
2017-04-10,86.36209106445312
2017-04-11,87.27690124511719
2017-04-12,87.53965759277344
2017-04-13,86.63456726074219
2017-04-17,86.81951141357422
2017-04-18,86.80976104736328
2017-04-19,87.24769592285156
2017-04-20,88.76591491699219
2017-04-21,89.47636413574219
2017-04-24,90.3230209350586
2017-04-25,90.4981918334961
2017-04-26,90.99452209472656
2017-04-27,91.7147216796875
2017-04-28,92.27916717529297
2017-05-01,92.24998474121094
2017-05-02,91.72444152832031
2017-05-03,91.58820343017578
2017-05-04,92.22079467773438
2017-05-05,93.17452239990234
2017-05-08,93.16480255126953
2017-05-09,93.43729400634766
2017-05-10,105.26170349121094
2017-05-11,105.67044830322266
2017-05-12,106.16680145263672
2017-05-15,107.92831420898438
2017-05-16,108.76525115966797
2017-05-17,102.41995239257812
2017-05-18,104.0646743774414
2017-05-19,104.7556381225586
2017-05-22,105.48554992675781
2017-05-23,106.08894348144531
2017-05-24,109.30049896240234
2017-05-25,110.77976989746094
2017-05-26,109.12532043457031
2017-05-30,109.8260498046875
2017-05-31,110.29317474365234
2017-06-01,110.81871795654297
2017-06-02,111.4512710571289
2017-06-05,111.61672973632812
2017-06-06,110.64350891113281
2017-06-07,112.27849578857422
2017-06-08,111.22744750976562
2017-06-09,107.50007629394531
2017-06-12,105.98188781738281
2017-06-13,107.03294372558594
2017-06-14,107.07186126708984
2017-06-15,107.56817626953125
2017-06-16,107.54876708984375
2017-06-19,110.60460662841797
2017-06-20,110.42942810058594
2017-06-21,110.13746643066406
2017-06-22,109.60221099853516
2017-06-23,107.89908599853516
2017-06-26,108.8625717163086
2017-06-27,105.41741180419922
2017-06-28,105.89429473876953
2017-06-29,103.82136535644531
2017-06-30,102.88707733154297
2017-07-03,102.59512329101562
2017-07-05,103.89922332763672
2017-07-06,102.9162826538086
2017-07-07,104.57073974609375
2017-07-10,104.95028686523438
2017-07-11,105.51475524902344
2017-07-12,107.71417999267578
2017-07-13,106.05975341796875
2017-07-14,106.0694580078125
2017-07-17,106.50741577148438
2017-07-18,107.32488250732422
2017-07-19,108.59007263183594
2017-07-20,108.96958923339844
2017-07-21,109.21292114257812
2017-07-24,110.70191192626953
2017-07-25,110.61433410644531
2017-07-26,114.83802032470703
2017-07-27,114.44876098632812
2017-07-28,115.08132934570312
2017-07-31,113.61178588867188
2017-08-01,113.7869644165039
2017-08-02,113.69937133789062
2017-08-03,115.66524505615234
2017-08-04,114.07892608642578
2017-08-07,113.82589721679688
2017-08-08,113.37820434570312
2017-08-09,112.99869537353516
2017-08-10,110.93550109863281
2017-08-11,112.35637664794922
2017-08-14,113.9719009399414
2017-08-15,114.28329467773438
2017-08-16,116.0545425415039
2017-08-17,113.34903717041016
2017-08-18,113.74803924560547
2017-08-21,113.70911407470703
2017-08-22,115.84043884277344
2017-08-23,115.0132064819336
2017-08-24,114.6628646850586
2017-08-25,113.79669952392578
2017-08-28,115.54846954345703
2017-08-29,116.03507995605469
2017-08-30,118.70164489746094
2017-08-31,118.24425506591797
2017-09-01,116.11292266845703
2017-09-05,115.04240417480469
2017-09-06,113.86482238769531
2017-09-07,115.74311065673828
2017-09-08,115.11051940917969
2017-09-11,117.94255828857422
2017-09-12,117.1834487915039
2017-09-13,116.39515686035156
2017-09-14,115.99616241455078
2017-09-15,116.21997833251953
2017-09-18,116.74551391601562
2017-09-19,116.98882293701172
2017-09-20,117.11531066894531
2017-09-21,114.85750579833984
2017-09-22,115.32463073730469
2017-09-25,111.13984680175781
2017-09-26,110.86737060546875
2017-09-27,112.86244201660156
2017-09-28,113.48527526855469
2017-09-29,114.89642333984375
2017-10-02,114.78936004638672
2017-10-03,114.7990951538086
2017-10-04,115.38301849365234
2017-10-05,116.31730651855469
2017-10-06,116.87203216552734
2017-10-09,115.44142150878906
2017-10-10,114.6628646850586
2017-10-11,112.9402847290039
2017-10-12,114.00109100341797
2017-10-13,115.44142150878906
2017-10-16,114.33197021484375
2017-10-17,112.87215423583984
2017-10-18,110.12775421142578
2017-10-19,110.0401382446289
2017-10-20,110.5754165649414
2017-10-23,110.61433410644531
2017-10-24,110.3515625
2017-10-25,111.49021911621094
2017-10-26,112.7261962890625
2017-10-27,113.75777435302734
2017-10-30,114.4292984008789
2017-10-31,116.39515686035156
2017-11-01,111.40263366699219
2017-11-02,109.67031860351562
2017-11-03,110.16664123535156
2017-11-06,109.44648742675781
2017-11-07,108.70684051513672
2017-11-08,111.0912094116211
2017-11-09,108.89176940917969
2017-11-10,109.72871398925781
2017-11-13,109.00856018066406
2017-11-14,109.2615737915039
2017-11-15,108.49273681640625
2017-11-16,108.60952758789062
2017-11-17,105.90400695800781
2017-11-20,104.7556381225586
2017-11-21,104.82376098632812
2017-11-22,104.44422912597656
2017-11-24,105.04759979248047
2017-11-27,104.1230697631836
2017-11-28,106.53661346435547
2017-11-29,102.66323852539062
2017-11-30,103.50021362304688
2017-12-01,103.1790542602539
2017-12-04,98.12812042236328
2017-12-05,100.60979461669922
2017-12-06,100.41515350341797
2017-12-07,101.57327270507812
2017-12-08,102.44914245605469
2017-12-11,105.02811431884766
2017-12-12,104.77511596679688
2017-12-13,102.71192169189453
2017-12-14,103.5683364868164
2017-12-15,106.3516845703125
2017-12-18,104.46366882324219
2017-12-19,104.13280487060547
2017-12-20,105.5439453125
2017-12-21,105.07681274414062
2017-12-22,103.1790542602539
2017-12-26,102.24478149414062
2017-12-27,102.41022491455078
2017-12-28,102.48806762695312
2017-12-29,102.24478149414062
2018-01-02,106.51712799072266
2018-01-03,106.8091049194336
2018-01-04,104.31769561767578
2018-01-05,109.37834930419922
2018-01-08,110.18612670898438
2018-01-09,109.17398071289062
2018-01-10,109.24210357666016
2018-01-11,108.99879455566406
2018-01-12,110.0985336303711
2018-01-16,108.92095947265625
2018-01-17,110.10826110839844
2018-01-18,112.19091033935547
2018-01-19,113.06680297851562
2018-01-22,114.82830810546875
2018-01-23,114.5168685913086
2018-01-24,111.58755493164062
2018-01-25,111.43180847167969
2018-01-26,112.1130599975586
2018-01-29,114.49742126464844
2018-01-30,115.51925659179688
2018-01-31,123.55794525146484
2018-02-01,124.7452392578125
2018-02-02,121.19304656982422
2018-02-05,118.38050842285156
2018-02-06,119.83055877685547
2018-02-07,119.75270080566406
2018-02-08,113.41716003417969
2018-02-09,117.40730285644531
2018-02-12,118.9449691772461
2018-02-13,119.00334167480469
2018-02-14,120.45340728759766
2018-02-15,123.09080505371094
2018-02-16,122.64310455322266
2018-02-20,122.95452880859375
2018-02-21,121.55313110351562
2018-02-22,121.27091979980469
2018-02-23,123.6941909790039
2018-02-26,125.12481689453125
2018-02-27,122.42903137207031
2018-02-28,120.38529205322266
2018-03-01,118.89628601074219
2018-03-02,121.738037109375
2018-03-05,122.7209701538086
2018-03-06,121.21253204345703
2018-03-07,123.76231384277344
2018-03-08,125.36809539794922
2018-03-09,125.04692077636719
2018-03-12,124.6868667602539
2018-03-13,123.17837524414062
2018-03-14,124.5408706665039
2018-03-15,125.66006469726562
2018-03-16,125.07614135742188
2018-03-19,122.07867431640625
2018-03-20,123.45088195800781
2018-03-21,122.6236801147461
2018-03-22,119.68458557128906
2018-03-23,118.18585968017578
2018-03-26,123.05187225341797
2018-03-27,116.76498413085938
2018-03-28,116.13241577148438
2018-03-29,117.9911880493164
2018-04-02,115.53872680664062
2018-04-03,116.30758666992188
2018-04-04,116.89149475097656
2018-04-05,117.98149871826172
2018-04-06,115.18839263916016
2018-04-09,115.67499542236328
2018-04-10,117.47541809082031
2018-04-11,115.59713745117188
2018-04-12,117.84521484375
2018-04-13,117.30023956298828
2018-04-16,118.91575622558594
2018-04-17,120.97895050048828
2018-04-18,121.58233642578125
2018-04-19,119.81111145019531
2018-04-20,117.65058135986328
2018-04-23,116.39515686035156
2018-04-24,115.4122085571289
2018-04-25,113.55339813232422
2018-04-26,116.39515686035156
2018-04-27,114.32222747802734
2018-04-30,114.81858825683594
2018-05-01,116.61900329589844
2018-05-02,115.75284576416016
2018-05-03,116.94986724853516
2018-05-04,120.326904296875
2018-05-07,120.5993881225586
2018-05-08,120.5701904296875
2018-05-09,127.49942779541016
2018-05-10,130.1757049560547
2018-05-11,129.25115966796875
2018-05-14,128.97865295410156
2018-05-15,126.62351989746094
2018-05-16,127.35343933105469
2018-05-17,127.3047866821289
2018-05-18,128.462890625
2018-05-21,129.34849548339844
2018-05-22,128.6380615234375
2018-05-23,129.9226837158203
2018-05-24,127.95683288574219
2018-05-25,128.31692504882812
2018-05-29,127.73299407958984
2018-05-30,127.8497543334961
2018-05-31,127.40210723876953
2018-06-01,132.05398559570312
2018-06-04,131.0515899658203
2018-06-05,133.2899932861328
2018-06-06,133.27052307128906
2018-06-07,133.24130249023438
2018-06-08,134.17559814453125
2018-06-11,135.43104553222656
2018-06-12,136.03443908691406
2018-06-13,139.44061279296875
2018-06-14,140.5208740234375
2018-06-15,142.72032165527344
2018-06-18,140.97830200195312
2018-06-19,139.2557373046875
2018-06-20,139.69363403320312
2018-06-21,139.3140869140625
2018-06-22,137.4747314453125
2018-06-25,136.75462341308594
2018-06-26,136.6085968017578
2018-06-27,134.05882263183594
2018-06-28,136.86163330078125
2018-06-29,137.2412109375
2018-07-02,139.63523864746094
2018-07-03,137.44557189941406
2018-07-05,139.3919677734375
2018-07-06,141.2118682861328
2018-07-09,140.7642059326172
2018-07-10,140.3262176513672
2018-07-11,141.81524658203125
2018-07-12,144.62779235839844
2018-07-13,144.74459838867188
2018-07-16,142.74949645996094
2018-07-17,144.75433349609375
2018-07-18,144.939208984375
2018-07-19,143.99522399902344
2018-07-20,143.528076171875
2018-07-23,142.63272094726562
2018-07-24,140.4527587890625
2018-07-25,142.57437133789062
2018-07-26,138.09756469726562
2018-07-27,130.22439575195312
2018-07-30,122.82803344726562
2018-07-31,125.29997253417969
2018-08-01,124.06400299072266
2018-08-02,125.2026596069336
2018-08-03,127.3631591796875
2018-08-06,125.57247924804688
2018-08-07,124.66741943359375
2018-08-08,124.96906280517578
2018-08-09,124.39488220214844
2018-08-10,127.80110931396484
2018-08-13,127.80110931396484
2018-08-14,128.37530517578125
2018-08-15,124.6187515258789
2018-08-16,126.23423767089844
2018-08-17,124.57978820800781
2018-08-20,124.28785705566406
2018-08-21,123.36331176757812
2018-08-22,124.20024871826172
2018-08-23,122.730712890625
2018-08-24,125.51409912109375
2018-08-27,125.51409912109375
2018-08-28,124.36570739746094
2018-08-29,125.07614135742188
2018-08-30,112.83322143554688
2018-08-31,110.37103271484375
2018-09-04,110.47806549072266
2018-09-05,108.56086730957031
2018-09-06,110.16664123535156
2018-09-07,111.8308334350586
2018-09-10,110.17637634277344
2018-09-11,109.28104400634766
2018-09-12,109.97201538085938
2018-09-13,110.78949737548828
2018-09-14,111.20797729492188
2018-09-17,109.67031860351562
2018-09-18,109.63140106201172
2018-09-19,109.89415740966797
2018-09-20,110.42942810058594
2018-09-21,111.9378890991211
2018-09-24,112.1519775390625
2018-09-25,113.13491821289062
2018-09-26,114.92560577392578
2018-09-27,116.18106079101562
2018-09-28,117.26130676269531
2018-10-01,114.40011596679688
2018-10-02,113.91349792480469
2018-10-03,113.27117156982422
2018-10-04,110.9549560546875
2018-10-05,110.6824722290039
2018-10-08,107.65579986572266
2018-10-09,106.55606842041016
2018-10-10,102.33238220214844
2018-10-11,100.82389831542969
2018-10-12,103.25691223144531
2018-10-15,103.04279327392578
2018-10-16,104.5415267944336
2018-10-17,105.87481689453125
2018-10-18,102.96498107910156
2018-10-19,99.37381744384766
2018-10-22,98.6439208984375
2018-10-23,96.43475341796875
2018-10-24,93.67085266113281
2018-10-25,95.99681091308594
2018-10-26,93.64167785644531
2018-10-29,88.74645233154297
2018-10-30,92.28890228271484
2018-10-31,88.54206848144531
2018-11-01,91.67579650878906
2018-11-02,89.982421875
2018-11-05,90.20626831054688
2018-11-06,89.75858306884766
2018-11-07,91.28649139404297
2018-11-08,91.35462188720703
2018-11-09,86.50807189941406
2018-11-12,85.31103515625
2018-11-13,85.04826354980469
2018-11-14,83.4619369506836
2018-11-15,85.88522338867188
2018-11-16,83.66632843017578
2018-11-19,80.8148422241211
2018-11-20,80.79536437988281
2018-11-21,81.76856231689453
2018-11-23,80.45474243164062
2018-11-26,82.6541976928711
2018-11-27,82.76123046875
2018-11-28,83.59819793701172
2018-11-29,84.0750732421875
2018-11-30,81.81724548339844
2018-12-03,81.7491226196289
2018-12-04,79.00468444824219
2018-12-06,81.63232421875
2018-12-07,80.30875396728516
2018-12-10,81.48635864257812
2018-12-11,81.20413208007812
2018-12-12,80.76618194580078
2018-12-13,78.6932601928711
2018-12-14,78.01200866699219
2018-12-17,77.10692596435547
2018-12-18,77.85630798339844
2018-12-19,76.26025390625
2018-12-20,75.36489868164062
2018-12-21,74.51820373535156
2018-12-24,72.71775817871094
2018-12-26,75.80282592773438
2018-12-27,77.30154418945312
2018-12-28,77.17506408691406
2018-12-31,76.7955093383789
2019-01-02,78.21636962890625
2019-01-03,76.60086059570312
2019-01-04,82.15786743164062
2019-01-07,85.2428970336914
2019-01-08,86.63456726074219
2019-01-09,86.52754211425781
2019-01-10,88.5712661743164
2019-01-11,88.26957702636719
2019-01-14,86.20640563964844
2019-01-15,87.09199523925781
2019-01-16,87.51046752929688
2019-01-17,86.91681671142578
2019-01-18,90.04080200195312
2019-01-22,88.86322784423828
2019-01-23,86.74163818359375
2019-01-24,89.02867889404297
2019-01-25,89.28170013427734
2019-01-28,88.04573822021484
2019-01-29,84.90229034423828
2019-01-30,86.8389663696289
2019-01-31,89.76831817626953
2019-02-01,88.775634765625
2019-02-04,86.06040954589844
2019-02-05,90.04080200195312
2019-02-06,78.06066131591797
2019-02-07,81.84642028808594
2019-02-08,94.98468017578125
2019-02-11,94.63432312011719
2019-02-12,99.58792114257812
2019-02-13,99.51007843017578
2019-02-14,102.4296875
2019-02-15,103.97708129882812
2019-02-19,100.20105743408203
2019-02-20,95.98709869384766
2019-02-21,94.26448822021484
2019-02-22,93.34969329833984
2019-02-25,93.29129791259766
2019-02-26,95.86056518554688
2019-02-27,95.21824645996094
2019-02-28,93.21344757080078
2019-03-01,94.79978942871094
2019-03-04,94.68299865722656
2019-03-05,93.15506744384766
2019-03-06,92.23049926757812
2019-03-07,96.69751739501953
2019-03-08,95.72430419921875
2019-03-11,96.3861083984375
2019-03-12,95.9481430053711
2019-03-13,97.44686889648438
2019-03-14,96.1817398071289
2019-03-15,96.32770538330078
2019-03-18,96.98947143554688
2019-03-19,94.8970947265625
2019-03-20,94.4299545288086
2019-03-21,102.069580078125
2019-03-22,99.59767150878906
2019-03-25,99.00402069091797
2019-03-26,99.57820129394531
2019-03-27,97.972412109375
2019-03-28,99.46141815185547
2019-03-29,98.90670013427734
2019-04-01,99.91881561279297
2019-04-02,98.13785552978516
2019-04-03,97.46633911132812
2019-04-04,95.31558227539062
2019-04-05,96.76563262939453
2019-04-08,95.3252944946289
2019-04-09,95.61727142333984
2019-04-10,96.9603042602539
2019-04-11,97.88483428955078
2019-04-12,99.10132598876953
2019-04-15,95.22798156738281
2019-04-16,91.3156967163086
2019-04-17,89.486083984375
2019-04-18,90.64418029785156
2019-04-22,90.04080200195312
2019-04-23,92.0942611694336
2019-04-24,91.62712860107422
2019-04-25,90.48847961425781
2019-04-26,91.93856811523438
2019-04-29,92.19158172607422
2019-04-30,92.11372375488281
2019-05-01,92.3180923461914
2019-05-02,91.87042999267578
2019-05-03,90.02134704589844
2019-05-06,91.24757385253906
2019-05-07,90.24517059326172
2019-05-08,91.36436462402344
2019-05-09,90.81936645507812
2019-05-10,91.36436462402344
2019-05-13,87.99707794189453
2019-05-14,92.03588104248047
2019-05-15,94.17691802978516
2019-05-16,96.34716796875
2019-05-17,94.65380096435547
2019-05-20,90.20626831054688
2019-05-21,93.08694458007812
2019-05-22,91.32542419433594
2019-05-23,89.64179992675781
2019-05-24,89.79751586914062
2019-05-28,90.99452209472656
2019-05-29,90.06999206542969
2019-05-30,89.66127014160156
2019-05-31,90.5857925415039
2019-06-03,88.86322784423828
2019-06-04,91.60765838623047
2019-06-05,92.6976547241211
2019-06-06,93.80709838867188
2019-06-07,94.39102172851562
2019-06-10,92.95069885253906
2019-06-11,92.04559326171875
2019-06-12,90.18677520751953
2019-06-13,91.06266021728516
2019-06-14,90.24517059326172
2019-06-17,89.96294403076172
2019-06-18,89.56393432617188
2019-06-19,90.09919738769531
2019-06-20,90.6928482055664
2019-06-21,92.77549743652344
2019-06-24,96.34716796875
2019-06-25,94.30343627929688
2019-06-26,94.71217346191406
2019-06-27,96.4834213256836
2019-06-28,98.5466079711914
2019-07-01,98.1865234375
2019-07-02,99.96748352050781
2019-07-03,95.48101806640625
2019-07-05,91.09187316894531
2019-07-08,90.9361572265625
2019-07-09,89.58338928222656
2019-07-10,91.44223022460938
2019-07-11,90.98481750488281
2019-07-12,90.3327407836914
2019-07-15,89.74884796142578
2019-07-16,87.15039825439453
2019-07-17,87.29637908935547
2019-07-18,86.80003356933594
2019-07-19,85.15533447265625
2019-07-22,85.77816772460938
2019-07-23,85.85601043701172
2019-07-24,87.37422180175781
2019-07-25,86.77082061767578
2019-07-26,87.11146545410156
2019-07-29,86.48860168457031
2019-07-30,86.1966552734375
2019-07-31,90.02134704589844
2019-08-01,92.06504821777344
2019-08-02,90.40089416503906
2019-08-05,86.21611022949219
2019-08-06,87.68563842773438
2019-08-07,89.79751586914062
2019-08-08,92.67819213867188
2019-08-09,89.50553131103516
2019-08-12,89.3109130859375
2019-08-13,89.8656234741211
2019-08-14,85.7392349243164
2019-08-15,85.52513885498047
2019-08-16,87.16011047363281
2019-08-19,88.47395324707031
2019-08-20,90.21598815917969
2019-08-21,91.52006530761719
2019-08-22,92.08452606201172
2019-08-23,90.42036437988281
2019-08-26,91.85096740722656
2019-08-27,91.53953552246094
2019-08-28,89.92402648925781
2019-08-29,90.53714752197266
2019-08-30,91.16975402832031
2019-09-03,92.28890228271484
2019-09-04,95.3252944946289
2019-09-05,94.83869171142578
2019-09-06,95.88975524902344
2019-09-09,96.03572845458984
2019-09-10,96.83377838134766
2019-09-11,96.45421600341797
2019-09-12,95.70484924316406
2019-09-13,95.84110260009766
2019-09-16,96.46395111083984
2019-09-17,95.78271484375
2019-09-18,95.64644622802734
2019-09-19,97.0186767578125
2019-09-20,96.0551986694336
2019-09-23,95.54914093017578
2019-09-24,94.75111389160156
2019-09-25,95.01388549804688
2019-09-26,94.03092193603516
2019-09-27,93.10637664794922
2019-09-30,95.19876861572266
2019-10-01,94.1574478149414
2019-10-02,91.72444152832031
2019-10-03,91.81201171875
2019-10-04,93.0479965209961
2019-10-07,91.06266021728516
2019-10-08,90.06025695800781
2019-10-09,90.39115142822266
2019-10-10,90.05052947998047
2019-10-11,91.66604614257812
2019-10-14,91.36436462402344
2019-10-15,92.60032653808594
2019-10-16,93.64167785644531
2019-10-17,94.16720581054688
2019-10-18,92.58087921142578
2019-10-21,93.2426528930664
2019-10-22,91.77311706542969
2019-10-23,93.14532470703125
2019-10-24,93.4081039428711
2019-10-25,93.72924041748047
2019-10-28,94.12825012207031
2019-10-29,91.88015747070312
2019-10-30,94.12825012207031
2019-10-31,93.81682586669922
2019-11-01,92.7463150024414
2019-11-04,95.51993560791016
2019-11-05,95.62699127197266
2019-11-06,96.02600860595703
2019-11-07,94.62458801269531
2019-11-08,95.63672637939453
2019-11-11,93.80709838867188
2019-11-12,93.74872589111328
2019-11-13,93.42754364013672
2019-11-14,94.9262924194336
2019-11-15,94.9262924194336
2019-11-18,94.78031158447266
2019-11-19,94.09905242919922
2019-11-20,95.49073791503906
2019-11-21,96.35688781738281
2019-11-22,96.53207397460938
2019-11-25,97.125732421875
2019-11-26,96.61965942382812
2019-11-27,98.08920288085938
2019-11-29,98.30329895019531
2019-12-02,97.70964050292969
2019-12-03,98.55632781982422
2019-12-04,97.93347930908203
2019-12-05,99.38355255126953
2019-12-06,100.46382141113281
2019-12-09,99.29597473144531
2019-12-10,99.1110610961914
2019-12-11,100.43462371826172
2019-12-12,102.27397918701172
2019-12-13,101.74845886230469
2019-12-16,102.88707733154297
2019-12-17,102.9162826538086
2019-12-18,104.21065521240234
2019-12-19,104.46366882324219
2019-12-20,105.0573501586914
2019-12-23,104.90162658691406
2019-12-24,105.64126586914062
2019-12-26,105.60233306884766
2019-12-27,105.52447509765625
2019-12-30,104.0646743774414
2019-12-31,104.6291275024414
2020-01-02,104.46366882324219
2020-01-03,104.32743835449219
2020-01-06,105.86509704589844
2020-01-07,105.48554992675781
2020-01-08,106.55606842041016
2020-01-09,106.42955780029297
2020-01-10,105.68017578125
2020-01-13,106.87724304199219
2020-01-14,106.6436538696289
2020-01-15,106.6728515625
2020-01-16,108.27864837646484
2020-01-17,109.90388488769531
2020-01-21,109.39781188964844
2020-01-22,110.05960083007812
2020-01-23,110.43917083740234
2020-01-24,109.31997680664062
2020-01-27,107.5973892211914
2020-01-28,108.9014892578125
2020-01-29,109.20318603515625
2020-01-30,108.6484603881836
2020-01-31,105.02811431884766
2020-02-03,102.22530364990234
2020-02-04,104.20091247558594
2020-02-05,104.93082427978516
2020-02-06,107.05240631103516
2020-02-07,106.16680145263672
2020-02-10,105.78724670410156
2020-02-11,106.11812591552734
2020-02-12,106.77989959716797
2020-02-13,105.92350006103516
2020-02-14,106.75072479248047
2020-02-18,106.52685546875
2020-02-19,106.83830261230469
2020-02-20,106.27384185791016
2020-02-21,105.1157455444336
2020-02-24,104.1619873046875
2020-02-25,102.55619049072266
2020-02-26,103.68511962890625
2020-02-27,99.98695373535156
2020-02-28,98.6536636352539
2020-03-02,104.02574157714844
2020-03-03,103.84082794189453
2020-03-04,108.83335876464844
2020-03-05,107.25677490234375
2020-03-06,104.78485107421875
2020-03-09,98.22545623779297
2020-03-10,100.60979461669922
2020-03-11,98.46874237060547
2020-03-12,90.84859466552734
2020-03-13,94.45914459228516
2020-03-16,86.29397583007812
2020-03-17,92.8533706665039
2020-03-18,87.79270935058594
2020-03-19,87.64671325683594
2020-03-20,84.61033630371094
2020-03-23,92.91175079345703
2020-03-24,91.77311706542969
2020-03-25,87.23796844482422
2020-03-26,96.54180145263672
2020-03-27,92.8144302368164
2020-03-30,95.07225799560547
2020-03-31,97.48582458496094
2020-04-01,94.91654968261719
2020-04-02,99.54901885986328
2020-04-03,100.07452392578125
2020-04-06,103.65592956542969
2020-04-07,103.47102355957031
2020-04-08,103.93814849853516
2020-04-09,102.96498107910156
2020-04-13,106.37115478515625
2020-04-14,109.02801513671875
2020-04-15,110.46834564208984
2020-04-16,114.93534088134766
2020-04-17,112.06439971923828
2020-04-20,112.31743621826172
2020-04-21,110.23478698730469
2020-04-22,111.49994659423828
2020-04-23,111.39289093017578
2020-04-24,113.19331359863281
2020-04-27,112.91108703613281
2020-04-28,108.36622619628906
2020-04-29,109.7579116821289
2020-04-30,111.1982650756836
2020-05-01,110.23478698730469
2020-05-04,113.69937133789062
2020-05-05,116.4049072265625
2020-05-06,112.22985076904297
2020-05-07,113.67020416259766
2020-05-08,113.49504089355469
2020-05-11,114.22492980957031
2020-05-12,113.251708984375
2020-05-13,113.76753234863281
2020-05-14,113.98161315917969
2020-05-15,114.96454620361328
2020-05-18,113.98161315917969
2020-05-19,115.36357116699219
2020-05-20,116.34649658203125
2020-05-21,114.2151870727539
2020-05-22,116.6092529296875
2020-05-26,113.51448059082031
2020-05-27,114.23465728759766
2020-05-28,118.09825134277344
2020-05-29,119.58727264404297
2020-06-01,119.48992919921875
2020-06-02,119.0811996459961
2020-06-03,114.7698974609375
2020-06-04,114.04000854492188
2020-06-05,115.14945983886719
2020-06-08,116.30758666992188
2020-06-09,117.82575988769531
2020-06-10,121.46556091308594
2020-06-11,119.13958740234375
2020-06-12,118.70164489746094
2020-06-15,123.12972259521484
2020-06-16,122.36090087890625
2020-06-17,124.6771240234375
2020-06-18,125.88390350341797
2020-06-19,126.70137023925781
2020-06-22,126.24395751953125
2020-06-23,127.10042572021484
2020-06-24,127.3631591796875
2020-06-25,127.23665618896484
2020-06-26,127.4215316772461
2020-06-29,127.18800354003906
2020-06-30,128.51153564453125
2020-07-01,131.5966339111328
2020-07-02,130.25357055664062
2020-07-06,130.67205810546875
2020-07-07,131.16839599609375
2020-07-08,131.9761505126953
2020-07-09,135.05145263671875
2020-07-10,137.03680419921875
2020-07-13,131.68418884277344
2020-07-14,134.81788635253906
2020-07-15,134.7205810546875
2020-07-16,134.3507537841797
2020-07-17,134.6038360595703
2020-07-20,137.737548828125
2020-07-21,135.606201171875
2020-07-22,134.59410095214844
2020-07-23,131.73284912109375
2020-07-24,131.61607360839844
2020-07-27,132.5114288330078
2020-07-28,131.16839599609375
2020-07-29,132.28756713867188
2020-07-30,134.8762969970703
2020-07-31,137.8250732421875
2020-08-03,138.5452880859375
2020-08-04,142.39915466308594
2020-08-05,142.26292419433594
2020-08-06,143.0122833251953
2020-08-07,140.13160705566406
2020-08-10,136.9297637939453
2020-08-11,132.063720703125
2020-08-12,136.15118408203125
2020-08-13,137.97109985351562
2020-08-14,136.66697692871094
2020-08-17,136.68646240234375
2020-08-18,138.7593994140625
2020-08-19,138.0586700439453
2020-08-20,139.63523864746094
2020-08-21,137.42608642578125
2020-08-24,138.51605224609375
2020-08-25,138.39930725097656
2020-08-26,139.78123474121094
2020-08-27,137.97109985351562
2020-08-28,137.09519958496094
2020-08-31,135.73269653320312
2020-09-01,134.5843505859375
2020-09-02,135.8203125
2020-09-03,129.2609100341797
2020-09-04,126.64299011230469
2020-09-08,120.96922302246094
2020-09-09,125.2513198852539
2020-09-10,123.84992218017578
2020-09-11,122.64310455322266
2020-09-14,122.79885864257812
2020-09-15,124.89122772216797
2020-09-16,123.34383392333984
2020-09-17,121.90348815917969
2020-09-18,122.52635192871094
2020-09-21,124.852294921875
2020-09-22,127.50914001464844
2020-09-23,124.97879791259766
2020-09-24,125.85470581054688
2020-09-25,127.67457580566406
2020-09-28,128.73533630371094
2020-09-29,126.53591918945312
2020-09-30,126.91549682617188
2020-10-01,129.2220001220703
2020-10-02,125.61141967773438
2020-10-05,127.2171630859375
2020-10-06,121.4947509765625
2020-10-07,121.66020202636719
2020-10-08,122.61392974853516
2020-10-09,124.03480529785156
2020-10-12,127.37288665771484
2020-10-13,129.37770080566406
2020-10-14,129.19277954101562
2020-10-15,127.82059478759766
2020-10-16,128.385009765625
2020-10-19,126.38997650146484
2020-10-20,123.94720458984375
2020-10-21,124.22943115234375
2020-10-22,123.51901245117188
2020-10-23,123.37301635742188
2020-10-26,123.28545379638672
2020-10-27,123.22703552246094
2020-10-28,122.23435974121094
2020-10-29,120.57994842529297
2020-10-30,116.61900329589844
2020-11-02,116.59952545166016
2020-11-03,117.50460052490234
2020-11-04,121.95214080810547
2020-11-05,124.89122772216797
2020-11-06,115.99616241455078
2020-11-09,113.83564758300781
2020-11-10,115.74311065673828
2020-11-11,116.57032775878906
2020-11-12,116.12264251708984
2020-11-13,117.56300354003906
2020-11-16,115.42195129394531
2020-11-17,115.34410095214844
2020-11-18,113.70911407470703
2020-11-19,116.92069244384766
2020-11-20,118.60433197021484
2020-11-23,118.59459686279297
2020-11-24,117.02774047851562
2020-11-25,118.25398254394531
2020-11-27,120.84269714355469
2020-11-30,124.32677459716797
2020-12-01,123.99545288085938
2020-12-02,126.23676300048828
2020-12-03,125.10638427734375
2020-12-04,125.4084701538086
2020-12-07,127.50360870361328
2020-12-08,128.7802276611328
2020-12-09,129.7742156982422
2020-12-10,131.24569702148438
2020-12-11,132.33714294433594
2020-12-14,134.0327606201172
2020-12-15,137.07325744628906
2020-12-16,137.9892578125
2020-12-17,136.28392028808594
2020-12-18,138.97352600097656
2020-12-21,137.414306640625
2020-12-22,135.87461853027344
2020-12-23,137.90159606933594
2020-12-24,138.1939239501953
2020-12-28,137.13169860839844
2020-12-29,137.11221313476562
2020-12-30,138.42782592773438
2020-12-31,139.9382781982422
2021-01-04,135.9525604248047
2021-01-05,137.71640014648438
2021-01-06,133.3116912841797
2021-01-07,137.1511993408203
2021-01-08,138.24261474609375
2021-01-11,137.61895751953125
2021-01-12,135.51402282714844
2021-01-13,132.8634033203125
2021-01-14,135.3971405029297
2021-01-15,135.45555114746094
2021-01-19,137.8236083984375
2021-01-20,141.8872833251953
2021-01-21,142.24781799316406
2021-01-22,142.27706909179688
2021-01-25,142.56942749023438
2021-01-26,142.56942749023438
2021-01-27,142.50120544433594
2021-01-28,139.36329650878906
2021-01-29,139.5484619140625
2021-02-01,142.15036010742188
2021-02-02,145.1713104248047
2021-02-03,137.2291717529297
2021-02-04,135.09498596191406
2021-02-05,137.61895751953125
2021-02-08,138.8273468017578
2021-02-09,142.38426208496094
2021-02-10,140.9225311279297
2021-02-11,143.57318115234375
2021-02-12,143.97271728515625
2021-02-16,142.0626678466797
2021-02-17,142.11143493652344
2021-02-18,143.651123046875
2021-02-19,142.2283477783203
2021-02-22,138.63243103027344
2021-02-23,137.57025146484375
2021-02-24,134.16921997070312
2021-02-25,131.7914581298828
2021-02-26,130.5538330078125
2021-03-01,133.76968383789062
2021-03-02,133.49649047851562
2021-03-03,129.81808471679688
2021-03-04,128.100830078125
2021-03-05,129.3789825439453
2021-03-08,124.11991119384766
2021-03-09,127.74955749511719
2021-03-10,126.95922088623047
2021-03-11,128.1496124267578
2021-03-12,127.32023620605469
2021-03-15,127.71050262451172
2021-03-16,128.53988647460938
2021-03-17,127.42759704589844
2021-03-18,124.8907241821289
2021-03-19,125.28099822998047
2021-03-22,128.21786499023438
2021-03-23,129.81808471679688
2021-03-24,126.64700317382812
2021-03-25,126.87140655517578
2021-03-26,129.62290954589844
2021-03-29,131.69139099121094
2021-03-30,131.16452026367188
2021-03-31,132.0817108154297
2021-04-01,134.60877990722656
2021-04-05,138.10182189941406
2021-04-06,137.84812927246094
2021-04-07,138.5604248046875
2021-04-08,138.11158752441406
2021-04-09,137.04806518554688
2021-04-12,138.01402282714844
2021-04-13,138.6580047607422
2021-04-14,138.17010498046875
2021-04-15,139.3019561767578
2021-04-16,137.6237335205078
2021-04-19,136.2382049560547
2021-04-20,137.43833923339844
2021-04-21,137.6139678955078
2021-04-22,137.82861328125
2021-04-23,139.66294860839844
2021-04-26,140.29714965820312
2021-04-27,139.97518920898438
2021-04-28,140.4923095703125
2021-04-29,142.78521728515625
2021-04-30,138.6287078857422
2021-05-03,137.75059509277344
2021-05-04,133.73065185546875
2021-05-05,134.51119995117188
2021-05-06,137.90664672851562
2021-05-07,138.96044921875
2021-05-10,137.23341369628906
2021-05-11,137.92620849609375
2021-05-12,136.27720642089844
2021-05-13,135.7504119873047
2021-05-14,135.2527618408203
2021-05-17,134.18923950195312
2021-05-18,134.7063446044922
2021-05-19,135.50640869140625
2021-05-20,138.3652801513672
2021-05-21,136.76507568359375
2021-05-24,138.63845825195312
2021-05-25,139.780029296875
2021-05-26,140.4923095703125
2021-05-27,139.4580535888672
2021-05-28,139.4580535888672
2021-06-01,140.29815673828125
2021-06-02,138.12950134277344
2021-06-03,138.70587158203125
2021-06-04,141.8513946533203
2021-06-07,142.34959411621094
2021-06-08,142.1346893310547
2021-06-09,142.44729614257812
2021-06-10,142.29100036621094
2021-06-11,143.00411987304688
2021-06-14,145.11415100097656
2021-06-15,141.4508819580078
2021-06-16,139.30178833007812
2021-06-17,138.64727783203125
2021-06-18,137.8560028076172
2021-06-21,137.69969177246094
2021-06-22,137.60202026367188
2021-06-23,135.41383361816406
2021-06-24,135.44313049316406
2021-06-25,135.384521484375
2021-06-28,139.67295837402344
2021-06-29,140.7670440673828
2021-06-30,140.5032958984375
2021-07-01,138.85240173339844
2021-07-02,140.09303283691406
2021-07-06,139.6925048828125
2021-07-07,139.64366149902344
2021-07-08,137.2014617919922
2021-07-09,137.72901916503906
2021-07-12,138.11973571777344
2021-07-13,139.9366912841797
2021-07-14,139.80972290039062
2021-07-15,139.36038208007812
2021-07-16,139.79022216796875
2021-07-19,137.9731903076172
2021-07-20,137.8071746826172
2021-07-21,137.4652557373047
2021-07-22,138.99893188476562
2021-07-23,141.636474609375
2021-07-26,141.8905029296875
2021-07-27,138.64727783203125
2021-07-28,140.2395477294922
2021-07-29,140.06375122070312
2021-07-30,140.63031005859375
2021-08-02,140.77682495117188
2021-08-03,136.56651306152344
2021-08-04,136.67396545410156
2021-08-05,133.7042694091797
2021-08-06,133.18653869628906
2021-08-09,133.0107421875
2021-08-10,133.860595703125
2021-08-11,135.10125732421875
2021-08-12,135.77525329589844
2021-08-13,135.47244262695312
2021-08-16,136.76190185546875
2021-08-17,137.77783203125
2021-08-18,136.7521514892578
2021-08-19,137.3480224609375
2021-08-20,136.9279327392578
2021-08-23,139.51669311523438
2021-08-24,139.27244567871094
2021-08-25,138.57887268066406
2021-08-26,138.1979217529297
2021-08-27,139.6339111328125
2021-08-30,139.9757843017578
2021-08-31,142.0198974609375
2021-09-01,143.21310424804688
2021-09-02,142.20570373535156
2021-09-03,143.37936401367188
2021-09-07,142.0296630859375
2021-09-08,140.9342498779297
2021-09-09,139.18357849121094
2021-09-10,141.94163513183594
2021-09-13,141.5015411376953
2021-09-14,142.17637634277344
2021-09-15,134.02935791015625
2021-09-16,132.97308349609375
2021-09-17,130.93882751464844
2021-09-20,127.23206329345703
2021-09-21,123.9752197265625
2021-09-22,123.62313079833984
2021-09-23,125.08039855957031
2021-09-24,127.04622650146484
2021-09-27,129.08056640625
2021-09-28,130.83120727539062
2021-09-29,134.9096221923828
2021-09-30,139.12489318847656
2021-10-01,140.4355010986328
2021-10-04,140.01492309570312
2021-10-05,140.92446899414062
2021-10-06,131.1246337890625
2021-10-07,134.5672607421875
2021-10-08,136.91456604003906
2021-10-11,136.406005859375
2021-10-12,133.66748046875
2021-10-13,133.4425506591797
2021-10-14,132.72860717773438
2021-10-15,131.78968811035156
2021-10-18,131.75059509277344
2021-10-19,133.74575805664062
2021-10-20,136.14193725585938
2021-10-21,137.54052734375
2021-10-22,137.9708251953125
2021-10-25,139.0662078857422
2021-10-26,139.27159118652344
2021-10-27,137.28622436523438
2021-10-28,137.14926147460938
2021-10-29,137.1688690185547
2021-11-01,138.65548706054688
2021-11-02,137.09059143066406
2021-11-03,136.43531799316406
2021-11-04,139.34988403320312
2021-11-05,136.5037841796875
2021-11-08,135.12477111816406
2021-11-09,136.71897888183594
2021-11-10,136.22018432617188
2021-11-11,141.27658081054688
2021-11-12,142.24485778808594
2021-11-15,138.1762237548828
2021-11-16,136.49403381347656
2021-11-17,135.10519409179688
2021-11-18,134.31300354003906
2021-11-19,129.48155212402344
2021-11-22,123.50575256347656
2021-11-23,125.5889663696289
2021-11-24,123.86762237548828
2021-11-26,123.20257568359375
2021-11-29,122.13651275634766
2021-11-30,121.49102020263672
2021-12-01,117.58869171142578
2021-12-02,119.89683532714844
2021-12-03,122.5179443359375
2021-12-06,123.53510284423828
2021-12-07,123.54489135742188
2021-12-08,123.76034545898438
2021-12-09,122.41865539550781
2021-12-10,123.04541778564453
2021-12-13,124.15209197998047
2021-12-14,124.23045349121094
2021-12-15,126.23809814453125
2021-12-16,126.71796417236328
2021-12-17,124.8865966796875
2021-12-20,127.23703002929688
2021-12-21,129.44056701660156
2021-12-22,128.7550506591797
2021-12-23,129.80294799804688
2021-12-27,130.29261779785156
2021-12-28,130.71371459960938
2021-12-29,130.39053344726562
2021-12-30,131.6832733154297
2021-12-31,129.17617797851562
2022-01-03,132.16317749023438
2022-01-04,132.95643615722656
2022-01-05,131.0369110107422
2022-01-06,127.01179504394531
2022-01-07,129.05862426757812
2022-01-10,126.23809814453125
2022-01-11,128.09890747070312
2022-01-12,129.76376342773438
2022-01-13,128.13803100585938
2022-01-14,127.74632263183594
2022-01-18,131.14462280273438
2022-01-19,134.08267211914062
2022-01-20,136.0120086669922
2022-01-21,136.13929748535156
2022-01-24,132.40805053710938
2022-01-25,128.30450439453125
2022-01-26,127.29582214355469
2022-01-27,128.35350036621094
2022-01-28,129.19577026367188
2022-01-31,129.92047119140625
2022-02-01,127.25663757324219
2022-02-02,134.3373260498047
2022-02-03,134.454833984375
2022-02-04,134.86618041992188
2022-02-07,133.58322143554688
2022-02-08,131.5951690673828
2022-02-09,132.98583984375
2022-02-10,132.1925048828125
2022-02-11,131.33071899414062
2022-02-14,130.64517211914062
2022-02-15,131.7224578857422
2022-02-16,130.53746032714844
2022-02-17,127.70716094970703
2022-02-18,126.6592025756836
2022-02-22,124.46548461914062
2022-02-23,124.10311889648438
2022-02-24,124.86701202392578
2022-02-25,126.05204772949219
2022-02-28,127.4035415649414
2022-03-01,125.50358581542969
2022-03-02,126.59066009521484
2022-03-03,125.19999694824219
2022-03-04,123.87786865234375
2022-03-07,123.65263366699219
2022-03-08,120.2987289428711
2022-03-09,123.09362030029297
2022-03-10,121.2892074584961
2022-03-11,119.96530151367188
2022-03-14,116.82716369628906
2022-03-15,118.46487426757812
2022-03-16,121.40689086914062
2022-03-17,122.76020050048828
2022-03-18,123.83894348144531
2022-03-21,123.13287353515625
2022-03-22,125.4570541381836
2022-03-23,122.23065948486328
2022-03-24,123.14268493652344
2022-03-25,124.85883331298828
2022-03-28,125.5649185180664
2022-03-29,126.33966064453125
2022-03-30,125.2118911743164
2022-03-31,124.06449890136719
2022-04-01,122.80924987792969
2022-04-04,125.54532623291016
2022-04-05,123.42707824707031
2022-04-06,122.43657684326172
2022-04-07,121.01461029052734
2022-04-08,121.09306335449219
2022-04-11,120.21047973632812
2022-04-12,121.18133544921875
2022-04-13,121.23035430908203
2022-04-14,120.23009490966797
2022-04-18,119.79859924316406
2022-04-19,121.6422348022461
2022-04-20,120.92635345458984
2022-04-21,121.34803009033203
2022-04-22,125.61396026611328
2022-04-25,125.67279052734375
2022-04-26,122.22084045410156
2022-04-27,118.87676239013672
2022-04-28,121.02442169189453
2022-04-29,115.7680435180664
2022-05-02,117.68034362792969
2022-05-03,120.1418228149414
2022-05-04,121.32843017578125
2022-05-05,117.29788208007812
2022-05-06,113.06139373779297
2022-05-09,109.87422180175781
2022-05-10,109.4427261352539
2022-05-11,118.16087341308594
2022-05-12,118.61198425292969
2022-05-13,122.52485656738281
2022-05-16,124.92748260498047
2022-05-17,125.98660278320312
2022-05-18,126.4769515991211
2022-05-19,127.50665283203125
2022-05-20,128.23236083984375
2022-05-23,131.1841583251953
2022-05-24,134.03790283203125
2022-05-25,134.6949462890625
2022-05-26,135.99925231933594
2022-05-27,135.85214233398438
2022-05-31,135.9698028564453
2022-06-01,136.8328094482422
2022-06-02,138.76475524902344
2022-06-03,138.2744140625
2022-06-06,137.636962890625
2022-06-07,138.43238830566406
2022-06-08,136.7138671875
2022-06-09,133.3652801513672
2022-06-10,131.03793334960938
2022-06-13,126.44216918945312
2022-06-14,125.07720184326172
2022-06-15,126.93316650390625
2022-06-16,125.67622375488281
2022-06-17,126.22612762451172
2022-06-21,128.04283142089844
2022-06-22,126.70732879638672
2022-06-23,126.63859558105469
2022-06-24,127.85626220703125
2022-06-27,123.33905029296875
2022-06-28,120.66803741455078
2022-06-29,120.6189193725586
2022-06-30,119.46016693115234
2022-07-01,120.52074432373047
2022-07-05,122.5043716430664
2022-07-06,122.111572265625
2022-07-07,123.33905029296875
2022-07-08,123.36851501464844
2022-07-11,121.6107406616211
2022-07-12,119.78423309326172
2022-07-13,119.48960876464844
2022-07-14,120.08863830566406
2022-07-15,120.9429931640625
2022-07-18,121.39469909667969
2022-07-19,124.46835327148438
2022-07-20,125.2932357788086
2022-07-21,127.86609649658203
2022-07-22,127.8169937133789
2022-07-25,127.58131408691406
2022-07-26,128.3963623046875
2022-07-27,129.8005828857422
2022-07-28,130.7825927734375
2022-07-29,128.86767578125
2022-08-01,128.51419067382812
2022-08-02,126.5698471069336
2022-08-03,130.88082885742188
2022-08-04,130.841552734375
2022-08-05,130.17376708984375
2022-08-08,128.69094848632812
2022-08-09,126.95283508300781
2022-08-10,128.7989959716797
2022-08-11,127.34559631347656
2022-08-12,129.00518798828125
2022-08-15,129.23104858398438
2022-08-16,132.6778564453125
2022-08-17,130.7727813720703
2022-08-18,130.0854034423828
2022-08-19,128.1312255859375
2022-08-22,125.81370544433594
2022-08-23,124.44873046875
2022-08-24,123.34886932373047
2022-08-25,125.31287384033203
2022-08-26,129.79078674316406
2022-08-29,127.26707458496094
2022-08-30,124.37574768066406
2022-08-31,124.76911163330078
2022-09-01,125.56571197509766
2022-09-02,123.2546157836914
2022-09-06,122.66455078125
2022-09-07,123.47097778320312
2022-09-08,125.03466033935547
2022-09-09,126.79499053955078
2022-09-12,128.68321228027344
2022-09-13,125.47720336914062
2022-09-14,124.81827545166016
2022-09-15,122.34986114501953
2022-09-16,119.72406768798828
2022-09-19,120.89434814453125
2022-09-20,118.54393768310547
2022-09-21,115.54444122314453
2022-09-22,115.47560119628906
2022-09-23,113.72508239746094
2022-09-26,112.91866302490234
2022-09-27,113.23336029052734
2022-09-28,116.39021301269531
2022-09-29,115.52476501464844
2022-09-30,113.7939224243164
2022-10-03,117.87519836425781
2022-10-04,121.15989685058594
2022-10-05,120.63865661621094
2022-10-06,121.61226654052734
2022-10-07,120.28462219238281
2022-10-10,118.6816177368164
2022-10-11,117.27529907226562
2022-10-12,116.91140747070312
2022-10-13,119.21268463134766
2022-10-14,118.37676239013672
2022-10-17,119.02584075927734
2022-10-18,121.32707214355469
2022-10-19,121.78929138183594
2022-10-20,121.50410461425781
2022-10-21,122.92024993896484
2022-10-24,123.58898162841797
2022-10-25,125.62470245361328
2022-10-26,125.14282989501953
2022-10-27,125.58537292480469
2022-10-28,126.11643981933594
2022-10-31,123.87420654296875
2022-11-01,124.1790542602539
2022-11-02,126.52948760986328
2022-11-03,124.52325439453125
2022-11-04,127.61125183105469
2022-11-07,130.2272186279297
2022-11-08,126.96220397949219
2022-11-09,124.19872283935547
2022-11-10,128.14231872558594
2022-11-11,129.05686950683594
2022-11-14,127.4145736694336
2022-11-15,126.64747619628906
2022-11-16,127.19821166992188
2022-11-17,126.5196533203125
2022-11-18,127.92596435546875
2022-11-21,125.74272918701172
2022-11-22,127.37523651123047
2022-11-23,128.7913818359375
2022-11-25,127.35556030273438
2022-11-28,126.22460174560547
2022-11-29,125.66322326660156
2022-11-30,128.80503845214844
2022-12-01,129.6323699951172
2022-12-02,130.28237915039062
2022-12-05,128.45050048828125
2022-12-06,125.48594665527344
2022-12-07,124.10708618164062
2022-12-08,124.20555877685547
2022-12-09,122.82670593261719
2022-12-12,123.7032699584961
2022-12-13,123.78205108642578
2022-12-14,122.7774658203125
2022-12-15,119.8917236328125
2022-12-16,119.90156555175781
2022-12-19,118.96591186523438
2022-12-20,118.60149383544922
2022-12-21,120.65007781982422
2022-12-22,119.58637237548828
2022-12-23,119.67504119873047
2022-12-27,118.99544525146484
2022-12-28,117.73477172851562
2022-12-29,120.34476470947266
2022-12-30,120.33492279052734
2023-01-03,120.94554901123047
2023-01-04,123.12217712402344
2023-01-05,122.79715728759766
2023-01-06,122.01908111572266
2023-01-09,122.29485321044922
2023-01-10,122.14713287353516
2023-01-11,124.20555877685547
2023-01-12,124.5108871459961
2023-01-13,123.56538391113281
2023-01-17,121.83196258544922
2023-01-18,121.84181213378906
2023-01-19,121.8516616821289
2023-01-20,124.0873794555664
2023-01-23,125.48594665527344
2023-01-24,125.5647201538086
2023-01-25,125.63365936279297
2023-01-26,127.1897964477539
2023-01-27,126.92387390136719
2023-01-30,127.04207611083984
2023-01-31,126.73674011230469
2023-02-01,114.99676513671875
2023-02-02,114.23839569091797
2023-02-03,112.19965362548828
2023-02-06,110.49577331542969
2023-02-07,112.45573425292969
2023-02-08,110.9980697631836
2023-02-09,110.10181427001953
2023-02-10,110.1116714477539
2023-02-13,111.49051666259766
2023-02-14,110.55486297607422
2023-02-15,111.62841033935547
2023-02-16,110.03288269042969
2023-02-17,110.30863189697266
2023-02-21,110.32835388183594
2023-02-22,110.05257415771484
2023-02-23,109.04796600341797
2023-02-24,108.11231231689453
2023-02-27,109.41239166259766
2023-02-28,109.45185089111328
2023-03-01,108.92896270751953
2023-03-02,110.78376007080078
2023-03-03,111.63220977783203
2023-03-06,111.67166137695312
2023-03-07,110.6357650756836
2023-03-08,110.77388000488281
2023-03-09,108.97827911376953
2023-03-10,107.72532653808594
2023-03-13,108.59351348876953
2023-03-14,109.9845962524414
2023-03-15,109.88594055175781
2023-03-16,112.0071029663086
2023-03-17,111.82952117919922
2023-03-20,111.99723815917969
2023-03-21,113.39818572998047
2023-03-22,111.6420669555664
2023-03-23,114.48342895507812
2023-03-24,117.43333435058594
2023-03-27,117.0485610961914
2023-03-28,116.43688201904297
2023-03-29,117.5911865234375
2023-03-30,117.50239562988281
2023-03-31,118.83428955078125
2023-04-03,119.72221374511719
2023-04-04,123.5600357055664
2023-04-05,124.45782470703125
2023-04-06,123.4811019897461
2023-04-10,123.93492889404297
2023-04-11,123.99412536621094
2023-04-12,124.43809509277344
2023-04-13,126.55923461914062
2023-04-14,126.15475463867188
2023-04-17,126.36192321777344
2023-04-18,127.30905151367188
2023-04-19,126.46058654785156
2023-04-20,127.07228088378906
2023-04-21,127.37813568115234
2023-04-24,127.74317932128906
2023-04-25,127.76288604736328
2023-04-26,123.44164276123047
2023-04-27,124.81300354003906
2023-04-28,125.5726547241211
2023-05-01,125.71078491210938
2023-05-02,124.46768951416016
2023-05-03,123.39232635498047
2023-05-04,122.34651947021484
2023-05-05,123.73761749267578
2023-05-08,124.07305908203125
2023-05-09,123.72775268554688
2023-05-10,123.06674194335938
2023-05-11,123.63896179199219
2023-05-12,123.78695678710938
2023-05-15,123.16539001464844
2023-05-16,123.44164276123047
2023-05-17,123.24432373046875
2023-05-18,124.51702117919922
2023-05-19,123.97439575195312
2023-05-22,123.44164276123047
2023-05-23,123.60936737060547
2023-05-24,123.71788024902344
2023-05-25,123.71788024902344
2023-05-26,125.0990982055664
2023-05-30,124.97065734863281
2023-05-31,126.4725112915039
2023-06-01,126.16622161865234
2023-06-02,126.14645385742188
2023-06-05,125.50420379638672
2023-06-06,125.62278747558594
2023-06-07,124.73350524902344
2023-06-08,125.5931396484375
2023-06-09,124.43709564208984
2023-06-12,124.25924682617188
2023-06-13,125.8006362915039
2023-06-14,126.37371063232422
2023-06-15,127.45069885253906
2023-06-16,127.12464904785156
2023-06-20,124.90148162841797
2023-06-21,123.08343505859375
2023-06-22,123.95293426513672
2023-06-23,123.75532531738281
2023-06-26,125.15837860107422
2023-06-27,129.8122100830078
2023-06-28,129.1007843017578
2023-06-29,128.8932647705078
2023-06-30,128.15223693847656
2023-07-03,129.3082733154297
2023-07-05,128.3399658203125
2023-07-06,129.14028930664062
2023-07-07,127.65817260742188
2023-07-10,128.98220825195312
2023-07-11,135.69117736816406
2023-07-12,133.85337829589844
2023-07-13,135.0785675048828
2023-07-14,135.70103454589844
2023-07-17,136.6001739501953
2023-07-18,137.21279907226562
2023-07-19,135.20700073242188
2023-07-20,135.49356079101562
2023-07-21,135.42437744140625
2023-07-24,136.1160430908203
2023-07-25,137.9044647216797
2023-07-26,137.17327880859375
2023-07-27,135.8690185546875
2023-07-28,136.20498657226562
2023-07-31,134.72286987304688
2023-08-01,134.49562072753906
2023-08-02,124.80267333984375
2023-08-03,122.35226440429688
2023-08-04,121.12706756591797
2023-08-07,122.56964874267578
2023-08-08,121.1468505859375
2023-08-09,120.4650650024414
2023-08-10,120.81089782714844
2023-08-11,120.7417221069336
2023-08-14,121.30492401123047
2023-08-15,119.97103881835938
2023-08-16,119.2398681640625
2023-08-17,117.34278106689453
2023-08-18,116.94754791259766
2023-08-21,117.18467712402344
2023-08-22,118.10359191894531
2023-08-23,119.87222290039062
2023-08-24,118.47906494140625
2023-08-25,118.26168823242188
2023-08-28,119.08177947998047
2023-08-29,119.70524597167969
2023-08-30,119.29949951171875
2023-08-31,118.73542022705078
2023-09-01,119.28959655761719
2023-09-05,120.23963928222656
2023-09-06,119.6458740234375
2023-09-07,119.68545532226562
2023-09-08,120.4870376586914
2023-09-11,121.25894927978516
2023-09-12,120.16046905517578
2023-09-13,120.41777038574219
2023-09-14,121.763671875
2023-09-15,119.21041870117188
2023-09-18,119.34896850585938
2023-09-19,119.74484252929688
2023-09-20,119.20052337646484
2023-09-21,117.5676498413086
2023-09-22,117.76557922363281
2023-09-25,118.46820068359375
2023-09-26,117.13220977783203
2023-09-27,116.74625396728516
2023-09-28,117.94369506835938
2023-09-29,119.15104675292969
2023-10-02,118.90363311767578
2023-10-03,118.30986022949219
2023-10-04,119.46773529052734
2023-10-05,119.5370101928711
2023-10-06,121.68449401855469
2023-10-09,123.2975845336914
2023-10-10,126.75137329101562
2023-10-11,128.34471130371094
2023-10-12,130.20518493652344
2023-10-13,129.92807006835938
2023-10-16,129.77964782714844
2023-10-17,129.6707763671875
2023-10-18,128.9087371826172
2023-10-19,126.89983367919922
2023-10-20,126.11802673339844
2023-10-23,125.02943420410156
2023-10-24,126.33573150634766
2023-10-25,124.41586303710938
2023-10-26,122.3574447631836
2023-10-27,121.35791015625
2023-10-30,120.05159759521484
2023-10-31,122.5058822631836
2023-11-01,122.49597930908203
2023-11-02,126.94929504394531
2023-11-03,128.2457275390625
2023-11-06,127.92904663085938
2023-11-07,128.38424682617188
2023-11-08,129.3837890625
2023-11-09,129.93798828125
2023-11-10,131.40264892578125
2023-11-13,131.30364990234375
2023-11-14,133.04541015625
2023-11-15,133.03549194335938
2023-11-16,132.0161895751953
2023-11-17,132.31309509277344
2023-11-20,134.044921875
2023-11-21,134.64859008789062
2023-11-22,134.70797729492188
2023-11-24,135.1829833984375
2023-11-27,135.69760131835938
2023-11-28,135.15255737304688
2023-11-29,136.07415771484375
2023-11-30,136.7678680419922
2023-12-01,136.5201416015625
2023-12-04,136.57960510253906
2023-12-05,136.18321228027344
2023-12-06,135.9057159423828
2023-12-07,134.3300323486328
2023-12-08,135.9057159423828
2023-12-11,137.3129425048828
2023-12-12,139.0670166015625
2023-12-13,141.06883239746094
2023-12-14,139.5823211669922
2023-12-15,137.58050537109375
2023-12-18,136.84715270996094
2023-12-19,137.30300903320312
2023-12-20,135.36065673828125
2023-12-21,136.6390838623047
2023-12-22,136.43092346191406
2023-12-26,136.0543670654297
2023-12-27,135.47958374023438
2023-12-28,135.5291290283203
2023-12-29,135.57867431640625
2024-01-02,134.55795288085938
2024-01-03,134.4886016845703
2024-01-04,134.74624633789062
2024-01-05,134.3894805908203
2024-01-08,135.23182678222656
2024-01-09,136.4805145263672
2024-01-10,136.39129638671875
2024-01-11,136.50033569335938
2024-01-12,136.6787109375
2024-01-16,135.91561889648438
2024-01-17,135.390380859375
2024-01-18,136.78768920898438
2024-01-19,136.4805145263672
2024-01-22,136.33187866210938
2024-01-23,137.91746520996094
2024-01-24,136.6192169189453
2024-01-25,137.68951416015625
2024-01-26,138.16519165039062
2024-01-29,137.33274841308594
2024-01-30,136.31201171875
2024-01-31,136.34176635742188
2024-02-01,136.6787109375
2024-02-02,135.4102020263672
2024-02-05,133.72552490234375
2024-02-06,134.04263305664062
2024-02-07,135.51922607421875
2024-02-08,137.60032653808594
2024-02-09,139.344482421875
2024-02-12,136.31201171875
2024-02-13,137.7489776611328
2024-02-14,141.79226684570312
2024-02-15,142.7535400390625
2024-02-16,140.99945068359375
2024-02-20,139.77061462402344
2024-02-21,139.89944458007812
2024-02-22,142.2283172607422
2024-02-23,141.30665588378906
2024-02-26,141.29673767089844
2024-02-27,138.42892456054688
2024-02-28,139.00448608398438
2024-02-29,138.40907287597656
2024-03-01,139.7090301513672
2024-03-04,137.7442626953125
2024-03-05,135.233642578125
2024-03-06,134.47950744628906
2024-03-07,134.36041259765625
2024-03-08,134.11231994628906
2024-03-11,135.68020629882812
2024-03-12,134.9756622314453
2024-03-13,135.90846252441406
2024-03-14,133.99325561523438
2024-03-15,133.23910522460938
2024-03-18,131.4628143310547
2024-03-19,131.9391632080078
2024-03-20,131.3040771484375
2024-03-21,131.4628143310547
2024-03-22,130.68881225585938
2024-03-25,129.51788330078125
2024-03-26,129.89495849609375
2024-03-27,130.85751342773438
2024-03-28,131.65138244628906
2024-04-01,132.31622314453125
2024-04-02,131.13536071777344
2024-04-03,131.5025177001953
2024-04-04,128.5652618408203
2024-04-05,129.28964233398438
2024-04-08,129.0018768310547
2024-04-09,129.68658447265625
2024-04-10,128.3072509765625
2024-04-11,128.1881561279297
2024-04-12,126.90808868408203
2024-04-15,126.07453918457031
2024-04-16,125.578369140625
2024-04-17,125.34020233154297
2024-04-18,124.66543579101562
2024-04-19,126.29283905029297
2024-04-22,126.14398956298828
2024-04-23,126.16384887695312
2024-04-24,127.15615844726562
2024-04-25,126.33253479003906
2024-04-26,126.91799926757812
2024-04-29,126.91799926757812
2024-04-30,125.84629821777344
2024-05-01,127.19584655761719
2024-05-02,127.5134048461914
2024-05-03,128.5652618408203
2024-05-06,129.5575714111328
2024-05-07,129.24005126953125
2024-05-08,124.2784194946289
2024-05-09,126.14398956298828
2024-05-10,126.16384887695312
2024-05-13,125.60814666748047
2024-05-14,125.61805725097656
2024-05-15,126.64015197753906
2024-05-16,128.16835021972656
2024-05-17,126.76914978027344
2024-05-20,127.31494140625
2024-05-21,127.86070251464844
2024-05-22,134.1024169921875
2024-05-23,133.36810302734375
2024-05-24,134.02305603027344
2024-05-28,131.03614807128906
2024-05-29,131.1454620361328
2024-05-30,130.41004943847656
2024-05-31,132.0497589111328
2024-06-03,132.15908813476562
2024-06-04,135.64715576171875
2024-06-05,137.09803771972656
2024-06-06,136.54153442382812
2024-06-07,135.9651336669922
2024-06-10,135.3589630126953
2024-06-11,135.83596801757812
2024-06-12,134.7825927734375
2024-06-13,135.02108764648438
2024-06-14,135.13040161132812
2024-06-17,136.6707000732422
2024-06-18,137.2669677734375
2024-06-20,136.98870849609375
2024-06-21,138.191162109375
2024-06-24,140.34759521484375
2024-06-25,139.75135803222656
2024-06-26,139.6917266845703
2024-06-27,138.64828491210938
2024-06-28,138.45948791503906
2024-07-01,136.4620361328125
2024-07-02,138.0122833251953
2024-07-03,137.8035888671875
2024-07-05,137.39614868164062
2024-07-08,138.77748107910156
2024-07-09,139.70167541503906
2024-07-10,143.18971252441406
2024-07-11,144.3921661376953
2024-07-12,144.769775390625
2024-07-15,144.0940399169922
2024-07-16,145.7536163330078
2024-07-17,146.08154296875
2024-07-18,145.60455322265625
2024-07-19,139.3240203857422
2024-07-22,142.35496520996094
2024-07-23,141.10284423828125
2024-07-24,140.29791259765625
2024-07-25,140.91403198242188
2024-07-26,144.2729034423828
2024-07-29,146.92623901367188
2024-07-30,148.18829345703125
2024-07-31,149.99693298339844
2024-08-01,147.4727783203125
2024-08-02,147.90011596679688
2024-08-05,144.59092712402344
2024-08-06,144.81947326660156
2024-08-07,143.50772094726562
2024-08-08,146.1014404296875
2024-08-09,145.68405151367188
2024-08-12,144.99835205078125
2024-08-13,145.98216247558594
2024-08-14,145.544921875
2024-08-15,146.1212921142578
2024-08-16,147.43304443359375
2024-08-19,148.73486328125
2024-08-20,148.11874389648438
2024-08-21,148.8143768310547
2024-08-22,146.2107391357422
2024-08-23,146.6976776123047
2024-08-26,147.6317901611328
2024-08-27,148.27774047851562
2024-08-28,148.57626342773438
2024-08-29,149.5016326904297
2024-08-30,151.06378173828125
2024-09-03,145.5016326904297
2024-09-04,146.347412109375
2024-09-05,145.1832275390625
2024-09-06,143.29269409179688
2024-09-09,143.58123779296875
2024-09-10,143.08375549316406
2024-09-11,142.98422241210938
2024-09-12,144.0290069580078
2024-09-13,145.1036376953125
2024-09-16,145.79019165039062
2024-09-17,141.8797607421875
2024-09-18,139.75042724609375
2024-09-19,140.03897094726562
2024-09-20,138.85491943359375
2024-09-23,140.36734008789062
2024-09-24,140.9344940185547
2024-09-25,140.77529907226562
2024-09-26,142.89468383789062
2024-09-27,143.92950439453125
2024-09-30,142.7255401611328
2024-10-01,141.54147338867188
2024-10-02,142.48672485351562
2024-10-03,139.98922729492188
2024-10-04,141.9892120361328
2024-10-07,142.188232421875
2024-10-08,142.6160888671875
2024-10-09,143.02403259277344
2024-10-10,141.2628631591797
2024-10-11,142.52651977539062
2024-10-14,143.45188903808594
2024-10-15,145.69068908691406
2024-10-16,144.31756591796875
2024-10-17,143.48175048828125
2024-10-18,143.63101196289062
2024-10-21,144.98423767089844
2024-10-22,144.99417114257812
2024-10-23,144.13845825195312
2024-10-24,144.30760192871094
2024-10-25,144.4767608642578
2024-10-28,143.46185302734375
2024-10-29,144.89468383789062
2024-10-30,148.3971405029297
2024-10-31,150.09861755371094
2024-11-01,150.506591796875
2024-11-04,152.12844848632812
2024-11-05,154.7254638671875
2024-11-06,157.1732177734375
2024-11-07,159.2030487060547
2024-11-08,157.1234588623047
2024-11-11,158.59608459472656
2024-11-12,162.05874633789062
2024-11-13,161.9095001220703
2024-11-14,163.3025360107422
2024-11-15,160.5562744140625
2024-11-18,163.19308471679688
2024-11-19,165.30252075195312
2024-11-20,165.879638671875
2024-11-21,167.1333465576172
2024-11-22,165.83982849121094
2024-11-25,163.32241821289062
2024-11-26,164.1980438232422
2024-11-27,162.47470092773438
2024-11-29,163.04251098632812
2024-12-02,165.32373046875
2024-12-03,167.05703735351562
2024-12-04,166.7781219482422
2024-12-05,164.98501586914062
2024-12-06,166.36968994140625
2024-12-09,164.97506713867188
2024-12-10,164.666259765625
2024-12-11,163.29151916503906
2024-12-12,161.9666290283203
2024-12-13,157.01568603515625
2024-12-16,155.8003692626953
2024-12-17,154.196533203125
2024-12-18,149.34521484375
2024-12-19,147.32298278808594
2024-12-20,147.2333526611328
2024-12-23,146.73526000976562
2024-12-24,148.60804748535156
2024-12-26,148.49847412109375
2024-12-27,147.5521240234375
2024-12-30,145.97817993164062
2024-12-31,145.73910522460938
2025-01-02,145.3406219482422
2025-01-03,145.7291259765625
2025-01-06,144.69313049316406
2025-01-07,144.11532592773438
2025-01-08,143.6471405029297
2025-01-10,140.30999755859375
2025-01-13,141.41574096679688
2025-01-14,141.20654296875
2025-01-15,141.5850830078125
2025-01-16,140.8578643798828
2025-01-17,141.45556640625
2025-01-21,142.73068237304688
2025-01-22,141.8042449951172
2025-01-23,118.12537384033203
2025-01-24,116.11310577392578
2025-01-27,117.45793914794922
2025-01-28,116.0832290649414
2025-01-29,116.65103912353516
2025-01-30,118.22499084472656
2025-01-31,122.43877410888672
2025-02-03,122.43877410888672
2025-02-04,120.7851333618164
2025-02-05,129.96978759765625
2025-02-06,131.49392700195312
2025-02-07,128.10696411132812
2025-02-10,131.58355712890625
2025-02-11,132.83876037597656
2025-02-12,130.66709899902344
2025-02-13,129.32228088378906
2025-02-14,128.90386962890625
2025-02-18,127.85791015625
2025-02-19,128.8441162109375
2025-02-20,129.4916229248047
2025-02-21,130.4479522705078
2025-02-24,133.5360565185547
2025-02-25,131.22494506835938
2025-02-26,130.8758087158203
2025-02-27,130.1475372314453
2025-02-28,128.8107452392578
2025-03-03,128.9204864501953
2025-03-04,131.50428771972656
2025-03-05,133.72894287109375
2025-03-06,136.46237182617188
2025-03-07,139.70460510253906
2025-03-10,140.09364318847656
2025-03-11,137.54978942871094
2025-03-12,135.7939910888672
2025-03-13,137.39015197753906
2025-03-14,138.37779235839844
2025-03-17,142.5577392578125
2025-03-18,141.53021240234375
2025-03-19,141.62997436523438
2025-03-20,142.9069061279297
2025-03-21,143.9543914794922
2025-03-24,144.20379638671875
2025-03-25,144.15391540527344
2025-03-26,144.84226989746094
2025-03-27,144.95201110839844
2025-03-28,143.90452575683594
2025-03-31,144.1738739013672
2025-04-01,145.32110595703125
2025-04-02,144.5230255126953
2025-04-03,144.50308227539062
2025-04-04,135.01585388183594
2025-04-07,134.29757690429688
2025-04-08,132.21258544921875
2025-04-09,136.2528839111328
2025-04-10,139.05616760253906
2025-04-11,142.58767700195312
2025-04-14,145.15151977539062
2025-04-15,145.26124572753906
2025-04-16,142.62757873535156
2025-04-17,145.26124572753906
2025-04-21,141.59005737304688
2025-04-22,145.5206298828125
2025-04-23,143.38575744628906
2025-04-24,145.83987426757812
2025-04-25,146.2489013671875
2025-04-28,146.36859130859375
2025-04-29,145.62039184570312
2025-04-30,144.74249267578125
2025-05-01,144.7524871826172
2025-05-02,150.7381134033203
2025-05-05,154.36940002441406
2025-05-06,154.1698760986328
2025-05-07,155.1275634765625
2025-05-08,155.28720092773438
2025-05-09,152.93284606933594
2025-05-12,148.91249084472656
2025-05-13,148.70298767089844
2025-05-14,146.8773651123047
2025-05-15,149.2117919921875
2025-05-16,151.1770477294922
2025-05-19,150.11959838867188
2025-05-20,151.55615234375
2025-05-21,150.13954162597656
2025-05-22,146.27882385253906
2025-05-23,146.53819274902344
2025-05-27,146.5581512451172
2025-05-28,146.7179718017578
2025-05-29,142.6824188232422
2025-05-30,143.6213836669922
2025-06-02,145.7190704345703
2025-06-03,146.07867431640625
2025-06-04,148.29623413085938
2025-06-05,147.7168731689453
2025-06-06,149.40501403808594
2025-06-09,146.75791931152344
2025-06-10,146.99766540527344
2025-06-11,147.51707458496094
2025-06-12,149.8844757080078
2025-06-13,148.31619262695312
2025-06-16,150.93331909179688
2025-06-17,150.16416931152344
2025-06-18,150.8334197998047
2025-06-20,150.39390563964844
2025-06-23,154.2396697998047
2025-06-24,157.7757568359375
2025-06-25,157.64590454101562
2025-06-26,157.55599975585938
2025-06-27,157.5659942626953
2025-06-30,159.52381896972656
2025-07-01,158.884521484375
2025-07-02,156.8567657470703
2025-07-03,155.19859313964844
2025-07-07,153.36062622070312
2025-07-08,152.47161865234375
2025-07-09,152.51156616210938
2025-07-10,151.13308715820312
2025-07-11,148.52597045898438
2025-07-14,148.6658172607422
2025-07-15,148.575927734375
2025-07-16,149.18524169921875
2025-07-17,149.6647186279297
2025-07-18,149.9444122314453
2025-07-21,153.2207794189453
2025-07-22,156.84678649902344
2025-07-23,153.56040954589844
2025-07-24,152.47161865234375
2025-07-25,151.51266479492188
2025-07-28,151.8223419189453
2025-07-29,147.626953125
2025-07-30,156.08761596679688
2025-07-31,152.32177734375
2025-08-01,156.90672302246094
2025-08-04,159.59375
2025-08-05,160.81240844726562
2025-08-06,162.8201904296875
2025-08-07,162.57046508789062
2025-08-08,167.45506286621094
2025-08-11,175.9157257080078
2025-08-12,177.7137451171875
2025-08-13,178.20318603515625
2025-08-14,178.81251525878906
2025-08-15,174.47731018066406
2025-08-18,168.973388671875
2025-08-19,170.49169921875
2025-08-20,171.1409912109375
2025-08-21,171.36074829101562
2025-08-22,171.21090698242188
2025-08-25,172.5694122314453
2025-08-26,172.0399932861328
2025-08-27,172.60000610351562
2025-08-28,170.99000549316406
2025-08-29,171.9499969482422
2025-09-02,171.4499969482422
2025-09-03,167.86000061035156
2025-09-04,168.02999877929688
2025-09-05,168.6199951171875
2025-09-08,168.05999755859375
2025-09-09,166.0399932861328
2025-09-10,170.27000427246094
2025-09-11,169.88999938964844
2025-09-12,172.3800048828125
2025-09-15,171.77000427246094
2025-09-16,172.0800018310547
2025-09-17,173.58999633789062
2025-09-18,173.1699981689453
2025-09-19,173.08999633789062
2025-09-22,173.4199981689453
2025-09-23,174.07000732421875
2025-09-24,167.35000610351562
2025-09-25,168.32000732421875
2025-09-26,193.35000610351562
2025-09-29,202.0500030517578
2025-09-30,201.6999969482422
2025-10-01,201.6300048828125
2025-10-02,201.0
2025-10-03,200.69000244140625
2025-10-06,200.4600067138672
2025-10-07,200.02000427246094
2025-10-08,200.00999450683594
2025-10-09,200.0500030517578
2025-10-10,200.02000427246094
2025-10-13,200.2899932861328
2025-10-14,200.1999969482422
2025-10-15,200.75
2025-10-16,200.35000610351562
2025-10-17,200.3000030517578
2025-10-20,200.58999633789062
2025-10-21,200.5500030517578
2025-10-22,200.75
2025-10-23,200.6199951171875
2025-10-24,200.83999633789062
2025-10-27,200.5
2025-10-28,200.3000030517578
2025-10-29,200.1999969482422
2025-10-30,199.9199981689453
2025-10-31,200.05999755859375
2025-11-03,199.88999938964844
2025-11-04,200.77999877929688
2025-11-05,200.74000549316406
2025-11-06,200.3800048828125
2025-11-07,200.60000610351562
2025-11-10,201.39999389648438
2025-11-11,201.92999267578125
2025-11-12,202.0
2025-11-13,201.33999633789062
2025-11-14,201.05999755859375
