Date,EA,ATVI,UBSFY,NTDOY,^GSPC
2010-01-04,,17.647136688232422,6.103085994720459,,1132.989990234375
2010-01-05,,18.143003463745117,6.215667724609375,,1136.52001953125
2010-01-06,,17.67630386352539,6.5474853515625,,1137.1400146484375
2010-01-07,,17.540184020996094,6.758821964263916,,1141.68994140625
2010-01-08,,17.89021110534668,6.877329349517822,,1144.97998046875
2010-01-11,,17.763809204101562,6.8635029792785645,,1146.97998046875
2010-01-12,,16.383148193359375,6.991885185241699,,1136.219970703125
2010-01-13,,16.694284439086914,7.011636257171631,,1145.6800537109375
2010-01-14,,16.704011917114258,6.942507266998291,,1148.4599609375
2010-01-15,,16.55816650390625,6.877329349517822,,1136.030029296875
2010-01-19,,16.694284439086914,7.029412269592285,,1150.22998046875
2010-01-20,,16.73317527770996,6.958308219909668,2.683384656906128,1138.0400390625
2010-01-21,,16.898469924926758,6.906955242156982,2.683384656906128,1116.47998046875
2010-01-22,,16.30537223815918,6.906955242156982,2.683384656906128,1091.760009765625
2010-01-25,,16.363704681396484,7.035337448120117,2.683384656906128,1096.780029296875
2010-01-26,,16.276199340820312,6.972134113311768,2.792707681655884,1092.1700439453125
2010-01-27,,16.655393600463867,7.092616081237793,2.733077049255371,1097.5
2010-01-28,,16.30537223815918,7.2091474533081055,2.733077049255371,1084.530029296875
2010-01-29,,15.828943252563477,6.893129825592041,2.733077049255371,1073.8699951171875
2010-02-01,,16.276199340820312,7.011636257171631,2.733077049255371,1089.18994140625
2010-02-02,,16.597061157226562,6.934606552124023,2.8821539878845215,1103.3199462890625
2010-02-03,,16.791519165039062,6.8141255378723145,2.9318463802337646,1097.280029296875
2010-02-04,,16.50954818725586,6.822025775909424,2.9318463802337646,1063.1099853515625
2010-02-05,,16.78179168701172,6.675868034362793,2.733077049255371,1066.18994140625
2010-02-08,,17.005413055419922,6.656116008758545,2.733077049255371,1056.739990234375
2010-02-09,,15.51780891418457,6.650191307067871,2.733077049255371,1070.52001953125
2010-02-10,,15.498364448547363,6.671917915344238,2.633692502975464,1068.1300048828125
2010-02-11,,15.673379898071289,6.725245475769043,2.5343077182769775,1078.469970703125
2010-02-12,,15.61503791809082,6.812150001525879,2.5343077182769775,1075.510009765625
2010-02-16,,15.858113288879395,6.743021488189697,2.554184675216675,1094.8699951171875
2010-02-17,,16.169246673583984,6.713394641876221,2.554184675216675,1099.510009765625
2010-02-18,,16.130355834960938,6.665992259979248,2.554184675216675,1106.75
2010-02-19,,16.285921096801758,6.612664222717285,2.554184675216675,1109.1700439453125
2010-02-22,,16.130355834960938,6.596863269805908,2.554184675216675,1108.010009765625
2010-02-23,,15.858113288879395,6.6422905921936035,2.554184675216675,1094.5999755859375
2010-02-24,,16.062294006347656,6.673892498016357,2.554184675216675,1105.239990234375
2010-02-25,,16.101186752319336,6.646240711212158,2.554184675216675,1102.93994140625
2010-02-26,,16.12063217163086,6.689693927764893,2.554184675216675,1104.489990234375
2010-03-01,,16.402599334716797,6.936582088470459,2.554184675216675,1115.7099609375
2010-03-02,,16.276199340820312,7.13804292678833,2.3752925395965576,1118.31005859375
2010-03-03,,16.34425926208496,7.323703289031982,2.395169258117676,1118.7900390625
2010-03-04,,16.353984832763672,7.357280254364014,2.395169258117676,1122.969970703125
2010-03-05,,16.645673751831055,7.305927276611328,2.5343077182769775,1138.699951171875
2010-03-08,,16.80124282836914,7.396782398223877,2.5343077182769775,1138.5
2010-03-09,,17.092927932739258,7.43628454208374,2.5343077182769775,1140.449951171875
2010-03-10,,17.39434051513672,7.503438472747803,2.494553804397583,1145.6099853515625
2010-03-11,,17.404062271118164,7.61009407043457,2.494553804397583,1150.239990234375
2010-03-12,,17.277660369873047,7.535039901733398,2.5343077182769775,1149.989990234375
2010-03-15,,17.374893188476562,7.363205432891846,2.5343077182769775,1150.510009765625
2010-03-16,,17.423507690429688,7.327653408050537,2.5343077182769775,1159.4599609375
2010-03-17,,17.637407302856445,7.503438472747803,2.4846153259277344,1166.2099609375
2010-03-18,,18.016611099243164,7.426408767700195,2.5343077182769775,1165.8299560546875
2010-03-19,,17.909652709960938,7.495538234710693,2.683384656906128,1159.9000244140625
2010-03-22,,18.045772552490234,7.580467700958252,2.782769203186035,1165.81005859375
2010-03-23,,18.006881713867188,7.930061340332031,2.683384656906128,1174.1700439453125
2010-03-24,,18.016611099243164,8.216452598571777,2.6237540245056152,1167.719970703125
2010-03-25,,18.045772552490234,8.516668319702148,2.6237540245056152,1165.72998046875
2010-03-26,,18.327741622924805,8.350759506225586,2.6237540245056152,1166.5899658203125
2010-03-29,,18.162446975708008,8.271756172180176,2.7728307247161865,1173.219970703125
2010-03-30,,18.269405364990234,8.408038139343262,2.633692502975464,1173.27001953125
2010-03-31,,18.143003463745117,8.226327896118164,2.633692502975464,1169.4300537109375
2010-04-01,,18.318012237548828,8.41396427154541,2.633692502975464,1178.0999755859375
2010-04-05,,18.570816040039062,8.54234504699707,2.633692502975464,1187.43994140625
2010-04-06,,18.58053970336914,8.575922012329102,2.8324615955352783,1189.43994140625
2010-04-07,,18.648597717285156,8.267805099487305,2.8324615955352783,1182.449951171875
2010-04-08,,18.6583194732666,8.097946166992188,2.792707681655884,1186.43994140625
2010-04-09,,18.823612213134766,8.076220512390137,2.921907901763916,1194.3699951171875
2010-04-12,,18.862503051757812,8.350759506225586,2.921907901763916,1196.47998046875
2010-04-13,,18.78471565246582,8.32508373260498,2.9318463802337646,1197.300048828125
2010-04-14,,19.19308090209961,8.477166175842285,2.9318463802337646,1210.6500244140625
2010-04-15,,18.91111183166504,8.374460220336914,2.9318463802337646,1211.6700439453125
2010-04-16,,19.027790069580078,8.236204147338867,2.9616615772247314,1192.1300048828125
2010-04-19,,19.163911819458008,8.283605575561523,2.9616615772247314,1197.52001953125
2010-04-20,,19.416706085205078,8.129548072814941,2.8523383140563965,1207.1700439453125
2010-04-21,,19.202804565429688,8.259905815124512,2.8523383140563965,1205.93994140625
2010-04-22,,19.290311813354492,8.141398429870605,2.733077049255371,1208.6700439453125
2010-04-23,,19.416706085205078,8.2421293258667,2.683384656906128,1217.280029296875
2010-04-26,,19.348644256591797,8.285581588745117,2.703261613845825,1212.050048828125
2010-04-27,,19.222251892089844,8.236204147338867,2.6734461784362793,1183.7099609375
2010-04-28,,19.08612823486328,8.196701049804688,2.6734461784362793,1191.3599853515625
2010-04-29,,19.25141716003418,8.287556648254395,2.6734461784362793,1206.780029296875
2010-04-30,,18.833330154418945,8.27570629119873,2.574061632156372,1186.68994140625
2010-05-03,,19.173633575439453,8.394211769104004,2.574061632156372,1202.260009765625
2010-05-04,,18.541641235351562,8.163124084472656,2.4249846935272217,1173.5999755859375
2010-05-05,,18.765270233154297,8.060419082641602,2.3752925395965576,1165.8699951171875
2010-05-06,,17.67630386352539,7.860933303833008,2.3752925395965576,1128.1500244140625
2010-05-07,,17.141538619995117,7.456035614013672,2.1864616870880127,1110.8800048828125
2010-05-10,,17.734642028808594,7.7029242515563965,2.1864616870880127,1159.72998046875
2010-05-11,,18.27912712097168,7.219022274017334,2.2460923194885254,1155.7900390625
2010-05-12,,17.219324111938477,7.2585248947143555,2.2460923194885254,1171.6700439453125
2010-05-13,,17.588796615600586,7.325678825378418,2.28584623336792,1157.43994140625
2010-05-14,,16.937362670898438,7.070889472961426,2.126830816268921,1135.6800537109375
2010-05-17,,17.26793670654297,7.0096611976623535,2.126830816268921,1136.93994140625
2010-05-18,,17.05403709411621,6.883254051208496,2.1367692947387695,1120.800048828125
2010-05-19,,16.645673751831055,7.19334602355957,1.9976308345794678,1115.050048828125
2010-05-20,,15.916454315185547,7.041262626647949,1.9578770399093628,1071.5899658203125
2010-05-21,,16.2373104095459,7.149893283843994,1.9380000829696655,1087.68994140625
2010-05-24,,15.828943252563477,7.1992716789245605,1.9380000829696655,1073.6500244140625
2010-05-25,,15.790051460266113,7.001760959625244,1.818738579750061,1074.030029296875
2010-05-26,,15.809501647949219,7.041262626647949,1.8386154174804688,1067.949951171875
2010-05-27,,16.256752014160156,7.228898048400879,1.8485538959503174,1103.06005859375
2010-05-28,,16.052574157714844,7.1992716789245605,1.8485538959503174,1089.4100341796875
2010-06-01,,15.644207000732422,7.307902812957764,1.9181231260299683,1070.7099609375
2010-06-02,,15.916454315185547,7.169645309448242,1.9081846475601196,1098.3800048828125
2010-06-03,,16.2664737701416,7.055088520050049,1.9081846475601196,1102.8299560546875
2010-06-04,,15.371965408325195,6.912880897521973,1.8386154174804688,1064.8800048828125
2010-06-07,,14.934432983398438,6.873378753662109,1.8684308528900146,1050.469970703125
2010-06-08,,15.060830116271973,6.816100120544434,1.7889230251312256,1062.0
2010-06-09,,14.788588523864746,6.543535232543945,1.7889230251312256,1055.68994140625
2010-06-10,,15.478919982910156,6.6482157707214355,1.7889230251312256,1086.8399658203125
2010-06-11,,15.867837905883789,6.5869879722595215,1.7889230251312256,1091.5999755859375
2010-06-14,,15.906733512878418,6.590938091278076,1.9081846475601196,1089.6300048828125
2010-06-15,,15.858113288879395,7.011636257171631,1.928061604499817,1115.22998046875
2010-06-16,,15.566426277160645,7.309877395629883,1.8883076906204224,1114.6099853515625
2010-06-17,,15.721992492675781,7.515288829803467,1.8883076906204224,1116.0400390625
2010-06-18,,15.585871696472168,7.75427770614624,1.8883076906204224,1117.510009765625
2010-06-21,,15.342795372009277,7.803654670715332,1.8386154174804688,1113.199951171875
2010-06-22,,14.895544052124023,7.60416841506958,1.7491692304611206,1095.31005859375
2010-06-23,,14.866375923156738,7.38690710067749,1.6398462057113647,1092.0400390625
2010-06-24,,14.623299598693848,7.367156028747559,1.6398462057113647,1073.68994140625
2010-06-25,,14.720529556274414,7.317777633666992,1.6497845649719238,1076.760009765625
2010-06-28,,14.671913146972656,7.189396381378174,1.6497845649719238,1074.5699462890625
2010-06-29,,14.244105339050293,7.147918224334717,1.5702769756317139,1041.239990234375
2010-06-30,,14.001031875610352,7.361230850219727,1.5702769756317139,1030.7099609375
2010-07-01,,13.932971000671387,7.44418478012085,1.5504000186920166,1027.3699951171875
2010-07-02,,14.195489883422852,7.454060077667236,1.5802154541015625,1022.5800170898438
2010-07-06,,14.030200958251953,7.456035614013672,1.6299077272415161,1028.06005859375
2010-07-07,,14.535794258117676,7.612069606781006,1.6299077272415161,1060.27001953125
2010-07-08,,14.351057052612305,7.5133137702941895,1.6299077272415161,1070.25
2010-07-09,,14.428842544555664,7.298027038574219,1.6299077272415161,1077.9599609375
2010-07-12,,14.399674415588379,7.122241973876953,1.6299077272415161,1078.75
2010-07-13,,14.720529556274414,7.377031326293945,1.8286770582199097,1095.3399658203125
2010-07-14,,14.953877449035645,7.2091474533081055,1.7889230251312256,1095.1700439453125
2010-07-15,,15.060830116271973,7.001760959625244,1.7889230251312256,1096.47998046875
2010-07-16,,14.380226135253906,6.865478515625,1.7889230251312256,1064.8800048828125
2010-07-19,,14.671913146972656,6.873378753662109,1.818738579750061,1071.25
2010-07-20,,14.934432983398438,6.885229587554932,1.818738579750061,1083.47998046875
2010-07-21,,14.458008766174316,6.800299644470215,1.818738579750061,1069.5899658203125
2010-07-22,,15.158062934875488,6.936582088470459,1.7889230251312256,1093.6700439453125
2010-07-23,,15.440028190612793,6.9820098876953125,1.7889230251312256,1102.6600341796875
2010-07-26,,15.935896873474121,6.954357624053955,1.8088001012802124,1115.010009765625
2010-07-27,,16.062294006347656,6.873378753662109,1.8088001012802124,1113.8399658203125
2010-07-28,,15.712268829345703,7.001760959625244,1.8088001012802124,1106.1300048828125
2010-07-29,,15.566426277160645,6.727220058441162,1.8883076906204224,1101.530029296875
2010-07-30,,15.488642692565918,6.954357624053955,1.8883076906204224,1101.5999755859375
2010-08-02,,16.0428524017334,6.997810363769531,1.8883076906204224,1125.8599853515625
2010-08-03,,15.731715202331543,6.893129825592041,1.8883076906204224,1120.4599609375
2010-08-04,,16.898469924926758,6.843751430511475,1.8883076906204224,1127.239990234375
2010-08-05,,16.752620697021484,6.855602264404297,1.9876923561096191,1125.81005859375
2010-08-06,,16.597061157226562,6.879303932189941,2.0075693130493164,1121.6400146484375
2010-08-09,,16.674835205078125,6.9504075050354,2.0075693130493164,1127.7900390625
2010-08-10,,16.247032165527344,6.910905838012695,2.0075693130493164,1121.06005859375
2010-08-11,,15.63448715209961,6.596863269805908,1.8883076906204224,1089.469970703125
2010-08-12,,15.32335376739502,6.44873046875,1.7789846658706665,1083.6099853515625
2010-08-13,,15.235848426818848,6.454655170440674,1.7789846658706665,1079.25
2010-08-16,,15.605316162109375,6.490207672119141,1.7789846658706665,1079.3800048828125
2010-08-17,,15.702545166015625,6.511933326721191,1.7789846658706665,1092.5400390625
2010-08-18,,15.877558708190918,6.764747619628906,1.7789846658706665,1094.1600341796875
2010-08-19,,15.624763488769531,6.786474227905273,1.7889230251312256,1075.6300048828125
2010-08-20,,15.352521896362305,6.748946666717529,1.7889230251312256,1071.68994140625
2010-08-23,,15.03166389465332,6.822025775909424,1.7889230251312256,1067.3599853515625
2010-08-24,,14.613576889038086,6.754871845245361,1.7889230251312256,1051.8699951171875
2010-08-25,,14.876093864440918,6.869428634643555,1.7889230251312256,1055.3299560546875
2010-08-26,,14.846927642822266,6.788449287414551,1.7889230251312256,1047.219970703125
2010-08-27,,15.119171142578125,6.8635029792785645,1.7889230251312256,1064.5899658203125
2010-08-30,,14.856650352478027,6.877329349517822,1.7889230251312256,1048.9200439453125
2010-08-31,,14.808034896850586,6.8635029792785645,1.7889230251312256,1049.3299560546875
2010-09-01,,15.663655281066895,6.9820098876953125,1.7889230251312256,1080.2900390625
2010-09-02,,15.906733512878418,6.885229587554932,1.7889230251312256,1090.0999755859375
2010-09-03,,16.003955841064453,6.843751430511475,1.7889230251312256,1104.510009765625
2010-09-07,,15.61503791809082,6.8141255378723145,1.7889230251312256,1091.8399658203125
2010-09-08,,15.799774169921875,6.8536272048950195,1.7889230251312256,1098.8699951171875
2010-09-09,,15.828943252563477,6.798324108123779,1.9081846475601196,1104.1800537109375
2010-09-10,,15.790051460266113,6.8042497634887695,1.9081846475601196,1109.550048828125
2010-09-13,,16.0720157623291,6.837826251983643,1.9081846475601196,1121.9000244140625
2010-09-14,,16.247032165527344,6.885229587554932,1.9380000829696655,1121.0999755859375
2010-09-15,,16.17896842956543,6.903005123138428,1.928061604499817,1125.0699462890625
2010-09-16,,15.926172256469727,6.831901550292969,1.8386154174804688,1124.6600341796875
2010-09-17,,15.809501647949219,6.660066604614258,1.8386154174804688,1125.5899658203125
2010-09-20,,15.89700698852539,6.8042497634887695,1.8883076906204224,1142.7099609375
2010-09-21,,15.838668823242188,6.827950954437256,1.8883076906204224,1139.780029296875
2010-09-22,,15.702545166015625,6.883254051208496,2.1864616870880127,1134.280029296875
2010-09-23,,15.712268829345703,6.8635029792785645,2.126830816268921,1124.8299560546875
2010-09-24,,16.003955841064453,7.104465961456299,2.1367692947387695,1148.6700439453125
2010-09-27,,16.11090850830078,6.903005123138428,2.1864616870880127,1142.1600341796875
2010-09-28,,16.09146499633789,7.120266914367676,2.1864616870880127,1147.699951171875
2010-09-29,,15.780329704284668,6.478356838226318,2.1864616870880127,1144.72998046875
2010-09-30,,15.994234085083008,6.162339210510254,2.1864616870880127,1141.199951171875
2010-10-01,,15.984509468078613,6.221592903137207,2.1864616870880127,1146.239990234375
2010-10-04,,16.4901065826416,6.235418319702148,2.1665847301483154,1137.030029296875
2010-10-05,,17.326276779174805,6.37960147857666,2.1665847301483154,1160.75
2010-10-06,,16.927637100219727,6.340099334716797,2.1665847301483154,1159.969970703125
2010-10-07,,17.092927932739258,6.346024513244629,2.2361538410186768,1158.06005859375
2010-10-08,,17.160985946655273,6.298621654510498,2.2361538410186768,1165.1500244140625
2010-10-11,,17.170705795288086,6.280846118927002,2.2361538410186768,1165.3199462890625
2010-10-12,,16.149797439575195,6.186040878295898,2.2361538410186768,1169.77001953125
2010-10-13,,16.295644760131836,6.19986629486084,2.2361538410186768,1178.0999755859375
2010-10-14,,16.062294006347656,6.300597190856934,2.28584623336792,1173.81005859375
2010-10-15,,15.51780891418457,6.261094570159912,2.28584623336792,1176.18994140625
2010-10-18,,15.333074569702148,6.403303146362305,2.2759077548980713,1184.7099609375
2010-10-19,,15.148338317871094,6.300597190856934,2.3454768657684326,1165.9000244140625
2010-10-20,,14.973325729370117,6.525759220123291,2.3454768657684326,1178.1700439453125
2010-10-21,,15.138616561889648,6.484282493591309,2.4249846935272217,1180.260009765625
2010-10-22,,15.177507400512695,6.507983684539795,2.4249846935272217,1183.0799560546875
2010-10-25,,15.18722915649414,6.541560173034668,2.4548001289367676,1185.6199951171875
2010-10-26,,15.371965408325195,6.567236423492432,2.4548001289367676,1185.6400146484375
2010-10-27,,15.352521896362305,6.4586052894592285,2.4548001289367676,1182.449951171875
2010-10-28,,15.196952819824219,6.478356838226318,2.5839998722076416,1183.780029296875
2010-10-29,,15.391410827636719,6.349974632263184,2.544246196746826,1183.260009765625
2010-11-01,,15.362241744995117,6.31047248840332,2.544246196746826,1184.3800048828125
2010-11-02,,15.751163482666016,6.270970344543457,2.544246196746826,1193.5699462890625
2010-11-03,,15.070555686950684,6.270970344543457,2.544246196746826,1197.9599609375
2010-11-04,,15.410861015319824,6.349974632263184,2.5839998722076416,1221.06005859375
2010-11-05,,15.88727855682373,6.389476776123047,2.733077049255371,1225.8499755859375
2010-11-08,,16.0720157623291,6.326273441314697,2.733077049255371,1223.25
2010-11-09,,15.88727855682373,6.221592903137207,2.733077049255371,1213.4000244140625
2010-11-10,,15.731715202331543,6.270970344543457,2.733077049255371,1218.7099609375
2010-11-11,,15.55670166015625,6.280846118927002,2.733077049255371,1213.5400390625
2010-11-12,,15.391410827636719,6.280846118927002,2.733077049255371,1199.2099609375
2010-11-15,,15.245566368103027,6.37960147857666,2.633692502975464,1197.75
2010-11-16,,14.963603973388672,6.340099334716797,2.633692502975464,1178.3399658203125
2010-11-17,,14.99277400970459,6.464530944824219,2.0771384239196777,1178.5899658203125
2010-11-18,,15.10944652557373,6.537610054016113,2.0870769023895264,1196.68994140625
2010-11-19,,14.924712181091309,6.588963031768799,2.0870769023895264,1199.72998046875
2010-11-22,,14.983049392700195,6.436879634857178,2.037384510040283,1197.8399658203125
2010-11-23,,14.438563346862793,6.369725704193115,2.037384510040283,1180.72998046875
2010-11-24,,14.564962387084961,6.395401954650879,1.9380000829696655,1198.3499755859375
2010-11-26,,14.409396171569824,6.320348262786865,1.9380000829696655,1189.4000244140625
2010-11-29,,14.594131469726562,6.438854694366455,1.9380000829696655,1187.760009765625
2010-11-30,,14.496902465820312,6.735121250152588,1.9380000829696655,1180.550048828125
2010-12-01,,14.63302230834961,6.903005123138428,1.9380000829696655,1206.0699462890625
2010-12-02,,14.662190437316895,6.912880897521973,1.9380000829696655,1221.530029296875
2010-12-03,,14.759420394897461,6.934606552124023,1.9380000829696655,1224.7099609375
2010-12-06,,15.002492904663086,7.068914413452148,2.037384510040283,1223.1199951171875
2010-12-07,,15.080277442932129,6.90103006362915,2.0075693130493164,1223.75
2010-12-08,,15.313630104064941,6.904980659484863,2.0870769023895264,1228.280029296875
2010-12-09,,15.313630104064941,7.011636257171631,2.0870769023895264,1233.0
2010-12-10,,15.38168716430664,6.938557147979736,2.1367692947387695,1240.4000244140625
2010-12-13,,15.32335376739502,7.051137924194336,2.0870769023895264,1240.4599609375
2010-12-14,,15.352521896362305,7.041262626647949,2.0870769023895264,1241.5899658203125
2010-12-15,,15.274734497070312,6.9780592918396,2.0870769023895264,1235.22998046875
2010-12-16,,15.430303573608398,7.061013698577881,1.9876923561096191,1242.8699951171875
2010-12-17,,15.469197273254395,6.991885185241699,1.898246169090271,1243.9100341796875
2010-12-20,,15.410861015319824,6.964233875274658,1.898246169090271,1247.0799560546875
2010-12-21,,15.488642692565918,7.195321083068848,1.9479385614395142,1254.5999755859375
2010-12-22,,15.537254333496094,7.2684006690979,1.9181231260299683,1258.8399658203125
2010-12-23,,15.498364448547363,7.234823703765869,2.0870769023895264,1256.77001953125
2010-12-27,,15.683103561401367,7.262475490570068,2.0870769023895264,1257.5400390625
2010-12-28,,15.702545166015625,7.246673583984375,1.9876923561096191,1258.510009765625
2010-12-29,,16.09146499633789,7.303952217102051,1.9876923561096191,1259.780029296875
2010-12-30,,16.159526824951172,7.140017986297607,1.9876923561096191,1257.8800048828125
2010-12-31,,15.926172256469727,7.175570011138916,2.097015380859375,1257.6400146484375
2011-01-03,,15.926172256469727,7.2486491203308105,2.146707773208618,1271.8699951171875
2011-01-04,,15.926172256469727,7.011636257171631,2.1665847301483154,1270.199951171875
2011-01-05,,15.828943252563477,6.833876132965088,2.1665847301483154,1276.56005859375
2011-01-06,,15.780329704284668,6.962258338928223,2.1069538593292236,1273.8499755859375
2011-01-07,,15.605316162109375,6.952382564544678,2.0771384239196777,1271.5
2011-01-10,,15.566426277160645,6.962258338928223,2.047322988510132,1269.75
2011-01-11,,15.55670166015625,7.157793998718262,2.047322988510132,1274.47998046875
2011-01-12,,15.585871696472168,7.051137924194336,2.0870769023895264,1285.9599609375
2011-01-13,,15.595598220825195,7.1301422119140625,2.1367692947387695,1283.760009765625
2011-01-14,,15.508088111877441,7.161744594573975,2.1367692947387695,1293.239990234375
2011-01-18,,15.55670166015625,7.294076919555664,2.1168925762176514,1295.02001953125
2011-01-19,,15.401134490966797,7.203221797943115,2.1864616870880127,1281.9200439453125
2011-01-20,,15.32335376739502,6.824000835418701,2.1864616870880127,1280.260009765625
2011-01-21,,14.710806846618652,6.743021488189697,2.1864616870880127,1283.3499755859375
2011-01-24,,14.866375923156738,6.788449287414551,2.156646251678467,1290.8399658203125
2011-01-25,,14.953877449035645,6.766723155975342,2.176523208618164,1291.1800537109375
2011-01-26,,14.914986610412598,6.725245475769043,2.2361538410186768,1296.6300048828125
2011-01-27,,14.662190437316895,6.744996070861816,2.28584623336792,1299.5400390625
2011-01-28,,14.5844087600708,6.577112197875977,2.28584623336792,1276.3399658203125
2011-01-31,,15.158062934875488,6.735121250152588,2.28584623336792,1286.1199951171875
2011-02-01,,15.18722915649414,6.910905838012695,2.28584623336792,1307.5899658203125
2011-02-02,,17.588796615600586,6.9820098876953125,2.395169258117676,1304.030029296875
2011-02-03,,17.608240127563477,6.991885185241699,2.395169258117676,1307.0999755859375
2011-02-04,,17.724918365478516,6.887204647064209,2.3852310180664062,1310.8699951171875
2011-02-07,,17.773530960083008,6.895104885101318,2.3752925395965576,1319.050048828125
2011-02-08,,17.792980194091797,6.9504075050354,2.3752925395965576,1324.5699462890625
2011-02-09,,17.530460357666016,6.962258338928223,2.3752925395965576,1320.8800048828125
2011-02-10,,17.695749282836914,7.20124626159668,2.3752925395965576,1321.8699951171875
2011-02-11,,17.70547103881836,7.189396381378174,2.3752925395965576,1329.1500244140625
2011-02-14,,17.89021110534668,7.181495666503906,2.3752925395965576,1332.3199462890625
2011-02-15,,18.016611099243164,7.230873107910156,2.3752925395965576,1328.010009765625
2011-02-16,,18.405519485473633,7.548865795135498,2.3752925395965576,1336.3199462890625
2011-02-17,,18.823612213134766,7.57454252243042,2.3752925395965576,1340.4300537109375
2011-02-18,,18.745830535888672,7.55479097366333,2.3752925395965576,1343.010009765625
2011-02-22,,18.34718894958496,7.327653408050537,2.3752925395965576,1315.43994140625
2011-02-23,,18.337461471557617,7.2486491203308105,2.1367692947387695,1307.4000244140625
2011-02-24,,18.27912712097168,7.303952217102051,2.1367692947387695,1306.0999755859375
2011-02-25,,18.648597717285156,7.562691688537598,2.1367692947387695,1319.8800048828125
2011-02-28,,18.27912712097168,7.238773345947266,2.1367692947387695,1327.219970703125
2011-03-01,,17.89021110534668,7.266425132751465,2.1367692947387695,1306.3299560546875
2011-03-02,,18.191617965698242,7.049162864685059,2.067199945449829,1308.43994140625
2011-03-03,,18.434690475463867,7.031386852264404,2.067199945449829,1330.969970703125
2011-03-04,,18.269405364990234,6.922756671905518,2.067199945449829,1321.1500244140625
2011-03-07,,17.938823699951172,6.8536272048950195,2.20633864402771,1310.1300048828125
2011-03-08,,18.230514526367188,6.887204647064209,2.20633864402771,1321.8199462890625
2011-03-09,,18.104110717773438,7.070889472961426,2.20633864402771,1320.02001953125
2011-03-10,,18.016611099243164,6.903005123138428,2.067199945449829,1295.1099853515625
2011-03-11,,18.026330947875977,6.824000835418701,2.0771384239196777,1304.280029296875
2011-03-14,,18.08466911315918,6.557360649108887,2.0771384239196777,1296.3900146484375
2011-03-15,,17.861032485961914,6.665992259979248,2.0771384239196777,1281.8699951171875
2011-03-16,,17.70547103881836,6.5810627937316895,1.9976308345794678,1256.8800048828125
2011-03-17,,18.152721405029297,6.583037376403809,1.9976308345794678,1273.719970703125
2011-03-18,,18.07494354248047,6.705494403839111,2.0274462699890137,1279.2099609375
2011-03-21,,18.41524887084961,6.8635029792785645,2.037384510040283,1298.3800048828125
2011-03-22,,18.298568725585938,6.8536272048950195,2.037384510040283,1293.77001953125
2011-03-23,,18.570816040039062,6.8635029792785645,2.037384510040283,1297.5400390625
2011-03-24,,19.290311813354492,6.833876132965088,2.037384510040283,1309.6600341796875
2011-03-25,,19.154190063476562,6.780548572540283,2.037384510040283,1313.800048828125
2011-03-28,,19.163911819458008,6.598838806152344,1.9876923561096191,1310.18994140625
2011-03-29,,19.115299224853516,6.5474853515625,1.9876923561096191,1319.43994140625
2011-03-30,,19.134746551513672,6.721295356750488,1.9876923561096191,1328.260009765625
2011-03-31,,18.988901138305664,6.6640167236328125,1.9876923561096191,1325.8299560546875
2011-04-01,,19.183359146118164,6.567236423492432,1.9876923561096191,1332.4100341796875
2011-04-04,,19.14447021484375,6.529709339141846,1.9876923561096191,1332.8699951171875
2011-04-05,,19.475046157836914,6.405277729034424,1.9876923561096191,1332.6300048828125
2011-04-06,,19.68895149230957,6.300597190856934,2.0075693130493164,1335.5400390625
2011-04-07,,19.68895149230957,6.041857719421387,1.9976308345794678,1333.510009765625
2011-04-08,,19.309757232666016,5.945077419281006,2.037384510040283,1328.1700439453125
2011-04-11,,19.30003547668457,6.138638019561768,2.037384510040283,1324.4599609375
2011-04-12,,19.19308090209961,6.112961769104004,2.037384510040283,1314.1600341796875
2011-04-13,,19.338926315307617,6.077409744262695,2.037384510040283,1314.4100341796875
2011-04-14,,19.397260665893555,6.06753396987915,2.037384510040283,1314.52001953125
2011-04-15,,19.572275161743164,6.1702399253845215,2.037384510040283,1319.6800537109375
2011-04-18,,19.319477081298828,5.984579563140869,2.037384510040283,1305.1400146484375
2011-04-19,,19.436159133911133,6.079385280609131,2.037384510040283,1312.6199951171875
2011-04-20,,19.932024002075195,6.079385280609131,2.0075693130493164,1330.3599853515625
2011-04-21,,19.84451675415039,6.075434684753418,2.0075693130493164,1337.3800048828125
2011-04-25,,19.970911026000977,5.838421821594238,2.0075693130493164,1335.25
2011-04-26,,19.669509887695312,6.093210697174072,2.0075693130493164,1347.239990234375
2011-04-27,,19.679229736328125,5.954953193664551,2.0075693130493164,1355.6600341796875
2011-04-28,,19.922300338745117,5.856197357177734,2.0075693130493164,1360.47998046875
2011-04-29,,19.620893478393555,5.883849620819092,2.0075693130493164,1363.6099853515625
2011-05-02,,19.737565994262695,6.051733016967773,2.047322988510132,1361.219970703125
2011-05-03,,19.601442337036133,6.069509029388428,1.9678153991699219,1356.6199951171875
2011-05-04,,19.36809539794922,6.06753396987915,1.9678153991699219,1347.3199462890625
2011-05-05,,21.079334259033203,6.053708553314209,1.9678153991699219,1335.0999755859375
2011-05-06,,21.14739227294922,6.053708553314209,1.9678153991699219,1340.199951171875
2011-05-09,,21.42936134338379,5.945077419281006,1.9678153991699219,1346.2900390625
2011-05-10,,22.129409790039062,5.875948429107666,1.9678153991699219,1357.1600341796875
2011-05-11,,21.983566284179688,5.712014675140381,1.8783692121505737,1342.0799560546875
2011-05-12,,22.24608612060547,5.633010387420654,1.8783692121505737,1348.6500244140625
2011-05-13,,23.043367385864258,5.506603717803955,1.8783692121505737,1337.77001953125
2011-05-16,,22.46971321105957,5.555980682373047,1.8783692121505737,1329.469970703125
2011-05-17,,22.732229232788086,5.617209434509277,1.8783692121505737,1328.97998046875
2011-05-18,,23.062808990478516,5.7159647941589355,1.8386154174804688,1340.6800537109375
2011-05-19,,23.121145248413086,5.603383541107178,1.8386154174804688,1343.5999755859375
2011-05-20,,22.985029220581055,5.563880920410156,1.8386154174804688,1333.27001953125
2011-05-23,,22.703065872192383,5.439449310302734,1.8386154174804688,1317.3699951171875
2011-05-24,,22.547494888305664,5.5480804443359375,1.7491692304611206,1316.280029296875
2011-05-25,,23.09197998046875,5.611284255981445,1.7491692304611206,1320.469970703125
2011-05-26,,22.91696548461914,5.6823883056640625,1.7491692304611206,1325.68994140625
2011-05-27,,23.237823486328125,5.658686637878418,1.7491692304611206,1331.0999755859375
2011-05-31,,23.73369598388672,5.708064556121826,1.7491692304611206,1345.199951171875
2011-06-01,,23.743419647216797,5.7159647941589355,1.7491692304611206,1314.550048828125
2011-06-02,,23.568403244018555,5.638935565948486,1.7491692304611206,1312.93994140625
2011-06-03,,23.364227294921875,5.589557647705078,1.9181231260299683,1300.1600341796875
2011-06-06,,23.140592575073242,5.5145039558410645,1.928061604499817,1286.1700439453125
2011-06-07,,22.703065872192383,5.563880920410156,2.1367692947387695,1284.93994140625
2011-06-08,,22.090513229370117,5.186635971069336,2.0572614669799805,1279.56005859375
2011-06-09,,22.459989547729492,5.006901264190674,2.0771384239196777,1289.0
2011-06-10,,22.178020477294922,4.995050430297852,2.0870769023895264,1270.97998046875
2011-06-13,,22.158580780029297,4.896295070648193,2.067199945449829,1271.8299560546875
2011-06-14,,22.557222366333008,5.016776084899902,2.0870769023895264,1287.8699951171875
2011-06-15,,22.090513229370117,4.872593402862549,2.0075693130493164,1265.4200439453125
2011-06-16,,21.798828125,4.793589115142822,2.0075693130493164,1267.6400146484375
2011-06-17,,21.62381362915039,4.692858695983887,1.9876923561096191,1271.5
2011-06-20,,21.740493774414062,4.692858695983887,1.9678153991699219,1278.3599853515625
2011-06-21,,22.051618576049805,4.842966556549072,1.9678153991699219,1295.52001953125
2011-06-22,,21.915502548217773,4.681007385253906,1.9678153991699219,1287.1400146484375
2011-06-23,,21.293230056762695,4.519049167633057,1.8684308528900146,1283.5
2011-06-24,,21.166839599609375,4.499298095703125,1.8684308528900146,1268.449951171875
2011-06-27,,21.108503341674805,4.463745594024658,1.8684308528900146,1280.0999755859375
2011-06-28,,21.92522621154785,4.619779586791992,1.8684308528900146,1296.6700439453125
2011-06-29,,22.95585823059082,4.651381015777588,1.8684308528900146,1307.4100341796875
2011-06-30,,22.946134567260742,4.602003574371338,1.9678153991699219,1320.6400146484375
2011-07-01,,23.51978874206543,4.572376728057861,1.9081846475601196,1339.6700439453125
2011-07-05,,23.646188735961914,4.688908100128174,2.0870769023895264,1337.8800048828125
2011-07-06,,23.67536163330078,4.829140663146973,2.037384510040283,1339.219970703125
2011-07-07,,24.142051696777344,4.90617036819458,2.037384510040283,1353.219970703125
2011-07-08,,24.3559627532959,5.004925727844238,2.037384510040283,1343.800048828125
2011-07-11,,23.71424674987793,4.90617036819458,2.037384510040283,1319.489990234375
2011-07-12,,23.500341415405273,4.868642807006836,1.858492374420166,1313.6400146484375
2011-07-13,,23.247547149658203,4.916046142578125,1.858492374420166,1317.719970703125
2011-07-14,,22.858627319335938,4.829140663146973,1.858492374420166,1308.8699951171875
2011-07-15,,22.946134567260742,4.71853494644165,1.818738579750061,1316.1400146484375
2011-07-18,,22.95585823059082,4.677057266235352,1.5802154541015625,1305.43994140625
2011-07-19,,23.432281494140625,4.641505241394043,1.6398462057113647,1326.72998046875
2011-07-20,,23.344776153564453,4.566451549530029,1.6398462057113647,1325.8399658203125
2011-07-21,,23.228099822998047,4.763962268829346,1.7094154357910156,1343.800048828125
2011-07-22,,23.26698875427246,4.686932563781738,1.898246169090271,1345.02001953125
2011-07-25,,23.403112411499023,4.602003574371338,1.898246169090271,1337.4300537109375
2011-07-26,,23.15031623840332,4.473621368408203,1.898246169090271,1331.93994140625
2011-07-27,,22.333593368530273,4.3788161277771,1.8286770582199097,1304.8900146484375
2011-07-28,,21.93494415283203,3.8415868282318115,1.7392308712005615,1300.6700439453125
2011-07-29,,21.633535385131836,3.9403421878814697,1.7392308712005615,1292.280029296875
2011-08-01,,21.34185028076172,3.8751633167266846,1.669661521911621,1286.93994140625
2011-08-02,,20.62235450744629,3.758631944656372,1.669661521911621,1254.050048828125
2011-08-03,,20.748746871948242,3.7724575996398926,1.669661521911621,1260.3399658203125
2011-08-04,,19.591720581054688,3.588772773742676,1.669661521911621,1200.0699462890625
2011-08-05,,19.445877075195312,3.811959743499756,1.669661521911621,1199.3800048828125
2011-08-08,,17.647136688232422,3.746781349182129,1.669661521911621,1119.4599609375
2011-08-09,,18.08466911315918,3.752706527709961,1.669661521911621,1172.530029296875
2011-08-10,,17.13181495666504,3.584822654724121,1.470892310142517,1120.760009765625
2011-08-11,,18.619428634643555,3.6796278953552246,1.470892310142517,1172.6400146484375
2011-08-12,,19.377819061279297,3.5295190811157227,1.5106462240219116,1178.81005859375
2011-08-15,,19.69867706298828,3.827760934829712,1.431138515472412,1204.489990234375
2011-08-16,,19.465320587158203,3.7507317066192627,1.431138515472412,1192.760009765625
2011-08-17,,19.358379364013672,3.861337661743164,1.431138515472412,1193.8900146484375
2011-08-18,,18.34718894958496,3.861337661743164,1.431138515472412,1140.6500244140625
2011-08-19,,18.774993896484375,3.9502174854278564,1.431138515472412,1123.530029296875
2011-08-22,,19.056962966918945,3.8692378997802734,1.341692328453064,1123.8199462890625
2011-08-23,,19.747289657592773,4.280060768127441,1.2919999361038208,1162.3499755859375
2011-08-24,,19.776460647583008,4.088474750518799,1.2919999361038208,1177.5999755859375
2011-08-25,,19.834793090820312,4.039097785949707,1.2919999361038208,1159.27001953125
2011-08-26,,20.90431785583496,4.070699214935303,1.2919999361038208,1176.800048828125
2011-08-29,,21.662710189819336,4.2050065994262695,1.2919999361038208,1210.0799560546875
2011-08-30,,21.93494415283203,4.147728443145752,1.2919999361038208,1212.9200439453125
2011-08-31,,21.95440101623535,4.341289043426514,1.2919999361038208,1218.8900146484375
2011-09-01,,21.351573944091797,4.246484279632568,1.2919999361038208,1204.4200439453125
2011-09-02,,21.38074493408203,4.230682849884033,1.2919999361038208,1173.969970703125
2011-09-06,,21.28351402282715,4.092425346374512,1.1926155090332031,1165.239990234375
2011-09-07,,21.92522621154785,4.2642598152160645,1.1926155090332031,1198.6199951171875
2011-09-08,,21.46824836730957,4.272160530090332,1.1926155090332031,1185.9000244140625
2011-09-09,,20.768199920654297,4.108226299285889,1.14292311668396,1154.22998046875
2011-09-12,,21.45852279663086,4.157603740692139,1.073353886604309,1162.27001953125
2011-09-13,,21.497419357299805,3.9778687953948975,1.0634154081344604,1172.8699951171875
2011-09-14,,22.051618576049805,3.969968557357788,1.0634154081344604,1188.6800537109375
2011-09-15,,22.333593368530273,3.8317112922668457,1.0634154081344604,1209.1099853515625
2011-09-16,,22.37247657775879,3.790233850479126,1.0832923650741577,1216.010009765625
2011-09-19,,22.236358642578125,3.7724575996398926,1.0832923650741577,1204.0899658203125
2011-09-20,,22.275253295898438,3.7507317066192627,1.0832923650741577,1202.0899658203125
2011-09-21,,21.34185028076172,3.768507480621338,1.0534769296646118,1166.760009765625
2011-09-22,,20.184823989868164,3.742831230163574,0.9938461780548096,1129.56005859375
2011-09-23,,20.661239624023438,3.7862837314605713,0.9938461780548096,1136.4300537109375
2011-09-26,,21.157121658325195,3.8751633167266846,0.9839076995849609,1162.949951171875
2011-09-27,,21.312681198120117,3.7507317066192627,1.0932308435440063,1175.3800048828125
2011-09-28,,20.427894592285156,3.525568962097168,1.0932308435440063,1151.06005859375
2011-09-29,,20.048704147338867,3.6361751556396484,1.0634154081344604,1160.4000244140625
2011-09-30,,19.88340950012207,3.584822654724121,1.0634154081344604,1131.4200439453125
2011-10-03,,19.212528228759766,3.5828473567962646,0.9640308022499084,1099.22998046875
2011-10-04,,19.708398818969727,3.644075870513916,0.9938461780548096,1123.949951171875
2011-10-05,,20.37928009033203,3.8218352794647217,0.9938461780548096,1144.030029296875
2011-10-06,,21.93494415283203,3.849487066268921,1.0037846565246582,1164.969970703125
2011-10-07,,21.759937286376953,3.7329556941986084,1.0037846565246582,1155.4599609375
2011-10-10,,22.936412811279297,3.8415868282318115,1.0037846565246582,1194.8900146484375
2011-10-11,,22.858627319335938,3.7823333740234375,1.0832923650741577,1195.5400390625
2011-10-12,,23.072534561157227,3.742831230163574,1.1627999544143677,1207.25
2011-10-13,,23.169763565063477,3.861337661743164,1.2124923467636108,1203.6600341796875
2011-10-14,,23.860090255737305,3.7922089099884033,1.2820615768432617,1224.5799560546875
2011-10-17,,23.169763565063477,3.861337661743164,1.2025538682937622,1200.8599853515625
2011-10-18,,23.83092498779297,3.87121319770813,1.2025538682937622,1225.3800048828125
2011-10-19,,22.9655818939209,3.817885160446167,1.2025538682937622,1209.8800048828125
2011-10-20,,22.761398315429688,3.7546818256378174,1.073353886604309,1215.3900146484375
2011-10-21,,22.926687240600586,3.8297359943389893,1.073353886604309,1238.25
2011-10-24,,24.24901008605957,3.8356614112854004,1.073353886604309,1254.18994140625
2011-10-25,,23.792030334472656,3.742831230163574,1.2124923467636108,1229.050048828125
2011-10-26,,23.71424674987793,3.5927228927612305,1.2124923467636108,1242.0
2011-10-27,,23.821203231811523,3.535444736480713,1.3019384145736694,1284.5899658203125
2011-10-28,,23.432281494140625,3.800109386444092,1.2820615768432617,1285.0899658203125
2011-10-31,,22.703065872192383,3.7329556941986084,1.2820615768432617,1253.300048828125
2011-11-01,,21.83772087097168,3.6638267040252686,1.2820615768432617,1218.280029296875
2011-11-02,,22.82946014404297,3.6737022399902344,1.1627999544143677,1237.9000244140625
2011-11-03,,23.70452117919922,3.6954286098480225,1.1826770305633545,1261.1500244140625
2011-11-04,,24.501806259155273,3.7171545028686523,1.152861475944519,1253.22998046875
2011-11-07,,23.81147575378418,3.806034803390503,1.152861475944519,1261.1199951171875
2011-11-08,,23.568403244018555,3.8949146270751953,1.2423076629638672,1275.9200439453125
2011-11-09,,22.391929626464844,3.811959743499756,1.232369303703308,1229.0999755859375
2011-11-10,,22.91696548461914,3.9442923069000244,1.232369303703308,1239.699951171875
2011-11-11,,23.237823486328125,3.9936699867248535,1.232369303703308,1263.8499755859375
2011-11-14,,23.09197998046875,3.958117961883545,1.232369303703308,1251.780029296875
2011-11-15,,23.15031623840332,3.845536947250366,1.3615692853927612,1257.81005859375
2011-11-16,,22.42109489440918,3.7388811111450195,1.3615692853927612,1236.9100341796875
2011-11-17,,21.70160484313965,3.6638267040252686,1.2919999361038208,1216.1300048828125
2011-11-18,,21.38074493408203,3.6855530738830566,1.3516308069229126,1215.6500244140625
2011-11-21,,21.03071403503418,3.6974036693573,1.3516308069229126,1192.97998046875
2011-11-22,,21.25434112548828,3.5867977142333984,1.3118770122528076,1188.0400390625
2011-11-23,,20.35983657836914,3.515693426132202,1.3118770122528076,1161.7900390625
2011-11-25,,20.252878189086914,3.5295190811157227,1.3118770122528076,1158.6700439453125
2011-11-28,,21.47797393798828,3.671727180480957,1.3615692853927612,1192.550048828125
2011-11-29,,21.089052200317383,3.6914782524108887,1.3615692853927612,1195.18994140625
2011-11-30,,22.547494888305664,3.7625820636749268,1.460953950881958,1246.9599609375
2011-12-01,,22.683616638183594,3.6104986667633057,1.470892310142517,1244.5799560546875
2011-12-02,,22.36275863647461,3.5235941410064697,1.470892310142517,1244.280029296875
2011-12-05,,22.10024070739746,3.541370153427124,1.4808307886123657,1257.0799560546875
2011-12-06,,22.508607864379883,3.5551958084106445,1.4808307886123657,1258.469970703125
2011-12-07,,21.96412467956543,3.557170867919922,1.4212000370025635,1261.010009765625
2011-12-08,,20.89459228515625,3.4465649127960205,1.3913846015930176,1234.3499755859375
2011-12-09,,21.38074493408203,3.4643406867980957,1.3913846015930176,1255.18994140625
2011-12-12,,21.079334259033203,3.466315746307373,1.3913846015930176,1236.469970703125
2011-12-13,,20.282052993774414,3.515693426132202,1.3913846015930176,1225.72998046875
2011-12-14,,19.776460647583008,3.482116937637329,1.3913846015930176,1211.8199462890625
2011-12-15,,20.340389251708984,3.442614793777466,1.3913846015930176,1215.75
2011-12-16,,19.669509887695312,3.4327392578125,1.3913846015930176,1219.6600341796875
2011-12-19,,19.30003547668457,3.330033302307129,1.2423076629638672,1205.3499755859375
2011-12-20,,20.000085830688477,3.361635208129883,1.2423076629638672,1241.300048828125
2011-12-21,,19.737565994262695,3.326083183288574,1.2423076629638672,1243.719970703125
2011-12-22,,19.737565994262695,3.3971872329711914,1.2423076629638672,1254.0
2011-12-23,,20.136207580566406,3.395211935043335,1.2423076629638672,1265.3299560546875
2011-12-27,,20.427894592285156,3.3715107440948486,1.2423076629638672,1265.4300537109375
2011-12-28,,19.970911026000977,3.2944815158843994,1.2124923467636108,1249.6400146484375
2011-12-29,,20.282052993774414,3.3478095531463623,1.2522461414337158,1263.02001953125
2011-12-30,,20.029253005981445,3.345834255218506,1.2522461414337158,1257.5999755859375
2012-01-03,,20.70985984802246,3.4584155082702637,1.2919999361038208,1277.06005859375
2012-01-04,,19.72784996032715,3.531494617462158,1.2919999361038208,1277.300048828125
2012-01-05,,19.96119499206543,3.45446515083313,1.3913846015930176,1281.06005859375
2012-01-06,,19.125017166137695,3.416938066482544,1.3913846015930176,1277.81005859375
2012-01-09,,18.881942749023438,3.438664674758911,1.3913846015930176,1280.699951171875
2012-01-10,,18.92083740234375,3.405087471008301,1.3913846015930176,1292.0799560546875
2012-01-11,,18.843055725097656,3.3971872329711914,1.341692328453064,1292.47998046875
2012-01-12,,18.96945571899414,3.3932371139526367,1.4013230800628662,1295.5
2012-01-13,,17.540184020996094,3.3102822303771973,1.4013230800628662,1289.0899658203125
2012-01-17,,17.248497009277344,3.3497843742370605,1.4013230800628662,1293.6700439453125
2012-01-18,,17.75408363342285,3.276705503463745,1.4410769939422607,1308.0400390625
2012-01-19,,17.05403709411621,3.3181827068328857,1.460953950881958,1314.5
2012-01-20,,17.433229446411133,3.450515031814575,1.460953950881958,1315.3800048828125
2012-01-23,,17.481842041015625,3.411012887954712,1.460953950881958,1316.0
2012-01-24,,17.442951202392578,3.4366893768310547,1.460953950881958,1314.6500244140625
2012-01-25,,17.540184020996094,3.4643406867980957,1.460953950881958,1326.06005859375
2012-01-26,,17.170705795288086,3.2352283000946045,1.5504000186920166,1318.4300537109375
2012-01-27,,17.637407302856445,3.3122575283050537,1.5504000186920166,1316.3299560546875
2012-01-30,,17.530460357666016,3.2846059799194336,1.5504000186920166,1313.010009765625
2012-01-31,,18.06521987915039,3.345834255218506,1.5702769756317139,1312.4100341796875
2012-02-01,,17.929100036621094,3.3379340171813965,1.6000924110412598,1324.0899658203125
2012-02-02,,19.027790069580078,3.369535446166992,1.540461540222168,1325.5400390625
2012-02-03,,18.706933975219727,3.3774359226226807,1.540461540222168,1344.9000244140625
2012-02-06,,18.47358512878418,3.3478095531463623,1.540461540222168,1344.3299560546875
2012-02-07,,17.97771644592285,3.405087471008301,1.540461540222168,1347.050048828125
2012-02-08,,17.734642028808594,3.4366893768310547,1.540461540222168,1349.9599609375
2012-02-09,,17.374893188476562,3.4840919971466064,1.540461540222168,1351.949951171875
2012-02-10,,16.937362670898438,3.4090375900268555,1.540461540222168,1342.6400146484375
2012-02-13,,17.005413055419922,3.4208884239196777,1.5603384971618652,1351.77001953125
2012-02-14,,17.170705795288086,3.3932371139526367,1.6000924110412598,1350.5
2012-02-15,,17.25821876525879,3.5235941410064697,1.6000924110412598,1343.22998046875
2012-02-16,,17.277660369873047,3.594698190689087,1.6000924110412598,1358.0400390625
2012-02-17,,16.985973358154297,3.62827467918396,1.6398462057113647,1361.22998046875
2012-02-21,,16.742902755737305,3.5492706298828125,1.6398462057113647,1362.2099609375
2012-02-22,,16.655393600463867,3.6322250366210938,1.6398462057113647,1357.6600341796875
2012-02-23,,16.713727951049805,3.796159267425537,1.729292392730713,1363.4599609375
2012-02-24,,16.460935592651367,3.833686113357544,1.6398462057113647,1365.739990234375
2012-02-27,,16.34425926208496,3.8633127212524414,1.6398462057113647,1367.5899658203125
2012-02-28,,16.247032165527344,3.784308433532715,1.6398462057113647,1372.1800537109375
2012-02-29,,15.88727855682373,3.65592622756958,1.689538598060608,1365.6800537109375
2012-03-01,,16.227588653564453,3.687528133392334,1.689538598060608,1374.0899658203125
2012-03-02,,16.31509017944336,3.569021463394165,1.689538598060608,1369.6300048828125
2012-03-05,,16.03312110900879,3.4742162227630615,1.689538598060608,1364.3299560546875
2012-03-06,,15.984509468078613,3.3853366374969482,1.689538598060608,1343.3599853515625
2012-03-07,,16.052574157714844,3.438664674758911,1.689538598060608,1352.6300048828125
2012-03-08,,16.917909622192383,3.4801414012908936,1.689538598060608,1365.9100341796875
2012-03-09,,16.78179168701172,3.5393950939178467,1.689538598060608,1370.8699951171875
2012-03-12,,16.37342643737793,3.4584155082702637,1.689538598060608,1371.0899658203125
2012-03-13,,16.80124282836914,3.466315746307373,1.689538598060608,1395.949951171875
2012-03-14,,16.0428524017334,3.569021463394165,1.6000924110412598,1394.280029296875
2012-03-15,,16.247032165527344,3.687528133392334,1.6000924110412598,1402.5999755859375
2012-03-16,,16.97624969482422,3.715179681777954,1.6796001195907593,1404.1700439453125
2012-03-19,,16.694284439086914,3.687528133392334,1.6796001195907593,1409.75
2012-03-20,,16.53872299194336,3.665801763534546,1.6796001195907593,1405.52001953125
2012-03-21,,16.451213836669922,3.6954286098480225,1.6796001195907593,1402.8900146484375
2012-03-22,,16.4901065826416,3.8257856369018555,1.6796001195907593,1392.780029296875
2012-03-23,,16.392873764038086,3.7724575996398926,1.4907692670822144,1397.1099853515625
2012-03-26,,16.52899742126465,3.730980634689331,1.4907692670822144,1416.510009765625
2012-03-27,,16.548442840576172,3.699378728866577,1.4907692670822144,1412.52001953125
2012-03-28,,16.324810028076172,3.7625820636749268,1.4907692670822144,1405.5400390625
2012-03-29,,16.03312110900879,3.7625820636749268,1.4907692670822144,1403.280029296875
2012-03-30,,16.03312110900879,3.7448062896728516,1.4907692670822144,1408.469970703125
2012-04-02,,16.247032165527344,3.7665321826934814,1.4907692670822144,1419.0400390625
2012-04-03,,16.18869972229004,3.6519761085510254,1.4907692670822144,1413.3800048828125
2012-04-04,,15.809501647949219,3.6104986667633057,1.4907692670822144,1398.9599609375
2012-04-05,,15.819222450256348,3.681602716445923,1.4907692670822144,1398.0799560546875
2012-04-09,,15.459471702575684,3.6322250366210938,1.4907692670822144,1382.199951171875
2012-04-10,,15.119171142578125,3.606548547744751,1.4907692670822144,1358.5899658203125
2012-04-11,,15.449749946594238,3.6243245601654053,1.4907692670822144,1368.7099609375
2012-04-12,,16.062294006347656,3.6322250366210938,1.4907692670822144,1387.5699462890625
2012-04-13,,15.731715202331543,3.4781665802001953,1.4907692670822144,1370.260009765625
2012-04-16,,14.788588523864746,3.428788661956787,1.4907692670822144,1369.5699462890625
2012-04-17,,14.856650352478027,3.4564404487609863,1.4907692670822144,1390.780029296875
2012-04-18,,14.652470588684082,3.3754608631134033,1.2919999361038208,1385.1400146484375
2012-04-19,,14.351057052612305,3.3971872329711914,1.2919999361038208,1376.9200439453125
2012-04-20,,14.51634693145752,3.4248385429382324,1.2919999361038208,1378.530029296875
2012-04-23,,14.458008766174316,3.416938066482544,1.2919999361038208,1366.93994140625
2012-04-24,,14.467734336853027,3.3932371139526367,1.2919999361038208,1371.969970703125
2012-04-25,,14.594131469726562,3.401137351989746,1.2423076629638672,1390.68994140625
2012-04-26,,15.488642692565918,3.3754608631134033,1.2919999361038208,1399.97998046875
2012-04-27,,14.895544052124023,3.30830717086792,1.2919999361038208,1403.3599853515625
2012-04-30,,14.953877449035645,3.302381992340088,1.2919999361038208,1397.9100341796875
2012-05-01,,15.10944652557373,3.1937508583068848,1.2919999361038208,1405.8199462890625
2012-05-02,,15.430303573608398,3.177949905395508,1.2919999361038208,1402.31005859375
2012-05-03,,15.235848426818848,3.1423981189727783,1.2919999361038208,1391.5699462890625
2012-05-04,,14.701085090637207,3.1443731784820557,1.2999999523162842,1369.0999755859375
2012-05-07,,14.710806846618652,3.130547285079956,1.2999999523162842,1369.5799560546875
2012-05-08,,14.078814506530762,3.0574684143066406,1.2999999523162842,1363.719970703125
2012-05-09,,13.728787422180176,3.1048710346221924,1.2200000286102295,1354.5799560546875
2012-05-10,,14.302441596984863,3.1878256797790527,1.2200000286102295,1357.989990234375
2012-05-11,,14.16632080078125,2.9824142456054688,1.2200000286102295,1353.3900146484375
2012-05-14,,13.981587409973145,2.972538709640503,1.2200000286102295,1338.3499755859375
2012-05-15,,13.913524627685547,2.885633707046509,1.2200000286102295,1330.6600341796875
2012-05-16,,14.01075553894043,2.8678579330444336,1.2200000286102295,1324.800048828125
2012-05-17,,13.845465660095215,2.881683588027954,1.2200000286102295,1304.8599853515625
2012-05-18,,13.709343910217285,2.891559362411499,1.2200000286102295,1295.219970703125
2012-05-21,,13.981587409973145,2.859957456588745,1.2200000286102295,1315.989990234375
2012-05-22,,13.864912986755371,2.863907814025879,1.2200000286102295,1316.6300048828125
2012-05-23,,14.282997131347656,2.8145298957824707,1.2200000286102295,1318.8599853515625
2012-05-24,,13.826020240783691,2.7750277519226074,1.399999976158142,1320.6800537109375
2012-05-25,,13.826020240783691,2.7157745361328125,1.399999976158142,1317.8199462890625
2012-05-29,,13.981587409973145,2.838231325149536,1.399999976158142,1332.4200439453125
2012-05-30,,13.757957458496094,2.7651522159576416,1.1299999952316284,1313.3199462890625
2012-05-31,,13.242644309997559,2.8283557891845703,1.1299999952316284,1310.3299560546875
2012-06-01,,12.75649642944336,2.792804002761841,1.1299999952316284,1278.0400390625
2012-06-04,,12.707880973815918,2.84218168258667,1.1299999952316284,1278.1800537109375
2012-06-05,,12.775941848754883,2.9369866847991943,1.1299999952316284,1285.5
2012-06-06,,13.330146789550781,2.8678579330444336,1.1299999952316284,1315.1300048828125
2012-06-07,,13.048184394836426,2.761202096939087,1.5,1314.989990234375
2012-06-08,,13.096800804138184,2.7157745361328125,1.5,1325.6600341796875
2012-06-11,,12.46480655670166,2.6545462608337402,1.5,1308.9300537109375
2012-06-12,,12.435639381408691,2.717749834060669,1.5,1324.1800537109375
2012-06-13,,11.949492454528809,2.7770028114318848,1.5,1314.8800048828125
2012-06-14,,11.978659629821777,2.782928228378296,1.5,1329.0999755859375
2012-06-15,,12.095335006713867,2.794778823852539,1.5,1342.8399658203125
2012-06-18,,12.085613250732422,2.820455312728882,1.5,1344.780029296875
2012-06-19,,12.318964004516602,2.8718080520629883,1.5,1357.97998046875
2012-06-20,,12.309240341186523,2.869832992553711,1.5,1355.68994140625
2012-06-21,,11.667526245117188,2.8619325160980225,1.5,1325.510009765625
2012-06-22,,11.92032241821289,2.913285493850708,1.5,1335.02001953125
2012-06-25,,11.784201622009277,2.8303308486938477,1.5,1313.719970703125
2012-06-26,,11.638359069824219,2.820455312728882,1.5,1319.989990234375
2012-06-27,,11.774478912353516,2.8461318016052246,1.5,1331.8499755859375
2012-06-28,,11.560572624206543,2.8461318016052246,1.5,1329.0400390625
2012-06-29,,12.007830619812012,2.8678579330444336,1.5,1362.1600341796875
2012-07-02,,11.93976879119873,2.8718080520629883,1.5,1365.510009765625
2012-07-03,,12.241182327270508,2.929086208343506,1.5,1374.02001953125
2012-07-05,,12.04671859741211,2.950812578201294,1.5,1367.5799560546875
2012-07-06,,11.686971664428711,2.9271111488342285,1.5,1354.6800537109375
2012-07-09,,11.6091890335083,2.8876090049743652,1.5,1352.4599609375
2012-07-10,,11.26888656616211,2.8520572185516357,1.3899999856948853,1341.469970703125
2012-07-11,,11.356390953063965,2.8737833499908447,1.3899999856948853,1341.449951171875
2012-07-12,,11.26888656616211,2.822430372238159,1.3899999856948853,1334.760009765625
2012-07-13,,11.38555908203125,2.798729419708252,1.3899999856948853,1356.780029296875
2012-07-16,,11.21054744720459,2.788853406906128,1.3899999856948853,1353.6400146484375
2012-07-17,,11.045256614685059,2.7770028114318848,1.3899999856948853,1363.6700439453125
2012-07-18,,11.181379318237305,2.755276679992676,1.3899999856948853,1372.780029296875
2012-07-19,,11.930045127868652,2.7315754890441895,1.3899999856948853,1376.510009765625
2012-07-20,,11.648078918457031,2.6723222732543945,1.2999999523162842,1362.6600341796875
2012-07-23,,11.492514610290527,2.642695665359497,1.2999999523162842,1350.52001953125
2012-07-24,,11.220271110534668,2.583442211151123,1.2999999523162842,1338.31005859375
2012-07-25,,11.191102027893066,2.6071436405181885,1.2599999904632568,1337.8900146484375
2012-07-26,,10.646615028381348,2.6940484046936035,1.2599999904632568,1360.02001953125
2012-07-27,,11.093873023986816,2.7967541217803955,1.3300000429153442,1385.969970703125
2012-07-30,,10.91886043548584,2.7276253700256348,1.3300000429153442,1385.300048828125
2012-07-31,,10.714680671691895,2.7256500720977783,1.3300000429153442,1379.3199462890625
2012-08-01,,11.356390953063965,2.664421796798706,1.3300000429153442,1375.3199462890625
2012-08-02,,11.054984092712402,2.6624467372894287,1.3300000429153442,1365.0
2012-08-03,,11.638359069824219,2.638745069503784,1.3300000429153442,1390.989990234375
2012-08-06,,11.861984252929688,2.6229443550109863,1.3300000429153442,1394.22998046875
2012-08-07,,12.435639381408691,2.620969295501709,1.3300000429153442,1401.3499755859375
2012-08-08,,12.581483840942383,2.6110939979553223,1.3300000429153442,1402.219970703125
2012-08-09,,12.75649642944336,2.670346975326538,1.3300000429153442,1402.800048828125
2012-08-10,,12.717604637145996,2.692073345184326,1.3300000429153442,1405.8699951171875
2012-08-13,,12.513421058654785,2.7098491191864014,1.3300000429153442,1404.1099853515625
2012-08-14,,12.357855796813965,2.6189942359924316,1.3300000429153442,1403.9300537109375
2012-08-15,,12.727328300476074,2.615044116973877,1.3300000429153442,1405.530029296875
2012-08-16,,13.427377700805664,2.713799476623535,1.350000023841858,1415.510009765625
2012-08-17,,13.3884859085083,2.7157745361328125,1.350000023841858,1418.1600341796875
2012-08-20,,13.184303283691406,2.7098491191864014,1.350000023841858,1418.1300048828125
2012-08-21,,13.184303283691406,2.745401382446289,1.350000023841858,1413.1700439453125
2012-08-22,,13.067628860473633,2.7414510250091553,1.350000023841858,1413.489990234375
2012-08-23,,12.882893562316895,2.782928228378296,1.350000023841858,1402.0799560546875
2012-08-24,,12.960676193237305,2.7868783473968506,1.399999976158142,1411.1300048828125
2012-08-27,,12.571760177612305,2.80070424079895,1.399999976158142,1410.43994140625
2012-08-28,,12.474529266357422,2.798729419708252,1.399999976158142,1409.300048828125
2012-08-29,,12.493978500366211,2.8244054317474365,1.399999976158142,1410.489990234375
2012-08-30,,12.639819145202637,2.7770028114318848,1.399999976158142,1399.47998046875
2012-08-31,,12.960676193237305,2.751326560974121,1.399999976158142,1406.5799560546875
2012-09-04,,12.668991088867188,2.7434263229370117,1.399999976158142,1404.93994140625
2012-09-05,,12.775941848754883,2.7157745361328125,1.4900000095367432,1403.43994140625
2012-09-06,,13.252366065979004,2.7631773948669434,1.4900000095367432,1432.1199951171875
2012-09-07,,13.651006698608398,2.7276253700256348,1.5499999523162842,1437.9200439453125
2012-09-10,,13.456546783447266,2.7473764419555664,1.5499999523162842,1429.0799560546875
2012-09-11,,13.427377700805664,2.7651522159576416,1.5800000429153442,1433.56005859375
2012-09-12,,13.602392196655273,2.8441567420959473,1.4800000190734863,1436.56005859375
2012-09-13,,13.845465660095215,2.9646384716033936,1.4800000190734863,1459.989990234375
2012-09-14,,14.098259925842285,3.0495681762695312,1.4800000190734863,1465.77001953125
2012-09-17,,13.816296577453613,3.0298168659210205,1.4800000190734863,1461.18994140625
2012-09-18,,13.612114906311035,3.1858506202697754,1.7300000190734863,1459.3199462890625
2012-09-19,,13.54405403137207,3.162148952484131,1.7300000190734863,1461.050048828125
2012-09-20,,13.10651969909668,3.1009209156036377,1.7300000190734863,1460.260009765625
2012-09-21,,12.873169898986816,3.077219247817993,1.7300000190734863,1460.1500244140625
2012-09-24,,12.941232681274414,3.0791945457458496,1.7200000286102295,1456.8900146484375
2012-09-25,,12.32868766784668,3.1819000244140625,1.7200000286102295,1441.5899658203125
2012-09-26,,12.250903129577637,3.1542487144470215,1.7200000286102295,1433.3199462890625
2012-09-27,,12.425917625427246,3.173999786376953,1.7200000286102295,1447.1500244140625
2012-09-28,,12.338412284851074,3.13449764251709,1.7200000286102295,1440.6700439453125
2012-10-01,,12.007830619812012,3.1937508583068848,1.590000033378601,1444.489990234375
2012-10-02,,12.299517631530762,3.298431634902954,1.590000033378601,1445.75
2012-10-03,,12.493978500366211,3.442614793777466,1.590000033378601,1450.989990234375
2012-10-04,,12.668991088867188,3.4742162227630615,1.590000033378601,1461.4000244140625
2012-10-05,,12.591205596923828,3.482116937637329,1.590000033378601,1460.9300537109375
2012-10-08,,12.620373725891113,3.4564404487609863,1.590000033378601,1455.8800048828125
2012-10-09,,12.649542808532715,3.270780086517334,1.590000033378601,1441.47998046875
2012-10-10,,12.532867431640625,3.1977009773254395,1.5700000524520874,1432.56005859375
2012-10-11,,12.688435554504395,3.2293026447296143,1.6100000143051147,1432.8399658203125
2012-10-12,,13.038460731506348,3.2312779426574707,1.690000057220459,1428.5899658203125
2012-10-15,,13.310702323913574,3.28658127784729,1.690000057220459,1440.1300048828125
2012-10-16,,13.592670440673828,3.3557097911834717,1.7100000381469727,1454.9200439453125
2012-10-17,,13.4857177734375,3.298431634902954,1.7100000381469727,1460.9100341796875
2012-10-18,,13.446825981140137,3.2905313968658447,1.7100000381469727,1457.3399658203125
2012-10-19,,12.717604637145996,3.168074369430542,1.7100000381469727,1433.18994140625
2012-10-22,,12.688435554504395,3.2233774662017822,1.75,1433.8199462890625
2012-10-23,,12.416192054748535,3.1878256797790527,1.75,1413.1099853515625
2012-10-24,,12.075888633728027,3.053518295288086,1.75,1408.75
2012-10-25,,11.871709823608398,3.243128538131714,1.7000000476837158,1412.969970703125
2012-10-26,,11.580021858215332,3.1759748458862305,1.7000000476837158,1411.93994140625
2012-10-31,,12.007830619812012,3.18980073928833,1.7000000476837158,1412.1600341796875
2012-11-01,,12.639819145202637,3.18980073928833,1.9800000190734863,1427.5899658203125
2012-11-02,,12.630096435546875,3.108821153640747,1.9600000381469727,1414.199951171875
2012-11-05,,12.834280014038086,3.087095022201538,1.8300000429153442,1417.260009765625
2012-11-06,,13.378765106201172,3.0831446647644043,1.8300000429153442,1428.3900146484375
2012-11-07,,13.067628860473633,3.077219247817993,1.8300000429153442,1394.530029296875
2012-11-08,,12.552314758300781,3.0831446647644043,2.0199999809265137,1377.510009765625
2012-11-09,,12.532867431640625,3.0357420444488525,2.0199999809265137,1379.8499755859375
2012-11-12,,12.659268379211426,2.9527876377105713,1.899999976158142,1380.030029296875
2012-11-13,,12.620373725891113,3.0614185333251953,1.899999976158142,1374.530029296875
2012-11-14,,12.396748542785645,3.1285722255706787,1.899999976158142,1355.489990234375
2012-11-15,,12.688435554504395,3.1720244884490967,1.899999976158142,1353.3299560546875
2012-11-16,,12.688435554504395,3.227327585220337,1.850000023841858,1359.8800048828125
2012-11-19,,13.330146789550781,3.260904550552368,1.850000023841858,1386.8900146484375
2012-11-20,,13.47598934173584,3.093020439147949,1.850000023841858,1387.81005859375
2012-11-21,,13.58294677734375,3.077219247817993,1.850000023841858,1391.030029296875
2012-11-23,,13.971863746643066,3.1206719875335693,2.0,1409.1500244140625
2012-11-26,,14.195489883422852,3.0949954986572266,2.0,1406.2900390625
2012-11-27,,14.331613540649414,3.012040853500366,2.0,1398.93994140625
2012-11-28,,14.613576889038086,3.010065793991089,2.0,1409.9300537109375
2012-11-29,,14.613576889038086,3.0515429973602295,2.0,1415.949951171875
2012-11-30,,14.399674415588379,2.9824142456054688,2.0,1416.1800537109375
2012-12-03,,14.127429008483887,2.8935344219207764,2.0,1409.4599609375
2012-12-04,,14.039921760559082,2.9429121017456055,1.9199999570846558,1407.050048828125
2012-12-05,,14.224658966064453,2.9152605533599854,1.899999976158142,1409.280029296875
2012-12-06,,14.409396171569824,2.907360076904297,1.899999976158142,1413.93994140625
2012-12-07,,14.428842544555664,2.8935344219207764,1.899999976158142,1418.0699462890625
2012-12-10,,14.409396171569824,2.7631773948669434,1.899999976158142,1418.550048828125
2012-12-11,,14.730252265930176,2.636770248413086,2.0,1427.8399658203125
2012-12-12,,14.905266761779785,2.6940484046936035,2.130000114440918,1428.47998046875
2012-12-13,,14.827483177185059,2.6683719158172607,2.130000114440918,1419.449951171875
2012-12-14,,14.876093864440918,2.5735666751861572,2.0999999046325684,1413.5799560546875
2012-12-17,,14.99277400970459,2.6031932830810547,2.0999999046325684,1430.3599853515625
2012-12-18,,14.496902465820312,2.630844831466675,2.0999999046325684,1446.7900390625
2012-12-19,,14.001031875610352,2.6071436405181885,2.0999999046325684,1435.81005859375
2012-12-20,,13.553777694702148,2.5794920921325684,2.0799999237060547,1443.68994140625
2012-12-21,,13.505162239074707,2.5143134593963623,2.0999999046325684,1430.1500244140625
2012-12-24,,13.71906566619873,2.528139114379883,2.0999999046325684,1426.6600341796875
2012-12-26,,13.767679214477539,2.490612030029297,2.0999999046325684,1419.8299560546875
2012-12-27,,13.631561279296875,2.508388042449951,2.0999999046325684,1418.0999755859375
2012-12-28,,13.534331321716309,2.6071436405181885,2.0999999046325684,1402.4300537109375
2012-12-31,,14.117708206176758,2.6288697719573975,2.0999999046325684,1426.18994140625
2013-01-02,,14.146876335144043,2.6742970943450928,2.0999999046325684,1462.4200439453125
2013-01-03,,14.331613540649414,2.6683719158172607,2.0999999046325684,1459.3699951171875
2013-01-04,,14.467734336853027,2.589367389678955,2.0999999046325684,1466.469970703125
2013-01-07,,14.04964542388916,2.5202388763427734,2.0999999046325684,1461.8900146484375
2013-01-08,,13.3884859085083,2.447159767150879,1.9900000095367432,1457.1500244140625
2013-01-09,,13.320427894592285,2.3958072662353516,1.9900000095367432,1461.02001953125
2013-01-10,,13.612114906311035,2.3918566703796387,1.9900000095367432,1472.1199951171875
2013-01-11,,13.845465660095215,2.508388042449951,1.940000057220459,1472.050048828125
2013-01-14,,14.030200958251953,2.5301144123077393,1.9600000381469727,1470.6800537109375
2013-01-15,,14.205214500427246,2.5360395908355713,1.9600000381469727,1472.3399658203125
2013-01-16,,14.195489883422852,2.5518407821655273,1.9600000381469727,1472.6300048828125
2013-01-17,,14.107985496520996,2.6624467372894287,1.9600000381469727,1480.93994140625
2013-01-18,,14.059370040893555,2.5952930450439453,1.9600000381469727,1485.97998046875
2013-01-22,,14.030200958251953,2.512338399887085,1.9600000381469727,1492.56005859375
2013-01-23,,13.660728454589844,2.561716318130493,1.9600000381469727,1494.81005859375
2013-01-24,,13.864912986755371,2.5320892333984375,1.8700000047683716,1494.8199462890625
2013-01-25,,14.360779762268066,2.543940305709839,1.8700000047683716,1502.9599609375
2013-01-28,,14.623299598693848,2.6446707248687744,1.8700000047683716,1500.1800537109375
2013-01-29,,14.535794258117676,2.6071436405181885,1.899999976158142,1507.8399658203125
2013-01-30,,14.662190437316895,2.4135830402374268,1.899999976158142,1501.9599609375
2013-01-31,,15.294181823730469,2.4017322063446045,1.899999976158142,1498.1099853515625
2013-02-01,,15.741438865661621,2.378031015396118,1.909999966621399,1513.1700439453125
2013-02-04,,15.55670166015625,2.334578514099121,1.909999966621399,1495.7099609375
2013-02-05,,16.422040939331055,2.3266780376434326,1.909999966621399,1511.2900390625
2013-02-06,,16.412321090698242,2.316802501678467,1.940000057220459,1512.1199951171875
2013-02-07,,16.402599334716797,2.344454050064087,2.069999933242798,1509.3900146484375
2013-02-08,,16.888748168945312,2.3089022636413574,2.069999933242798,1517.9300537109375
2013-02-11,,16.927637100219727,2.3108773231506348,2.069999933242798,1517.010009765625
2013-02-12,,17.05403709411621,2.2871758937835693,2.069999933242798,1519.4300537109375
2013-02-13,,16.694284439086914,2.301001787185669,2.0999999046325684,1520.3299560546875
2013-02-14,,16.674835205078125,2.2773003578186035,2.0999999046325684,1521.3800048828125
2013-02-15,,16.499828338623047,2.2496490478515625,2.0899999141693115,1519.7900390625
2013-02-19,,17.102649688720703,2.291126012802124,2.0999999046325684,1530.93994140625
2013-02-20,,16.995698928833008,2.2832257747650146,2.0999999046325684,1511.949951171875
2013-02-21,,17.151260375976562,2.3247032165527344,2.0999999046325684,1502.4200439453125
2013-02-22,,17.316547393798828,2.3760557174682617,2.0999999046325684,1515.5999755859375
2013-02-25,,17.20960807800293,2.3701305389404297,2.0399999618530273,1487.8499755859375
2013-02-26,,17.19988250732422,2.419508218765259,2.049999952316284,1496.93994140625
2013-02-27,,17.61796760559082,2.409632921218872,2.049999952316284,1515.989990234375
2013-02-28,,17.0443172454834,2.381981134414673,2.200000047683716,1514.6800537109375
2013-03-01,,17.540184020996094,2.3958072662353516,2.2200000286102295,1518.199951171875
2013-03-04,,17.695749282836914,2.4353091716766357,2.200000047683716,1525.199951171875
2013-03-05,,17.997156143188477,2.45308518409729,2.200000047683716,1539.7900390625
2013-03-06,,18.104110717773438,2.415558099746704,2.200000047683716,1541.4599609375
2013-03-07,,18.191617965698242,2.5103633403778076,2.2699999809265137,1544.260009765625
2013-03-08,,18.06521987915039,2.692073345184326,2.190000057220459,1551.1800537109375
2013-03-11,,18.59998321533203,2.7631773948669434,2.200000047683716,1556.219970703125
2013-03-12,,18.716657638549805,2.6881227493286133,2.200000047683716,1552.47998046875
2013-03-13,,18.41524887084961,2.778977870941162,2.200000047683716,1554.52001953125
2013-03-14,,18.804162979125977,2.7039239406585693,2.200000047683716,1563.22998046875
2013-03-15,,18.35690689086914,2.7256500720977783,2.200000047683716,1560.699951171875
2013-03-18,,18.191617965698242,2.7473764419555664,2.200000047683716,1552.0999755859375
2013-03-19,,16.674835205078125,2.719724655151367,2.200000047683716,1548.3399658203125
2013-03-20,,16.859577178955078,2.735525608062744,2.190000057220459,1558.7099609375
2013-03-21,,17.20960807800293,2.7058990001678467,2.190000057220459,1545.800048828125
2013-03-22,,17.472116470336914,2.711824417114258,2.190000057220459,1556.8900146484375
2013-03-25,,17.0734806060791,2.6742970943450928,2.190000057220459,1551.68994140625
2013-03-26,,17.277660369873047,2.6663968563079834,2.119999885559082,1563.77001953125
2013-03-27,,17.297107696533203,2.6979987621307373,2.119999885559082,1562.8499755859375
2013-03-28,,17.20960807800293,2.6545462608337402,2.0999999046325684,1569.18994140625
2013-04-01,,17.423507690429688,2.5952930450439453,2.0999999046325684,1562.1700439453125
2013-04-02,,17.063758850097656,2.6031932830810547,2.0999999046325684,1570.25
2013-04-03,,16.762346267700195,2.5952930450439453,2.0999999046325684,1553.68994140625
2013-04-04,,16.772069931030273,2.6565213203430176,2.0999999046325684,1559.97998046875
2013-04-05,,16.86930274963379,2.6407203674316406,2.1500000953674316,1553.280029296875
2013-04-08,,16.791519165039062,2.69602370262146,2.1500000953674316,1563.0699462890625
2013-04-09,,16.966529846191406,2.6841726303100586,2.1500000953674316,1568.6099853515625
2013-04-10,,17.306827545166016,2.956737756729126,2.1500000953674316,1587.72998046875
2013-04-11,,17.141538619995117,2.89748477935791,2.1500000953674316,1593.3699951171875
2013-04-12,,17.092927932739258,2.826380491256714,2.190000057220459,1588.8499755859375
2013-04-15,,16.441486358642578,2.8579823970794678,2.190000057220459,1552.3599853515625
2013-04-16,,16.888748168945312,2.8876090049743652,2.0999999046325684,1574.5699462890625
2013-04-17,,16.53872299194336,2.8244054317474365,2.009999990463257,1552.010009765625
2013-04-18,,16.470659255981445,2.8560073375701904,1.940000057220459,1541.6099853515625
2013-04-19,,16.616500854492188,2.885633707046509,2.130000114440918,1555.25
2013-04-22,,16.80124282836914,2.8955094814300537,1.9700000286102295,1562.5
2013-04-23,,16.937362670898438,2.863907814025879,1.9700000286102295,1578.780029296875
2013-04-24,,17.306827545166016,2.8955094814300537,1.9700000286102295,1578.7900390625
2013-04-25,,17.442951202392578,2.8125550746917725,1.9700000286102295,1585.1600341796875
2013-04-26,,17.384614944458008,2.632819890975952,1.9700000286102295,1582.239990234375
2013-04-29,,17.277660369873047,2.652571201324463,2.25,1593.6099853515625
2013-04-30,,17.122095108032227,2.7157745361328125,2.25,1597.5699462890625
2013-05-01,,16.82068634033203,2.636770248413086,2.259999990463257,1582.699951171875
2013-05-02,,17.05403709411621,2.6940484046936035,2.259999990463257,1597.5899658203125
2013-05-03,,17.46239471435547,2.711824417114258,2.259999990463257,1614.4200439453125
2013-05-06,,17.78325843811035,2.707874298095703,2.259999990463257,1617.5
2013-05-07,,17.89992904663086,2.701948881149292,2.190000057220459,1625.9599609375
2013-05-08,,20.962656021118164,2.729600191116333,2.25,1632.68994140625
2013-05-09,,21.040437698364258,2.717749834060669,2.25,1626.6700439453125
2013-05-10,,21.857160568237305,2.6505961418151855,2.25,1633.699951171875
2013-05-13,,21.137664794921875,2.652571201324463,2.25,1633.77001953125
2013-05-14,,21.789108276367188,2.6663968563079834,2.25,1650.3399658203125
2013-05-15,,22.01273536682129,2.832305908203125,2.25,1658.780029296875
2013-05-16,,21.409914016723633,2.739475727081299,2.25,1650.469970703125
2013-05-17,,21.59464454650879,2.719724655151367,2.490000009536743,1667.469970703125
2013-05-20,,21.1862850189209,2.6940484046936035,2.490000009536743,1666.2900390625
2013-05-21,,21.361297607421875,2.7631773948669434,2.5,1669.1600341796875
2013-05-22,,21.14739227294922,2.664421796798706,2.5,1655.3499755859375
2013-05-23,,22.022459030151367,2.6170191764831543,2.5,1650.510009765625
2013-05-24,,22.13913345336914,2.5755417346954346,2.450000047683716,1649.5999755859375
2013-05-28,,22.615554809570312,2.492587089538574,2.5199999809265137,1660.06005859375
2013-05-29,,22.518325805664062,2.462960720062256,2.5199999809265137,1648.3599853515625
2013-05-30,,22.703065872192383,2.4827115535736084,2.630000114440918,1654.4100341796875
2013-05-31,,22.3530330657959,2.462960720062256,2.630000114440918,1630.739990234375
2013-06-03,,22.3530330657959,2.447159767150879,2.630000114440918,1640.4200439453125
2013-06-04,,22.090513229370117,2.4728360176086426,2.630000114440918,1631.3800048828125
2013-06-05,,22.24608612060547,2.3800060749053955,2.630000114440918,1608.9000244140625
2013-06-06,,22.635000228881836,2.338528633117676,2.75,1622.56005859375
2013-06-07,,22.95585823059082,2.421483278274536,2.700000047683716,1643.3800048828125
2013-06-10,,22.236358642578125,2.484686851501465,2.7799999713897705,1642.81005859375
2013-06-11,,21.973840713500977,2.4234583377838135,2.7100000381469727,1626.1300048828125
2013-06-12,,20.94321060180664,2.3918566703796387,2.759999990463257,1612.52001953125
2013-06-13,,20.89459228515625,2.4985127449035645,2.75,1636.3599853515625
2013-06-14,,21.205730438232422,2.462960720062256,2.75,1626.72998046875
2013-06-17,,21.808547973632812,2.6782474517822266,2.6700000762939453,1639.0400390625
2013-06-18,,22.391929626464844,2.7256500720977783,2.7300000190734863,1651.81005859375
2013-06-19,,22.20719337463379,2.804654359817505,2.809999942779541,1628.9300537109375
2013-06-20,,21.53630828857422,2.701948881149292,2.7200000286102295,1588.18994140625
2013-06-21,,21.371021270751953,2.755276679992676,2.549999952316284,1592.4300537109375
2013-06-24,,21.01127052307129,2.7434263229370117,2.549999952316284,1573.0899658203125
2013-06-25,,21.176559448242188,2.69602370262146,2.549999952316284,1588.030029296875
2013-06-26,,21.1862850189209,2.8026795387268066,2.640000104904175,1603.260009765625
2013-06-27,,21.59464454650879,2.7592267990112305,2.5999999046325684,1613.199951171875
2013-06-28,,22.3530330657959,2.89748477935791,2.559999942779541,1606.280029296875
2013-07-01,,22.53777313232422,2.9113101959228516,2.559999942779541,1614.9599609375
2013-07-02,,22.868356704711914,2.8303308486938477,2.619999885559082,1614.0799560546875
2013-07-03,,22.664169311523438,2.863907814025879,2.619999885559082,1615.4100341796875
2013-07-05,,23.169763565063477,2.931061267852783,2.619999885559082,1631.8900146484375
2013-07-08,,22.88780403137207,2.913285493850708,2.619999885559082,1640.4599609375
2013-07-09,,22.91696548461914,2.9587130546569824,2.619999885559082,1652.3199462890625
2013-07-10,,23.237823486328125,2.984389305114746,2.950000047683716,1652.6199951171875
2013-07-11,,23.597572326660156,3.0199413299560547,3.0299999713897705,1675.02001953125
2013-07-12,,23.646188735961914,2.9982151985168457,3.0299999713897705,1680.18994140625
2013-07-15,,23.51978874206543,3.0021653175354004,3.0299999713897705,1682.5
2013-07-16,,23.51978874206543,3.1206719875335693,3.0299999713897705,1676.260009765625
2013-07-17,,23.15031623840332,3.330033302307129,3.119999885559082,1680.9100341796875
2013-07-18,,23.49062156677246,3.2293026447296143,3.0799999237060547,1689.3699951171875
2013-07-19,,23.597572326660156,3.30830717086792,3.069999933242798,1692.0899658203125
2013-07-22,,23.344776153564453,3.444589614868164,3.0999999046325684,1695.530029296875
2013-07-23,,23.169763565063477,3.4327392578125,3.0999999046325684,1692.3900146484375
2013-07-24,,24.70598793029785,3.4268136024475098,3.0999999046325684,1685.93994140625
2013-07-25,,23.957319259643555,3.298431634902954,3.119999885559082,1690.25
2013-07-26,,25.104629516601562,3.258929491043091,3.119999885559082,1691.6500244140625
2013-07-29,,24.774044036865234,3.2075765132904053,3.0899999141693115,1685.3299560546875
2013-07-30,,25.347700119018555,3.2451038360595703,3.049999952316284,1685.9599609375
2013-07-31,,25.39632225036621,3.1206719875335693,3.0999999046325684,1685.72998046875
2013-08-01,,25.794958114624023,3.264854669570923,3.180000066757202,1706.8699951171875
2013-08-02,,25.83384895324707,3.2668299674987793,3.1700000762939453,1709.6700439453125
2013-08-05,,25.794958114624023,3.2451038360595703,3.1600000858306885,1707.1400146484375
2013-08-06,,25.70745277404785,3.351759672164917,3.180000066757202,1697.3699951171875
2013-08-07,,25.610219955444336,3.3063321113586426,3.059999942779541,1690.9100341796875
2013-08-08,,25.901906967163086,3.239178419113159,3.200000047683716,1697.47998046875
2013-08-09,,25.911632537841797,3.2135019302368164,3.240000009536743,1691.4200439453125
2013-08-12,,25.940799713134766,3.1423981189727783,3.2300000190734863,1689.469970703125
2013-08-13,,25.81439971923828,3.150298595428467,3.200000047683716,1694.1600341796875
2013-08-14,,25.92135238647461,3.1265969276428223,3.0899999141693115,1685.3900146484375
2013-08-15,,25.746339797973633,3.1127712726593018,3.1500000953674316,1661.3199462890625
2013-08-16,,26.144981384277344,3.0673439502716064,3.1500000953674316,1655.8299560546875
2013-08-19,,25.83384895324707,3.0949954986572266,3.1500000953674316,1646.06005859375
2013-08-20,,26.008865356445312,3.047592878341675,3.140000104904175,1652.3499755859375
2013-08-21,,25.92135238647461,3.0554933547973633,3.0999999046325684,1642.800048828125
2013-08-22,,27.010324478149414,3.0495681762695312,3.259999990463257,1656.9599609375
2013-08-23,,27.195058822631836,3.031791925430298,3.259999990463257,1663.5
2013-08-26,,27.08810806274414,3.0396926403045654,3.25,1656.780029296875
2013-08-27,,26.242212295532227,3.081169605255127,3.0999999046325684,1630.47998046875
2013-08-28,,26.37833595275879,3.04364275932312,3.049999952316284,1634.9599609375
2013-08-29,,26.80614471435547,2.98833966255188,3.049999952316284,1638.1700439453125
2013-08-30,,25.901906967163086,2.782928228378296,3.0,1632.969970703125
2013-09-03,,26.601961135864258,2.903409957885742,3.059999942779541,1639.77001953125
2013-09-04,,27.214508056640625,3.021916389465332,3.059999942779541,1653.0799560546875
2013-09-05,,26.91309356689453,2.9863643646240234,3.0,1655.0799560546875
2013-09-06,,26.01858901977539,2.8658828735351562,3.0799999237060547,1655.1700439453125
2013-09-09,,26.358888626098633,2.7256500720977783,3.0199999809265137,1671.7099609375
2013-09-10,,26.203323364257812,2.6663968563079834,3.0199999809265137,1683.989990234375
2013-09-11,,25.969968795776367,2.7098491191864014,3.140000104904175,1689.1300048828125
2013-09-12,,25.65884017944336,2.680222511291504,3.190000057220459,1683.4200439453125
2013-09-13,,25.93107795715332,2.676272392272949,3.059999942779541,1687.989990234375
2013-09-16,,26.21303939819336,2.7098491191864014,3.059999942779541,1697.5999755859375
2013-09-17,,26.83531379699707,2.7157745361328125,3.059999942779541,1704.760009765625
2013-09-18,,26.115819931030273,2.7691023349761963,3.059999942779541,1725.52001953125
2013-09-19,,26.23248863220215,2.77305269241333,3.200000047683716,1722.3399658203125
2013-09-20,,25.804677963256836,2.848107099533081,3.2100000381469727,1709.9100341796875
2013-09-23,,25.464374542236328,2.8579823970794678,3.1500000953674316,1701.8399658203125
2013-09-24,,25.81439971923828,2.875758171081543,3.059999942779541,1697.4200439453125
2013-09-25,,25.863018035888672,2.8836588859558105,3.069999933242798,1692.77001953125
2013-09-26,,25.425485610961914,2.8441567420959473,3.069999933242798,1698.6700439453125
2013-09-27,,25.231027603149414,2.8500819206237793,3.059999942779541,1691.75
2013-09-30,,24.84211540222168,2.788853406906128,3.140000104904175,1681.550048828125
2013-10-01,,25.688003540039062,2.8066296577453613,3.2100000381469727,1695.0
2013-10-02,,24.910167694091797,2.7276253700256348,3.200000047683716,1693.8699951171875
2013-10-03,,24.385129928588867,2.7315754890441895,3.0199999809265137,1678.6600341796875
2013-10-04,,25.04629135131836,2.7770028114318848,3.069999933242798,1690.5
2013-10-07,,24.55042266845703,2.7375006675720215,3.0399999618530273,1676.1199951171875
2013-10-08,,23.403112411499023,2.7335503101348877,3.009999990463257,1655.449951171875
2013-10-09,,23.480894088745117,2.7710776329040527,2.9000000953674316,1656.4000244140625
2013-10-10,,24.521251678466797,2.8579823970794678,2.9000000953674316,1692.56005859375
2013-10-11,,24.035106658935547,2.863907814025879,3.0,1703.199951171875
2013-10-14,,23.908708572387695,2.881683588027954,2.9800000190734863,1710.1400146484375
2013-10-15,,23.30588722229004,2.8086047172546387,2.9100000858306885,1698.06005859375
2013-10-16,,23.53923225402832,2.8579823970794678,2.3499999046325684,1721.5400390625
2013-10-17,,23.850366592407227,2.903409957885742,2.4200000762939453,1733.1500244140625
2013-10-18,,24.336517333984375,2.8797085285186768,2.440000057220459,1744.5
2013-10-21,,23.821203231811523,2.9172356128692627,2.4100000858306885,1744.6600341796875
2013-10-22,,24.53097915649414,2.89748477935791,2.4100000858306885,1754.6700439453125
2013-10-23,,23.928152084350586,2.875758171081543,2.4000000953674316,1746.3800048828125
2013-10-24,,24.054550170898438,2.9113101959228516,2.4700000286102295,1752.0699462890625
2013-10-25,,24.064271926879883,2.8678579330444336,2.430000066757202,1759.77001953125
2013-10-28,,24.142051696777344,2.8797085285186768,2.4200000762939453,1762.1099853515625
2013-10-29,,23.46144676208496,2.8876090049743652,2.4600000381469727,1771.949951171875
2013-10-30,,25.279638290405273,2.7750277519226074,2.509999990463257,1763.31005859375
2013-10-31,,25.522714614868164,2.767127513885498,2.5399999618530273,1756.5400390625
2013-11-01,,24.919891357421875,2.7710776329040527,2.5199999809265137,1761.6400146484375
2013-11-04,,25.017118453979492,2.7750277519226074,2.5399999618530273,1767.9300537109375
2013-11-05,,24.851835250854492,2.903409957885742,2.4700000286102295,1762.969970703125
2013-11-06,,25.02684211730957,2.9982151985168457,2.5199999809265137,1770.489990234375
2013-11-07,,24.628206253051758,2.938961982727051,2.509999990463257,1747.1500244140625
2013-11-08,,24.987957000732422,3.053518295288086,2.4700000286102295,1770.6099853515625
2013-11-11,,25.26991844177246,3.010065793991089,2.5399999618530273,1771.8900146484375
2013-11-12,,25.70745277404785,3.031791925430298,2.5399999618530273,1767.68994140625
2013-11-13,,25.688003540039062,3.1206719875335693,2.5399999618530273,1782.0
2013-11-14,,25.240747451782227,3.096970558166504,2.569999933242798,1790.6199951171875
2013-11-15,,23.393390655517578,3.2293026447296143,2.6500000953674316,1798.1800537109375
2013-11-18,,23.451732635498047,3.199676275253296,2.6600000858306885,1791.530029296875
2013-11-19,,22.673891067504883,3.2194273471832275,2.640000104904175,1787.8699951171875
2013-11-20,,22.36275863647461,3.217452049255371,2.609999895095825,1781.3699951171875
2013-11-21,,22.74195098876953,3.1819000244140625,2.559999942779541,1795.8499755859375
2013-11-22,,22.498884201049805,3.3181827068328857,2.5899999141693115,1804.760009765625
2013-11-25,,22.148853302001953,3.3280580043792725,2.5799999237060547,1802.47998046875
2013-11-26,,21.89605712890625,3.2510292530059814,2.609999895095825,1802.75
2013-11-27,,21.497419357299805,3.1878256797790527,2.609999895095825,1807.22998046875
2013-11-29,,21.55575942993164,3.1759748458862305,2.609999895095825,1805.81005859375
2013-12-02,,21.293230056762695,3.1641242504119873,2.6600000858306885,1800.9000244140625
2013-12-03,,20.94321060180664,3.0396926403045654,2.5199999809265137,1795.1500244140625
2013-12-04,,21.721046447753906,3.021916389465332,2.5799999237060547,1792.81005859375
2013-12-05,,20.427894592285156,3.0199413299560547,2.549999952316284,1785.030029296875
2013-12-06,,21.62381362915039,3.0554933547973633,2.619999885559082,1805.0899658203125
2013-12-09,,21.5752010345459,3.04364275932312,2.6500000953674316,1808.3699951171875
2013-12-10,,21.44880485534668,3.081169605255127,2.6700000762939453,1802.6199951171875
2013-12-11,,20.495956420898438,3.0179662704467773,2.609999895095825,1782.219970703125
2013-12-12,,20.38900375366211,3.033766984939575,2.619999885559082,1775.5
2013-12-13,,21.604366302490234,2.9922897815704346,2.5999999046325684,1775.3199462890625
2013-12-16,,21.44880485534668,3.015990972518921,2.5999999046325684,1786.5400390625
2013-12-17,,22.119686126708984,3.015990972518921,2.5,1781.0
2013-12-18,,22.22663688659668,3.13449764251709,2.5299999713897705,1810.6500244140625
2013-12-19,,22.7711181640625,3.2154769897460938,2.5999999046325684,1809.5999755859375
2013-12-20,,22.88780403137207,3.249053955078125,2.690000057220459,1818.3199462890625
2013-12-23,,23.198936462402344,3.2786803245544434,2.7300000190734863,1827.989990234375
2013-12-24,,23.169763565063477,3.2786803245544434,2.7300000190734863,1833.3199462890625
2013-12-26,,23.014198303222656,3.276705503463745,2.7300000190734863,1842.02001953125
2013-12-27,,22.528053283691406,3.3043570518493652,2.7300000190734863,1841.4000244140625
2013-12-30,,22.255809783935547,3.3063321113586426,2.7799999713897705,1841.0699462890625
2013-12-31,,22.304426193237305,3.2944815158843994,2.799999952316284,1848.3599853515625
2014-01-02,,22.197473526000977,3.2688050270080566,2.700000047683716,1831.97998046875
2014-01-03,,22.051618576049805,3.282630443572998,2.700000047683716,1831.3699951171875
2014-01-06,,21.90578269958496,3.3596599102020264,2.7699999809265137,1826.77001953125
2014-01-07,,22.459989547729492,3.3873116970062256,2.7200000286102295,1837.8800048828125
2014-01-08,,22.664169311523438,3.6855530738830566,2.890000104904175,1837.489990234375
2014-01-09,,22.119686126708984,3.6045737266540527,2.8499999046325684,1838.1300048828125
2014-01-10,,22.37247657775879,3.742831230163574,2.9100000858306885,1842.3699951171875
2014-01-13,,21.759937286376953,3.7349307537078857,2.9100000858306885,1819.199951171875
2014-01-14,,21.83772087097168,3.6855530738830566,2.7799999713897705,1838.8800048828125
2014-01-15,,21.322402954101562,3.5986483097076416,2.8299999237060547,1848.3800048828125
2014-01-16,,20.94321060180664,3.547295331954956,2.8399999141693115,1845.8900146484375
2014-01-17,,23.432281494140625,2.9429121017456055,2.819999933242798,1838.699951171875
2014-01-21,,23.646188735961914,3.168074369430542,2.819999933242798,1843.800048828125
2014-01-22,,23.500341415405273,3.298431634902954,2.880000114440918,1844.8599853515625
2014-01-23,,23.208654403686523,3.2312779426574707,2.9000000953674316,1828.4599609375
2014-01-24,,23.179487228393555,3.18980073928833,2.8499999046325684,1790.2900390625
2014-01-27,,23.792030334472656,3.179924964904785,2.75,1781.56005859375
2014-01-28,,24.180952072143555,3.0554933547973633,2.759999990463257,1792.5
2014-01-29,,24.521251678466797,3.205601692199707,2.7799999713897705,1774.199951171875
2014-01-30,,25.308809280395508,2.9745137691497803,2.700000047683716,1794.18994140625
2014-01-31,,25.668560028076172,2.8895843029022217,2.7300000190734863,1782.5899658203125
2014-02-03,,25.3574275970459,2.891559362411499,2.680000066757202,1741.8900146484375
2014-02-04,,25.45465660095215,2.940937042236328,2.690000057220459,1755.199951171875
2014-02-05,,25.435209274291992,2.792804002761841,2.740000009536743,1751.6400146484375
2014-02-06,,25.726900100708008,2.778977870941162,2.819999933242798,1773.4300537109375
2014-02-07,,26.446395874023438,2.794778823852539,2.930000066757202,1797.02001953125
2014-02-10,,26.135257720947266,2.950812578201294,2.880000114440918,1799.8399658203125
2014-02-11,,26.650577545166016,2.956737756729126,3.059999942779541,1819.75
2014-02-12,,27.08810806274414,2.9429121017456055,3.059999942779541,1819.260009765625
2014-02-13,,26.796417236328125,2.863907814025879,3.119999885559082,1829.8299560546875
2014-02-14,,26.815868377685547,2.8678579330444336,3.1500000953674316,1838.6300048828125
2014-02-18,,27.613147735595703,2.9764888286590576,3.190000057220459,1840.760009765625
2014-02-19,,27.1367244720459,3.0298168659210205,3.190000057220459,1828.75
2014-02-20,,27.020044326782227,2.9685885906219482,3.1700000762939453,1839.780029296875
2014-02-21,,27.22422981262207,3.012040853500366,3.2100000381469727,1836.25
2014-02-24,,27.185340881347656,3.0357420444488525,3.200000047683716,1847.6099853515625
2014-02-25,,27.321456909179688,3.0396926403045654,3.2300000190734863,1845.1199951171875
2014-02-26,,27.486745834350586,3.1127712726593018,3.180000066757202,1845.1600341796875
2014-02-27,,27.749263763427734,3.021916389465332,3.190000057220459,1854.2900390625
2014-02-28,,27.797882080078125,3.0416674613952637,3.190000057220459,1859.449951171875
2014-03-03,,27.311735153198242,3.0021653175354004,3.140000104904175,1845.72998046875
2014-03-04,,28.01178550720215,3.0732691287994385,3.2100000381469727,1873.9100341796875
2014-03-05,,28.284029006958008,3.0179662704467773,3.180000066757202,1873.81005859375
2014-03-06,,28.40070152282715,3.021916389465332,3.4000000953674316,1877.030029296875
2014-03-07,,28.565994262695312,3.0080907344818115,3.559999942779541,1878.0400390625
2014-03-10,,28.40070152282715,2.9369866847991943,3.440000057220459,1877.1700439453125
2014-03-11,,28.97435188293457,2.9369866847991943,3.4000000953674316,1867.6300048828125
2014-03-12,,29.14937400817871,2.9271111488342285,3.319999933242798,1868.199951171875
2014-03-13,,28.8868465423584,2.9330365657806396,3.369999885559082,1846.3399658203125
2014-03-14,,28.779897689819336,2.891559362411499,3.309999942779541,1841.1300048828125
2014-03-17,,29.26604461669922,2.903409957885742,3.490000009536743,1858.8299560546875
2014-03-18,,29.402170181274414,2.8579823970794678,3.490000009536743,1872.25
2014-03-19,,29.392444610595703,2.8402063846588135,3.5199999809265137,1860.77001953125
2014-03-20,,29.41189193725586,2.810579776763916,3.450000047683716,1872.010009765625
2014-03-21,,28.925745010375977,2.788853406906128,3.4000000953674316,1866.52001953125
2014-03-24,,28.19651985168457,2.931061267852783,3.299999952316284,1857.43994140625
2014-03-25,,28.47848892211914,2.8303308486938477,3.380000114440918,1865.6199951171875
2014-03-26,,27.7784366607666,2.8619325160980225,3.4600000381469727,1852.56005859375
2014-03-27,,27.69093132019043,2.838231325149536,3.4200000762939453,1849.0400390625
2014-03-28,,27.739543914794922,2.891559362411499,3.450000047683716,1857.6199951171875
2014-03-31,,28.206247329711914,2.940937042236328,3.5,1872.3399658203125
2014-04-01,,28.653501510620117,2.907360076904297,3.5199999809265137,1885.52001953125
2014-04-02,,28.322921752929688,2.885633707046509,3.490000009536743,1890.9000244140625
2014-04-03,,28.07012939453125,2.84218168258667,3.5,1888.77001953125
2014-04-04,,27.807607650756836,2.8145298957824707,3.4600000381469727,1865.0899658203125
2014-04-07,,27.554811477661133,2.820455312728882,3.4800000190734863,1845.0400390625
2014-04-08,,27.934001922607422,2.77305269241333,3.4000000953674316,1851.9599609375
2014-04-09,,27.379796981811523,2.761202096939087,3.5,1872.1800537109375
2014-04-10,,26.465837478637695,2.729600191116333,3.5199999809265137,1833.0799560546875
2014-04-11,,25.93107795715332,2.670346975326538,3.4600000381469727,1815.68994140625
2014-04-14,,26.524181365966797,2.6663968563079834,3.430000066757202,1830.6099853515625
2014-04-15,,26.70891571044922,2.630844831466675,3.4200000762939453,1842.97998046875
2014-04-16,,26.82558822631836,2.648620843887329,3.3299999237060547,1862.31005859375
2014-04-17,,26.80614471435547,2.6940484046936035,3.430000066757202,1864.8499755859375
2014-04-21,,27.204784393310547,2.692073345184326,3.430000066757202,1871.8900146484375
2014-04-22,,27.340900421142578,2.6624467372894287,3.5,1879.550048828125
2014-04-23,,27.370073318481445,2.6624467372894287,3.5899999141693115,1875.3900146484375
2014-04-24,,27.321456909179688,2.6407203674316406,3.630000114440918,1878.6099853515625
2014-04-25,,27.428409576416016,2.57159161567688,3.640000104904175,1863.4000244140625
2014-04-28,,27.399242401123047,2.5814671516418457,3.619999885559082,1869.4300537109375
2014-04-29,,27.28256607055664,2.583442211151123,3.7300000190734863,1878.3299560546875
2014-04-30,,27.515914916992188,2.583442211151123,3.700000047683716,1883.949951171875
2014-05-01,,27.943727493286133,2.62689471244812,3.7200000286102295,1883.6800537109375
2014-05-02,,27.710372924804688,2.646646022796631,3.7200000286102295,1881.1400146484375
2014-05-05,,27.96317481994629,2.6565213203430176,3.700000047683716,1884.6600341796875
2014-05-06,,27.272838592529297,2.646646022796631,3.7100000381469727,1867.719970703125
2014-05-07,,33.00938034057617,2.6031932830810547,3.859999895095825,1878.2099609375
2014-05-08,,33.33022689819336,2.5538156032562256,3.859999895095825,1875.6300048828125
2014-05-09,,34.1469612121582,2.5952930450439453,3.859999895095825,1878.47998046875
2014-05-12,,34.331695556640625,2.6031932830810547,3.869999885559082,1896.6500244140625
2014-05-13,,34.06917953491211,2.6545462608337402,3.8299999237060547,1897.449951171875
2014-05-14,,33.184391021728516,2.6565213203430176,3.690000057220459,1888.530029296875
2014-05-15,,32.85380554199219,2.6663968563079834,3.690000057220459,1870.8499755859375
2014-05-16,,33.48580551147461,2.6565213203430176,3.7799999713897705,1877.8599853515625
2014-05-19,,33.61219787597656,2.686147928237915,3.890000104904175,1885.0799560546875
2014-05-20,,33.42745590209961,2.7335503101348877,3.890000104904175,1872.8299560546875
2014-05-21,,33.64137268066406,2.745401382446289,3.8499999046325684,1888.030029296875
2014-05-22,,33.61219787597656,2.7809531688690186,3.859999895095825,1892.489990234375
2014-05-23,,33.913612365722656,2.8086047172546387,3.9100000858306885,1900.530029296875
2014-05-27,,34.10807418823242,2.8342809677124023,3.819999933242798,1911.9100341796875
2014-05-28,,33.73860549926758,2.8184802532196045,3.7200000286102295,1909.780029296875
2014-05-29,,33.796939849853516,2.8718080520629883,3.9800000190734863,1920.030029296875
2014-05-30,,34.156681060791016,2.875758171081543,3.940000057220459,1923.5699462890625
2014-06-02,,33.60248565673828,2.8678579330444336,3.940000057220459,1924.969970703125
2014-06-03,,33.76776885986328,2.8718080520629883,3.9600000381469727,1924.239990234375
2014-06-04,,33.98168182373047,2.881683588027954,4.059999942779541,1927.8800048828125
2014-06-05,,33.816383361816406,2.848107099533081,4.03000020980835,1940.4599609375
2014-06-06,,33.88444137573242,2.8362560272216797,4.059999942779541,1949.43994140625
2014-06-09,,33.942779541015625,2.8737833499908447,4.019999980926514,1951.27001953125
2014-06-10,,34.71089553833008,2.854032278060913,4.079999923706055,1950.7900390625
2014-06-11,,34.526153564453125,2.767127513885498,4.0,1943.8900146484375
2014-06-12,,34.2539176940918,2.7533018589019775,3.990000009536743,1930.1099853515625
2014-06-13,,34.69144821166992,2.816505193710327,3.880000114440918,1936.1600341796875
2014-06-16,,34.71089553833008,2.89748477935791,3.9200000762939453,1937.780029296875
2014-06-17,,35.770694732666016,2.925135850906372,3.940000057220459,1941.989990234375
2014-06-18,,36.12071990966797,3.0021653175354004,3.930000066757202,1956.97998046875
2014-06-19,,36.042930603027344,3.006115436553955,3.819999933242798,1959.47998046875
2014-06-20,,36.111000061035156,3.031791925430298,3.8299999237060547,1962.8699951171875
2014-06-23,,35.877647399902344,2.978463888168335,3.799999952316284,1962.6099853515625
2014-06-24,,35.35260772705078,2.9863643646240234,3.7200000286102295,1949.97998046875
2014-06-25,,35.49843978881836,2.9606878757476807,3.690000057220459,1959.530029296875
2014-06-26,,35.26510238647461,2.940937042236328,3.7300000190734863,1957.219970703125
2014-06-27,,34.8956298828125,2.9211857318878174,3.680000066757202,1960.9599609375
2014-06-30,,34.876182556152344,2.9527876377105713,3.5999999046325684,1960.22998046875
2014-07-01,,35.401222229003906,2.9903149604797363,3.630000114440918,1973.3199462890625
2014-07-02,,35.74152755737305,3.0298168659210205,3.6600000858306885,1974.6199951171875
2014-07-03,,35.89708709716797,3.0851199626922607,3.7899999618530273,1985.43994140625
2014-07-07,,35.15814971923828,3.1048710346221924,3.640000104904175,1977.6500244140625
2014-07-08,,34.31226348876953,3.0633935928344727,3.5999999046325684,1963.7099609375
2014-07-09,,34.53587341308594,3.0791945457458496,3.6700000762939453,1972.8299560546875
2014-07-10,,34.85673904418945,3.004140615463257,3.630000114440918,1964.6800537109375
2014-07-11,,34.973411560058594,2.9764888286590576,3.5299999713897705,1967.5699462890625
2014-07-14,,35.53733444213867,3.0357420444488525,3.619999885559082,1977.0999755859375
2014-07-15,,35.17759323120117,3.0416674613952637,3.5899999141693115,1973.280029296875
2014-07-16,,36.09154510498047,3.0633935928344727,3.5399999618530273,1981.5699462890625
2014-07-17,,36.03322219848633,3.0357420444488525,3.5799999237060547,1958.1199951171875
2014-07-18,,37.3166389465332,3.0732691287994385,3.509999990463257,1978.219970703125
2014-07-21,,37.355525970458984,3.0515429973602295,3.509999990463257,1973.6300048828125
2014-07-22,,37.355525970458984,3.140423059463501,3.4700000286102295,1983.530029296875
2014-07-23,,35.041473388671875,3.114746570587158,3.5799999237060547,1987.010009765625
2014-07-24,,35.819305419921875,3.065368890762329,3.5,1987.97998046875
2014-07-25,,35.041473388671875,3.0791945457458496,3.5,1978.3399658203125
2014-07-28,,34.11778259277344,3.004140615463257,3.4700000286102295,1978.9100341796875
2014-07-29,,33.38856887817383,2.984389305114746,3.490000009536743,1969.949951171875
2014-07-30,,33.54413986206055,2.8342809677124023,3.440000057220459,1970.0699462890625
2014-07-31,,32.669071197509766,2.7315754890441895,3.299999952316284,1930.6700439453125
2014-08-01,,32.776023864746094,2.7157745361328125,3.200000047683716,1925.1500244140625
2014-08-04,,33.233001708984375,2.701948881149292,3.0299999713897705,1938.989990234375
2014-08-05,,33.184391021728516,2.658496379852295,3.130000114440918,1920.2099609375
2014-08-06,,33.32050704956055,2.658496379852295,3.0,1920.239990234375
2014-08-07,,32.38711929321289,2.646646022796631,2.950000047683716,1909.5699462890625
2014-08-08,,33.3399658203125,2.636770248413086,2.9700000286102295,1931.5899658203125
2014-08-11,,34.09834289550781,2.6545462608337402,3.0799999237060547,1936.9200439453125
2014-08-12,,34.5650520324707,2.6288697719573975,3.119999885559082,1933.75
2014-08-13,,35.401222229003906,2.642695665359497,3.130000114440918,1946.719970703125
2014-08-14,,35.57624435424805,2.6604716777801514,3.1600000858306885,1955.1800537109375
2014-08-15,,35.13870620727539,2.7216999530792236,3.140000104904175,1955.06005859375
2014-08-18,,35.65400695800781,2.8342809677124023,3.140000104904175,1971.739990234375
2014-08-19,,35.984596252441406,2.80070424079895,3.2899999618530273,1981.5999755859375
2014-08-20,,36.51936340332031,2.767127513885498,3.299999952316284,1986.510009765625
2014-08-21,,36.71381378173828,2.7631773948669434,3.359999895095825,1992.3699951171875
2014-08-22,,37.10273361206055,2.751326560974121,3.2899999618530273,1988.4000244140625
2014-08-25,,36.577701568603516,2.7710776329040527,3.3299999237060547,1997.9200439453125
2014-08-26,,36.51936340332031,2.7434263229370117,3.369999885559082,2000.02001953125
2014-08-27,,36.18877410888672,2.735525608062744,3.369999885559082,2000.1199951171875
2014-08-28,,36.07210159301758,2.707874298095703,3.2899999618530273,1996.739990234375
2014-08-29,,36.79159927368164,2.7434263229370117,3.2899999618530273,2003.3699951171875
2014-09-02,,36.9568977355957,2.8244054317474365,3.2799999713897705,2002.280029296875
2014-09-03,,36.84021759033203,2.798729419708252,3.3299999237060547,2000.719970703125
2014-09-04,,36.324893951416016,2.794778823852539,3.3399999141693115,1997.6500244140625
2014-09-05,,36.645755767822266,2.7967541217803955,3.3499999046325684,2007.7099609375
2014-09-08,,36.94717025756836,2.745401382446289,3.2799999713897705,2001.5400390625
2014-09-09,,36.41240310668945,2.711824417114258,3.2799999713897705,1988.43994140625
2014-09-10,,36.762428283691406,2.767127513885498,3.2699999809265137,1995.68994140625
2014-09-11,,36.98604965209961,2.755276679992676,3.4000000953674316,1997.449951171875
2014-09-12,,36.13043975830078,2.7216999530792236,3.5,1985.5400390625
2014-09-15,,35.517906188964844,2.717749834060669,3.4800000190734863,1984.1300048828125
2014-09-16,,35.99431228637695,2.7967541217803955,3.440000057220459,1998.97998046875
2014-09-17,,35.401222229003906,2.7473764419555664,3.4800000190734863,2001.5699462890625
2014-09-18,,36.217952728271484,2.778977870941162,3.450000047683716,2011.3599853515625
2014-09-19,,35.69291305541992,2.751326560974121,3.309999942779541,2010.4000244140625
2014-09-22,,35.59568786621094,2.782928228378296,3.3299999237060547,1994.2900390625
2014-09-23,,35.65400695800781,2.7592267990112305,3.299999952316284,1982.77001953125
2014-09-24,,35.84848403930664,2.723674774169922,3.190000057220459,1998.300048828125
2014-09-25,,34.82756805419922,2.7157745361328125,3.1700000762939453,1965.989990234375
2014-09-26,,34.96368408203125,2.7256500720977783,3.2300000190734863,1982.8499755859375
2014-09-29,,34.78868103027344,2.686147928237915,3.4100000858306885,1977.800048828125
2014-09-30,,34.623390197753906,2.6841726303100586,3.259999990463257,1972.2900390625
2014-10-01,,34.16640853881836,2.632819890975952,3.2100000381469727,1946.1600341796875
2014-10-02,,34.603939056396484,2.593317985534668,3.1500000953674316,1946.1700439453125
2014-10-03,,34.9539680480957,2.589367389678955,3.240000009536743,1967.9000244140625
2014-10-06,,35.00257873535156,2.6249194145202637,3.200000047683716,1964.8199462890625
2014-10-07,,33.95249938964844,2.589367389678955,3.0999999046325684,1935.0999755859375
2014-10-08,,34.302520751953125,2.615044116973877,3.0899999141693115,1968.8900146484375
2014-10-09,,34.04001235961914,2.5597410202026367,3.0,1928.2099609375
2014-10-10,,33.573307037353516,2.528139114379883,2.869999885559082,1906.1300048828125
2014-10-13,,32.309322357177734,2.506413221359253,2.869999885559082,1874.739990234375
2014-10-14,,31.832908630371094,2.534064531326294,2.990000009536743,1877.699951171875
2014-10-15,,32.455177307128906,2.524188995361328,2.9700000286102295,1862.489990234375
2014-10-16,,31.71622657775879,2.486661672592163,2.9200000762939453,1862.760009765625
2014-10-17,,33.33022689819336,2.502462863922119,3.0,1886.760009765625
2014-10-20,,33.96222686767578,2.524188995361328,3.0,1904.010009765625
2014-10-21,,34.7011604309082,2.5577657222747803,3.0899999141693115,1941.280029296875
2014-10-22,,34.07889938354492,2.5696165561676025,3.109999895095825,1927.1099853515625
2014-10-23,,35.23593521118164,2.57159161567688,3.140000104904175,1950.8199462890625
2014-10-24,,35.34288024902344,2.512338399887085,3.109999895095825,1964.5799560546875
2014-10-27,,35.84848403930664,2.549865484237671,3.059999942779541,1961.6300048828125
2014-10-28,,36.44157409667969,2.5478904247283936,3.109999895095825,1985.050048828125
2014-10-29,,37.83195495605469,2.7256500720977783,3.259999990463257,1982.300048828125
2014-10-30,,38.745906829833984,2.555790901184082,3.309999942779541,1994.6500244140625
2014-10-31,,39.834877014160156,2.6999738216400146,3.559999942779541,2018.050048828125
2014-11-03,,39.825164794921875,2.723674774169922,3.6600000858306885,2017.81005859375
2014-11-04,,39.5140266418457,2.6604716777801514,3.690000057220459,2012.0999755859375
2014-11-05,,39.60153579711914,2.6624467372894287,3.640000104904175,2023.5699462890625
2014-11-06,,39.669586181640625,2.620969295501709,3.640000104904175,2031.2099609375
2014-11-07,,39.80570602416992,2.593317985534668,3.630000114440918,2031.9200439453125
2014-11-10,,40.11684036254883,2.5972683429718018,3.609999895095825,2038.260009765625
2014-11-11,,40.00017166137695,2.646646022796631,3.619999885559082,2039.6800537109375
2014-11-12,,40.05850601196289,2.676272392272949,3.319999933242798,2038.25
2014-11-13,,40.301578521728516,2.6683719158172607,3.3399999141693115,2039.3299560546875
2014-11-14,,40.32102584838867,2.719724655151367,3.3499999046325684,2039.8199462890625
2014-11-17,,40.252967834472656,2.6821978092193604,3.549999952316284,2041.3199462890625
2014-11-18,,41.68224334716797,2.745401382446289,3.4800000190734863,2051.800048828125
2014-11-19,,42.24617004394531,2.692073345184326,3.5,2048.719970703125
2014-11-20,,41.95448303222656,2.6900980472564697,3.4700000286102295,2052.75
2014-11-21,,42.29478454589844,2.7256500720977783,3.509999990463257,2063.5
2014-11-24,,42.39200973510742,2.723674774169922,3.509999990463257,2069.409912109375
2014-11-25,,42.790653228759766,2.761202096939087,3.5299999713897705,2067.030029296875
2014-11-26,,42.46979904174805,2.854032278060913,3.5299999713897705,2072.830078125
2014-11-28,,42.71286392211914,2.863907814025879,3.5299999713897705,2067.56005859375
2014-12-01,,41.95448303222656,2.9271111488342285,3.450000047683716,2053.43994140625
2014-12-02,,42.421180725097656,2.8718080520629883,3.450000047683716,2066.550048828125
2014-12-03,,44.715797424316406,2.9113101959228516,3.4000000953674316,2074.330078125
2014-12-04,,45.201934814453125,2.8737833499908447,3.619999885559082,2071.919921875
2014-12-05,,45.36723327636719,2.8461318016052246,3.640000104904175,2075.3701171875
2014-12-08,,44.73524475097656,2.798729419708252,3.6500000953674316,2060.31005859375
2014-12-09,,44.317161560058594,2.7710776329040527,3.5999999046325684,2059.820068359375
2014-12-10,,43.519874572753906,2.792804002761841,3.5399999618530273,2026.1400146484375
2014-12-11,,43.86988830566406,2.7691023349761963,3.5299999713897705,2035.3299560546875
2014-12-12,,43.6559944152832,2.7157745361328125,3.5299999713897705,2002.3299560546875
2014-12-15,,44.19075393676758,2.680222511291504,3.4800000190734863,1989.6300048828125
2014-12-16,,44.19075393676758,2.62689471244812,3.4600000381469727,1972.739990234375
2014-12-17,,44.78385925292969,2.6189942359924316,3.5,2012.8900146484375
2014-12-18,,45.9311637878418,2.6604716777801514,3.5399999618530273,2061.22998046875
2014-12-19,,46.14506912231445,2.620969295501709,3.5899999141693115,2070.64990234375
2014-12-22,,46.52425765991211,2.6071436405181885,3.609999895095825,2078.5400390625
2014-12-23,,46.5145378112793,2.615044116973877,3.5999999046325684,2082.169921875
2014-12-24,,46.72845458984375,2.6288697719573975,3.630000114440918,2081.8798828125
2014-12-26,,46.990970611572266,2.632819890975952,3.5999999046325684,2088.77001953125
2014-12-29,,46.271461486816406,2.5854172706604004,3.5899999141693115,2090.570068359375
2014-12-30,,46.06728744506836,2.5696165561676025,3.619999885559082,2080.35009765625
2014-12-31,,45.717254638671875,2.5577657222747803,3.619999885559082,2058.89990234375
2015-01-02,,45.5714111328125,2.5755417346954346,3.5999999046325684,2058.199951171875
2015-01-05,,45.279727935791016,2.506413221359253,3.509999990463257,2020.5799560546875
2015-01-06,,44.68663024902344,2.443209409713745,3.630000114440918,2002.6099853515625
2015-01-07,,45.5130729675293,2.4708611965179443,3.640000104904175,2025.9000244140625
2015-01-08,,46.7964973449707,2.528139114379883,3.7100000381469727,2062.139892578125
2015-01-09,,46.193687438964844,2.5103633403778076,3.7799999713897705,2044.81005859375
2015-01-12,,45.75615692138672,2.5143134593963623,3.7799999713897705,2028.260009765625
2015-01-13,,45.133880615234375,2.545915365219116,3.759999990463257,2023.030029296875
2015-01-14,,45.600589752197266,2.462960720062256,3.7300000190734863,2011.27001953125
2015-01-15,,45.347782135009766,2.524188995361328,3.700000047683716,1992.6700439453125
2015-01-16,,46.757606506347656,2.5380146503448486,3.619999885559082,2019.4200439453125
2015-01-20,,46.48537826538086,2.528139114379883,3.5899999141693115,2022.550048828125
2015-01-21,,46.7381591796875,2.5360395908355713,3.6500000953674316,2032.1199951171875
2015-01-22,,47.992431640625,2.5301144123077393,3.5999999046325684,2063.14990234375
2015-01-23,,48.41050720214844,2.502462863922119,3.609999895095825,2051.820068359375
2015-01-26,,48.109100341796875,2.5301144123077393,3.7300000190734863,2057.090087890625
2015-01-27,,47.06875228881836,2.545915365219116,3.7300000190734863,2029.550048828125
2015-01-28,,53.096961975097656,2.45308518409729,3.7899999618530273,2002.1600341796875
2015-01-29,,53.797019958496094,2.3484044075012207,3.8299999237060547,2021.25
2015-01-30,,53.34004592895508,2.378031015396118,3.9700000286102295,1994.989990234375
2015-02-02,,53.446990966796875,2.4116077423095703,3.940000057220459,2020.8499755859375
2015-02-03,,53.009464263916016,2.3898816108703613,3.9700000286102295,2050.030029296875
2015-02-04,,53.048362731933594,2.378031015396118,4.050000190734863,2041.510009765625
2015-02-05,,54.82765197753906,2.393831729888916,4.090000152587891,2062.52001953125
2015-02-06,,53.61228942871094,2.4550602436065674,3.9700000286102295,2055.469970703125
2015-02-09,,52.7761116027832,2.419508218765259,3.880000114440918,2046.739990234375
2015-02-10,,53.2428092956543,2.4491350650787354,3.890000104904175,2068.590087890625
2015-02-11,,53.42755126953125,2.443209409713745,3.869999885559082,2068.530029296875
2015-02-12,,54.642913818359375,2.4491350650787354,4.150000095367432,2088.47998046875
2015-02-13,,54.82765197753906,2.4511101245880127,3.9800000190734863,2096.989990234375
2015-02-17,,55.1873893737793,2.437283992767334,3.9100000858306885,2100.340087890625
2015-02-18,,56.01384735107422,2.4827115535736084,3.940000057220459,2099.679931640625
2015-02-19,,55.5568733215332,2.5044379234313965,3.950000047683716,2097.449951171875
2015-02-20,,56.07218551635742,2.5222136974334717,3.759999990463257,2110.300048828125
2015-02-23,,55.955509185791016,2.5261642932891846,3.7300000190734863,2109.659912109375
2015-02-24,,56.033294677734375,2.5222136974334717,3.819999933242798,2115.47998046875
2015-02-25,,55.79995346069336,2.534064531326294,3.7699999809265137,2113.860107421875
2015-02-26,,56.13051223754883,2.5696165561676025,3.6600000858306885,2110.739990234375
2015-02-27,,55.59576416015625,2.6347949504852295,3.640000104904175,2104.5
2015-03-02,,55.858280181884766,2.6663968563079834,3.690000057220459,2117.389892578125
2015-03-03,,55.09989929199219,2.6663968563079834,3.619999885559082,2107.780029296875
2015-03-04,,55.61521530151367,2.664421796798706,3.619999885559082,2098.530029296875
2015-03-05,,55.790218353271484,2.7868783473968506,3.6500000953674316,2101.0400390625
2015-03-06,,54.798484802246094,2.8145298957824707,3.6600000858306885,2071.260009765625
2015-03-09,,55.09989929199219,2.8184802532196045,3.5999999046325684,2079.429931640625
2015-03-10,,53.52478790283203,2.7276253700256348,3.5999999046325684,2044.1600341796875
2015-03-11,,53.56367111206055,2.6999738216400146,3.630000114440918,2040.239990234375
2015-03-12,,53.53449630737305,2.7533018589019775,3.559999942779541,2065.949951171875
2015-03-13,,53.767852783203125,2.77305269241333,3.490000009536743,2053.39990234375
2015-03-16,,54.2734489440918,2.822430372238159,3.5,2081.18994140625
2015-03-17,,52.669151306152344,3.5986483097076416,3.5299999713897705,2074.280029296875
2015-03-18,,54.08870315551758,4.374865531921387,3.559999942779541,2099.5
2015-03-19,,54.409568786621094,3.87121319770813,3.5299999713897705,2089.27001953125
2015-03-20,,55.692989349365234,3.6914782524108887,3.680000066757202,2108.10009765625
2015-03-23,,55.68327331542969,3.7922089099884033,3.6700000762939453,2104.419921875
2015-03-24,,56.354148864746094,3.6835780143737793,3.680000066757202,2091.5
2015-03-25,,54.53596115112305,3.7941839694976807,3.740000009536743,2061.050048828125
2015-03-26,,54.5262451171875,3.6855530738830566,3.569999933242798,2056.14990234375
2015-03-27,,56.62639617919922,3.768507480621338,3.569999933242798,2061.02001953125
2015-03-30,,57.822322845458984,3.736905813217163,3.569999933242798,2086.239990234375
2015-03-31,,57.190330505371094,3.6401257514953613,3.609999895095825,2067.889892578125
2015-04-01,,55.692989349365234,3.6974036693573,3.630000114440918,2059.68994140625
2015-04-02,,56.05274200439453,3.6262996196746826,3.630000114440918,2066.9599609375
2015-04-06,,55.537437438964844,3.8791136741638184,3.740000009536743,2080.6201171875
2015-04-07,,56.19858169555664,3.9383668899536133,3.7200000286102295,2076.330078125
2015-04-08,,56.53889465332031,3.908740282058716,3.7200000286102295,2081.89990234375
2015-04-09,,55.906898498535156,3.8751633167266846,3.7799999713897705,2091.179931640625
2015-04-10,,56.743064880371094,3.89886474609375,3.7799999713897705,2102.06005859375
2015-04-13,,55.741607666015625,4.019346714019775,3.7799999713897705,2092.429931640625
2015-04-14,,55.488807678222656,3.9956448078155518,3.7699999809265137,2095.840087890625
2015-04-15,,55.284629821777344,4.116127014160156,3.75,2106.6298828125
2015-04-16,,55.284629821777344,4.266234874725342,3.7200000286102295,2104.989990234375
2015-04-17,,54.47761917114258,4.197105884552002,3.680000066757202,2081.179931640625
2015-04-20,,55.702728271484375,4.216857433319092,3.690000057220459,2100.39990234375
2015-04-21,,57.39449691772461,4.284010410308838,3.759999990463257,2097.2900390625
2015-04-22,,58.15290069580078,4.321537971496582,3.740000009536743,2107.9599609375
2015-04-23,,58.22095489501953,4.195130825042725,3.75,2112.929931640625
2015-04-24,,58.230682373046875,4.31561279296875,3.75,2117.68994140625
2015-04-27,,58.18207550048828,4.2524094581604,3.7200000286102295,2108.919921875
2015-04-28,,57.47229766845703,4.394617080688477,3.7200000286102295,2114.760009765625
2015-04-29,,56.99587631225586,4.305737495422363,3.7200000286102295,2106.85009765625
2015-04-30,,56.480560302734375,4.1556291580200195,3.5899999141693115,2085.510009765625
2015-05-01,,57.686187744140625,4.18525505065918,3.5899999141693115,2108.2900390625
2015-05-04,,57.666748046875,4.206982135772705,3.5899999141693115,2114.489990234375
2015-05-05,,57.520904541015625,4.124027252197266,3.609999895095825,2089.4599609375
2015-05-06,,59.24187088012695,4.104276180267334,3.6600000858306885,2080.14990234375
2015-05-07,,58.60015106201172,4.376841068267822,3.75,2088.0
2015-05-08,,60.165550231933594,4.422268867492676,3.7799999713897705,2116.10009765625
2015-05-11,,60.855873107910156,4.236608505249023,3.7799999713897705,2105.330078125
2015-05-12,,60.72947311401367,4.2642598152160645,3.7200000286102295,2099.1201171875
2015-05-13,,60.01969528198242,4.560525894165039,3.549999952316284,2098.47998046875
2015-05-14,,61.342018127441406,4.6711320877075195,3.4800000190734863,2121.10009765625
2015-05-15,,61.13784408569336,4.716559886932373,3.619999885559082,2122.72998046875
2015-05-18,,61.54619598388672,4.596077919006348,3.630000114440918,2129.199951171875
2015-05-19,,60.87532424926758,4.493372440338135,3.630000114440918,2127.830078125
2015-05-20,,60.51557159423828,4.440044403076172,3.5999999046325684,2125.85009765625
2015-05-21,,60.95310592651367,4.406467914581299,3.5799999237060547,2130.820068359375
2015-05-22,,60.82670593261719,4.347214221954346,3.5799999237060547,2126.06005859375
2015-05-26,,60.797542572021484,4.234633445739746,3.509999990463257,2104.199951171875
2015-05-27,,62.09069061279297,4.161554336547852,3.4800000190734863,2123.47998046875
2015-05-28,,61.51704025268555,4.141802787780762,3.5799999237060547,2120.7900390625
2015-05-29,,61.02116394042969,4.179329872131348,3.5399999618530273,2107.389892578125
2015-06-01,,61.147560119628906,4.26030969619751,3.5399999618530273,2111.72998046875
2015-06-02,,61.235069274902344,4.165504455566406,3.5399999618530273,2109.60009765625
2015-06-03,,61.614261627197266,4.167479038238525,3.6700000762939453,2114.070068359375
2015-06-04,,60.89476776123047,4.18525505065918,3.6700000762939453,2095.840087890625
2015-06-05,,61.15728759765625,4.118102073669434,3.5199999809265137,2092.830078125
2015-06-08,,59.95164108276367,4.092425346374512,3.5299999713897705,2079.280029296875
2015-06-09,,60.06831359863281,4.033172130584717,3.5299999713897705,2080.14990234375
2015-06-10,,60.797542572021484,4.078599452972412,3.609999895095825,2105.199951171875
2015-06-11,,60.855873107910156,4.005520820617676,3.6700000762939453,2108.860107421875
2015-06-12,,61.011436462402344,4.078599452972412,3.690000057220459,2094.110107421875
2015-06-15,,59.8641357421875,4.050948143005371,3.4600000381469727,2084.429931640625
2015-06-16,,61.11838912963867,4.074649333953857,3.4600000381469727,2096.2900390625
2015-06-17,,62.693519592285156,3.9620683193206787,3.4600000381469727,2100.43994140625
2015-06-18,,63.46161651611328,3.942317247390747,3.4600000381469727,2121.239990234375
2015-06-19,,64.12277221679688,3.948242425918579,3.5799999237060547,2109.989990234375
2015-06-22,,64.77423858642578,4.056873321533203,3.549999952316284,2122.85009765625
2015-06-23,,64.73533630371094,4.2050065994262695,3.549999952316284,2124.199951171875
2015-06-24,,65.80485534667969,4.133902549743652,3.630000114440918,2108.580078125
2015-06-25,,65.58122253417969,4.297837257385254,3.6700000762939453,2102.31005859375
2015-06-26,,65.7562255859375,4.376841068267822,3.619999885559082,2101.489990234375
2015-06-29,,64.38530731201172,4.203031539916992,3.619999885559082,2057.639892578125
2015-06-30,,64.65754699707031,4.143778324127197,3.549999952316284,2063.110107421875
2015-07-01,,66.1159896850586,4.250433921813965,3.549999952316284,2077.419921875
2015-07-02,,65.92156219482422,4.218832492828369,3.5,2076.780029296875
2015-07-06,,66.1257095336914,4.108226299285889,3.25,2068.760009765625
2015-07-07,,67.95361328125,4.104276180267334,3.259999990463257,2081.340087890625
2015-07-08,,67.0882797241211,3.9502174854278564,3.299999952316284,2046.6800537109375
2015-07-09,,68.54670715332031,3.9956448078155518,3.2899999618530273,2051.31005859375
2015-07-10,,70.0732192993164,3.9660181999206543,3.690000057220459,2076.6201171875
2015-07-13,,71.50250244140625,4.003545761108398,3.6600000858306885,2099.60009765625
2015-07-14,,70.24823760986328,3.9719433784484863,3.740000009536743,2108.949951171875
2015-07-15,,70.4913101196289,4.045022964477539,3.740000009536743,2107.39990234375
2015-07-16,,70.94829559326172,4.206982135772705,3.7799999713897705,2124.2900390625
2015-07-17,,71.4344253540039,4.268209934234619,3.690000057220459,2126.639892578125
2015-07-20,,72.71784210205078,4.2761101722717285,3.759999990463257,2128.280029296875
2015-07-21,,71.63861083984375,4.325488567352295,3.7699999809265137,2119.2099609375
2015-07-22,,70.89967346191406,4.282035827636719,3.7899999618530273,2114.14990234375
2015-07-23,,69.82042694091797,4.321537971496582,3.8499999046325684,2102.14990234375
2015-07-24,,70.28712463378906,4.285985946655273,3.9000000953674316,2079.64990234375
2015-07-27,,69.24678039550781,4.114151477813721,3.9000000953674316,2067.639892578125
2015-07-28,,69.81069946289062,4.1556291580200195,3.8299999237060547,2093.25
2015-07-29,,70.18018341064453,4.522999286651611,3.819999933242798,2108.570068359375
2015-07-30,,70.29683685302734,4.430169105529785,3.8499999046325684,2108.6298828125
2015-07-31,,69.567626953125,4.347214221954346,3.8499999046325684,2103.840087890625
2015-08-03,,69.00369262695312,4.4044928550720215,3.869999885559082,2098.0400390625
2015-08-04,,69.81069946289062,4.42029333114624,3.950000047683716,2093.320068359375
2015-08-05,,73.07762145996094,4.582252025604248,4.050000190734863,2099.840087890625
2015-08-06,,71.95948791503906,4.515099048614502,4.039999961853027,2083.56005859375
2015-08-07,,71.32748413085938,4.602003574371338,3.9200000762939453,2077.570068359375
2015-08-10,,71.92058563232422,4.888394355773926,3.9700000286102295,2104.179931640625
2015-08-11,,71.77472686767578,4.831116199493408,3.9100000858306885,2084.070068359375
2015-08-12,,71.67752075195312,4.803464412689209,3.9100000858306885,2086.050048828125
2015-08-13,,71.346923828125,4.803464412689209,3.8499999046325684,2083.389892578125
2015-08-14,,70.80244445800781,4.787663459777832,3.9100000858306885,2091.5400390625
2015-08-17,,71.65804290771484,4.888394355773926,3.880000114440918,2102.43994140625
2015-08-18,,71.80389404296875,4.898270130157471,3.880000114440918,2096.919921875
2015-08-19,,69.62596130371094,4.9199957847595215,3.880000114440918,2079.610107421875
2015-08-20,,65.83401489257812,4.878518581390381,3.880000114440918,2035.72998046875
2015-08-21,,63.714420318603516,4.633605003356934,3.690000057220459,1970.8900146484375
2015-08-24,,61.93511962890625,4.4044928550720215,3.680000066757202,1893.2099609375
2015-08-25,,61.7795524597168,4.639530658721924,3.619999885559082,1867.6099853515625
2015-08-26,,64.50198364257812,4.975298881530762,3.700000047683716,1940.510009765625
2015-08-27,,65.29924011230469,4.894319534301758,3.7200000286102295,1987.6600341796875
2015-08-28,,66.02847290039062,4.908145427703857,3.7200000286102295,1988.8699951171875
2015-08-31,,64.31725311279297,5.0602288246154785,3.6700000762939453,1972.1800537109375
2015-09-01,,61.67259979248047,4.7955641746521,3.630000114440918,1913.8499755859375
2015-09-02,,62.87824630737305,4.904195308685303,3.630000114440918,1948.8599853515625
2015-09-03,,63.967227935791016,4.8548173904418945,3.5999999046325684,1951.1300048828125
2015-09-04,,64.5311508178711,4.732360363006592,3.6700000762939453,1921.219970703125
2015-09-08,,66.60213470458984,4.7303853034973145,3.6700000762939453,1969.4100341796875
2015-09-09,,65.90206909179688,4.71260929107666,3.619999885559082,1942.0400390625
2015-09-10,,66.83547973632812,4.777787685394287,3.630000114440918,1952.2900390625
2015-09-11,,67.00076293945312,4.708659648895264,3.5999999046325684,1961.050048828125
2015-09-14,,66.45626831054688,4.686932563781738,3.6500000953674316,1953.030029296875
2015-09-15,,67.45775604248047,4.688908100128174,3.6500000953674316,1978.0899658203125
2015-09-16,,68.33281707763672,4.4815216064453125,3.7799999713897705,1995.31005859375
2015-09-17,,69.0912094116211,4.325488567352295,3.869999885559082,1990.199951171875
2015-09-18,,68.12863159179688,4.2524094581604,3.8399999141693115,1958.030029296875
2015-09-21,,68.62452697753906,4.295861721038818,3.890000104904175,1966.969970703125
2015-09-22,,66.78685760498047,4.228708267211914,3.9600000381469727,1942.739990234375
2015-09-23,,67.53553771972656,4.230682849884033,3.990000009536743,1938.760009765625
2015-09-24,,66.90352630615234,4.145753383636475,4.050000190734863,1932.239990234375
2015-09-25,,67.564697265625,4.206982135772705,4.090000152587891,1931.3399658203125
2015-09-28,,64.61864471435547,4.078599452972412,4.090000152587891,1881.77001953125
2015-09-29,,64.1714096069336,4.01737117767334,3.9600000381469727,1884.0899658203125
2015-09-30,,65.8729019165039,4.141802787780762,4.019999980926514,1920.030029296875
2015-10-01,,65.33814239501953,4.2524094581604,4.090000152587891,1923.8199462890625
2015-10-02,,64.6478271484375,4.323513031005859,4.099999904632568,1951.3599853515625
2015-10-05,,65.71733856201172,4.442019939422607,4.110000133514404,1987.050048828125
2015-10-06,,64.70614624023438,4.388691425323486,4.429999828338623,1979.9200439453125
2015-10-07,,64.27835845947266,4.335363864898682,4.510000228881836,1995.8299560546875
2015-10-08,,63.97693634033203,4.303761959075928,4.730000019073486,2013.4300537109375
2015-10-09,,63.238006591796875,4.363015651702881,4.829999923706055,2014.8900146484375
2015-10-12,,66.22295379638672,4.37091588973999,4.75,2017.4599609375
2015-10-13,,66.52434539794922,4.50324821472168,4.760000228881836,2003.68994140625
2015-10-14,,68.61477661132812,4.414368152618408,5.190000057220459,1994.239990234375
2015-10-15,,69.00369262695312,4.584227561950684,5.590000152587891,2023.8599853515625
2015-10-16,,69.72321319580078,4.71853494644165,5.71999979019165,2033.1099853515625
2015-10-19,,70.28712463378906,4.811365127563477,5.590000152587891,2033.6600341796875
2015-10-20,,70.29683685302734,4.783713340759277,5.820000171661377,2030.77001953125
2015-10-21,,70.77326965332031,4.797539234161377,5.659999847412109,2018.93994140625
2015-10-22,,72.47477722167969,4.807415008544922,5.639999866485596,2052.510009765625
2015-10-23,,72.84425354003906,4.862717628479004,5.760000228881836,2075.14990234375
2015-10-26,,72.02752685546875,4.910120487213135,5.710000038146973,2071.179931640625
2015-10-27,,73.1845474243164,4.756062030792236,5.849999904632568,2065.889892578125
2015-10-28,,74.64299774169922,4.811365127563477,5.769999980926514,2090.35009765625
2015-10-29,,73.9526596069336,4.2484588623046875,5.880000114440918,2089.409912109375
2015-10-30,,70.0732192993164,3.9936699867248535,5.909999847412109,2079.360107421875
2015-11-02,,70.00515747070312,4.035147190093994,5.869999885559082,2104.050048828125
2015-11-03,,69.9079360961914,4.021321773529053,5.800000190734863,2109.7900390625
2015-11-04,,72.23171997070312,4.021321773529053,5.659999847412109,2102.31005859375
2015-11-05,,72.00808715820312,4.050948143005371,5.989999771118164,2099.929931640625
2015-11-06,,70.3746337890625,4.046998023986816,5.960000038146973,2099.199951171875
2015-11-09,,68.97454071044922,4.12797737121582,5.880000114440918,2078.580078125
2015-11-10,,68.86756896972656,4.084525108337402,5.449999809265137,2081.719970703125
2015-11-11,,69.3245620727539,4.106251239776611,5.480000019073486,2075.0
2015-11-12,,69.67457580566406,3.991694450378418,5.730000019073486,2045.969970703125
2015-11-13,,67.95361328125,4.021321773529053,5.659999847412109,2023.0400390625
2015-11-16,,66.10624694824219,3.9383668899536133,5.659999847412109,2053.18994140625
2015-11-17,,66.21320343017578,3.867262840270996,5.739999771118164,2050.43994140625
2015-11-18,,66.52434539794922,3.8850390911102295,5.739999771118164,2083.580078125
2015-11-19,,69.11064147949219,3.8573873043060303,5.650000095367432,2081.239990234375
2015-11-20,,70.41352844238281,3.887014150619507,5.619999885559082,2089.169921875
2015-11-23,,67.06884002685547,3.867262840270996,5.619999885559082,2086.590087890625
2015-11-24,,65.20204162597656,3.8850390911102295,5.679999828338623,2089.139892578125
2015-11-25,,67.58413696289062,3.9225656986236572,5.590000152587891,2088.8701171875
2015-11-27,,66.97161102294922,3.8593626022338867,5.590000152587891,2090.110107421875
2015-11-30,,65.91178131103516,3.778383255004883,5.5,2080.409912109375
2015-12-01,,66.72854614257812,3.8415868282318115,5.860000133514404,2102.6298828125
2015-12-02,,67.41885375976562,3.839611530303955,5.809999942779541,2079.510009765625
2015-12-03,,65.35758209228516,3.806034803390503,5.800000190734863,2049.6201171875
2015-12-04,,68.43003845214844,3.8198602199554443,5.800000190734863,2091.68994140625
2015-12-07,,68.82866668701172,3.784308433532715,5.889999866485596,2077.070068359375
2015-12-08,,69.02312469482422,3.6519761085510254,6.099999904632568,2063.590087890625
2015-12-09,,65.23119354248047,3.7132043838500977,5.840000152587891,2047.6199951171875
2015-12-10,,64.5311508178711,3.687528133392334,5.840000152587891,2052.22998046875
2015-12-11,,65.30899047851562,3.5769219398498535,5.75,2012.3699951171875
2015-12-14,,67.7300033569336,3.574946641921997,5.880000114440918,2021.93994140625
2015-12-15,,70.32601165771484,3.4682910442352295,5.809999942779541,2043.4100341796875
2015-12-16,,70.0440673828125,3.5018677711486816,5.800000190734863,2073.070068359375
2015-12-17,,69.14954376220703,3.428788661956787,5.869999885559082,2041.8900146484375
2015-12-18,,67.06884002685547,3.3715107440948486,5.820000171661377,2005.550048828125
2015-12-21,,66.80630493164062,3.339909076690674,5.690000057220459,2021.1500244140625
2015-12-22,,67.1563491821289,3.302381992340088,5.690000057220459,2038.969970703125
2015-12-23,,66.7382583618164,3.330033302307129,5.809999942779541,2064.2900390625
2015-12-24,,67.03965759277344,3.2846059799194336,5.809999942779541,2060.989990234375
2015-12-28,,67.27301788330078,3.3557097911834717,5.900000095367432,2056.5
2015-12-29,,67.91471862792969,3.4880423545837402,5.940000057220459,2078.360107421875
2015-12-30,,67.72026824951172,3.411012887954712,5.900000095367432,2063.360107421875
2015-12-31,,66.81604766845703,3.4090375900268555,5.900000095367432,2043.93994140625
2016-01-04,,64.26860809326172,3.4070627689361572,5.690000057220459,2012.6600341796875
2016-01-05,,63.14076232910156,3.270780086517334,5.690000057220459,2016.7099609375
2016-01-06,,61.915679931640625,3.108821153640747,4.989999771118164,1990.260009765625
2016-01-07,,60.72947311401367,3.156224012374878,5.099999904632568,1943.0899658203125
2016-01-08,,61.38092041015625,3.1700496673583984,5.369999885559082,1922.030029296875
2016-01-11,,62.43100357055664,3.1641242504119873,5.369999885559082,1923.6700439453125
2016-01-12,,63.80193328857422,3.059443473815918,5.230000019073486,1938.6800537109375
2016-01-13,,61.62398910522461,3.1542487144470215,5.28000020980835,1890.280029296875
2016-01-14,,62.693519592285156,3.1325223445892334,5.300000190734863,1921.8399658203125
2016-01-15,,64.22972869873047,3.0673439502716064,5.300000190734863,1880.3299560546875
2016-01-19,,65.5034408569336,3.361635208129883,5.260000228881836,1881.3299560546875
2016-01-20,,64.99784088134766,3.1226468086242676,5.150000095367432,1859.3299560546875
2016-01-21,,65.17285919189453,3.1720244884490967,5.090000152587891,1868.989990234375
2016-01-22,,67.43830871582031,3.3655853271484375,5.25,1906.9000244140625
2016-01-25,,67.98279571533203,3.2747302055358887,5.46999979019165,1877.0799560546875
2016-01-26,,68.86756896972656,3.3557097911834717,5.570000171661377,1903.6300048828125
2016-01-27,,67.564697265625,3.270780086517334,5.460000038146973,1882.949951171875
2016-01-28,,67.85639190673828,3.2530040740966797,5.420000076293945,1893.3599853515625
2016-01-29,,62.761573791503906,3.470266103744507,5.449999809265137,1940.239990234375
2016-02-01,,62.4212646484375,3.515693426132202,5.449999809265137,1939.3800048828125
2016-02-02,,58.97934341430664,3.618399143218994,5.389999866485596,1903.030029296875
2016-02-03,,57.958438873291016,3.486067056655884,5.440000057220459,1912.530029296875
2016-02-04,,57.10281753540039,3.5769219398498535,5.28000020980835,1915.449951171875
2016-02-05,,53.962303161621094,3.5275442600250244,5.079999923706055,1880.050048828125
2016-02-08,,54.75959396362305,3.572971820831299,4.739999771118164,1853.43994140625
2016-02-09,,56.63612365722656,3.3971872329711914,4.78000020980835,1852.2099609375
2016-02-10,,57.34589767456055,3.3063321113586426,4.860000133514404,1851.8599853515625
2016-02-11,,56.57777786254883,3.2786803245544434,4.53000020980835,1829.0799560546875
2016-02-12,,57.60840606689453,3.2569544315338135,4.199999809265137,1864.780029296875
2016-02-16,,57.715370178222656,3.411012887954712,4.340000152587891,1895.5799560546875
2016-02-17,,58.18207550048828,3.4268136024475098,4.429999828338623,1926.8199462890625
2016-02-18,,56.73334884643555,3.5275442600250244,4.960000038146973,1917.8299560546875
2016-02-19,,57.91954803466797,3.4939675331115723,5.159999847412109,1917.780029296875
2016-02-22,,61.51704025268555,3.6322250366210938,5.170000076293945,1945.5
2016-02-23,,59.81550979614258,3.563096284866333,5.53000020980835,1921.27001953125
2016-02-24,,61.44896697998047,3.557170867919922,5.53000020980835,1929.800048828125
2016-02-25,,62.887969970703125,3.5650711059570312,5.679999828338623,1951.699951171875
2016-02-26,,62.66434097290039,3.2944815158843994,5.909999847412109,1948.050048828125
2016-02-29,,62.46015167236328,3.4347143173217773,5.71999979019165,1932.22998046875
2016-03-01,,63.66581726074219,3.416938066482544,6.070000171661377,1978.3499755859375
2016-03-02,,64.25888061523438,3.460390567779541,5.900000095367432,1986.449951171875
2016-03-03,,63.00465393066406,3.569021463394165,5.880000114440918,1993.4000244140625
2016-03-04,,62.64490509033203,3.594698190689087,5.900000095367432,1999.989990234375
2016-03-07,,61.82817077636719,3.4129879474639893,5.71999979019165,2001.760009765625
2016-03-08,,61.21562194824219,3.4347143173217773,5.71999979019165,1979.260009765625
2016-03-09,,62.149017333984375,3.4623656272888184,5.800000190734863,1989.260009765625
2016-03-10,,61.740665435791016,3.470266103744507,5.900000095367432,1989.5699462890625
2016-03-11,,62.683780670166016,3.5295190811157227,5.960000038146973,2022.18994140625
2016-03-14,,62.99491500854492,3.45446515083313,5.880000114440918,2019.6400146484375
2016-03-15,,63.899147033691406,3.4366893768310547,6.03000020980835,2015.9300537109375
2016-03-16,,64.1714096069336,3.45446515083313,6.010000228881836,2027.219970703125
2016-03-17,,62.87824630737305,3.450515031814575,5.949999809265137,2040.5899658203125
2016-03-18,,62.53794860839844,3.4406394958496094,5.940000057220459,2049.580078125
2016-03-21,,62.1684684753418,3.4248385429382324,6.050000190734863,2051.60009765625
2016-03-22,,62.10042190551758,3.6243245601654053,6.099999904632568,2049.800048828125
2016-03-23,,63.247711181640625,3.578896999359131,6.099999904632568,2036.7099609375
2016-03-24,,62.46015167236328,3.6835780143737793,6.070000171661377,2035.93994140625
2016-03-28,,62.84907531738281,3.6855530738830566,6.070000171661377,2037.050048828125
2016-03-29,,64.20056915283203,3.730980634689331,6.079999923706055,2055.010009765625
2016-03-30,,64.57005310058594,3.5867977142333984,6.28000020980835,2063.949951171875
2016-03-31,,64.27835845947266,3.5058181285858154,6.179999828338623,2059.739990234375
2016-04-01,,64.09362030029297,3.4208884239196777,6.25,2072.780029296875
2016-04-04,,63.918601989746094,3.395211935043335,6.260000228881836,2066.1298828125
2016-04-05,,63.63663864135742,3.3438591957092285,6.03000020980835,2045.1700439453125
2016-04-06,,64.00611114501953,3.3853366374969482,6.03000020980835,2066.659912109375
2016-04-07,,62.158756256103516,3.4643406867980957,6.019999980926514,2041.9100341796875
2016-04-08,,62.46015167236328,3.578896999359131,6.0,2047.5999755859375
2016-04-11,,61.41008758544922,3.612473964691162,6.119999885559082,2041.989990234375
2016-04-12,,61.21562194824219,3.7329556941986084,6.119999885559082,2061.719970703125
2016-04-13,,62.975467681884766,3.7013537883758545,6.119999885559082,2082.419921875
2016-04-14,,63.14076232910156,3.764557361602783,6.119999885559082,2082.780029296875
2016-04-15,,64.98812866210938,3.764557361602783,5.989999771118164,2080.72998046875
2016-04-18,,64.67698669433594,3.796159267425537,6.110000133514404,2094.340087890625
2016-04-19,,64.35613250732422,3.8692378997802734,6.139999866485596,2100.800048828125
2016-04-20,,63.97693634033203,3.9324417114257812,6.110000133514404,2102.39990234375
2016-04-21,,64.34639739990234,3.888989210128784,6.050000190734863,2091.47998046875
2016-04-22,,64.04499053955078,3.8317112922668457,6.010000228881836,2091.580078125
2016-04-25,,64.10334014892578,3.730980634689331,6.010000228881836,2087.7900390625
2016-04-26,,63.51996612548828,3.6974036693573,5.909999847412109,2091.699951171875
2016-04-27,,61.59480667114258,3.5551958084106445,5.909999847412109,2095.14990234375
2016-04-28,,60.593353271484375,3.3774359226226807,5.820000171661377,2075.81005859375
2016-04-29,,60.136383056640625,3.369535446166992,5.730000019073486,2065.300048828125
2016-05-02,,61.147560119628906,3.450515031814575,5.989999771118164,2081.429931640625
2016-05-03,,60.360008239746094,3.4465649127960205,6.010000228881836,2063.3701171875
2016-05-04,,60.165550231933594,3.416938066482544,6.039999961853027,2051.1201171875
2016-05-05,,60.51557159423828,3.4268136024475098,6.039999961853027,2050.6298828125
2016-05-06,,62.1684684753418,3.4564404487609863,5.960000038146973,2057.139892578125
2016-05-09,,62.73241424560547,3.4781665802001953,5.980000019073486,2058.68994140625
2016-05-10,,62.751861572265625,3.472241163253784,6.0,2084.389892578125
2016-05-11,,71.346923828125,3.438664674758911,6.079999923706055,2064.4599609375
2016-05-12,,72.93175506591797,3.515693426132202,6.380000114440918,2064.110107421875
2016-05-13,,73.11650848388672,3.4939675331115723,6.769999980926514,2046.6099853515625
2016-05-16,,74.49716186523438,3.563096284866333,6.789999961853027,2066.659912109375
2016-05-17,,73.05813598632812,3.588772773742676,6.730000019073486,2047.2099609375
2016-05-18,,72.4261703491211,3.6243245601654053,6.710000038146973,2047.6300048828125
2016-05-19,,71.4636001586914,3.638150453567505,6.619999885559082,2040.0400390625
2016-05-20,,71.08440399169922,3.653951406478882,6.75,2052.320068359375
2016-05-23,,71.2107925415039,3.618399143218994,6.960000038146973,2048.0400390625
2016-05-24,,73.26233673095703,3.5867977142333984,7.0,2076.06005859375
2016-05-25,,72.86370086669922,3.618399143218994,7.099999904632568,2090.5400390625
2016-05-26,,73.02898406982422,3.588772773742676,7.099999904632568,2090.10009765625
2016-05-27,,73.6026382446289,3.5551958084106445,7.190000057220459,2099.06005859375
2016-05-31,,74.62355041503906,3.622349500656128,7.360000133514404,2096.949951171875
2016-06-01,,74.49716186523438,3.5986483097076416,7.320000171661377,2099.330078125
2016-06-02,,74.45828247070312,3.5670464038848877,7.46999979019165,2105.260009765625
2016-06-03,,74.24436950683594,3.5828473567962646,7.480000019073486,2099.1298828125
2016-06-06,,74.37074279785156,3.6460506916046143,7.380000114440918,2109.409912109375
2016-06-07,,75.10968780517578,3.72505521774292,7.519999980926514,2112.1298828125
2016-06-08,,74.16656494140625,3.8218352794647217,7.5,2119.1201171875
2016-06-09,,74.13741302490234,3.742831230163574,7.46999979019165,2115.47998046875
2016-06-10,,73.19427490234375,3.653951406478882,7.309999942779541,2096.070068359375
2016-06-13,,72.18309020996094,3.557170867919922,7.230000019073486,2079.06005859375
2016-06-14,,72.45532989501953,3.519643783569336,7.0,2075.320068359375
2016-06-15,,72.32893371582031,3.5117433071136475,7.010000228881836,2071.5
2016-06-16,,72.92205810546875,3.4900171756744385,6.96999979019165,2077.989990234375
2016-06-17,,72.45532989501953,3.4781665802001953,7.010000228881836,2071.219970703125
2016-06-20,,73.22346496582031,3.5453202724456787,7.53000020980835,2083.25
2016-06-21,,73.41790008544922,3.553220748901367,7.440000057220459,2088.89990234375
2016-06-22,,72.72757720947266,3.4959425926208496,7.460000038146973,2085.449951171875
2016-06-23,,73.94295501708984,3.5216188430786133,7.550000190734863,2113.320068359375
2016-06-24,,71.18163299560547,3.4090375900268555,7.199999809265137,2037.4100341796875
2016-06-27,,69.51901245117188,3.320157766342163,6.78000020980835,2000.5400390625
2016-06-28,,70.58854675292969,3.383361577987671,7.21999979019165,2036.0899658203125
2016-06-29,,71.69696807861328,3.5117433071136475,7.309999942779541,2070.77001953125
2016-06-30,,73.66099548339844,3.5117433071136475,7.260000228881836,2098.860107421875
2016-07-01,,73.7679672241211,3.5058181285858154,7.460000038146973,2102.949951171875
2016-07-05,,73.78738403320312,3.4564404487609863,7.320000171661377,2088.550048828125
2016-07-06,,74.61383056640625,3.482116937637329,7.239999771118164,2099.72998046875
2016-07-07,,74.49716186523438,3.715179681777954,7.400000095367432,2097.89990234375
2016-07-08,,76.09172821044922,4.094400405883789,7.480000019073486,2129.89990234375
2016-07-11,,76.97649383544922,5.471051216125488,7.630000114440918,2137.159912109375
2016-07-12,,77.30709075927734,5.449325084686279,7.480000019073486,2152.139892578125
2016-07-13,,75.46944427490234,5.239964008331299,7.489999771118164,2152.429931640625
2016-07-14,,75.88754272460938,6.033957481384277,7.46999979019165,2163.75
2016-07-15,,75.67362976074219,6.5929131507873535,7.400000095367432,2161.739990234375
2016-07-18,,76.09172821044922,7.3809814453125,7.539999961853027,2166.889892578125
2016-07-19,,74.38048553466797,7.080765247344971,7.800000190734863,2163.780029296875
2016-07-20,,74.57495880126953,6.679818153381348,8.34000015258789,2173.02001953125
2016-07-21,,73.29151153564453,6.403303146362305,7.920000076293945,2165.169921875
2016-07-22,,74.21517944335938,5.727815628051758,7.699999809265137,2175.030029296875
2016-07-25,,74.76941680908203,5.0661540031433105,7.650000095367432,2168.47998046875
2016-07-26,,74.71105194091797,5.439449310302734,7.710000038146973,2169.179931640625
2016-07-27,,74.54576873779297,5.182685375213623,7.900000095367432,2166.580078125
2016-07-28,,74.16656494140625,4.939746856689453,8.1899995803833,2170.06005859375
2016-07-29,,74.2054672241211,5.091830730438232,8.149999618530273,2173.60009765625
2016-08-01,,74.50688934326172,5.036527156829834,8.09000015258789,2170.840087890625
2016-08-02,,74.65272521972656,5.040477752685547,8.140000343322754,2157.030029296875
2016-08-03,,76.45145416259766,5.210337162017822,7.940000057220459,2163.7900390625
2016-08-04,,76.06256103515625,5.20441198348999,8.239999771118164,2164.25
2016-08-05,,77.6279525756836,5.099730968475342,8.300000190734863,2182.8701171875
2016-08-08,,77.07373046875,5.141208171844482,8.09000015258789,2180.889892578125
2016-08-09,,76.50982666015625,5.5145039558410645,8.289999961853027,2181.739990234375
2016-08-10,,76.39312744140625,5.583632469177246,8.0,2175.489990234375
2016-08-11,,75.69305419921875,5.595483303070068,8.239999771118164,2185.7900390625
2016-08-12,,75.28470611572266,5.417723655700684,8.109999656677246,2184.050048828125
2016-08-15,,77.27790832519531,5.368345260620117,8.199999809265137,2190.14990234375
2016-08-16,,75.88754272460938,5.332793712615967,8.180000305175781,2178.14990234375
2016-08-17,,77.55987548828125,5.532279968261719,7.96999979019165,2182.219970703125
2016-08-18,,78.73636627197266,5.644860744476318,8.029999732971191,2187.02001953125
2016-08-19,,79.4947509765625,5.49672794342041,8.039999961853027,2183.8701171875
2016-08-22,,79.23223876953125,5.587583065032959,8.010000228881836,2182.639892578125
2016-08-23,,80.02950286865234,5.532279968261719,7.960000038146973,2186.89990234375
2016-08-24,,80.1364517211914,5.439449310302734,7.920000076293945,2175.43994140625
2016-08-25,,79.29058837890625,5.423648834228516,7.920000076293945,2172.469970703125
2016-08-26,,78.95999145507812,5.313042640686035,7.75,2169.0400390625
2016-08-29,,79.25169372558594,5.397972583770752,7.800000190734863,2180.3798828125
2016-08-30,,79.46558380126953,5.3367438316345215,7.809999942779541,2176.1201171875
2016-08-31,,78.97943115234375,5.388096809387207,7.75,2170.949951171875
2016-09-01,,79.4947509765625,5.532279968261719,7.980000019073486,2170.860107421875
2016-09-02,,81.14763641357422,5.696214199066162,7.920000076293945,2179.97998046875
2016-09-06,,81.54629516601562,5.5698065757751465,8.210000038146973,2186.47998046875
2016-09-07,,80.45732879638672,7.173595428466797,8.300000190734863,2186.159912109375
2016-09-08,,79.8836441040039,6.691668510437012,8.149999618530273,2181.300048828125
2016-09-09,,77.64739990234375,6.49810791015625,8.010000228881836,2127.81005859375
2016-09-12,,78.6002197265625,6.5474853515625,8.010000228881836,2159.0400390625
2016-09-13,,78.62940979003906,6.1919660568237305,7.820000171661377,2127.02001953125
2016-09-14,,78.59051513671875,6.241343975067139,7.920000076293945,2125.77001953125
2016-09-15,,81.06013488769531,6.539585113525391,8.0,2147.260009765625
2016-09-16,,80.59344482421875,6.4586052894592285,7.849999904632568,2139.159912109375
2016-09-19,,80.47673797607422,6.492182731628418,7.760000228881836,2139.1201171875
2016-09-20,,80.69065856933594,6.612664222717285,7.75,2139.760009765625
2016-09-21,,81.1573715209961,6.596863269805908,7.590000152587891,2163.1201171875
2016-09-22,,80.86568450927734,6.6640167236328125,7.659999847412109,2177.179931640625
2016-09-23,,81.92546844482422,6.61661434173584,7.690000057220459,2164.68994140625
2016-09-26,,81.18651580810547,6.513908863067627,7.460000038146973,2146.10009765625
2016-09-27,,82.83943939208984,6.598838806152344,7.5,2159.929931640625
2016-09-28,,82.64495849609375,6.6640167236328125,7.679999828338623,2171.3701171875
2016-09-29,,81.92546844482422,6.559336185455322,7.550000190734863,2151.1298828125
2016-09-30,,83.03390502929688,6.513908863067627,7.519999980926514,2168.27001953125
2016-10-03,,83.04363250732422,6.417128562927246,7.699999809265137,2161.199951171875
2016-10-04,,83.18946838378906,6.298621654510498,7.599999904632568,2150.489990234375
2016-10-05,,83.10195922851562,6.427003860473633,7.519999980926514,2159.72998046875
2016-10-06,,82.23662567138672,6.280846118927002,7.429999828338623,2160.77001953125
2016-10-07,,81.48795318603516,6.355899810791016,7.309999942779541,2153.739990234375
2016-10-10,,82.3921890258789,6.403303146362305,7.429999828338623,2163.659912109375
2016-10-11,,81.06013488769531,6.25516939163208,7.429999828338623,2136.72998046875
2016-10-12,,80.24341583251953,6.164314270019531,7.059999942779541,2139.179931640625
2016-10-13,,79.4947509765625,6.166289329528809,6.989999771118164,2132.550048828125
2016-10-14,,80.30175018310547,6.324297904968262,7.010000228881836,2132.97998046875
2016-10-17,,80.03923034667969,6.168264389038086,7.010000228881836,2126.5
2016-10-18,,81.6823959350586,6.247269153594971,7.059999942779541,2139.60009765625
2016-10-19,,80.46702575683594,6.239368438720703,7.03000020980835,2144.2900390625
2016-10-20,,80.23368072509766,6.39342737197876,6.909999847412109,2141.340087890625
2016-10-21,,80.57398223876953,6.0181565284729,6.940000057220459,2141.159912109375
2016-10-24,,81.81852722167969,5.745591163635254,6.800000190734863,2151.330078125
2016-10-25,,80.64205169677734,5.842371463775635,6.800000190734863,2143.159912109375
2016-10-26,,80.29203796386719,5.536229610443115,6.730000019073486,2139.429931640625
2016-10-27,,80.42813873291016,5.856197357177734,6.650000095367432,2133.0400390625
2016-10-28,,77.24876403808594,5.958902835845947,6.760000228881836,2126.409912109375
2016-10-31,,76.34451293945312,5.9431023597717285,6.739999771118164,2126.14990234375
2016-11-01,,75.683349609375,5.945077419281006,6.739999771118164,2111.719970703125
2016-11-02,,76.9278793334961,5.974703788757324,6.659999847412109,2097.93994140625
2016-11-03,,78.28910064697266,5.990505218505859,6.5,2088.659912109375
2016-11-04,,77.99742126464844,5.812745571136475,6.980000019073486,2085.179931640625
2016-11-07,,78.8335952758789,5.826570987701416,6.800000190734863,2131.52001953125
2016-11-08,,79.23223876953125,5.773242950439453,6.860000133514404,2139.56005859375
2016-11-09,,77.23902893066406,5.686338424682617,6.869999885559082,2163.260009765625
2016-11-10,,74.66243743896484,5.676462650299072,6.840000152587891,2167.47998046875
2016-11-11,,75.30416107177734,5.621159553527832,6.639999866485596,2164.449951171875
2016-11-14,,74.26380157470703,5.613259315490723,6.550000190734863,2164.199951171875
2016-11-15,,75.46944427490234,5.68436336517334,6.610000133514404,2180.389892578125
2016-11-16,,76.64593505859375,5.757441997528076,6.78000020980835,2176.93994140625
2016-11-17,,77.4140396118164,5.952977657318115,6.699999809265137,2187.1201171875
2016-11-18,,76.80149841308594,6.022106647491455,6.960000038146973,2181.89990234375
2016-11-21,,76.09172821044922,6.178140640258789,6.96999979019165,2198.179931640625
2016-11-22,,75.59587097167969,6.300597190856934,6.940000057220459,2202.93994140625
2016-11-23,,77.1515121459961,6.320348262786865,6.840000152587891,2204.719970703125
2016-11-25,,76.97649383544922,6.120862007141113,6.949999809265137,2213.35009765625
2016-11-28,,76.5487060546875,6.158389091491699,6.909999847412109,2201.719970703125
2016-11-29,,79.11553192138672,6.166289329528809,6.889999866485596,2204.659912109375
2016-11-30,,77.0445556640625,6.089260578155518,6.920000076293945,2198.81005859375
2016-12-01,,73.48596954345703,5.98260498046875,6.699999809265137,2191.080078125
2016-12-02,,73.75821685791016,5.848297119140625,6.650000095367432,2191.949951171875
2016-12-05,,75.30416107177734,5.911500930786133,6.610000133514404,2204.7099609375
2016-12-06,,74.7402114868164,6.053708553314209,6.559999942779541,2212.22998046875
2016-12-07,,75.79031372070312,6.120862007141113,6.699999809265137,2241.35009765625
2016-12-08,,75.62500762939453,6.189990997314453,6.699999809265137,2246.18994140625
2016-12-09,,76.56814575195312,6.340099334716797,6.769999980926514,2259.530029296875
2016-12-12,,78.38633728027344,6.3381242752075195,6.650000095367432,2256.9599609375
2016-12-13,,78.52246856689453,6.166289329528809,6.820000171661377,2271.719970703125
2016-12-14,,78.464111328125,5.994455337524414,6.739999771118164,2253.280029296875
2016-12-15,,79.25169372558594,5.798919677734375,6.690000057220459,2262.030029296875
2016-12-16,,77.30709075927734,5.354519844055176,6.789999961853027,2258.070068359375
2016-12-19,,77.29737091064453,5.14318323135376,6.900000095367432,2262.530029296875
2016-12-20,,77.29737091064453,5.216262340545654,6.900000095367432,2270.760009765625
2016-12-21,,77.45294952392578,5.081954479217529,6.920000076293945,2265.179931640625
2016-12-22,,77.57933807373047,4.860742568969727,6.920000076293945,2260.9599609375
2016-12-23,,78.43495178222656,4.945672035217285,6.920000076293945,2263.7900390625
2016-12-27,,78.8335952758789,5.151083469390869,6.889999866485596,2268.8798828125
2016-12-28,,78.15298461914062,5.087880611419678,6.980000019073486,2249.919921875
2016-12-29,,77.9390640258789,5.123432636260986,7.050000190734863,2249.260009765625
2016-12-30,,76.577880859375,5.1254072189331055,7.039999961853027,2238.830078125
2017-01-03,,76.97649383544922,5.172809600830078,7.039999961853027,2257.830078125
2017-01-04,,78.39602661132812,5.166884422302246,6.840000152587891,2270.75
2017-01-05,,76.77232360839844,5.103681564331055,6.840000152587891,2269.0
2017-01-06,,76.82093048095703,5.135282516479492,6.610000133514404,2276.97998046875
2017-01-09,,76.46119689941406,5.151083469390869,6.400000095367432,2268.89990234375
2017-01-10,,76.6653823852539,5.332793712615967,6.489999771118164,2268.89990234375
2017-01-11,,76.83064270019531,5.425623893737793,6.489999771118164,2275.320068359375
2017-01-12,,77.39457702636719,5.451300144195557,6.5,2270.43994140625
2017-01-13,,78.12381744384766,5.105656623840332,6.610000133514404,2274.639892578125
2017-01-17,,78.00714111328125,5.158984184265137,6.53000020980835,2267.889892578125
2017-01-18,,78.298828125,5.079979419708252,6.400000095367432,2271.889892578125
2017-01-19,,78.15298461914062,5.160958766937256,6.5,2263.68994140625
2017-01-20,,77.90018463134766,5.087880611419678,6.590000152587891,2271.31005859375
2017-01-23,,77.66682434082031,5.12935733795166,6.619999885559082,2265.199951171875
2017-01-24,,78.27937316894531,5.127382278442383,6.46999979019165,2280.070068359375
2017-01-25,,79.22250366210938,5.1846604347229,6.559999942779541,2298.3701171875
2017-01-26,,79.43640899658203,5.0977559089660645,6.449999809265137,2296.679931640625
2017-01-27,,80.85597229003906,5.014801502227783,6.449999809265137,2294.68994140625
2017-01-30,,81.51712036132812,5.01875114440918,6.369999885559082,2280.89990234375
2017-01-31,,81.11849212646484,4.884443759918213,6.550000190734863,2278.8701171875
2017-02-01,,80.70040893554688,4.937771797180176,6.599999904632568,2279.550048828125
2017-02-02,,80.2239761352539,4.95554780960083,6.599999904632568,2280.85009765625
2017-02-03,,79.0280532836914,5.273540496826172,6.769999980926514,2297.419921875
2017-02-06,,79.26139068603516,5.216262340545654,6.639999866485596,2292.56005859375
2017-02-07,,79.93229675292969,5.1096062660217285,6.630000114440918,2293.080078125
2017-02-08,,79.22250366210938,5.1096062660217285,6.650000095367432,2294.669921875
2017-02-09,,80.95317077636719,5.14318323135376,6.590000152587891,2307.8701171875
2017-02-10,,83.78255462646484,5.141208171844482,7.260000228881836,2316.10009765625
2017-02-13,,83.92840576171875,5.0977559089660645,7.449999809265137,2328.25
2017-02-14,,83.67560577392578,5.040477752685547,7.429999828338623,2337.580078125
2017-02-15,,85.51323699951172,4.8923444747924805,7.369999885559082,2349.25
2017-02-16,,85.41600799560547,5.01085090637207,7.389999866485596,2347.219970703125
2017-02-17,,84.8812484741211,5.070104122161865,7.389999866485596,2351.159912109375
2017-02-21,,85.11463165283203,5.050353050231934,7.28000020980835,2365.3798828125
2017-02-22,,84.95903778076172,5.072079181671143,7.400000095367432,2362.820068359375
2017-02-23,,84.24927520751953,5.054303169250488,7.429999828338623,2363.81005859375
2017-02-24,,84.14228820800781,5.172809600830078,7.329999923706055,2367.340087890625
2017-02-27,,84.58956909179688,5.20441198348999,7.360000133514404,2369.75
2017-02-28,,84.10342407226562,5.157009124755859,7.309999942779541,2363.639892578125
2017-03-01,,85.3868408203125,5.099730968475342,7.639999866485596,2395.9599609375
2017-03-02,,84.59929656982422,4.951597690582275,7.659999847412109,2381.919921875
2017-03-03,,84.82292175292969,5.14318323135376,7.619999885559082,2383.1201171875
2017-03-06,,84.72567749023438,5.281440734863281,7.619999885559082,2375.31005859375
2017-03-07,,85.85354614257812,5.463150978088379,7.610000133514404,2368.389892578125
2017-03-08,,86.53414154052734,5.384146690368652,7.610000133514404,2362.97998046875
2017-03-09,,86.56330871582031,5.305142402648926,7.630000114440918,2364.8701171875
2017-03-10,,87.32170104980469,5.30316686630249,7.800000190734863,2372.60009765625
2017-03-13,,88.21622467041016,5.364395618438721,7.840000152587891,2373.469970703125
2017-03-14,,88.38150787353516,5.332793712615967,7.800000190734863,2365.449951171875
2017-03-15,,88.97459411621094,5.411798000335693,7.769999980926514,2385.260009765625
2017-03-16,,87.7009048461914,5.478951454162598,7.860000133514404,2381.3798828125
2017-03-17,,87.10780334472656,5.7376909255981445,8.0,2378.25
2017-03-20,,86.68974304199219,5.808794975280762,7.980000019073486,2373.469970703125
2017-03-21,,85.96049499511719,5.735715866088867,7.940000057220459,2344.02001953125
2017-03-22,,86.2813491821289,6.114936828613281,8.010000228881836,2348.449951171875
2017-03-23,,86.15496063232422,6.024081707000732,8.100000381469727,2345.9599609375
2017-03-24,,86.87445068359375,5.968778610229492,8.170000076293945,2343.97998046875
2017-03-27,,86.55359649658203,6.016181468963623,8.289999961853027,2341.590087890625
2017-03-28,,87.25365447998047,5.877923965454102,8.359999656677246,2358.570068359375
2017-03-29,,87.29254150390625,5.8996500968933105,8.359999656677246,2361.1298828125
2017-03-30,,87.75924682617188,5.757441997528076,8.359999656677246,2368.06005859375
2017-03-31,,87.03974914550781,5.7317657470703125,8.449999809265137,2362.719970703125
2017-04-03,,86.64109802246094,5.917426109313965,8.420000076293945,2358.840087890625
2017-04-04,,86.8064193725586,5.787068843841553,8.489999771118164,2360.159912109375
2017-04-05,,85.95076751708984,5.787068843841553,8.489999771118164,2352.949951171875
2017-04-06,,86.10635375976562,5.883849620819092,8.539999961853027,2357.489990234375
2017-04-07,,86.27164459228516,5.7594170570373535,8.649999618530273,2355.5400390625
2017-04-10,,86.2813491821289,5.7317657470703125,8.569999694824219,2357.159912109375
2017-04-11,,87.1953125,5.7475666999816895,8.59000015258789,2353.780029296875
2017-04-12,,87.45781707763672,5.755466938018799,8.600000381469727,2344.929931640625
2017-04-13,,86.55359649658203,5.725840091705322,8.609999656677246,2328.949951171875
2017-04-17,,86.73834991455078,6.016181468963623,8.6899995803833,2349.010009765625
2017-04-18,,86.72860717773438,6.041857719421387,8.6899995803833,2342.18994140625
2017-04-19,,87.16614532470703,6.1919660568237305,8.59000015258789,2338.169921875
2017-04-20,,88.68290710449219,6.1050615310668945,8.8100004196167,2355.840087890625
2017-04-21,,89.39271545410156,6.107036590576172,8.710000038146973,2348.68994140625
2017-04-24,,90.23859405517578,6.142588138580322,9.109999656677246,2374.14990234375
2017-04-25,,90.4135971069336,6.251219272613525,9.4399995803833,2388.610107421875
2017-04-26,,90.90947723388672,6.1327128410339355,9.510000228881836,2387.449951171875
2017-04-27,,91.62897491455078,5.925326347351074,9.579999923706055,2388.77001953125
2017-04-28,,92.1928939819336,6.257144451141357,9.449999809265137,2384.199951171875
2017-05-01,,92.16374969482422,6.251219272613525,9.4399995803833,2388.330078125
2017-05-02,,91.63868713378906,6.233443260192871,9.720000267028809,2391.169921875
2017-05-03,,91.50257110595703,6.239368438720703,9.6899995803833,2388.1298828125
2017-05-04,,92.13457489013672,6.25516939163208,9.90999984741211,2389.52001953125
2017-05-05,,93.08744812011719,6.367750644683838,10.050000190734863,2399.2900390625
2017-05-08,,93.07769012451172,6.330223560333252,9.819999694824219,2399.3798828125
2017-05-09,,93.34992980957031,6.26899528503418,9.819999694824219,2396.919921875
2017-05-10,,105.1633071899414,6.403303146362305,10.0,2399.6298828125
2017-05-11,,105.5716781616211,6.3973774909973145,10.029999732971191,2394.43994140625
2017-05-12,,106.06752014160156,6.395401954650879,10.449999809265137,2390.89990234375
2017-05-15,,107.82740020751953,6.480331897735596,10.920000076293945,2402.320068359375
2017-05-16,,108.66357421875,6.523784160614014,10.970000267028809,2400.669921875
2017-05-17,,102.32418823242188,6.604763984680176,10.34000015258789,2357.030029296875
2017-05-18,,103.96739959716797,6.723270416259766,10.369999885559082,2365.719970703125
2017-05-19,,104.65771484375,6.744996070861816,10.680000305175781,2381.72998046875
2017-05-22,,105.3869400024414,6.772647857666016,10.600000381469727,2394.02001953125
2017-05-23,,105.9897689819336,6.871403694152832,10.880000114440918,2398.419921875
2017-05-24,,109.19833374023438,7.021512031555176,10.850000381469727,2404.389892578125
2017-05-25,,110.67622375488281,7.100516319274902,10.84000015258789,2415.070068359375
2017-05-26,,109.02330017089844,7.416533470153809,10.760000228881836,2415.820068359375
2017-05-30,,109.72337341308594,7.5409650802612305,10.979999542236328,2412.909912109375
2017-05-31,,110.19004821777344,7.471836566925049,11.170000076293945,2411.800048828125
2017-06-01,,110.71510314941406,7.321728229522705,11.319999694824219,2430.06005859375
2017-06-02,,111.34708404541016,7.473811626434326,11.350000381469727,2439.070068359375
2017-06-05,,111.51239776611328,7.720699787139893,11.260000228881836,2436.10009765625
2017-06-06,,110.54010009765625,7.9419121742248535,11.25,2429.330078125
2017-06-07,,112.17355346679688,7.685148239135742,11.300000190734863,2433.139892578125
2017-06-08,,111.12346649169922,7.722675323486328,11.210000038146973,2433.7900390625
2017-06-09,,107.39957427978516,7.590342998504639,11.180000305175781,2431.77001953125
2017-06-12,,105.88282775878906,7.629845142364502,10.609999656677246,2429.389892578125
2017-06-13,,106.93289184570312,7.752302169799805,10.989999771118164,2440.35009765625
2017-06-14,,106.97177124023438,7.827355861663818,11.029999732971191,2437.919921875
2017-06-15,,107.4676284790039,8.009066581726074,11.100000381469727,2432.4599609375
2017-06-16,,107.44818115234375,7.9972147941589355,11.180000305175781,2433.14990234375
2017-06-19,,110.50121307373047,8.202627182006836,11.489999771118164,2453.4599609375
2017-06-20,,110.32618713378906,8.232254028320312,11.220000267028809,2437.030029296875
2017-06-21,,110.03447723388672,8.218427658081055,11.229999542236328,2435.610107421875
2017-06-22,,109.49971771240234,8.30533218383789,11.390000343322754,2434.5
2017-06-23,,107.79823303222656,8.534444808959961,11.619999885559082,2438.300048828125
2017-06-26,,108.76078796386719,8.739856719970703,11.59000015258789,2439.070068359375
2017-06-27,,105.31888580322266,8.658876419067383,11.390000343322754,2419.3798828125
2017-06-28,,105.79531860351562,8.427789688110352,11.460000038146973,2440.68994140625
2017-06-29,,103.72431182861328,8.287556648254395,11.1899995803833,2419.699951171875
2017-06-30,,102.79093933105469,8.259905815124512,11.34000015258789,2423.409912109375
2017-07-03,,102.49921417236328,8.03869342803955,11.180000305175781,2429.010009765625
2017-07-05,,103.80209350585938,7.728600978851318,11.260000228881836,2432.5400390625
2017-07-06,,102.82008361816406,7.578492164611816,11.100000381469727,2409.75
2017-07-07,,104.47296905517578,7.712799549102783,11.029999732971191,2425.179931640625
2017-07-10,,104.85215759277344,7.92216157913208,11.140000343322754,2427.429931640625
2017-07-11,,105.41610717773438,7.79180383682251,11.100000381469727,2425.530029296875
2017-07-12,,107.61347198486328,7.898460388183594,11.239999771118164,2443.25
2017-07-13,,105.96057891845703,7.874758720397949,11.199999809265137,2447.830078125
2017-07-14,,105.97028350830078,7.86685848236084,11.279999732971191,2459.27001953125
2017-07-17,,106.40784454345703,7.785878658294678,11.260000228881836,2459.139892578125
2017-07-18,,107.22457885742188,8.056468963623047,11.399999618530273,2460.610107421875
2017-07-19,,108.4885482788086,8.283605575561523,12.359999656677246,2473.830078125
2017-07-20,,108.86773681640625,8.202627182006836,12.4399995803833,2473.449951171875
2017-07-21,,109.11083221435547,8.238179206848145,12.5,2472.5400390625
2017-07-24,,110.59844207763672,8.064369201660156,12.550000190734863,2469.909912109375
2017-07-25,,110.51092529296875,7.777978420257568,12.640000343322754,2477.1298828125
2017-07-26,,114.73068237304688,8.24410343170166,13.1899995803833,2477.830078125
2017-07-27,,114.34176635742188,8.364585876464844,12.789999961853027,2475.419921875
2017-07-28,,114.9737548828125,8.372485160827637,12.600000381469727,2472.10009765625
2017-07-31,,113.50556945800781,8.386311531066895,12.619999885559082,2470.300048828125
2017-08-01,,113.68057250976562,8.309282302856445,12.6899995803833,2476.35009765625
2017-08-02,,113.59308624267578,8.366560935974121,12.5,2477.570068359375
2017-08-03,,115.55712127685547,8.37051010131836,12.630000114440918,2472.159912109375
2017-08-04,,113.9722900390625,8.384336471557617,12.819999694824219,2476.830078125
2017-08-07,,113.719482421875,8.467291831970215,12.8100004196167,2480.909912109375
2017-08-08,,113.27224731445312,8.479142189025879,12.760000228881836,2474.919921875
2017-08-09,,112.8930435180664,8.346809387207031,12.729999542236328,2474.02001953125
2017-08-10,,110.83177947998047,8.020916938781738,12.65999984741211,2438.2099609375
2017-08-11,,112.25131225585938,8.117697715759277,12.529999732971191,2441.320068359375
2017-08-14,,113.86532592773438,8.111771583557129,12.630000114440918,2465.840087890625
2017-08-15,,114.17646789550781,8.180900573730469,12.710000038146973,2464.610107421875
2017-08-16,,115.94603729248047,8.222378730773926,12.920000076293945,2468.110107421875
2017-08-17,,113.24308776855469,8.139422416687012,12.850000381469727,2430.010009765625
2017-08-18,,113.64171600341797,8.147323608398438,12.899999618530273,2425.550048828125
2017-08-21,,113.6028060913086,8.082145690917969,12.920000076293945,2428.3701171875
2017-08-22,,115.73214721679688,8.180900573730469,13.050000190734863,2452.510009765625
2017-08-23,,114.90570068359375,8.117697715759277,12.920000076293945,2444.0400390625
2017-08-24,,114.55567169189453,8.117697715759277,12.899999618530273,2438.969970703125
2017-08-25,,113.6903305053711,8.135473251342773,13.0600004196167,2443.050048828125
2017-08-28,,115.4404525756836,8.338909149169922,13.149999618530273,2444.239990234375
2017-08-29,,115.92660522460938,8.25595474243164,12.800000190734863,2446.300048828125
2017-08-30,,118.59069061279297,8.176949501037598,12.869999885559082,2457.590087890625
2017-08-31,,118.13370513916016,8.222378730773926,13.329999923706055,2471.64990234375
2017-09-01,,116.00439453125,8.267805099487305,13.350000381469727,2476.550048828125
2017-09-05,,114.93486785888672,8.127572059631348,13.649999618530273,2457.85009765625
2017-09-06,,113.75838470458984,8.117697715759277,13.569999694824219,2465.5400390625
2017-09-07,,115.6349105834961,8.078195571899414,13.800000190734863,2465.10009765625
2017-09-08,,115.00291442871094,8.208552360534668,13.8100004196167,2461.429931640625
2017-09-11,,117.83230590820312,8.342859268188477,14.020000457763672,2488.110107421875
2017-09-12,,117.07391357421875,8.502842903137207,14.109999656677246,2496.47998046875
2017-09-13,,116.2863540649414,8.41396427154541,14.130000114440918,2498.3701171875
2017-09-14,,115.88768768310547,8.50086784362793,14.1899995803833,2495.6201171875
2017-09-15,,116.11133575439453,8.807010650634766,14.180000305175781,2500.22998046875
2017-09-18,,116.6363754272461,8.706279754638672,14.199999809265137,2503.8701171875
2017-09-19,,116.87944030761719,9.233633995056152,14.470000267028809,2506.64990234375
2017-09-20,,117.00585174560547,9.421269416809082,14.279999732971191,2508.239990234375
2017-09-21,,114.7501220703125,9.204007148742676,14.09000015258789,2500.60009765625
2017-09-22,,115.21681213378906,9.010446548461914,14.100000381469727,2502.219970703125
2017-09-25,,111.03595733642578,8.874163627624512,13.510000228881836,2496.659912109375
2017-09-26,,110.76372528076172,8.88996410369873,13.260000228881836,2496.840087890625
2017-09-27,,112.75691223144531,8.984768867492676,13.359999656677246,2507.0400390625
2017-09-28,,113.37920379638672,9.087474822998047,13.520000457763672,2510.06005859375
2017-09-29,,114.78899383544922,9.075624465942383,13.760000228881836,2519.360107421875
2017-10-02,,114.68206787109375,9.115126609802246,13.890000343322754,2529.1201171875
2017-10-03,,114.6917953491211,9.180304527282715,14.069999694824219,2534.580078125
2017-10-04,,115.2751693725586,9.233633995056152,14.319999694824219,2537.739990234375
2017-10-05,,116.20856475830078,9.490397453308105,14.40999984741211,2552.070068359375
2017-10-06,,116.76277160644531,9.612854957580566,14.720000267028809,2549.330078125
2017-10-09,,115.33349609375,9.573351860046387,14.760000228881836,2544.72998046875
2017-10-10,,114.55567169189453,9.5358247756958,15.1899995803833,2550.639892578125
2017-10-11,,112.834716796875,9.705684661865234,15.390000343322754,2555.239990234375
2017-10-12,,113.8945083618164,9.54372501373291,15.460000038146973,2550.929931640625
2017-10-13,,115.33349609375,9.796540260314941,15.4399995803833,2553.169921875
2017-10-16,,114.22508239746094,9.81234073638916,15.59000015258789,2557.639892578125
2017-10-17,,112.76667022705078,9.614830017089844,15.5,2559.360107421875
2017-10-18,,110.02479553222656,9.38769245147705,15.760000228881836,2561.260009765625
2017-10-19,,109.937255859375,9.48644733428955,15.65999984741211,2562.10009765625
2017-10-20,,110.47203063964844,9.539774894714355,15.5,2575.2099609375
2017-10-23,,110.51092529296875,9.579277992248535,15.4399995803833,2564.97998046875
2017-10-24,,110.2484130859375,9.620755195617676,15.300000190734863,2569.1298828125
2017-10-25,,111.38597869873047,9.381767272949219,15.569999694824219,2557.14990234375
2017-10-26,,112.62081909179688,9.237584114074707,15.380000114440918,2560.39990234375
2017-10-27,,113.65142822265625,9.413368225097656,15.180000305175781,2581.070068359375
2017-10-30,,114.32231903076172,10.04935359954834,15.100000381469727,2572.830078125
2017-10-31,,116.2863540649414,9.608903884887695,15.239999771118164,2575.260009765625
2017-11-01,,111.29847717285156,9.381767272949219,15.380000114440918,2579.360107421875
2017-11-02,,109.56778717041016,9.32251262664795,15.229999542236328,2579.85009765625
2017-11-03,,110.06365966796875,9.32646369934082,15.550000190734863,2587.840087890625
2017-11-06,,109.34416961669922,9.241534233093262,15.40999984741211,2591.1298828125
2017-11-07,,108.605224609375,9.26523494720459,15.319999694824219,2590.639892578125
2017-11-08,,110.98736572265625,9.468671798706055,16.479999542236328,2594.3798828125
2017-11-09,,108.78996276855469,9.243509292602539,15.9399995803833,2584.6201171875
2017-11-10,,109.62613677978516,9.565451622009277,15.869999885559082,2582.300048828125
2017-11-13,,108.9066390991211,9.612854957580566,15.8100004196167,2584.840087890625
2017-11-14,,109.159423828125,9.757037162780762,16.059999465942383,2578.8701171875
2017-11-15,,108.39132690429688,9.427193641662598,15.949999809265137,2564.6201171875
2017-11-16,,108.50799560546875,9.83209228515625,15.770000457763672,2585.639892578125
2017-11-17,,105.80502319335938,9.806415557861328,15.40999984741211,2578.85009765625
2017-11-20,,104.65771484375,9.887394905090332,15.6899995803833,2582.139892578125
2017-11-21,,104.72577667236328,9.84196662902832,15.960000038146973,2599.030029296875
2017-11-22,,104.3465805053711,9.984174728393555,16.15999984741211,2597.080078125
2017-11-24,,104.94939422607422,10.379197120666504,16.299999237060547,2602.419921875
2017-11-27,,104.02572631835938,10.554980278015137,16.40999984741211,2601.419921875
2017-11-28,,106.43701934814453,10.511528968811035,16.270000457763672,2627.0400390625
2017-11-29,,102.56729125976562,10.053303718566895,15.729999542236328,2626.070068359375
2017-11-30,,103.40343475341797,10.06910514831543,15.289999961853027,2647.580078125
2017-12-01,,103.08258819580078,9.926896095275879,15.550000190734863,2642.219970703125
2017-12-04,,98.0363998413086,9.583229064941406,15.15999984741211,2639.43994140625
2017-12-05,,100.51573944091797,9.431144714355469,15.180000305175781,2629.570068359375
2017-12-06,,100.3212890625,9.557551383972168,15.140000343322754,2629.27001953125
2017-12-07,,101.47833251953125,9.843942642211914,15.380000114440918,2636.97998046875
2017-12-08,,102.35338592529297,9.539774894714355,15.609999656677246,2651.5
2017-12-11,,104.9299545288086,9.67408275604248,15.109999656677246,2659.989990234375
2017-12-12,,104.67716217041016,9.48644733428955,14.699999809265137,2664.110107421875
2017-12-13,,102.61591339111328,9.62470531463623,14.800000190734863,2662.85009765625
2017-12-14,,103.47151184082031,9.4370698928833,14.949999809265137,2652.010009765625
2017-12-15,,106.25228118896484,9.531875610351562,15.010000228881836,2675.81005859375
2017-12-18,,104.36601257324219,9.468671798706055,15.220000267028809,2690.159912109375
2017-12-19,,104.03546142578125,9.294861793518066,15.329999923706055,2681.469970703125
2017-12-20,,105.44525146484375,9.152653694152832,15.34000015258789,2679.25
2017-12-21,,104.97857666015625,9.209932327270508,15.34000015258789,2684.570068359375
2017-12-22,,103.08258819580078,9.219808578491211,15.460000038146973,2683.340087890625
2017-12-26,,102.14920043945312,9.042048454284668,15.399999618530273,2680.5
2017-12-27,,102.31449127197266,9.164504051208496,15.460000038146973,2682.6201171875
2017-12-28,,102.39226531982422,8.96699333190918,15.520000457763672,2687.5400390625
2017-12-29,,102.14920043945312,8.901815414428711,15.319999694824219,2673.610107421875
2018-01-02,,106.41755676269531,9.065750122070312,15.510000228881836,2695.81005859375
2018-01-03,,106.70925903320312,9.271160125732422,15.90999984741211,2713.06005859375
2018-01-04,,104.22018432617188,9.587178230285645,16.06999969482422,2723.989990234375
2018-01-05,,109.27609252929688,9.367940902709961,16.200000762939453,2743.14990234375
2018-01-08,,110.0831069946289,9.39559268951416,16.239999771118164,2747.7099609375
2018-01-09,,109.0719223022461,9.478547096252441,16.700000762939453,2751.2900390625
2018-01-10,,109.13999938964844,9.751111030578613,16.649999618530273,2748.22998046875
2018-01-11,,108.89691925048828,9.818266868591309,17.190000534057617,2767.56005859375
2018-01-12,,109.99559783935547,9.954547882080078,17.049999237060547,2786.239990234375
2018-01-16,,108.81913757324219,9.871594429016113,17.010000228881836,2776.419921875
2018-01-17,,110.00533294677734,10.177735328674316,16.979999542236328,2802.56005859375
2018-01-18,,112.08604431152344,10.406848907470703,16.670000076293945,2798.030029296875
2018-01-19,,112.96112060546875,10.803844451904297,16.850000381469727,2810.300048828125
2018-01-22,,114.72097778320312,10.829521179199219,16.799999237060547,2832.969970703125
2018-01-23,,114.40982055664062,11.040858268737793,16.959999084472656,2839.1298828125
2018-01-24,,111.48321533203125,10.876923561096191,16.950000762939453,2837.5400390625
2018-01-25,,111.3276596069336,10.827546119689941,16.81999969482422,2839.25
2018-01-26,,112.00825500488281,11.062583923339844,16.8700008392334,2872.8701171875
2018-01-29,,114.39038848876953,10.809770584106445,16.649999618530273,2853.530029296875
2018-01-30,,115.4112777709961,10.543129920959473,16.579999923706055,2822.429931640625
2018-01-31,,123.44242858886719,11.273921012878418,17.06999969482422,2823.81005859375
2018-02-01,,124.62862396240234,10.89272403717041,17.190000534057617,2821.97998046875
2018-02-02,,121.07976531982422,10.373271942138672,16.700000762939453,2762.1298828125
2018-02-05,,118.26982879638672,10.169835090637207,15.680000305175781,2648.93994140625
2018-02-06,,119.71855926513672,10.359444618225098,16.600000381469727,2695.139892578125
2018-02-07,,119.64075469970703,10.201436996459961,16.280000686645508,2681.659912109375
2018-02-08,,113.31112670898438,9.737285614013672,15.65999984741211,2581.0
2018-02-09,,117.29752349853516,9.92294692993164,15.449999809265137,2619.550048828125
2018-02-12,,118.8337631225586,10.122432708740234,16.06999969482422,2656.0
2018-02-13,,118.89208221435547,10.22908878326416,16.579999923706055,2662.93994140625
2018-02-14,,120.3408203125,10.432524681091309,16.790000915527344,2698.6298828125
2018-02-15,,122.97572326660156,10.675463676452637,16.770000457763672,2731.199951171875
2018-02-16,,122.52845764160156,10.69521427154541,16.729999542236328,2732.219970703125
2018-02-20,,122.83960723876953,10.714964866638184,16.6200008392334,2716.260009765625
2018-02-21,,121.43952178955078,10.92432689666748,16.649999618530273,2701.330078125
2018-02-22,,121.15753936767578,10.902600288391113,16.40999984741211,2703.9599609375
2018-02-23,,123.57854461669922,11.240344047546387,16.34000015258789,2747.300048828125
2018-02-26,,125.0078353881836,11.33712387084961,16.68000030517578,2779.60009765625
2018-02-27,,122.3145751953125,11.23046875,16.31999969482422,2744.280029296875
2018-02-28,,120.27276611328125,11.267995834350586,16.440000534057617,2713.830078125
2018-03-01,,118.78515625,10.922351837158203,16.270000457763672,2677.669921875
2018-03-02,,121.62422180175781,11.345024108886719,16.030000686645508,2691.25
2018-03-05,,122.60625457763672,10.957902908325195,16.350000381469727,2720.93994140625
2018-03-06,,121.09919738769531,11.163314819335938,16.559999465942383,2728.1201171875
2018-03-07,,123.64661407470703,10.951977729797363,16.559999465942383,2726.800048828125
2018-03-08,,125.25090789794922,11.228493690490723,17.040000915527344,2738.969970703125
2018-03-09,,124.93006134033203,11.317373275756836,17.399999618530273,2786.570068359375
2018-03-12,,124.5702896118164,11.179115295410156,17.520000457763672,2783.02001953125
2018-03-13,,123.06324005126953,11.187016487121582,17.520000457763672,2765.31005859375
2018-03-14,,124.42445373535156,11.159364700317383,17.360000610351562,2749.47998046875
2018-03-15,,125.54257202148438,11.435879707336426,17.389999389648438,2747.330078125
2018-03-16,,124.95919036865234,11.39835262298584,17.110000610351562,2752.010009765625
2018-03-19,,121.96453094482422,11.139613151550293,16.829999923706055,2712.919921875
2018-03-20,,123.33547973632812,11.267995834350586,16.350000381469727,2716.93994140625
2018-03-21,,122.50904083251953,11.262070655822754,17.399999618530273,2711.929931640625
2018-03-22,,119.57271575927734,11.159364700317383,17.25,2643.68994140625
2018-03-23,,118.07536315917969,11.109986305236816,17.399999618530273,2588.260009765625
2018-03-26,,122.93684387207031,11.258119583129883,17.239999771118164,2658.550048828125
2018-03-27,,116.65580749511719,10.932226181030273,17.100000381469727,2612.6201171875
2018-03-28,,116.02384185791016,10.746566772460938,16.729999542236328,2605.0
2018-03-29,,117.88090515136719,10.96382999420166,16.940000534057617,2640.8701171875
2018-04-02,,115.43074035644531,10.884824752807617,16.979999542236328,2581.8798828125
2018-04-03,,116.19886016845703,10.82162094116211,16.889999389648438,2614.449951171875
2018-04-04,,116.78221893310547,10.592508316040039,17.420000076293945,2644.68994140625
2018-04-05,,117.8711929321289,10.47400188446045,18.010000228881836,2662.840087890625
2018-04-06,,115.08068084716797,10.227113723754883,17.850000381469727,2604.469970703125
2018-04-09,,115.56684112548828,10.450300216674805,17.770000457763672,2613.159912109375
2018-04-10,,117.36559295654297,10.414748191833496,18.1200008392334,2656.8701171875
2018-04-11,,115.48908233642578,10.317968368530273,17.940000534057617,2642.18994140625
2018-04-12,,117.73504638671875,10.4246244430542,17.969999313354492,2663.989990234375
2018-04-13,,117.19058227539062,10.35549545288086,18.649999618530273,2656.300048828125
2018-04-16,,118.80459594726562,10.240939140319824,18.84000015258789,2677.840087890625
2018-04-17,,120.8658676147461,10.20736312866211,19.229999542236328,2706.389892578125
2018-04-18,,121.46866607666016,10.233038902282715,19.649999618530273,2708.639892578125
2018-04-19,,119.69911193847656,10.112556457519531,19.649999618530273,2693.1298828125
2018-04-20,,117.54060363769531,10.521404266357422,19.40999984741211,2670.139892578125
2018-04-23,,116.2863540649414,10.556955337524414,19.25,2670.2900390625
2018-04-24,,115.30431365966797,10.274516105651855,19.229999542236328,2634.56005859375
2018-04-25,,113.44725799560547,10.43844985961914,18.989999771118164,2639.39990234375
2018-04-26,,116.2863540649414,10.183661460876465,19.170000076293945,2666.93994140625
2018-04-27,,114.21538543701172,10.35549545288086,19.329999923706055,2669.909912109375
2018-04-30,,114.71123504638672,10.365370750427246,19.059999465942383,2648.050048828125
2018-05-01,,116.50997924804688,10.468076705932617,19.010000228881836,2654.800048828125
2018-05-02,,115.64464569091797,10.274516105651855,19.520000457763672,2635.669921875
2018-05-03,,116.8405532836914,10.383147239685059,19.920000076293945,2629.72998046875
2018-05-04,,120.21440124511719,10.549056053161621,20.079999923706055,2663.419921875
2018-05-07,,120.48664093017578,10.572757720947266,20.200000762939453,2672.6298828125
2018-05-08,,120.45748901367188,10.748541831970215,20.079999923706055,2671.919921875
2018-05-09,,127.38019561767578,10.497703552246094,20.3700008392334,2697.7900390625
2018-05-10,,130.05401611328125,10.300192832946777,20.489999771118164,2723.070068359375
2018-05-11,,129.13034057617188,10.398947715759277,20.530000686645508,2727.719970703125
2018-05-14,,128.85809326171875,10.321917533874512,20.6200008392334,2730.1298828125
2018-05-15,,126.50515747070312,10.272541046142578,20.200000762939453,2711.449951171875
2018-05-16,,127.23438262939453,10.306117057800293,19.989999771118164,2722.4599609375
2018-05-17,,127.18577575683594,10.3693208694458,20.8700008392334,2720.1298828125
2018-05-18,,128.3428192138672,10.1066312789917,20.84000015258789,2712.969970703125
2018-05-21,,129.2275848388672,9.857768058776855,20.450000762939453,2733.010009765625
2018-05-22,,128.51776123046875,9.828141212463379,20.520000457763672,2724.43994140625
2018-05-23,,129.8012237548828,9.717535018920898,20.34000015258789,2733.2900390625
2018-05-24,,127.83720397949219,9.464720726013184,20.950000762939453,2727.760009765625
2018-05-25,,128.19696044921875,9.527924537658691,20.799999237060547,2721.330078125
2018-05-29,,127.6135482788086,9.559526443481445,20.59000015258789,2689.860107421875
2018-05-30,,127.73023986816406,10.14020824432373,21.260000228881836,2724.010009765625
2018-05-31,,127.28302001953125,10.080955505371094,21.729999542236328,2705.27001953125
2018-06-01,,131.93055725097656,9.885419845581055,21.56999969482422,2734.6201171875
2018-06-04,,130.92910766601562,9.292886734008789,21.959999084472656,2746.8701171875
2018-06-05,,133.16539001464844,9.237584114074707,22.3700008392334,2748.800048828125
2018-06-06,,133.1459503173828,8.90576457977295,22.639999389648438,2772.35009765625
2018-06-07,,133.1167755126953,9.146728515625,22.34000015258789,2770.3701171875
2018-06-08,,134.05014038085938,9.385717391967773,22.549999237060547,2779.030029296875
2018-06-11,,135.30441284179688,9.407443046569824,22.899999618530273,2782.0
2018-06-12,,135.9072265625,9.298812866210938,22.709999084472656,2786.85009765625
2018-06-13,,139.31027221679688,8.755657196044922,23.170000076293945,2775.6298828125
2018-06-14,,140.38949584960938,8.406063079833984,23.15999984741211,2782.489990234375
2018-06-15,,142.58689880371094,8.490992546081543,22.81999969482422,2779.659912109375
2018-06-18,,140.84649658203125,8.226327896118164,22.799999237060547,2773.75
2018-06-19,,139.12550354003906,8.074244499206543,22.559999465942383,2762.590087890625
2018-06-20,,139.5630645751953,8.246079444885254,22.709999084472656,2767.320068359375
2018-06-21,,139.18386840820312,8.149298667907715,22.399999618530273,2749.760009765625
2018-06-22,,137.34620666503906,8.184850692749023,22.540000915527344,2754.8798828125
2018-06-25,,136.62672424316406,8.040668487548828,21.709999084472656,2717.070068359375
2018-06-26,,136.48086547851562,8.093996047973633,21.860000610351562,2723.06005859375
2018-06-27,,133.93348693847656,7.8866095542907715,21.940000534057617,2699.6298828125
2018-06-28,,136.73373413085938,8.101896286010742,21.5,2716.31005859375
2018-06-29,,137.1129150390625,8.056468963623047,21.8700008392334,2718.3701171875
2018-07-02,,139.50473022460938,7.951787948608398,21.540000915527344,2726.7099609375
2018-07-03,,137.31704711914062,8.050543785095215,21.489999771118164,2713.219970703125
2018-07-05,,139.26162719726562,7.815505504608154,21.780000686645508,2736.610107421875
2018-07-06,,141.07981872558594,7.776003360748291,21.8700008392334,2759.820068359375
2018-07-09,,140.63259887695312,8.086094856262207,21.940000534057617,2784.169921875
2018-07-10,,140.1950225830078,7.90241003036499,22.649999618530273,2793.840087890625
2018-07-11,,141.68267822265625,7.839206695556641,22.6299991607666,2774.02001953125
2018-07-12,,144.49258422851562,7.896484851837158,23.200000762939453,2798.2900390625
2018-07-13,,144.60923767089844,7.96561336517334,23.229999542236328,2801.31005859375
2018-07-16,,142.61602783203125,8.303357124328613,23.350000381469727,2798.429931640625
2018-07-17,,144.61900329589844,8.25595474243164,24.139999389648438,2809.550048828125
2018-07-18,,144.8037109375,8.05449390411377,24.1200008392334,2815.6201171875
2018-07-19,,143.860595703125,8.182875633239746,24.0,2804.489990234375
2018-07-20,,143.39393615722656,8.212502479553223,24.100000381469727,2801.830078125
2018-07-23,,142.49937438964844,8.078195571899414,23.850000381469727,2806.97998046875
2018-07-24,,140.32147216796875,8.216452598571777,23.700000762939453,2820.39990234375
2018-07-25,,142.4410400390625,8.32508373260498,23.829999923706055,2846.070068359375
2018-07-26,,137.96852111816406,8.331008911132812,23.3799991607666,2837.43994140625
2018-07-27,,130.1026611328125,8.35470962524414,23.139999389648438,2818.820068359375
2018-07-30,,122.71321105957031,8.137447357177734,22.290000915527344,2802.60009765625
2018-07-31,,125.18284606933594,8.427789688110352,22.049999237060547,2816.2900390625
2018-08-01,,123.94803619384766,8.647026062011719,21.90999984741211,2813.360107421875
2018-08-02,,125.0855941772461,8.512718200683594,21.979999542236328,2827.219970703125
2018-08-03,,127.24413299560547,8.544321060180664,22.280000686645508,2840.35009765625
2018-08-06,,125.45509338378906,8.224353790283203,22.010000228881836,2850.39990234375
2018-08-07,,124.55084991455078,8.293481826782227,21.899999618530273,2858.449951171875
2018-08-08,,124.85225677490234,8.212502479553223,21.829999923706055,2857.699951171875
2018-08-09,,124.27860260009766,8.277681350708008,21.899999618530273,2853.580078125
2018-08-10,,127.68167877197266,8.080170631408691,21.469999313354492,2833.280029296875
2018-08-13,,127.68167877197266,8.00511646270752,21.559999465942383,2821.929931640625
2018-08-14,,128.2552490234375,7.9636383056640625,21.06999969482422,2839.9599609375
2018-08-15,,124.50225830078125,7.6871232986450195,20.270000457763672,2818.3701171875
2018-08-16,,126.1162338256836,7.716750144958496,20.3799991607666,2840.68994140625
2018-08-17,,124.46333312988281,7.951787948608398,20.149999618530273,2850.1298828125
2018-08-20,,124.17166137695312,8.238179206848145,20.959999084472656,2857.050048828125
2018-08-21,,123.24797821044922,8.329033851623535,21.239999771118164,2862.9599609375
2018-08-22,,124.08414459228516,8.433714866638184,21.239999771118164,2861.820068359375
2018-08-23,,122.61598205566406,8.311258316040039,21.639999389648438,2856.97998046875
2018-08-24,,125.39674377441406,8.433714866638184,21.93000030517578,2874.68994140625
2018-08-27,,125.39674377441406,8.652952194213867,22.440000534057617,2896.739990234375
2018-08-28,,124.24944305419922,8.601598739624023,22.3799991607666,2897.52001953125
2018-08-29,,124.95919036865234,8.70825481414795,22.149999618530273,2914.0400390625
2018-08-30,,112.7277603149414,8.836636543273926,22.020000457763672,2901.1298828125
2018-08-31,,110.26786041259766,8.878113746643066,21.450000762939453,2901.52001953125
2018-09-04,,110.3747787475586,8.753682136535645,20.809999465942383,2896.719970703125
2018-09-05,,108.45938873291016,8.56999683380127,20.459999084472656,2888.60009765625
2018-09-06,,110.06365966796875,8.502842903137207,20.270000457763672,2878.050048828125
2018-09-07,,111.72628784179688,8.587772369384766,20.299999237060547,2871.679931640625
2018-09-10,,110.07339477539062,8.601598739624023,20.510000228881836,2877.1298828125
2018-09-11,,109.17890167236328,8.694428443908691,21.40999984741211,2887.889892578125
2018-09-12,,109.86921691894531,8.791210174560547,22.25,2888.919921875
2018-09-13,,110.68594360351562,8.611474990844727,21.93000030517578,2904.179931640625
2018-09-14,,111.10400390625,8.41396427154541,22.239999771118164,2904.97998046875
2018-09-17,,109.56778717041016,8.439640045166016,21.950000762939453,2888.800048828125
2018-09-18,,109.5289077758789,8.714179992675781,22.100000381469727,2904.31005859375
2018-09-19,,109.79143524169922,8.816885948181152,21.610000610351562,2907.949951171875
2018-09-20,,110.32618713378906,9.115126609802246,21.989999771118164,2930.75
2018-09-21,,111.8332290649414,9.12697696685791,21.6299991607666,2929.669921875
2018-09-24,,112.0471420288086,9.051923751831055,21.75,2919.3701171875
2018-09-25,,113.0291748046875,9.109201431274414,22.329999923706055,2915.56005859375
2018-09-26,,114.81817626953125,9.030198097229004,22.200000762939453,2905.969970703125
2018-09-27,,116.07244110107422,8.996620178222656,21.8700008392334,2914.0
2018-09-28,,117.15169525146484,8.980818748474121,21.6200008392334,2913.97998046875
2018-10-01,,114.29314422607422,9.156603813171387,24.290000915527344,2924.590087890625
2018-10-02,,113.80699157714844,9.148703575134277,23.030000686645508,2923.429931640625
2018-10-03,,113.16527557373047,8.98674488067627,22.780000686645508,2925.510009765625
2018-10-04,,110.8512191772461,8.72998046875,21.860000610351562,2901.610107421875
2018-10-05,,110.5789794921875,8.91761589050293,21.360000610351562,2885.570068359375
2018-10-08,,107.5551528930664,8.862313270568848,20.530000686645508,2884.429931640625
2018-10-09,,106.45647430419922,8.769482612609863,20.5,2880.340087890625
2018-10-10,,102.23670959472656,8.522594451904297,19.260000228881836,2785.679931640625
2018-10-11,,100.72964477539062,8.45149040222168,20.059999465942383,2728.3701171875
2018-10-12,,103.160400390625,8.71022891998291,20.56999969482422,2767.1298828125
2018-10-15,,102.94647216796875,8.611474990844727,19.950000762939453,2750.7900390625
2018-10-16,,104.44381713867188,8.801084518432617,20.700000762939453,2809.919921875
2018-10-17,,105.77584838867188,8.71022891998291,20.420000076293945,2809.2099609375
2018-10-18,,102.86870574951172,8.577897071838379,19.950000762939453,2768.780029296875
2018-10-19,,99.28092956542969,8.246079444885254,20.190000534057617,2767.780029296875
2018-10-22,,98.55171203613281,8.281630516052246,19.639999389648438,2755.8798828125
2018-10-23,,96.3446044921875,8.226327896118164,19.0,2740.68994140625
2018-10-24,,93.58328247070312,7.91623592376709,18.520000457763672,2656.10009765625
2018-10-25,,95.90706634521484,7.9359869956970215,19.18000030517578,2705.570068359375
2018-10-26,,93.55413055419922,7.67922306060791,19.15999984741211,2658.68994140625
2018-10-29,,88.66348266601562,7.533064365386963,18.8799991607666,2641.25
2018-10-30,,92.20263671875,7.38690710067749,18.209999084472656,2682.6298828125
2018-10-31,,88.45931243896484,7.728600978851318,17.959999084472656,2711.739990234375
2018-11-01,,91.59008026123047,7.779953479766846,17.899999618530273,2740.3701171875
2018-11-02,,89.89830780029297,7.750326633453369,18.639999389648438,2723.06005859375
2018-11-05,,90.1219253540039,7.645646095275879,17.479999542236328,2738.31005859375
2018-11-06,,89.67466735839844,7.683173656463623,17.739999771118164,2755.449951171875
2018-11-07,,91.20117950439453,7.961663246154785,17.899999618530273,2813.889892578125
2018-11-08,,91.26921844482422,8.064369201660156,17.25,2806.830078125
2018-11-09,,86.42718505859375,7.920186519622803,16.3799991607666,2781.010009765625
2018-11-12,,85.23128509521484,7.685148239135742,16.190000534057617,2726.219970703125
2018-11-13,,84.9687728881836,7.649595737457275,16.139999389648438,2722.179931640625
2018-11-14,,83.3839340209961,7.6377458572387695,16.309999465942383,2701.580078125
2018-11-15,,85.80493927001953,7.608119010925293,15.989999771118164,2730.199951171875
2018-11-16,,83.58810424804688,7.110391616821289,16.040000915527344,2736.27001953125
2018-11-19,,80.73929595947266,7.13804292678833,15.350000381469727,2690.72998046875
2018-11-20,,80.71984100341797,6.705494403839111,14.600000381469727,2641.889892578125
2018-11-21,,81.69213104248047,6.877329349517822,15.140000343322754,2649.929931640625
2018-11-23,,80.37953186035156,6.918806076049805,15.170000076293945,2632.56005859375
2018-11-26,,82.57693481445312,7.147918224334717,15.350000381469727,2673.449951171875
2018-11-27,,82.68387603759766,7.1301422119140625,15.079999923706055,2682.169921875
2018-11-28,,83.52005004882812,7.406657695770264,15.380000114440918,2743.7900390625
2018-11-29,,83.9964599609375,7.580467700958252,16.020000457763672,2737.800048828125
2018-11-30,,81.7407455444336,7.479736804962158,16.329999923706055,2760.169921875
2018-12-03,,81.67269134521484,7.584417819976807,16.540000915527344,2790.3701171875
2018-12-04,,78.93082427978516,7.055088520050049,16.06999969482422,2700.06005859375
2018-12-06,,81.55601501464844,7.031386852264404,15.270000457763672,2695.949951171875
2018-12-07,,80.23368072509766,7.08866548538208,15.479999542236328,2633.080078125
2018-12-10,,81.41017150878906,7.169645309448242,15.539999961853027,2637.719970703125
2018-12-11,,81.12821197509766,7.082740306854248,15.430000305175781,2636.780029296875
2018-12-12,,80.69065856933594,7.090640544891357,15.569999694824219,2651.070068359375
2018-12-13,,78.61968994140625,7.104465961456299,15.920000076293945,2650.5400390625
2018-12-14,,77.9390640258789,6.938557147979736,15.680000305175781,2599.949951171875
2018-12-17,,77.03484344482422,6.85955286026001,15.520000457763672,2545.93994140625
2018-12-18,,77.78350830078125,6.812150001525879,15.739999771118164,2546.159912109375
2018-12-19,,76.18895721435547,6.470456600189209,16.06999969482422,2506.9599609375
2018-12-20,,75.29444885253906,6.699568748474121,15.1899995803833,2467.419921875
2018-12-21,,74.44853210449219,6.302572250366211,15.069999694824219,2416.6201171875
2018-12-24,,72.64978790283203,6.227518081665039,15.1899995803833,2351.10009765625
2018-12-26,,75.73196411132812,6.4586052894592285,15.399999618530273,2467.699951171875
2018-12-27,,77.22930908203125,6.49810791015625,15.600000381469727,2488.830078125
2018-12-28,,77.10293579101562,6.509958744049072,15.9399995803833,2485.739990234375
2018-12-31,,76.72371673583984,6.537610054016113,16.170000076293945,2506.85009765625
2019-01-02,,78.14324951171875,6.622539520263672,15.789999961853027,2510.030029296875
2019-01-03,,76.5292739868164,6.567236423492432,14.920000076293945,2447.889892578125
2019-01-04,,82.0810546875,6.646240711212158,15.649999618530273,2531.93994140625
2019-01-07,,85.16322326660156,6.79634952545166,16.219999313354492,2549.68994140625
2019-01-08,,86.55359649658203,6.861527442932129,17.200000762939453,2574.409912109375
2019-01-09,,86.4466552734375,7.011636257171631,17.510000228881836,2584.9599609375
2019-01-10,,88.48846435546875,6.891154766082764,17.90999984741211,2596.639892578125
2019-01-11,,88.18704986572266,6.881278991699219,17.860000610351562,2596.260009765625
2019-01-14,,86.12580108642578,7.0155863761901855,17.559999465942383,2582.610107421875
2019-01-15,,87.01057434082031,7.252599239349365,17.920000076293945,2610.300048828125
2019-01-16,,87.42864227294922,7.252599239349365,17.75,2616.10009765625
2019-01-17,,86.8355712890625,7.5251641273498535,17.489999771118164,2635.9599609375
2019-01-18,,89.95662689208984,7.752302169799805,17.760000228881836,2670.7099609375
2019-01-22,,88.7801513671875,7.509363651275635,17.6299991607666,2632.89990234375
2019-01-23,,86.66053771972656,7.562691688537598,17.719999313354492,2638.699951171875
2019-01-24,,88.9454345703125,7.651571273803711,17.34000015258789,2642.330078125
2019-01-25,,89.19824981689453,7.643670558929443,17.43000030517578,2664.760009765625
2019-01-28,,87.96344757080078,7.307902812957764,17.639999389648438,2643.85009765625
2019-01-29,,84.82292175292969,7.537014961242676,17.700000762939453,2640.0
2019-01-30,,86.75778198242188,7.643670558929443,17.969999313354492,2681.050048828125
2019-01-31,,89.68437957763672,7.355304718017578,17.770000457763672,2704.10009765625
2019-02-01,,88.69266510009766,6.995835304260254,17.540000915527344,2706.530029296875
2019-02-04,,85.97994232177734,7.254574298858643,17.84000015258789,2724.8701171875
2019-02-05,,89.95662689208984,7.078790187835693,18.149999618530273,2737.699951171875
2019-02-06,,77.98768615722656,6.622539520263672,16.469999313354492,2731.610107421875
2019-02-07,,81.7699203491211,6.569211959838867,16.59000015258789,2706.050048828125
2019-02-08,,94.8958740234375,6.494157791137695,15.8100004196167,2707.8798828125
2019-02-11,,94.54585266113281,6.440829277038574,15.5,2709.800048828125
2019-02-12,,99.49482727050781,6.537610054016113,15.119999885559082,2744.72998046875
2019-02-13,,99.41704559326172,6.67784309387207,14.859999656677246,2753.030029296875
2019-02-14,,102.33392333984375,6.656116008758545,15.140000343322754,2745.72998046875
2019-02-15,,103.87987518310547,6.6482157707214355,15.1899995803833,2775.60009765625
2019-02-19,,100.10736846923828,6.588963031768799,15.359999656677246,2779.760009765625
2019-02-20,,95.8973388671875,6.5869879722595215,15.170000076293945,2784.699951171875
2019-02-21,,94.17639923095703,6.90103006362915,14.770000457763672,2774.8798828125
2019-02-22,,93.2624282836914,7.01953649520874,14.890000343322754,2792.669921875
2019-02-25,,93.20408630371094,6.794374465942383,14.890000343322754,2796.110107421875
2019-02-26,,95.77095031738281,6.867453575134277,14.6899995803833,2793.89990234375
2019-02-27,,95.12922668457031,7.027437210083008,14.399999618530273,2792.3798828125
2019-02-28,,93.12631225585938,6.764747619628906,14.40999984741211,2784.489990234375
2019-03-01,,94.7111587524414,6.8477020263671875,14.770000457763672,2803.68994140625
2019-03-04,,94.59446716308594,6.6580915451049805,15.050000190734863,2792.81005859375
2019-03-05,,93.06795501708984,6.725245475769043,14.880000114440918,2789.64990234375
2019-03-06,,92.14430236816406,6.843751430511475,15.09000015258789,2771.449951171875
2019-03-07,,96.60710906982422,6.67784309387207,15.1899995803833,2748.929931640625
2019-03-08,,95.63483428955078,6.596863269805908,15.550000190734863,2743.070068359375
2019-03-11,,96.2959976196289,6.671917915344238,15.319999694824219,2783.300048828125
2019-03-12,,95.85844421386719,6.772647857666016,15.529999732971191,2791.52001953125
2019-03-13,,97.35578155517578,6.887204647064209,15.979999542236328,2810.919921875
2019-03-14,,96.09181213378906,6.705494403839111,16.260000228881836,2808.47998046875
2019-03-15,,96.23763275146484,6.897079944610596,16.81999969482422,2822.47998046875
2019-03-18,,96.8988037109375,7.08866548538208,17.030000686645508,2832.93994140625
2019-03-19,,94.80839538574219,6.936582088470459,17.18000030517578,2832.570068359375
2019-03-20,,94.3416748046875,6.735121250152588,17.899999618530273,2824.22998046875
2019-03-21,,101.97415924072266,6.800299644470215,18.360000610351562,2854.8798828125
2019-03-22,,99.50457000732422,6.735121250152588,17.989999771118164,2800.7099609375
2019-03-25,,98.91146087646484,6.899055004119873,17.899999618530273,2798.360107421875
2019-03-26,,99.48511505126953,7.159769058227539,17.790000915527344,2818.4599609375
2019-03-27,,97.88082885742188,7.110391616821289,17.559999465942383,2805.3701171875
2019-03-28,,99.36846160888672,7.13804292678833,17.670000076293945,2815.43994140625
2019-03-29,,98.81423950195312,7.084714889526367,17.850000381469727,2834.39990234375
2019-04-01,,99.82542419433594,7.134092807769775,17.959999084472656,2867.18994140625
2019-04-02,,98.0461196899414,7.1024909019470215,17.75,2867.239990234375
2019-04-03,,97.3752212524414,7.222972869873047,17.969999313354492,2873.39990234375
2019-04-04,,95.2264633178711,7.1992716789245605,17.950000762939453,2879.389892578125
2019-04-05,,96.67518615722656,7.3809814453125,18.040000915527344,2892.739990234375
2019-04-08,,95.2361831665039,7.246673583984375,18.0,2895.77001953125
2019-04-09,,95.52790069580078,7.323703289031982,17.959999084472656,2878.199951171875
2019-04-10,,96.8696517944336,7.313827991485596,18.110000610351562,2888.2099609375
2019-04-11,,97.79331970214844,7.2585248947143555,18.15999984741211,2888.320068359375
2019-04-12,,99.00867462158203,7.495538234710693,18.329999923706055,2907.409912109375
2019-04-15,,95.13896179199219,7.49948787689209,18.350000381469727,2905.580078125
2019-04-16,,91.23031616210938,7.56071662902832,17.969999313354492,2907.06005859375
2019-04-17,,89.40242004394531,7.647621154785156,17.93000030517578,2900.449951171875
2019-04-18,,90.55945587158203,8.583822250366211,18.059999465942383,2905.030029296875
2019-04-22,,89.95662689208984,8.481117248535156,18.049999237060547,2907.969970703125
2019-04-23,,92.00816345214844,8.178924560546875,18.229999542236328,2933.679931640625
2019-04-24,,91.5414810180664,8.33495807647705,18.450000762939453,2927.25
2019-04-25,,90.40386962890625,7.949812889099121,18.260000228881836,2926.169921875
2019-04-26,,91.85258483886719,8.502842903137207,18.84000015258789,2939.8798828125
2019-04-29,,92.10540771484375,8.568020820617676,18.700000762939453,2943.030029296875
2019-04-30,,92.02762603759766,8.508769035339355,19.149999618530273,2945.830078125
2019-05-01,,92.2317886352539,8.494942665100098,18.969999313354492,2923.72998046875
2019-05-02,,91.78453826904297,8.481117248535156,18.75,2917.52001953125
2019-05-03,,89.93719482421875,8.599624633789062,18.75,2945.639892578125
2019-05-06,,91.16227722167969,8.564071655273438,18.459999084472656,2932.469970703125
2019-05-07,,90.16080474853516,8.24410343170166,18.1299991607666,2884.050048828125
2019-05-08,,91.2789535522461,8.386311531066895,18.68000030517578,2879.419921875
2019-05-09,,90.73446655273438,8.299407005310059,18.3799991607666,2870.719970703125
2019-05-10,,91.2789535522461,8.419889450073242,18.75,2881.39990234375
2019-05-13,,87.9148178100586,8.165099143981934,18.079999923706055,2811.8701171875
2019-05-14,,91.94984436035156,8.42186450958252,18.18000030517578,2834.409912109375
2019-05-15,,94.08885955810547,8.5048189163208,17.25,2850.9599609375
2019-05-16,,96.25708770751953,8.374460220336914,16.200000762939453,2876.320068359375
2019-05-17,,94.5653076171875,8.374460220336914,16.030000686645508,2859.530029296875
2019-05-20,,90.1219253540039,8.447540283203125,15.779999732971191,2840.22998046875
2019-05-21,,92.99991607666016,8.53049373626709,15.949999809265137,2864.360107421875
2019-05-22,,91.24005126953125,8.54234504699707,16.1200008392334,2856.27001953125
2019-05-23,,89.55799865722656,8.575922012329102,15.649999618530273,2822.239990234375
2019-05-24,,89.71355438232422,8.81096076965332,16.030000686645508,2826.06005859375
2019-05-28,,90.90947723388672,8.718130111694336,15.819999694824219,2802.389892578125
2019-05-29,,89.98580169677734,8.720105171203613,15.850000381469727,2783.02001953125
2019-05-30,,89.57746124267578,8.647026062011719,16.100000381469727,2788.860107421875
2019-05-31,,90.50111389160156,8.718130111694336,16.360000610351562,2752.06005859375
2019-06-03,,88.7801513671875,8.761582374572754,16.440000534057617,2744.449951171875
2019-06-04,,91.52200317382812,8.755657196044922,16.0,2803.27001953125
2019-06-05,,92.61097717285156,8.828736305236816,15.760000228881836,2826.14990234375
2019-06-06,,93.71941375732422,8.816885948181152,16.0,2843.489990234375
2019-06-07,,94.30279541015625,8.955142974853516,16.5,2873.340087890625
2019-06-10,,92.86381530761719,8.965018272399902,16.559999465942383,2886.72998046875
2019-06-11,,91.95954895019531,8.747756004333496,16.139999389648438,2885.719970703125
2019-06-12,,90.10246276855469,8.512718200683594,15.850000381469727,2879.840087890625
2019-06-13,,90.97752380371094,8.5048189163208,15.569999694824219,2891.639892578125
2019-06-14,,90.16080474853516,8.522594451904297,15.180000305175781,2886.97998046875
2019-06-17,,89.87885284423828,8.528519630432129,15.069999694824219,2889.669921875
2019-06-18,,89.48020935058594,8.72998046875,15.199999809265137,2917.75
2019-06-19,,90.01497650146484,8.65097713470459,15.380000114440918,2926.4599609375
2019-06-20,,90.60807037353516,8.880088806152344,15.649999618530273,2954.179931640625
2019-06-21,,92.68878173828125,8.81096076965332,15.550000190734863,2950.4599609375
2019-06-24,,96.25708770751953,8.791210174560547,15.239999771118164,2945.35009765625
2019-06-25,,94.21527862548828,8.706279754638672,15.289999961853027,2917.3798828125
2019-06-26,,94.62364196777344,8.690479278564453,15.210000038146973,2913.780029296875
2019-06-27,,96.39322662353516,8.978843688964844,15.84000015258789,2924.919921875
2019-06-28,,98.45447540283203,9.04007339477539,15.5600004196167,2941.760009765625
2019-07-01,,98.0947265625,9.142778396606445,15.569999694824219,2964.330078125
2019-07-02,,99.87403106689453,9.130928039550781,15.739999771118164,2973.010009765625
2019-07-03,,95.39176177978516,9.30671215057373,16.389999389648438,2995.820068359375
2019-07-05,,91.00670623779297,9.237584114074707,16.079999923706055,2990.409912109375
2019-07-08,,90.85112762451172,9.211907386779785,15.880000114440918,2975.949951171875
2019-07-09,,89.49964904785156,9.166479110717773,15.920000076293945,2979.6298828125
2019-07-10,,91.35673522949219,9.480522155761719,16.559999465942383,2993.070068359375
2019-07-11,,90.89974975585938,9.541749954223633,16.34000015258789,2999.909912109375
2019-07-12,,90.24832153320312,9.525949478149414,16.360000610351562,3013.77001953125
2019-07-15,,89.66495513916016,9.50224781036377,16.770000457763672,3014.300048828125
2019-07-16,,87.06891632080078,9.411393165588379,16.56999969482422,3004.0400390625
2019-07-17,,87.21475219726562,9.373865127563477,16.850000381469727,2984.419921875
2019-07-18,,86.71888732910156,9.476572036743164,17.15999984741211,2995.110107421875
2019-07-19,,85.07571411132812,9.389667510986328,17.489999771118164,2976.610107421875
2019-07-22,,85.69799041748047,9.223758697509766,17.059999465942383,2985.030029296875
2019-07-23,,85.77578735351562,9.128952980041504,16.670000076293945,3005.469970703125
2019-07-24,,87.29254150390625,9.10525131225586,16.8799991607666,3019.56005859375
2019-07-25,,86.68974304199219,9.049947738647461,17.010000228881836,3003.669921875
2019-07-26,,87.03003692626953,9.128952980041504,16.889999389648438,3025.860107421875
2019-07-29,,86.40776824951172,9.190181732177734,16.729999542236328,3020.969970703125
2019-07-30,,86.11605834960938,9.045998573303223,16.56999969482422,3013.179931640625
2019-07-31,,89.93719482421875,9.123026847839355,16.450000762939453,2980.3798828125
2019-08-01,,91.9790267944336,9.354114532470703,16.479999542236328,2953.56005859375
2019-08-02,,90.3163833618164,9.190181732177734,16.260000228881836,2932.050048828125
2019-08-05,,86.13551330566406,8.927491188049316,15.670000076293945,2844.739990234375
2019-08-06,,87.60367584228516,9.063775062561035,15.880000114440918,2881.77001953125
2019-08-07,,89.71355438232422,9.194131851196289,15.850000381469727,2883.97998046875
2019-08-08,,92.59153747558594,9.290911674499512,15.989999771118164,2938.090087890625
2019-08-09,,89.42186737060547,9.164504051208496,16.350000381469727,2918.64990234375
2019-08-12,,89.22740173339844,9.08945083618164,16.149999618530273,2882.699951171875
2019-08-13,,89.78160858154297,9.09735107421875,16.270000457763672,2926.320068359375
2019-08-14,,85.6590805053711,9.101301193237305,15.6899995803833,2840.60009765625
2019-08-15,,85.4451904296875,9.223758697509766,15.510000228881836,2847.60009765625
2019-08-16,,87.0786361694336,9.292886734008789,15.9399995803833,2888.679931640625
2019-08-19,,88.39124298095703,9.312638282775879,16.040000915527344,2923.64990234375
2019-08-20,,90.13165283203125,9.229682922363281,15.880000114440918,2900.510009765625
2019-08-21,,91.43450927734375,9.379791259765625,16.3700008392334,2924.429931640625
2019-08-22,,91.99844360351562,9.273136138916016,16.06999969482422,2922.949951171875
2019-08-23,,90.3358383178711,9.302762031555176,15.869999885559082,2847.110107421875
2019-08-26,,91.76510620117188,9.373865127563477,15.90999984741211,2878.3798828125
2019-08-27,,91.45394897460938,9.431144714355469,15.9399995803833,2869.159912109375
2019-08-28,,89.83995819091797,9.407443046569824,15.75,2887.93994140625
2019-08-29,,90.45250701904297,9.42324447631836,16.020000457763672,2924.580078125
2019-08-30,,91.08447265625,9.332388877868652,16.139999389648438,2926.4599609375
2019-09-03,,92.20263671875,9.442995071411133,15.800000190734863,2906.27001953125
2019-09-04,,95.2361831665039,9.585204124450684,15.979999542236328,2937.780029296875
2019-09-05,,94.7500228881836,9.500272750854492,16.079999923706055,2976.0
2019-09-06,,95.80009460449219,9.561501502990723,15.770000457763672,2978.7099609375
2019-09-09,,95.94596862792969,9.691859245300293,15.520000457763672,2978.429931640625
2019-09-10,,96.74324798583984,9.5634765625,15.609999656677246,2979.389892578125
2019-09-11,,96.36405181884766,9.458796501159668,15.869999885559082,3000.929931640625
2019-09-12,,95.61540222167969,9.480522155761719,16.020000457763672,3009.570068359375
2019-09-13,,95.75151824951172,9.504222869873047,16.020000457763672,3007.389892578125
2019-09-16,,96.37374877929688,9.460770606994629,15.920000076293945,2997.9599609375
2019-09-17,,95.69314575195312,9.565451622009277,15.550000190734863,3005.699951171875
2019-09-18,,95.55704498291016,9.699758529663086,15.210000038146973,3006.72998046875
2019-09-19,,96.92797088623047,9.725435256958008,15.100000381469727,3006.7900390625
2019-09-20,,95.96540832519531,9.729385375976562,15.399999618530273,2992.070068359375
2019-09-23,,95.45982360839844,9.757037162780762,15.180000305175781,2991.780029296875
2019-09-24,,94.66252136230469,9.401518821716309,14.850000381469727,2966.60009765625
2019-09-25,,94.92503356933594,9.399542808532715,14.649999618530273,2984.8701171875
2019-09-26,,93.94303131103516,9.338314056396484,14.680000305175781,2977.6201171875
2019-09-27,,93.01937103271484,9.204007148742676,14.600000381469727,2961.7900390625
2019-09-30,,95.10979461669922,9.204007148742676,14.319999694824219,2976.739990234375
2019-10-01,,94.06942749023438,9.237584114074707,13.84000015258789,2940.25
2019-10-02,,91.63868713378906,9.292886734008789,13.649999618530273,2887.610107421875
2019-10-03,,91.7262191772461,9.367940902709961,13.869999885559082,2910.6298828125
2019-10-04,,92.96101379394531,9.48644733428955,13.779999732971191,2952.010009765625
2019-10-07,,90.97752380371094,9.324488639831543,13.0,2938.7900390625
2019-10-08,,89.97605895996094,9.219808578491211,12.739999771118164,2893.06005859375
2019-10-09,,90.30664825439453,9.42521858215332,12.770000457763672,2919.39990234375
2019-10-10,,89.96635437011719,9.233633995056152,12.40999984741211,2938.1298828125
2019-10-11,,91.58037567138672,9.128952980041504,12.699999809265137,2970.27001953125
2019-10-14,,91.2789535522461,9.119077682495117,12.619999885559082,2966.14990234375
2019-10-15,,92.5137710571289,9.136853218078613,12.880000114440918,2995.679931640625
2019-10-16,,93.55413055419922,9.071674346923828,12.649999618530273,2989.68994140625
2019-10-17,,94.07915496826172,8.850462913513184,12.869999885559082,2997.949951171875
2019-10-18,,92.49433135986328,8.777382850646973,12.649999618530273,2986.199951171875
2019-10-21,,93.15547943115234,8.712203979492188,12.600000381469727,3006.719970703125
2019-10-22,,91.68733215332031,8.743806838989258,12.470000267028809,2995.989990234375
2019-10-23,,93.05823516845703,8.720105171203613,12.399999618530273,3004.52001953125
2019-10-24,,93.3207778930664,8.607523918151855,10.34000015258789,3010.2900390625
2019-10-25,,93.64160919189453,8.352734565734863,10.369999885559082,3022.550048828125
2019-10-28,,94.04026794433594,8.404088973999023,11.510000228881836,3039.419921875
2019-10-29,,91.79425811767578,8.490992546081543,11.40999984741211,3036.889892578125
2019-10-30,,94.04026794433594,8.702329635620117,11.5,3046.77001953125
2019-10-31,,93.7291259765625,9.188206672668457,11.75,3037.56005859375
2019-11-01,,92.65961456298828,9.798515319824219,12.15999984741211,3066.909912109375
2019-11-04,,95.43064880371094,9.757037162780762,11.609999656677246,3078.27001953125
2019-11-05,,95.53759002685547,9.747160911560059,11.300000190734863,3074.6201171875
2019-11-06,,95.93621826171875,9.518048286437988,11.020000457763672,3076.780029296875
2019-11-07,,94.53614044189453,9.512124061584473,10.890000343322754,3085.179931640625
2019-11-08,,95.54730224609375,9.474596977233887,11.15999984741211,3093.080078125
2019-11-11,,93.71941375732422,9.500272750854492,11.25,3087.010009765625
2019-11-12,,93.66107940673828,9.561501502990723,11.100000381469727,3091.840087890625
2019-11-13,,93.3402099609375,9.510149002075195,11.199999809265137,3094.0400390625
2019-11-14,,94.8375473022461,9.500272750854492,11.210000038146973,3096.6298828125
2019-11-15,,94.8375473022461,9.365965843200684,11.149999618530273,3120.4599609375
2019-11-18,,94.69168090820312,9.494348526000977,10.850000381469727,3122.030029296875
2019-11-19,,94.01109313964844,9.63260555267334,11.0600004196167,3120.179931640625
2019-11-20,,95.4014663696289,9.784688949584961,11.279999732971191,3108.4599609375
2019-11-21,,96.26680755615234,9.614830017089844,11.470000267028809,3103.5400390625
2019-11-22,,96.44184112548828,9.476572036743164,11.529999732971191,3110.2900390625
2019-11-25,,97.03492736816406,9.646430969238281,11.699999809265137,3133.639892578125
2019-11-26,,96.52935028076172,9.626680374145508,11.979999542236328,3140.52001953125
2019-11-27,,97.99748992919922,9.638531684875488,12.069999694824219,3153.6298828125
2019-11-29,,98.21139526367188,9.557551383972168,12.020000457763672,3140.97998046875
2019-12-02,,97.6183090209961,9.883444786071777,12.220000267028809,3113.8701171875
2019-12-03,,98.46420288085938,10.059228897094727,12.149999618530273,3093.199951171875
2019-12-04,,97.8419418334961,10.019726753234863,12.779999732971191,3112.760009765625
2019-12-05,,99.29066467285156,9.873568534851074,12.9399995803833,3117.429931640625
2019-12-06,,100.36988830566406,9.984174728393555,12.779999732971191,3145.909912109375
2019-12-09,,99.20314025878906,10.215262413024902,12.520000457763672,3135.9599609375
2019-12-10,,99.01840209960938,10.45820140838623,12.520000457763672,3132.52001953125
2019-12-11,,100.34073638916016,10.375246047973633,12.390000343322754,3141.6298828125
2019-12-12,,102.17835998535156,10.246865272521973,12.9399995803833,3168.570068359375
2019-12-13,,101.65333557128906,10.063179016113281,13.489999771118164,3168.800048828125
2019-12-16,,102.79093933105469,10.331793785095215,13.609999656677246,3191.449951171875
2019-12-17,,102.82008361816406,10.260690689086914,13.399999618530273,3192.52001953125
2019-12-18,,104.11323547363281,10.059228897094727,13.199999809265137,3191.139892578125
2019-12-19,,104.36601257324219,9.806415557861328,13.390000343322754,3205.3701171875
2019-12-20,,104.95912170410156,9.77283763885498,13.640000343322754,3221.219970703125
2019-12-23,,104.80355072021484,9.80444049835205,13.539999961853027,3224.010009765625
2019-12-24,,105.54251098632812,9.786664009094238,13.479999542236328,3223.3798828125
2019-12-26,,105.50360870361328,9.855792045593262,13.5,3239.909912109375
2019-12-27,,105.42583465576172,9.875543594360352,13.65999984741211,3240.02001953125
2019-12-30,,103.96739959716797,9.816290855407715,13.65999984741211,3221.2900390625
2019-12-31,,104.53131103515625,9.855792045593262,13.779999732971191,3230.780029296875
2020-01-02,,104.36601257324219,10.011826515197754,13.930000305175781,3257.85009765625
2020-01-03,,104.22991180419922,9.924921989440918,13.890000343322754,3234.85009765625
2020-01-06,,105.76612854003906,9.786664009094238,13.920000076293945,3246.280029296875
2020-01-07,,105.3869400024414,9.709634780883789,13.600000381469727,3237.179931640625
2020-01-08,,106.45647430419922,9.798515319824219,14.15999984741211,3253.050048828125
2020-01-09,,106.33007049560547,9.784688949584961,14.369999885559082,3274.699951171875
2020-01-10,,105.5813980102539,9.768887519836426,14.4399995803833,3265.35009765625
2020-01-13,,106.77729797363281,9.796540260314941,14.609999656677246,3288.1298828125
2020-01-14,,106.54396057128906,9.707659721374512,14.470000267028809,3283.14990234375
2020-01-15,,106.57313537597656,9.680007934570312,14.430000305175781,3289.2900390625
2020-01-16,,108.17740631103516,9.646430969238281,14.329999923706055,3316.81005859375
2020-01-17,,109.8011474609375,9.612854957580566,13.829999923706055,3329.6201171875
2020-01-21,,109.29556274414062,9.670132637023926,14.039999961853027,3320.7900390625
2020-01-22,,109.95671081542969,9.687909126281738,14.149999618530273,3321.75
2020-01-23,,110.3359146118164,9.828141212463379,14.260000228881836,3325.5400390625
2020-01-24,,109.21778106689453,9.822216033935547,14.520000457763672,3295.469970703125
2020-01-27,,107.49681854248047,9.516073226928711,14.579999923706055,3243.6298828125
2020-01-28,,108.79966735839844,9.668157577514648,15.210000038146973,3276.239990234375
2020-01-29,,109.1010971069336,9.638531684875488,15.239999771118164,3273.39990234375
2020-01-30,,108.5468978881836,9.352140426635742,15.100000381469727,3283.659912109375
2020-01-31,,104.9299545288086,9.065750122070312,15.119999885559082,3225.52001953125
2020-02-03,,102.12974548339844,9.049947738647461,15.300000190734863,3248.919921875
2020-02-04,,104.10352325439453,9.168455123901367,15.399999618530273,3297.590087890625
2020-02-05,,104.83271789550781,9.164504051208496,15.729999542236328,3334.68994140625
2020-02-06,,106.95232391357422,9.150678634643555,15.760000228881836,3345.780029296875
2020-02-07,,106.06752014160156,9.091425895690918,15.9399995803833,3327.7099609375
2020-02-10,,105.68836212158203,9.164504051208496,15.899999618530273,3352.090087890625
2020-02-11,,106.01892852783203,9.239559173583984,15.989999771118164,3357.75
2020-02-12,,106.68009185791016,9.164504051208496,16.100000381469727,3379.449951171875
2020-02-13,,105.82445526123047,9.02624797821045,16.149999618530273,3373.93994140625
2020-02-14,,106.65091705322266,8.931441307067871,16.18000030517578,3380.159912109375
2020-02-18,,106.42728424072266,8.886014938354492,15.880000114440918,3370.2900390625
2020-02-19,,106.7384033203125,8.976869583129883,16.1299991607666,3386.14990234375
2020-02-20,,106.17447662353516,8.854412078857422,16.229999542236328,3373.22998046875
2020-02-21,,105.01747131347656,8.759607315063477,16.34000015258789,3337.75
2020-02-24,,104.06462097167969,8.526544570922852,16.18000030517578,3225.889892578125
2020-02-25,,102.4603500366211,8.56999683380127,15.460000038146973,3128.2099609375
2020-02-26,,103.58821105957031,8.660852432250977,15.569999694824219,3116.389892578125
2020-02-27,,99.89347076416016,8.402113914489746,14.84000015258789,2978.760009765625
2020-02-28,,98.56144714355469,8.29150676727295,14.960000038146973,2954.219970703125
2020-03-02,,103.92848205566406,8.538394927978516,15.039999961853027,3090.22998046875
2020-03-03,,103.74375915527344,8.402113914489746,15.149999618530273,3003.3701171875
2020-03-04,,108.73161315917969,8.649002075195312,15.550000190734863,3130.1201171875
2020-03-05,,107.15650177001953,8.643075942993164,15.430000305175781,3023.93994140625
2020-03-06,,104.68687438964844,8.666777610778809,14.890000343322754,2972.3701171875
2020-03-09,,98.13362121582031,8.374460220336914,13.819999694824219,2746.56005859375
2020-03-10,,100.51573944091797,8.589747428894043,14.449999809265137,2882.22998046875
2020-03-11,,98.376708984375,8.202627182006836,13.760000228881836,2741.3798828125
2020-03-12,,90.76361846923828,7.6871232986450195,12.40999984741211,2480.639892578125
2020-03-13,,94.37084197998047,7.841181755065918,12.9399995803833,2711.02001953125
2020-03-16,,86.21330261230469,7.4975128173828125,13.039999961853027,2386.1298828125
2020-03-17,,92.76655578613281,8.101896286010742,14.34000015258789,2529.18994140625
2020-03-18,,87.71064758300781,8.040668487548828,13.020000457763672,2398.10009765625
2020-03-19,,87.5647964477539,8.660852432250977,12.510000228881836,2409.389892578125
2020-03-20,,84.53124237060547,8.593698501586914,12.65999984741211,2304.919921875
2020-03-23,,92.82489776611328,8.489017486572266,12.869999885559082,2237.39990234375
2020-03-24,,91.68733215332031,8.816885948181152,13.699999809265137,2447.330078125
2020-03-25,,87.15643310546875,8.652952194213867,13.5600004196167,2475.56005859375
2020-03-26,,96.4515380859375,9.057848930358887,14.5600004196167,2630.070068359375
2020-03-27,,92.7276611328125,9.024271965026855,14.770000457763672,2541.469970703125
2020-03-30,,94.9833984375,9.508173942565918,15.0,2626.64990234375
2020-03-31,,97.39466857910156,9.5358247756958,14.569999694824219,2584.590087890625
2020-04-01,,94.82781982421875,9.569400787353516,14.5,2470.5
2020-04-02,,99.45594024658203,9.579277992248535,14.979999542236328,2526.89990234375
2020-04-03,,99.98098754882812,9.488422393798828,15.180000305175781,2488.64990234375
2020-04-06,,103.55902099609375,9.893319129943848,15.109999656677246,2663.679931640625
2020-04-07,,103.3742904663086,9.89134407043457,14.579999923706055,2659.409912109375
2020-04-08,,103.84098052978516,9.978250503540039,14.90999984741211,2749.97998046875
2020-04-09,,102.86870574951172,9.972323417663574,15.069999694824219,2789.820068359375
2020-04-13,,106.271728515625,10.231062889099121,14.829999923706055,2761.6298828125
2020-04-14,,108.92607879638672,10.472026824951172,15.100000381469727,2846.06005859375
2020-04-15,,110.3650894165039,10.68336296081543,14.789999961853027,2783.360107421875
2020-04-16,,114.82791900634766,10.88284969329834,14.829999923706055,2799.550048828125
2020-04-17,,111.95964813232422,10.592508316040039,15.210000038146973,2874.56005859375
2020-04-20,,112.21244812011719,10.448325157165527,14.720000267028809,2823.159912109375
2020-04-21,,110.13172912597656,10.886799812316895,14.390000343322754,2736.56005859375
2020-04-22,,111.39569854736328,10.83347225189209,14.229999542236328,2799.31005859375
2020-04-23,,111.28876495361328,10.701139450073242,14.289999961853027,2797.800048828125
2020-04-24,,113.08749389648438,10.829521179199219,14.539999961853027,2836.739990234375
2020-04-27,,112.80552673339844,10.793970108032227,15.260000228881836,2878.47998046875
2020-04-28,,108.26492309570312,10.628060340881348,14.720000267028809,2863.389892578125
2020-04-29,,109.65530395507812,10.714964866638184,14.800000190734863,2939.510009765625
2020-04-30,,111.09429168701172,10.159958839416504,14.829999923706055,2912.429931640625
2020-05-01,,110.13172912597656,10.341669082641602,14.90999984741211,2830.7099609375
2020-05-04,,113.59308624267578,10.323893547058105,14.899999618530273,2842.739990234375
2020-05-05,,116.29608154296875,10.422649383544922,15.119999885559082,2868.43994140625
2020-05-06,,112.1249008178711,10.497703552246094,15.34000015258789,2848.419921875
2020-05-07,,113.56391906738281,10.734715461730957,15.619999885559082,2881.18994140625
2020-05-08,,113.388916015625,10.231062889099121,15.930000305175781,2929.800048828125
2020-05-11,,114.11812591552734,10.110581398010254,15.729999542236328,2930.18994140625
2020-05-12,,113.14582824707031,10.235013961791992,15.130000114440918,2870.1201171875
2020-05-13,,113.66116333007812,10.290316581726074,14.829999923706055,2820.0
2020-05-14,,113.87506103515625,10.323893547058105,15.119999885559082,2852.5
2020-05-15,,114.8570785522461,10.347594261169434,14.930000305175781,2863.699951171875
2020-05-18,,113.87506103515625,10.391048431396484,14.779999732971191,2953.909912109375
2020-05-19,,115.25572204589844,10.092805862426758,14.470000267028809,2922.93994140625
2020-05-20,,116.23772430419922,10.201436996459961,15.039999961853027,2971.610107421875
2020-05-21,,114.10842895507812,10.26661491394043,15.149999618530273,2948.510009765625
2020-05-22,,116.5002670288086,10.296241760253906,15.279999732971191,2955.449951171875
2020-05-26,,113.40837860107422,10.142183303833008,15.199999809265137,2991.77001953125
2020-05-27,,114.12785339355469,10.126381874084473,14.59000015258789,3036.1298828125
2020-05-28,,117.98786163330078,10.112556457519531,14.899999618530273,3029.72998046875
2020-05-29,,119.4754638671875,10.04145336151123,15.430000305175781,3044.31005859375
2020-06-01,,119.37824249267578,10.233038902282715,15.65999984741211,3055.72998046875
2020-06-02,,118.96987915039062,10.003926277160645,15.649999618530273,3080.820068359375
2020-06-03,,114.6626205444336,10.161933898925781,15.329999923706055,3122.8701171875
2020-06-04,,113.93340301513672,10.288341522216797,15.399999618530273,3112.35009765625
2020-06-05,,115.04180908203125,10.412773132324219,15.140000343322754,3193.929931640625
2020-06-08,,116.19886016845703,10.215262413024902,15.239999771118164,3232.389892578125
2020-06-09,,117.71562194824219,10.339694023132324,15.199999809265137,3207.179931640625
2020-06-10,,121.35198974609375,10.41672420501709,15.520000457763672,3190.139892578125
2020-06-11,,119.0282211303711,10.635961532592773,15.109999656677246,3002.10009765625
2020-06-12,,118.59069061279297,10.942102432250977,15.069999694824219,3041.31005859375
2020-06-15,,123.0146255493164,10.861123085021973,15.0,3066.590087890625
2020-06-16,,122.24651336669922,11.00135612487793,15.289999961853027,3124.739990234375
2020-06-17,,124.5605697631836,11.343049049377441,15.3100004196167,3113.489990234375
2020-06-18,,125.76622772216797,11.562287330627441,15.319999694824219,3115.340087890625
2020-06-19,,126.58296966552734,11.572163581848145,15.260000228881836,3097.739990234375
2020-06-22,,126.12598419189453,11.554387092590332,15.510000228881836,3117.860107421875
2020-06-23,,126.9815902709961,11.22256851196289,15.640000343322754,3131.2900390625
2020-06-24,,127.24413299560547,11.147513389587402,15.710000038146973,3050.330078125
2020-06-25,,127.11769104003906,11.046783447265625,15.859999656677246,3083.760009765625
2020-06-26,,127.30243682861328,11.10011100769043,15.739999771118164,3009.050048828125
2020-06-29,,127.0690689086914,11.064559936523438,15.710000038146973,3053.239990234375
2020-06-30,,128.3914031982422,11.040858268737793,16.510000228881836,3100.2900390625
2020-07-01,,131.47354125976562,11.060608863830566,17.239999771118164,3115.860107421875
2020-07-02,,130.1317901611328,11.133687973022461,16.989999771118164,3130.010009765625
2020-07-06,,130.54991149902344,11.609688758850098,17.6200008392334,3179.719970703125
2020-07-07,,131.04576110839844,11.781524658203125,17.559999465942383,3145.320068359375
2020-07-08,,131.852783203125,11.518834114074707,18.139999389648438,3169.93994140625
2020-07-09,,134.9252166748047,11.435879707336426,17.809999465942383,3152.050048828125
2020-07-10,,136.90869140625,11.315398216247559,17.520000457763672,3185.0400390625
2020-07-13,,131.56109619140625,11.198866844177246,16.610000610351562,3155.219970703125
2020-07-14,,134.69189453125,11.137638092041016,16.489999771118164,3197.52001953125
2020-07-15,,134.59463500976562,11.220593452453613,16.389999389648438,3226.56005859375
2020-07-16,,134.2251739501953,11.05073356628418,15.960000038146973,3215.570068359375
2020-07-17,,134.4779815673828,11.029007911682129,15.649999618530273,3224.72998046875
2020-07-20,,137.6087646484375,10.916425704956055,15.899999618530273,3251.840087890625
2020-07-21,,135.4794158935547,10.959877967834473,16.1299991607666,3257.300048828125
2020-07-22,,134.46823120117188,10.9124755859375,16.450000762939453,3276.02001953125
2020-07-23,,131.60971069335938,10.86309814453125,16.770000457763672,3235.659912109375
2020-07-24,,131.49305725097656,10.914450645446777,16.489999771118164,3215.6298828125
2020-07-27,,132.38754272460938,11.179115295410156,16.530000686645508,3239.409912109375
2020-07-28,,131.04576110839844,11.07245922088623,16.399999618530273,3218.43994140625
2020-07-29,,132.16390991210938,11.23046875,16.670000076293945,3258.43994140625
2020-07-30,,134.7501983642578,11.133687973022461,16.459999084472656,3246.219970703125
2020-07-31,,137.69622802734375,10.865073204040527,16.649999618530273,3271.1201171875
2020-08-03,,138.41575622558594,11.052709579467773,16.81999969482422,3294.610107421875
2020-08-04,,142.2660675048828,11.267995834350586,16.799999237060547,3306.510009765625
2020-08-05,,142.12991333007812,11.601789474487305,16.579999923706055,3327.77001953125
2020-08-06,,142.8785400390625,12.111366271972656,16.549999237060547,3349.159912109375
2020-08-07,,140.00054931640625,11.678818702697754,16.3799991607666,3351.280029296875
2020-08-10,,136.8017578125,11.702519416809082,15.970000267028809,3360.469970703125
2020-08-11,,131.94027709960938,11.544509887695312,16.049999237060547,3333.68994140625
2020-08-12,,136.02392578125,11.86447811126709,16.1200008392334,3380.35009765625
2020-08-13,,137.84210205078125,11.840777397155762,16.420000076293945,3373.429931640625
2020-08-14,,136.5392608642578,11.842751502990723,16.25,3372.85009765625
2020-08-17,,136.55870056152344,12.032362937927246,16.34000015258789,3381.989990234375
2020-08-18,,138.6297149658203,12.453060150146484,16.40999984741211,3389.780029296875
2020-08-19,,137.92959594726562,12.482687950134277,16.399999618530273,3374.85009765625
2020-08-20,,139.50473022460938,12.462936401367188,16.299999237060547,3385.510009765625
2020-08-21,,137.29763793945312,12.701924324035645,16.479999542236328,3397.159912109375
2020-08-24,,138.38658142089844,13.446540832519531,16.260000228881836,3431.280029296875
2020-08-25,,138.26992797851562,13.114721298217773,16.15999984741211,3443.6201171875
2020-08-26,,139.6505889892578,13.559122085571289,16.489999771118164,3478.72998046875
2020-08-27,,137.84210205078125,13.339885711669922,16.329999923706055,3484.550048828125
2020-08-28,,136.967041015625,13.280631065368652,16.270000457763672,3508.010009765625
2020-08-31,,135.60580444335938,13.306307792663574,16.399999618530273,3500.31005859375
2020-09-01,,134.45851135253906,13.924516677856445,16.549999237060547,3526.64990234375
2020-09-02,,135.69332885742188,13.841562271118164,16.719999313354492,3580.840087890625
2020-09-03,,129.14010620117188,13.845513343811035,15.829999923706055,3455.06005859375
2020-09-04,,126.52460479736328,13.960068702697754,15.609999656677246,3426.9599609375
2020-09-08,,120.85613250732422,13.185826301574707,15.84000015258789,3331.840087890625
2020-09-09,,125.13422393798828,13.75268268585205,16.25,3398.9599609375
2020-09-10,,123.73412322998047,13.606524467468262,16.40999984741211,3339.18994140625
2020-09-11,,122.52845764160156,13.823786735534668,17.479999542236328,3340.969970703125
2020-09-14,,122.68403625488281,13.894889831542969,17.399999618530273,3383.5400390625
2020-09-15,,124.77448272705078,14.098325729370117,17.450000762939453,3401.199951171875
2020-09-16,,123.22852325439453,14.110177040100098,17.020000457763672,3385.489990234375
2020-09-17,,121.78953552246094,13.928467750549316,17.049999237060547,3357.010009765625
2020-09-18,,122.41181182861328,14.232633590698242,17.149999618530273,3319.469970703125
2020-09-21,,124.73558044433594,14.092401504516602,17.209999084472656,3281.06005859375
2020-09-22,,127.38993072509766,14.122027397155762,17.360000610351562,3315.570068359375
2020-09-23,,124.86200714111328,14.019322395324707,17.200000762939453,3236.919921875
2020-09-24,,125.73707580566406,13.865262985229492,17.389999389648438,3246.590087890625
2020-09-25,,127.55526733398438,13.892914772033691,17.860000610351562,3298.4599609375
2020-09-28,,128.61505126953125,13.944268226623535,17.739999771118164,3351.60009765625
2020-09-29,,126.41764068603516,14.149680137634277,17.81999969482422,3335.469970703125
2020-09-30,,126.7968521118164,14.003521919250488,18.020000457763672,3363.0
2020-10-01,,129.10113525390625,14.082525253295898,18.549999237060547,3380.800048828125
2020-10-02,,125.49397277832031,13.71910572052002,18.559999465942383,3348.419921875
2020-10-05,,127.09822845458984,13.39123821258545,18.719999313354492,3408.60009765625
2020-10-06,,121.38116455078125,13.367536544799805,18.31999969482422,3360.969970703125
2020-10-07,,121.54647064208984,13.541346549987793,18.770000457763672,3419.43994140625
2020-10-08,,122.49930572509766,13.598624229431152,18.8700008392334,3446.830078125
2020-10-09,,123.91885375976562,13.584797859191895,19.329999923706055,3477.139892578125
2020-10-12,,127.25386810302734,13.875139236450195,19.610000610351562,3534.219970703125
2020-10-13,,129.25672912597656,13.90871524810791,19.450000762939453,3511.929931640625
2020-10-14,,129.07205200195312,13.87908935546875,19.610000610351562,3488.669921875
2020-10-15,,127.70108795166016,13.659852027893066,19.399999618530273,3483.340087890625
2020-10-16,,128.2649688720703,13.598624229431152,19.3799991607666,3483.81005859375
2020-10-19,,126.27180480957031,13.570972442626953,19.18000030517578,3426.919921875
2020-10-20,,123.83135986328125,13.418889045715332,19.139999389648438,3443.1201171875
2020-10-21,,124.11332702636719,13.25298023223877,19.040000915527344,3435.56005859375
2020-10-22,,123.40351867675781,13.231253623962402,19.020000457763672,3453.489990234375
2020-10-23,,123.2576904296875,12.956713676452637,19.15999984741211,3465.389892578125
2020-10-26,,123.17021179199219,12.929061889648438,19.0,3400.969970703125
2020-10-27,,123.11185455322266,13.499868392944336,19.81999969482422,3390.679931640625
2020-10-28,,122.1201171875,13.440614700317383,19.079999923706055,3271.030029296875
2020-10-29,,120.46721649169922,13.734907150268555,18.3799991607666,3310.110107421875
2020-10-30,,116.50997924804688,13.377411842346191,17.610000610351562,3269.9599609375
2020-11-02,,116.49052429199219,13.574923515319824,17.469999313354492,3310.239990234375
2020-11-03,,117.39476013183594,13.833662033081055,18.0,3369.159912109375
2020-11-04,,121.83815002441406,13.525544166564941,18.700000762939453,3443.43994140625
2020-11-05,,124.77448272705078,14.359041213989258,19.229999542236328,3510.449951171875
2020-11-06,,115.88768768310547,13.9561185836792,19.040000915527344,3509.43994140625
2020-11-09,,113.72921752929688,13.094970703125,17.780000686645508,3550.5
2020-11-10,,115.6349105834961,12.721674919128418,17.350000381469727,3545.530029296875
2020-11-11,,116.46136474609375,12.500463485717773,17.65999984741211,3572.659912109375
2020-11-12,,116.01409912109375,12.707849502563477,18.489999771118164,3537.010009765625
2020-11-13,,117.4531021118164,12.942888259887695,18.8799991607666,3585.14990234375
2020-11-16,,115.3140640258789,12.628846168518066,18.920000076293945,3626.909912109375
2020-11-17,,115.23626708984375,12.67032241821289,18.84000015258789,3609.530029296875
2020-11-18,,113.6028060913086,12.729576110839844,19.110000610351562,3567.7900390625
2020-11-19,,116.81139373779297,13.197677612304688,19.059999465942383,3581.8701171875
2020-11-20,,118.49346160888672,13.098920822143555,18.510000228881836,3557.5400390625
2020-11-23,,118.4837417602539,13.10287094116211,18.40999984741211,3577.590087890625
2020-11-24,,116.91834259033203,13.000165939331055,18.229999542236328,3635.409912109375
2020-11-25,,118.14344024658203,13.154224395751953,18.290000915527344,3629.64990234375
2020-11-27,,120.72974395751953,13.825761795043945,18.81999969482422,3638.35009765625
2020-11-30,,124.21054077148438,14.013396263122559,18.969999313354492,3621.6298828125
2020-12-01,,123.87950897216797,13.596648216247559,18.959999084472656,3662.449951171875
2020-12-02,,126.11876678466797,13.505793571472168,18.719999313354492,3669.010009765625
2020-12-03,,124.98943328857422,13.397163391113281,18.540000915527344,3666.719970703125
2020-12-04,,125.29122924804688,13.509743690490723,18.920000076293945,3699.1201171875
2020-12-07,,127.3844223022461,13.669727325439453,18.760000228881836,3691.9599609375
2020-12-08,,128.6598358154297,13.958093643188477,19.170000076293945,3702.25
2020-12-09,,129.65292358398438,13.847487449645996,18.860000610351562,3672.820068359375
2020-12-10,,131.12303161621094,14.052898406982422,19.040000915527344,3668.10009765625
2020-12-11,,132.21343994140625,14.376816749572754,18.709999084472656,3663.4599609375
2020-12-14,,133.9075164794922,14.862693786621094,18.59000015258789,3647.489990234375
2020-12-15,,136.94509887695312,14.657281875610352,18.18000030517578,3694.6201171875
2020-12-16,,137.86024475097656,15.143158912658691,18.479999542236328,3701.169921875
2020-12-17,,136.156494140625,16.22551918029785,18.68000030517578,3722.47998046875
2020-12-18,,138.84361267089844,15.966777801513672,19.260000228881836,3709.409912109375
2020-12-21,,137.28585815429688,15.589533805847168,19.420000076293945,3694.919921875
2020-12-22,,135.74757385253906,15.336719512939453,19.40999984741211,3687.260009765625
2020-12-23,,137.7726593017578,15.433500289916992,19.479999542236328,3690.010009765625
2020-12-24,,138.0647430419922,15.520404815673828,19.520000457763672,3703.06005859375
2020-12-28,,137.00350952148438,15.850247383117676,19.209999084472656,3735.360107421875
2020-12-29,,136.9840545654297,15.73371696472168,19.559999465942383,3727.0400390625
2020-12-30,,138.2983856201172,15.943076133728027,19.450000762939453,3732.0400390625
2020-12-31,,139.80746459960938,15.903575897216797,19.25,3756.070068359375
2021-01-04,,135.82545471191406,15.544106483459473,19.920000076293945,3700.64990234375
2021-01-05,,137.587646484375,15.974679946899414,19.829999923706055,3726.860107421875
2021-01-06,,133.1870574951172,15.542131423950195,19.610000610351562,3748.139892578125
2021-01-07,,137.02301025390625,15.605334281921387,19.389999389648438,3803.7900390625
2021-01-08,,138.1134033203125,15.810746192932129,19.489999771118164,3824.679931640625
2021-01-11,,137.49029541015625,15.660636901855469,19.31999969482422,3799.610107421875
2021-01-12,,135.3873291015625,15.862098693847656,19.239999771118164,3801.18994140625
2021-01-13,,132.73919677734375,15.636935234069824,20.309999465942383,3809.840087890625
2021-01-14,,135.27052307128906,15.64483642578125,20.56999969482422,3795.5400390625
2021-01-15,,135.3289337158203,15.55398178100586,20.100000381469727,3768.25
2021-01-19,,137.69476318359375,15.692238807678223,20.459999084472656,3798.909912109375
2021-01-20,,141.75466918945312,15.58360767364502,20.579999923706055,3851.85009765625
2021-01-21,,142.11483764648438,15.04835319519043,21.239999771118164,3853.070068359375
2021-01-22,,142.14405822753906,15.3051176071167,20.780000686645508,3841.469970703125
2021-01-25,,142.43614196777344,15.010826110839844,20.270000457763672,3855.360107421875
2021-01-26,,142.43614196777344,14.87256908416748,20.239999771118164,3849.6201171875
2021-01-27,,142.3679962158203,14.671107292175293,19.8799991607666,3750.77001953125
2021-01-28,,139.23301696777344,14.7896146774292,19.829999923706055,3787.3798828125
2021-01-29,,139.41799926757812,14.2741117477417,20.0,3714.239990234375
2021-02-01,,142.01747131347656,15.287341117858887,20.280000686645508,3773.860107421875
2021-02-02,,145.0355987548828,14.904170036315918,20.06999969482422,3826.31005859375
2021-02-03,,137.10086059570312,14.615805625915527,20.040000915527344,3830.169921875
2021-02-04,,134.96871948242188,14.443970680236816,19.8799991607666,3871.739990234375
2021-02-05,,137.49029541015625,14.854792594909668,20.3799991607666,3886.830078125
2021-02-08,,138.6975860595703,14.912071228027344,20.149999618530273,3915.590087890625
2021-02-09,,142.25115966796875,14.647406578063965,19.829999923706055,3911.22998046875
2021-02-10,,140.790771484375,15.188587188720703,18.860000610351562,3909.8798828125
2021-02-11,,143.43894958496094,15.26956558227539,18.600000381469727,3916.3798828125
2021-02-12,,143.83811950683594,15.723841667175293,18.239999771118164,3934.830078125
2021-02-16,,141.9298553466797,16.11688804626465,18.020000457763672,3932.590087890625
2021-02-17,,141.9785614013672,16.047758102416992,17.610000610351562,3931.330078125
2021-02-18,,143.51683044433594,15.988506317138672,17.809999465942383,3913.969970703125
2021-02-19,,142.0953826904297,16.071460723876953,17.670000076293945,3906.7099609375
2021-02-22,,138.50286865234375,15.702115058898926,17.229999542236328,3876.5
2021-02-23,,137.441650390625,15.68631362915039,16.93000030517578,3881.3701171875
2021-02-24,,134.04379272460938,15.593483924865723,16.549999237060547,3925.429931640625
2021-02-25,,131.66822814941406,15.565832138061523,16.520000457763672,3829.340087890625
2021-02-26,,130.4317626953125,15.232038497924805,16.299999237060547,3811.14990234375
2021-03-01,,133.64466857910156,15.28536605834961,16.3799991607666,3901.820068359375
2021-03-02,,133.3716583251953,14.892319679260254,16.510000228881836,3870.2900390625
2021-03-03,,129.6967010498047,14.396568298339844,16.31999969482422,3819.719970703125
2021-03-04,,127.98101043701172,13.849462509155273,15.90999984741211,3768.469970703125
2021-03-05,,129.25802612304688,14.187206268310547,15.819999694824219,3841.93994140625
2021-03-08,,124.00389099121094,13.547271728515625,15.550000190734863,3821.35009765625
2021-03-09,,127.63011932373047,13.648001670837402,15.829999923706055,3875.43994140625
2021-03-10,,126.84054565429688,13.527519226074219,15.510000228881836,3898.81005859375
2021-03-11,,128.02978515625,13.705279350280762,15.800000190734863,3939.340087890625
2021-03-12,,127.20123291015625,13.667752265930176,15.609999656677246,3943.340087890625
2021-03-15,,127.59115600585938,14.05882453918457,15.539999961853027,3968.93994140625
2021-03-16,,128.4197235107422,14.469647407531738,15.710000038146973,3962.7099609375
2021-03-17,,127.30845642089844,14.441994667053223,15.289999961853027,3974.1201171875
2021-03-18,,124.77397155761719,14.124003410339355,15.119999885559082,3915.4599609375
2021-03-19,,125.16387939453125,14.236584663391113,15.260000228881836,3913.10009765625
2021-03-22,,128.09803771972656,14.430145263671875,15.170000076293945,3940.590087890625
2021-03-23,,129.6967010498047,14.556551933288574,15.420000076293945,3910.52001953125
2021-03-24,,126.52863311767578,14.222758293151855,15.020000457763672,3889.139892578125
2021-03-25,,126.7527847290039,14.050923347473145,14.890000343322754,3909.52001953125
2021-03-26,,129.5017547607422,14.441994667053223,15.050000190734863,3974.5400390625
2021-03-29,,131.5683135986328,14.378792762756348,15.029999732971191,3971.090087890625
2021-03-30,,131.0419158935547,14.299786567687988,14.960000038146973,3958.550048828125
2021-03-31,,131.958251953125,13.983770370483398,15.1899995803833,3972.889892578125
2021-04-01,,134.4829559326172,14.185232162475586,15.350000381469727,4019.8701171875
2021-04-05,,137.97271728515625,14.256335258483887,15.5600004196167,4077.909912109375
2021-04-06,,137.71925354003906,14.390642166137695,15.789999961853027,4073.93994140625
2021-04-07,,138.4308624267578,14.359041213989258,15.8100004196167,4079.949951171875
2021-04-08,,137.98245239257812,14.667158126831055,16.030000686645508,4097.169921875
2021-04-09,,136.91993713378906,14.615805625915527,16.1299991607666,4128.7998046875
2021-04-12,,137.8849639892578,14.64345645904541,15.819999694824219,4127.990234375
2021-04-13,,138.52838134765625,14.991076469421387,15.979999542236328,4141.58984375
2021-04-14,,138.04095458984375,14.829116821289062,15.680000305175781,4124.66015625
2021-04-15,,139.1717071533203,14.801465034484863,15.739999771118164,4170.419921875
2021-04-16,,137.49508666992188,14.783689498901367,15.539999961853027,4185.47021484375
2021-04-19,,136.11087036132812,14.42224407196045,15.75,4163.259765625
2021-04-20,,137.30987548828125,14.295836448669434,15.5600004196167,4134.93994140625
2021-04-21,,137.4853057861328,14.430145263671875,15.489999771118164,4173.419921875
2021-04-22,,137.69976806640625,14.258309364318848,15.470000267028809,4134.97998046875
2021-04-23,,139.53240966796875,14.309662818908691,15.59000015258789,4180.169921875
2021-04-26,,140.166015625,14.044998168945312,15.640000343322754,4187.6201171875
2021-04-27,,139.84432983398438,13.853412628173828,15.420000076293945,4186.72021484375
2021-04-28,,140.36093139648438,14.100300788879395,15.479999542236328,4183.18017578125
2021-04-29,,142.6517333984375,14.044998168945312,15.319999694824219,4211.47021484375
2021-04-30,,138.4990997314453,14.199057579040527,15.0,4181.169921875
2021-05-03,,137.6217803955078,14.315587997436523,15.079999923706055,4192.66015625
2021-05-04,,133.60560607910156,14.033147811889648,14.640000343322754,4164.66015625
2021-05-05,,134.38548278808594,14.280035972595215,14.670000076293945,4167.58984375
2021-05-06,,137.77777099609375,13.827736854553223,14.649999618530273,4201.6201171875
2021-05-07,,138.83055114746094,13.626276016235352,15.220000267028809,4232.60009765625
2021-05-10,,137.1051788330078,13.954143524169922,15.199999809265137,4188.43017578125
2021-05-11,,137.79727172851562,14.131904602050781,14.829999923706055,4152.10009765625
2021-05-12,,136.14988708496094,13.73095703125,13.140000343322754,4063.0400390625
2021-05-13,,135.62347412109375,13.549246788024902,12.890000343322754,4112.5
2021-05-14,,135.12632751464844,13.930442810058594,13.140000343322754,4173.85009765625
2021-05-17,,134.06373596191406,14.086475372314453,13.25,4163.2900390625
2021-05-18,,134.58042907714844,13.904765129089355,14.010000228881836,4127.830078125
2021-05-19,,135.37977600097656,14.181281089782715,14.119999885559082,4115.68017578125
2021-05-20,,138.23593139648438,14.20695686340332,14.260000228881836,4159.1201171875
2021-05-21,,136.6372528076172,14.491372108459473,14.270000457763672,4155.85986328125
2021-05-24,,138.50880432128906,14.833066940307617,14.239999771118164,4197.0498046875
2021-05-25,,139.6493682861328,15.099705696105957,14.210000038146973,4188.1298828125
2021-05-26,,140.36093139648438,15.281415939331055,14.220000267028809,4195.990234375
2021-05-27,,139.3276824951172,15.135258674621582,14.649999618530273,4200.8798828125
2021-05-28,,139.3276824951172,15.271540641784668,14.539999961853027,4204.10986328125
2021-06-01,,140.16700744628906,15.012801170349121,14.4399995803833,4202.0400390625
2021-06-02,,138.00038146972656,15.06020450592041,14.140000343322754,4208.1201171875
2021-06-03,,138.57618713378906,15.070079803466797,13.880000114440918,4192.85009765625
2021-06-04,,141.71881103515625,15.364371299743652,13.989999771118164,4229.89013671875
2021-06-07,,142.21652221679688,15.530280113220215,14.029999732971191,4226.52001953125
2021-06-08,,142.00184631347656,15.405848503112793,13.979999542236328,4227.259765625
2021-06-09,,142.3141632080078,15.14908504486084,14.109999656677246,4219.5498046875
2021-06-10,,142.157958984375,15.216238021850586,14.140000343322754,4239.18017578125
2021-06-11,,142.87042236328125,15.218213081359863,14.350000381469727,4247.43994140625
2021-06-14,,144.97850036621094,14.671107292175293,14.430000305175781,4255.14990234375
2021-06-15,,141.3186492919922,14.46372127532959,14.319999694824219,4246.58984375
2021-06-16,,139.17152404785156,14.10425090789795,14.289999961853027,4223.7001953125
2021-06-17,,138.51763916015625,14.526925086975098,14.039999961853027,4221.85986328125
2021-06-18,,137.72706604003906,14.534826278686523,13.970000267028809,4166.4501953125
2021-06-21,,137.5709686279297,14.665183067321777,13.770000457763672,4224.7900390625
2021-06-22,,137.47337341308594,14.556551933288574,13.880000114440918,4246.43994140625
2021-06-23,,135.28724670410156,14.222758293151855,13.880000114440918,4241.83984375
2021-06-24,,135.31649780273438,14.378792762756348,13.8100004196167,4266.490234375
2021-06-25,,135.25794982910156,14.295836448669434,13.779999732971191,4280.7001953125
2021-06-28,,139.54238891601562,14.53285026550293,13.9399995803833,4290.60986328125
2021-06-29,,140.63548278808594,14.438044548034668,13.899999618530273,4291.7998046875
2021-06-30,,140.37196350097656,14.325464248657227,13.960000038146973,4297.5
2021-07-01,,138.72259521484375,14.301762580871582,14.260000228881836,4319.93994140625
2021-07-02,,139.96206665039062,14.509148597717285,14.460000038146973,4352.33984375
2021-07-06,,139.56192016601562,14.870593070983887,14.520000457763672,4343.5400390625
2021-07-07,,139.51315307617188,14.775789260864258,14.489999771118164,4358.1298828125
2021-07-08,,137.0732879638672,14.072649955749512,14.210000038146973,4320.81982421875
2021-07-09,,137.6002655029297,14.35706615447998,14.210000038146973,4369.5498046875
2021-07-12,,137.99066162109375,14.240533828735352,14.25,4384.6298828125
2021-07-13,,139.80592346191406,14.10425090789795,13.829999923706055,4369.2099609375
2021-07-14,,139.6790008544922,14.244483947753906,13.670000076293945,4374.2998046875
2021-07-15,,139.2301025390625,14.052898406982422,13.539999961853027,4360.02978515625
2021-07-16,,139.6595001220703,13.934392929077148,13.25,4327.16015625
2021-07-19,,137.84425354003906,13.628251075744629,13.119999885559082,4258.490234375
2021-07-20,,137.67835998535156,13.539371490478516,12.770000457763672,4323.06005859375
2021-07-21,,137.33673095703125,13.568997383117676,12.850000381469727,4358.68994140625
2021-07-22,,138.86900329589844,13.507768630981445,13.289999961853027,4367.47998046875
2021-07-23,,141.50408935546875,13.555171966552734,13.220000267028809,4411.7900390625
2021-07-26,,141.7578125,13.428764343261719,12.90999984741211,4422.2998046875
2021-07-27,,138.51763916015625,13.409013748168945,12.779999732971191,4401.4599609375
2021-07-28,,140.1084747314453,13.40111255645752,12.8100004196167,4400.64013671875
2021-07-29,,139.93276977539062,13.14632511138916,12.770000457763672,4419.14990234375
2021-07-30,,140.49888610839844,12.69007396697998,12.680000305175781,4395.259765625
2021-08-02,,140.64523315429688,12.855982780456543,12.630000114440918,4387.16015625
2021-08-03,,136.4388427734375,12.80660629272461,12.020000457763672,4423.14990234375
2021-08-04,,136.54623413085938,12.603169441223145,12.15999984741211,4402.66015625
2021-08-05,,133.57928466796875,12.378007888793945,11.930000305175781,4429.10009765625
2021-08-06,,133.06204223632812,11.676843643188477,11.739999771118164,4436.52001953125
2021-08-09,,132.88636779785156,11.678818702697754,11.800000190734863,4432.35009765625
2021-08-10,,133.7354736328125,11.228493690490723,11.710000038146973,4436.75
2021-08-11,,134.97491455078125,11.690669059753418,11.920000076293945,4442.41015625
2021-08-12,,135.64833068847656,11.653141975402832,12.029999732971191,4460.830078125
2021-08-13,,135.34576416015625,11.738070487976074,12.09000015258789,4468.0
2021-08-16,,136.634033203125,11.722270011901855,11.84000015258789,4479.7099609375
2021-08-17,,137.64903259277344,11.686717987060547,11.890000343322754,4448.080078125
2021-08-18,,136.62428283691406,11.659067153930664,11.920000076293945,4400.27001953125
2021-08-19,,137.21963500976562,11.663017272949219,12.0,4405.7998046875
2021-08-20,,136.79995727539062,11.92570686340332,12.050000190734863,4441.669921875
2021-08-23,,139.38626098632812,11.919780731201172,12.119999885559082,4479.52978515625
2021-08-24,,139.14227294921875,11.95335865020752,12.449999809265137,4486.22998046875
2021-08-25,,138.4493408203125,11.894104957580566,12.380000114440918,4496.18994140625
2021-08-26,,138.0687255859375,11.708444595336914,12.5,4470.0
2021-08-27,,139.50335693359375,11.643266677856445,12.630000114440918,4509.3701171875
2021-08-30,,139.84494018554688,11.761773109436035,12.489999771118164,4528.7900390625
2021-08-31,,141.8871307373047,11.866453170776367,12.6899995803833,4522.68017578125
2021-09-01,,143.0791778564453,12.069890022277832,13.100000381469727,4524.08984375
2021-09-02,,142.07276916503906,12.233823776245117,13.300000190734863,4536.9501953125
2021-09-03,,143.24530029296875,12.225923538208008,13.170000076293945,4535.43017578125
2021-09-07,,141.8969268798828,12.443185806274414,13.180000305175781,4520.02978515625
2021-09-08,,140.80255126953125,12.156795501708984,13.279999732971191,4514.06982421875
2021-09-09,,139.05348205566406,12.156795501708984,13.039999961853027,4493.27978515625
2021-09-10,,141.80897521972656,12.279251098632812,13.229999542236328,4458.580078125
2021-09-13,,141.36923217773438,12.374056816101074,13.039999961853027,4468.72998046875
2021-09-14,,142.04345703125,12.099515914916992,13.15999984741211,4443.0498046875
2021-09-15,,133.90406799316406,12.08569049835205,13.170000076293945,4480.7001953125
2021-09-16,,132.8488311767578,11.854602813720703,13.050000190734863,4473.75
2021-09-17,,130.81640625,11.988910675048828,13.130000114440918,4432.990234375
2021-09-20,,127.11311340332031,11.840777397155762,12.5,4357.72998046875
2021-09-21,,123.85932159423828,11.900030136108398,12.40999984741211,4354.18994140625
2021-09-22,,123.50755310058594,11.973109245300293,12.539999961853027,4395.64013671875
2021-09-23,,124.96346282958984,12.127167701721191,12.819999694824219,4448.97998046875
2021-09-24,,126.92745971679688,12.000761985778809,12.800000190734863,4455.47998046875
2021-09-27,,128.95985412597656,11.996810913085938,12.529999732971191,4443.10986328125
2021-09-28,,130.70892333984375,11.48920726776123,12.470000267028809,4352.6298828125
2021-09-29,,134.78343200683594,11.65511703491211,11.859999656677246,4359.4599609375
2021-09-30,,138.99485778808594,11.702519416809082,11.979999542236328,4307.5400390625
2021-10-01,,140.30421447753906,11.11986255645752,12.119999885559082,4357.0400390625
2021-10-04,,139.884033203125,10.803844451904297,12.180000305175781,4300.4599609375
2021-10-05,,140.79275512695312,10.78409481048584,12.270000457763672,4345.72021484375
2021-10-06,,131.00204467773438,11.017157554626465,11.920000076293945,4363.5498046875
2021-10-07,,134.4414825439453,11.18899154663086,11.149999618530273,4399.759765625
2021-10-08,,136.78656005859375,11.131712913513184,11.199999809265137,4391.33984375
2021-10-11,,136.27847290039062,11.143563270568848,10.899999618530273,4361.18994140625
2021-10-12,,133.5425567626953,11.169240951538086,10.890000343322754,4350.64990234375
2021-10-13,,133.31784057617188,11.14948844909668,11.069999694824219,4363.7998046875
2021-10-14,,132.60452270507812,11.25219440460205,10.600000381469727,4438.259765625
2021-10-15,,131.66647338867188,11.117887496948242,10.600000381469727,4471.3701171875
2021-10-18,,131.62741088867188,11.10011100769043,10.520000457763672,4486.4599609375
2021-10-19,,133.62071228027344,11.07048511505127,10.710000038146973,4519.6298828125
2021-10-20,,136.01463317871094,10.809770584106445,10.920000076293945,4536.18994140625
2021-10-21,,137.4119415283203,10.801870346069336,11.039999961853027,4549.77978515625
2021-10-22,,137.84185791015625,10.835447311401367,11.039999961853027,4544.89990234375
2021-10-25,,138.93621826171875,10.69521427154541,10.760000228881836,4566.47998046875
2021-10-26,,139.14141845703125,10.596458435058594,10.4399995803833,4574.7900390625
2021-10-27,,137.1578826904297,10.545105934143066,10.25,4551.68017578125
2021-10-28,,137.02108764648438,10.797920227050781,10.09000015258789,4596.419921875
2021-10-29,,137.04066467285156,10.9124755859375,10.430000305175781,4605.3798828125
2021-11-01,,138.52586364746094,10.969754219055176,10.4399995803833,4613.669921875
2021-11-02,,136.9624481201172,10.580657958984375,10.90999984741211,4630.64990234375
2021-11-03,,136.30780029296875,10.586584091186523,10.880000114440918,4660.56982421875
2021-11-04,,139.2196044921875,10.586584091186523,10.819999694824219,4680.06005859375
2021-11-05,,136.37620544433594,10.932226181030273,10.899999618530273,4697.52978515625
2021-11-08,,134.99844360351562,10.803844451904297,10.899999618530273,4701.7001953125
2021-11-09,,136.59115600585938,10.78409481048584,10.850000381469727,4685.25
2021-11-10,,136.09280395507812,10.726816177368164,10.720000267028809,4646.7099609375
2021-11-11,,141.1444854736328,10.86309814453125,10.720000267028809,4649.27001953125
2021-11-12,,142.11184692382812,10.93420124053955,10.460000038146973,4682.85009765625
2021-11-15,,138.04705810546875,10.853222846984863,10.569999694824219,4682.7998046875
2021-11-16,,136.36642456054688,11.05073356628418,10.5,4700.89990234375
2021-11-17,,134.97891235351562,10.92432689666748,10.399999618530273,4688.669921875
2021-11-18,,134.1874542236328,11.163314819335938,10.140000343322754,4704.5400390625
2021-11-19,,129.36050415039062,11.224543571472168,10.229999542236328,4697.9599609375
2021-11-22,,123.39030456542969,10.971729278564453,9.859999656677246,4682.93994140625
2021-11-23,,125.47156524658203,10.880873680114746,9.9399995803833,4690.7001953125
2021-11-24,,123.75183868408203,10.823596000671387,9.850000381469727,4701.4599609375
2021-11-26,,123.08740997314453,10.718914985656738,10.100000381469727,4594.6201171875
2021-11-29,,122.02234649658203,11.200841903686523,10.100000381469727,4655.27001953125
2021-11-30,,121.37744903564453,10.878898620605469,10.300000190734863,4567.0
2021-12-01,,117.478759765625,10.928277015686035,9.479999542236328,4513.0400390625
2021-12-02,,119.78473663330078,11.258119583129883,9.479999542236328,4577.10009765625
2021-12-03,,122.40341186523438,11.021106719970703,9.260000228881836,4538.43017578125
2021-12-06,,123.41960906982422,11.054683685302734,9.140000343322754,4591.669921875
2021-12-07,,123.42941284179688,11.406253814697266,9.5,4686.75
2021-12-08,,123.64466094970703,11.574137687683105,9.869999885559082,4701.2099609375
2021-12-09,,122.30419921875,11.584012985229492,9.84000015258789,4667.4501953125
2021-12-10,,122.93038940429688,11.732146263122559,9.529999732971191,4712.02001953125
2021-12-13,,124.0360336303711,11.554387092590332,9.390000343322754,4668.97021484375
2021-12-14,,124.11429595947266,11.491182327270508,9.210000038146973,4634.08984375
2021-12-15,,126.12007904052734,11.637341499328613,9.25,4709.85009765625
2021-12-16,,126.59952545166016,11.657092094421387,9.050000190734863,4668.669921875
2021-12-17,,124.76985168457031,11.497108459472656,9.430000305175781,4620.64013671875
2021-12-20,,127.11808776855469,11.700543403625488,9.489999771118164,4568.02001953125
2021-12-21,,129.31956481933594,12.038288116455078,9.720000267028809,4649.22998046875
2021-12-22,,128.63470458984375,11.872379302978516,9.770000457763672,4696.56005859375
2021-12-23,,129.6815948486328,12.030387878417969,9.600000381469727,4725.7900390625
2021-12-27,,130.17083740234375,12.107417106628418,9.6899995803833,4791.18994140625
2021-12-28,,130.59153747558594,11.80522632598877,9.59000015258789,4786.35009765625
2021-12-29,,130.26864624023438,11.749921798706055,9.510000228881836,4793.06005859375
2021-12-30,,131.56019592285156,11.572163581848145,9.65999984741211,4778.72998046875
2021-12-31,,129.05535888671875,11.528709411621094,9.739999771118164,4766.18017578125
2022-01-03,,132.0395965576172,11.548460960388184,9.649999618530273,4796.56005859375
2022-01-04,,132.8321533203125,11.514883995056152,9.350000381469727,4793.5400390625
2022-01-05,,130.91439819335938,11.246269226074219,9.239999771118164,4700.580078125
2022-01-06,,126.89307403564453,11.346999168395996,9.300000190734863,4696.0498046875
2022-01-07,,128.93800354003906,11.475381851196289,9.300000190734863,4677.02978515625
2022-01-10,,126.12007904052734,11.542534828186035,9.670000076293945,4670.2900390625
2022-01-11,,127.9791030883789,11.651166915893555,10.119999885559082,4713.06982421875
2022-01-12,,129.64248657226562,11.564262390136719,10.270000457763672,4726.35009765625
2022-01-13,,128.0182647705078,11.297621726989746,10.449999809265137,4659.02978515625
2022-01-14,,127.62688446044922,11.289721488952637,10.479999542236328,4662.85009765625
2022-01-18,,131.02203369140625,11.53661060333252,11.369999885559082,4577.10986328125
2022-01-19,,133.9573516845703,11.576112747192383,11.789999961853027,4532.759765625
2022-01-20,,135.8848419189453,11.832877159118652,12.0,4482.72998046875
2022-01-21,,136.0120391845703,11.716344833374023,11.770000457763672,4397.93994140625
2022-01-24,,132.28419494628906,11.603764533996582,11.329999923706055,4410.1298828125
2022-01-25,,128.18455505371094,11.63536548614502,10.710000038146973,4356.4501953125
2022-01-26,,127.17680358886719,12.060013771057129,10.829999923706055,4349.93017578125
2022-01-27,,128.2335205078125,12.08569049835205,10.880000114440918,4326.509765625
2022-01-28,,129.07496643066406,12.069890022277832,10.880000114440918,4431.85009765625
2022-01-31,,129.79901123046875,12.067914962768555,11.430000305175781,4515.5498046875
2022-02-01,,127.1376724243164,12.235798835754395,11.739999771118164,4546.5400390625
2022-02-02,,134.21173095703125,12.376031875610352,11.670000076293945,4589.3798828125
2022-02-03,,134.32911682128906,12.166669845581055,11.5600004196167,4477.43994140625
2022-02-04,,134.7401123046875,12.447135925292969,11.609999656677246,4500.52978515625
2022-02-07,,133.4583740234375,12.51823902130127,11.510000228881836,4483.8701171875
2022-02-08,,131.47210693359375,12.376031875610352,11.5,4521.5400390625
2022-02-09,,132.8614959716797,12.492562294006348,11.319999694824219,4587.18017578125
2022-02-10,,132.06898498535156,12.156795501708984,11.510000228881836,4504.080078125
2022-02-11,,131.2079620361328,12.243699073791504,11.329999923706055,4418.64013671875
2022-02-14,,130.52305603027344,12.318753242492676,11.350000381469727,4401.669921875
2022-02-15,,131.59930419921875,12.668347358703613,11.020000457763672,4471.06982421875
2022-02-16,,130.4154052734375,12.551816940307617,10.390000343322754,4475.009765625
2022-02-17,,127.58771514892578,12.492562294006348,9.970000267028809,4380.259765625
2022-02-18,,126.54083251953125,12.616994857788086,10.3100004196167,4348.8701171875
2022-02-22,,124.34913635253906,12.462936401367188,10.630000114440918,4304.759765625
2022-02-23,,123.98712158203125,12.368131637573242,10.4399995803833,4225.5
2022-02-24,,124.75027465820312,12.314803123474121,10.270000457763672,4288.7001953125
2022-02-25,,125.93421173095703,12.283201217651367,10.460000038146973,4384.64990234375
2022-02-28,,127.28443145751953,12.555767059326172,10.720000267028809,4373.93994140625
2022-03-01,,125.38626098632812,12.395783424377441,10.460000038146973,4306.259765625
2022-03-02,,126.47233581542969,12.504412651062012,10.489999771118164,4386.5400390625
2022-03-03,,125.08293151855469,12.559717178344727,9.710000038146973,4363.490234375
2022-03-04,,123.76205444335938,12.512313842773438,9.09000015258789,4328.8701171875
2022-03-07,,123.53703308105469,12.162720680236816,8.8100004196167,4201.08984375
2022-03-08,,120.18627166748047,11.992860794067383,8.649999618530273,4170.7001953125
2022-03-09,,122.97856140136719,12.462936401367188,9.229999542236328,4277.8798828125
2022-03-10,,121.17581176757812,12.348380088806152,8.899999618530273,4259.52001953125
2022-03-11,,119.85316467285156,12.340479850769043,8.90999984741211,4204.31005859375
2022-03-14,,116.71795654296875,12.10149097442627,8.770000457763672,4173.10986328125
2022-03-15,,118.3541488647461,12.087665557861328,8.239999771118164,4262.4501953125
2022-03-16,,121.29339599609375,12.597243309020996,8.710000038146973,4357.85986328125
2022-03-17,,122.64546203613281,12.69797420501709,8.5600004196167,4411.669921875
2022-03-18,,123.72318267822266,12.751302719116211,8.720000267028809,4463.1201171875
2022-03-21,,123.01775360107422,12.695999145507812,8.6899995803833,4461.18017578125
2022-03-22,,125.33977508544922,12.75920295715332,9.170000076293945,4511.60986328125
2022-03-23,,122.11638641357422,12.980415344238281,9.050000190734863,4456.240234375
2022-03-24,,123.02754974365234,13.079170227050781,8.720000267028809,4520.16015625
2022-03-25,,124.74211883544922,13.254955291748047,8.739999771118164,4543.06005859375
2022-03-28,,125.4475326538086,13.264830589294434,8.6899995803833,4575.52001953125
2022-03-29,,126.2215576171875,13.351736068725586,9.029999732971191,4631.60009765625
2022-03-30,,125.09483337402344,12.678223609924316,9.0,4602.4501953125
2022-03-31,,123.94851684570312,12.425409317016602,8.75,4530.41015625
2022-04-01,,122.6944351196289,12.80660629272461,8.850000381469727,4545.85986328125
2022-04-04,,125.42794799804688,12.90733528137207,9.140000343322754,4582.64013671875
2022-04-05,,123.3116683959961,12.51033878326416,9.199999809265137,4525.1201171875
2022-04-06,,122.32212829589844,12.615019798278809,8.65999984741211,4481.14990234375
2022-04-07,,120.9014892578125,12.616994857788086,8.59000015258789,4500.2099609375
2022-04-08,,120.97987365722656,12.684147834777832,8.479999542236328,4488.27978515625
2022-04-11,,120.09809875488281,12.514288902282715,8.479999542236328,4412.52978515625
2022-04-12,,121.06805419921875,12.5794677734375,8.430000305175781,4397.4501953125
2022-04-13,,121.11702728271484,12.73945140838623,8.149999618530273,4446.58984375
2022-04-14,,120.11768341064453,12.526139259338379,8.0,4392.58984375
2022-04-18,,119.68659210205078,12.389857292175293,7.929999828338623,4391.68994140625
2022-04-19,,121.52853393554688,12.496513366699219,7.869999885559082,4462.2099609375
2022-04-20,,120.81330108642578,12.334553718566895,7.550000190734863,4459.4501953125
2022-04-21,,121.23460388183594,12.188396453857422,7.360000133514404,4393.66015625
2022-04-22,,125.49654388427734,12.109392166137695,8.619999885559082,4271.77978515625
2022-04-25,,125.55531311035156,12.21999740600586,9.039999961853027,4296.1201171875
2022-04-26,,122.10657501220703,11.70449447631836,8.539999961853027,4175.2001953125
2022-04-27,,118.765625,11.747946739196777,8.420000076293945,4183.9599609375
2022-04-28,,120.91130065917969,11.356876373291016,8.65999984741211,4287.5
2022-04-29,,115.65982055664062,11.254169464111328,8.970000267028809,4131.93017578125
2022-05-02,,117.5703353881836,10.997406005859375,8.970000267028809,4155.3798828125
2022-05-03,,120.02952575683594,11.05073356628418,8.960000038146973,4175.47998046875
2022-05-04,,121.21501159667969,11.266020774841309,9.970000267028809,4300.169921875
2022-05-05,,117.188232421875,10.942102432250977,9.979999542236328,4146.8701171875
2022-05-06,,112.95569610595703,10.861123085021973,10.380000114440918,4123.33984375
2022-05-09,,109.77149963378906,10.499677658081055,9.270000457763672,3991.239990234375
2022-05-10,,109.34040832519531,10.705089569091797,9.270000457763672,4001.050048828125
2022-05-11,,118.05040740966797,10.84334659576416,8.529999732971191,3935.179931640625
2022-05-12,,118.5010986328125,10.981605529785156,8.699999809265137,3930.080078125
2022-05-13,,122.4103012084961,10.975680351257324,9.029999732971191,4023.889892578125
2022-05-16,,124.81071472167969,10.778168678283691,9.180000305175781,4008.010009765625
2022-05-17,,125.86884307861328,10.973705291748047,9.489999771118164,4088.85009765625
2022-05-18,,126.35871887207031,11.242319107055664,9.4399995803833,3923.679931640625
2022-05-19,,127.38744354248047,11.376626968383789,10.09000015258789,3900.7900390625
2022-05-20,,128.11245727539062,11.382552146911621,10.069999694824219,3901.360107421875
2022-05-23,,131.0615234375,11.528709411621094,10.279999732971191,3973.75
2022-05-24,,133.91261291503906,11.534635543823242,10.050000190734863,3941.47998046875
2022-05-25,,134.56906127929688,11.151463508605957,10.260000228881836,3978.72998046875
2022-05-26,,135.87210083007812,11.21861743927002,10.369999885559082,4057.840087890625
2022-05-27,,135.7251434326172,11.078385353088379,10.359999656677246,4158.240234375
2022-05-31,,135.8426971435547,10.981605529785156,10.5600004196167,4132.14990234375
2022-06-01,,136.70489501953125,11.003331184387207,10.329999923706055,4101.22998046875
2022-06-02,,138.63497924804688,10.973705291748047,10.300000190734863,4176.81982421875
2022-06-03,,138.14511108398438,10.748541831970215,10.039999961853027,4108.5400390625
2022-06-06,,137.50831604003906,10.906550407409668,10.15999984741211,4121.43017578125
2022-06-07,,138.30299377441406,10.886799812316895,10.220000267028809,4160.68017578125
2022-06-08,,136.5861053466797,10.79199504852295,10.149999618530273,4115.77001953125
2022-06-09,,133.24058532714844,10.9124755859375,9.8100004196167,4017.820068359375
2022-06-10,,130.9154510498047,10.687313079833984,9.59000015258789,3900.860107421875
2022-06-13,,126.323974609375,10.45820140838623,9.220000267028809,3749.6298828125
2022-06-14,,124.96027374267578,10.450300216674805,9.119999885559082,3735.47998046875
2022-06-15,,126.81451416015625,10.418699264526367,9.180000305175781,3789.989990234375
2022-06-16,,125.5587387084961,10.325868606567383,8.890000343322754,3666.77001953125
2022-06-17,,126.1081314086914,10.300192832946777,8.869999885559082,3674.840087890625
2022-06-21,,127.92313385009766,10.472026824951172,9.050000190734863,3764.7900390625
2022-06-22,,126.58887481689453,10.428574562072754,9.020000457763672,3759.889892578125
2022-06-23,,126.52021026611328,10.511528968811035,9.199999809265137,3795.72998046875
2022-06-24,,127.73674011230469,10.69521427154541,9.460000038146973,3911.739990234375
2022-06-27,,123.22377014160156,10.639911651611328,9.289999961853027,3900.110107421875
2022-06-28,,120.55522155761719,10.69521427154541,9.15999984741211,3821.550048828125
2022-06-29,,120.50617980957031,10.663612365722656,8.9399995803833,3818.830078125
2022-06-30,,119.34849548339844,10.630035400390625,8.779999732971191,3785.3798828125
2022-07-01,,120.4080581665039,10.509553909301758,8.8100004196167,3825.330078125
2022-07-05,,122.38983917236328,10.677438735961914,8.8100004196167,3831.389892578125
2022-07-06,,121.9974136352539,10.673487663269043,8.640000343322754,3845.080078125
2022-07-07,,123.22377014160156,10.679412841796875,8.649999618530273,3902.6201171875
2022-07-08,,123.25318908691406,10.566832542419434,8.479999542236328,3899.3798828125
2022-07-11,,121.49706268310547,10.578682899475098,8.260000228881836,3854.429931640625
2022-07-12,,119.6722412109375,10.746566772460938,8.100000381469727,3818.800048828125
2022-07-13,,119.3779067993164,10.803844451904297,8.149999618530273,3801.780029296875
2022-07-14,,119.97639465332031,10.720890045166016,7.980000019073486,3790.3798828125
2022-07-15,,120.8299331665039,11.098135948181152,7.929999828338623,3863.159912109375
2022-07-18,,121.28121185302734,11.129737854003906,8.180000305175781,3830.85009765625
2022-07-19,,124.35200500488281,10.918400764465332,8.260000228881836,3936.68994140625
2022-07-20,,125.17610168457031,11.07245922088623,8.420000076293945,3959.89990234375
2022-07-21,,127.74656677246094,11.060608863830566,8.010000228881836,3998.949951171875
2022-07-22,,127.69750213623047,11.09221076965332,8.329999923706055,3961.6298828125
2022-07-25,,127.4620361328125,10.997406005859375,8.300000190734863,3966.840087890625
2022-07-26,,128.2763214111328,10.754467010498047,8.010000228881836,3921.050048828125
2022-07-27,,129.67926025390625,10.918400764465332,8.270000457763672,4023.610107421875
2022-07-28,,130.6603546142578,11.02308177947998,8.3100004196167,4072.429931640625
2022-07-29,,128.74725341796875,11.060608863830566,8.460000038146973,4130.2900390625
2022-08-01,,128.39407348632812,11.030982971191406,8.529999732971191,4118.6298828125
2022-08-02,,126.45150756835938,10.770268440246582,8.149999618530273,4091.18994140625
2022-08-03,,130.7584686279297,10.319942474365234,8.529999732971191,4155.169921875
2022-08-04,,130.71922302246094,10.590533256530762,9.520000457763672,4151.93994140625
2022-08-05,,130.05206298828125,10.677438735961914,9.449999809265137,4145.18994140625
2022-08-08,,128.5706329345703,10.51547908782959,9.369999885559082,4140.06005859375
2022-08-09,,126.8341293334961,10.389073371887207,9.109999656677246,4122.47021484375
2022-08-10,,128.67857360839844,10.635961532592773,9.279999732971191,4210.240234375
2022-08-11,,127.22659301757812,10.65373706817627,9.430000305175781,4207.27001953125
2022-08-12,,128.88458251953125,10.65373706817627,9.380000114440918,4280.14990234375
2022-08-15,,129.1102752685547,10.701139450073242,9.319999694824219,4297.14013671875
2022-08-16,,132.55380249023438,10.740641593933105,9.180000305175781,4305.2001953125
2022-08-17,,130.6505126953125,10.870999336242676,9.260000228881836,4274.0400390625
2022-08-18,,129.96380615234375,11.082335472106934,9.119999885559082,4283.740234375
2022-08-19,,128.0114288330078,10.793970108032227,8.789999961853027,4228.47998046875
2022-08-22,,125.69609069824219,10.720890045166016,8.420000076293945,4137.990234375
2022-08-23,,124.33238220214844,10.726816177368164,8.3100004196167,4128.72998046875
2022-08-24,,123.23356628417969,10.456226348876953,8.329999923706055,4140.77001953125
2022-08-25,,125.19572448730469,10.51547908782959,8.5600004196167,4199.1201171875
2022-08-26,,129.66944885253906,10.310067176818848,8.760000228881836,4057.659912109375
2022-08-29,,127.14806365966797,10.22118854522705,8.819999694824219,4030.610107421875
2022-08-30,,124.25946807861328,10.157984733581543,9.050000190734863,3986.159912109375
2022-08-31,,124.6524658203125,10.092805862426758,9.1899995803833,3955.0
2022-09-01,,125.44831085205078,10.043428421020508,8.770000457763672,3966.85009765625
2022-09-02,,123.13939666748047,9.934797286987305,8.680000305175781,3924.260009765625
2022-09-06,,122.54989624023438,9.905170440673828,9.0,3908.18994140625
2022-09-07,,123.35554504394531,9.915045738220215,7.199999809265137,3979.8701171875
2022-09-08,,124.91776275634766,9.994050979614258,7.170000076293945,4006.179931640625
2022-09-09,,126.67647552490234,10.092805862426758,7.309999942779541,4067.360107421875
2022-09-12,,128.56292724609375,10.231062889099121,7.53000020980835,4110.41015625
2022-09-13,,125.3598861694336,10.479928016662598,7.039999961853027,3932.68994140625
2022-09-14,,124.70159912109375,10.673487663269043,7.019999980926514,3946.010009765625
2022-09-15,,122.23548889160156,10.70311450958252,6.820000171661377,3901.35009765625
2022-09-16,,119.61214447021484,10.533255577087402,6.809999942779541,3873.330078125
2022-09-19,,120.78133392333984,10.556955337524414,6.710000038146973,3899.889892578125
2022-09-20,,118.4331283569336,10.53720474243164,6.579999923706055,3855.929931640625
2022-09-21,,115.4364242553711,10.43844985961914,6.349999904632568,3789.929931640625
2022-09-22,,115.3676528930664,10.60633373260498,5.96999979019165,3757.989990234375
2022-09-23,,113.61876678466797,10.389073371887207,5.900000095367432,3693.22998046875
2022-09-26,,112.81310272216797,10.175761222839355,5.860000133514404,3655.0400390625
2022-09-27,,113.12749481201172,10.264640808105469,5.960000038146973,3647.2900390625
2022-09-28,,116.28138732910156,10.2982177734375,5.980000019073486,3719.0400390625
2022-09-29,,115.41678619384766,10.169835090637207,5.5,3640.469970703125
2022-09-30,,113.68753051757812,10.067130088806152,5.420000076293945,3585.6201171875
2022-10-03,,117.7649917602539,9.895295143127441,5.590000152587891,3678.429931640625
2022-10-04,,121.04661560058594,10.60633373260498,5.829999923706055,3790.929931640625
2022-10-05,,120.52588653564453,10.260690689086914,5.550000190734863,3783.280029296875
2022-10-06,,121.49857330322266,10.211313247680664,5.480000019073486,3744.52001953125
2022-10-07,,120.17216491699219,10.142183303833008,5.400000095367432,3639.659912109375
2022-10-10,,118.5706787109375,10.073054313659668,5.46999979019165,3612.389892578125
2022-10-11,,117.16566467285156,10.013802528381348,5.239999771118164,3588.840087890625
2022-10-12,,116.8021240234375,10.043428421020508,5.059999942779541,3577.030029296875
2022-10-13,,119.1012191772461,10.181686401367188,5.139999866485596,3669.909912109375
2022-10-14,,118.26608276367188,10.112556457519531,5.079999923706055,3583.070068359375
2022-10-17,,118.91454315185547,10.122432708740234,5.289999961853027,3677.949951171875
2022-10-18,,121.2136459350586,10.073054313659668,5.320000171661377,3719.97998046875
2022-10-19,,121.67543029785156,9.865668296813965,5.130000114440918,3695.159912109375
2022-10-20,,121.3905029296875,9.924921989440918,5.210000038146973,3665.780029296875
2022-10-21,,122.80534362792969,10.053303718566895,5.269999980926514,3752.75
2022-10-24,,123.47344970703125,9.885419845581055,5.320000171661377,3797.340087890625
2022-10-25,,125.50727081298828,9.974299430847168,5.400000095367432,3859.110107421875
2022-10-26,,125.02583312988281,10.161933898925781,5.320000171661377,3830.60009765625
2022-10-27,,125.46797180175781,9.944671630859375,5.349999904632568,3807.300048828125
2022-10-28,,125.99854278564453,9.944671630859375,5.159999847412109,3901.06005859375
2022-10-31,,123.75839233398438,9.994050979614258,5.440000057220459,3871.97998046875
2022-11-01,,124.06297302246094,10.023676872253418,5.480000019073486,3856.10009765625
2022-11-02,,126.41119384765625,10.043428421020508,5.389999866485596,3759.68994140625
2022-11-03,,124.40685272216797,9.974299430847168,5.309999942779541,3719.889892578125
2022-11-04,,127.49197387695312,10.053303718566895,5.510000228881836,3770.550048828125
2022-11-07,,130.10545349121094,10.310067176818848,5.46999979019165,3806.800048828125
2022-11-08,,126.84349060058594,9.865668296813965,5.369999885559082,3828.110107421875
2022-11-09,,124.08262634277344,9.687909126281738,5.110000133514404,3748.570068359375
2022-11-10,,128.0225372314453,10.132308006286621,5.400000095367432,3956.3701171875
2022-11-11,,128.93626403808594,10.191561698913574,5.710000038146973,3992.929931640625
2022-11-14,,127.29544830322266,10.013802528381348,5.670000076293945,3957.25
2022-11-15,,126.52909851074219,10.142183303833008,5.659999847412109,3991.72998046875
2022-11-16,,127.0793228149414,10.201436996459961,5.489999771118164,3958.7900390625
2022-11-17,,126.40137481689453,10.300192832946777,5.409999847412109,3946.56005859375
2022-11-18,,127.80638122558594,10.379197120666504,5.320000171661377,3965.340087890625
2022-11-21,,125.62515258789062,10.240939140319824,5.099999904632568,3949.93994140625
2022-11-22,,127.25614929199219,10.3693208694458,5.210000038146973,4003.580078125
2022-11-23,,128.67098999023438,10.497703552246094,5.340000152587891,4027.260009765625
2022-11-25,,127.23651123046875,10.497703552246094,5.5,4026.1201171875
2022-11-28,,126.10663604736328,10.40882396697998,5.409999847412109,3963.93994140625
2022-11-29,,125.54573059082031,10.45820140838623,5.389999866485596,3957.6298828125
2022-11-30,,128.6846160888672,10.596458435058594,5.53000020980835,4080.110107421875
2022-12-01,,129.51116943359375,10.448325157165527,5.730000019073486,4076.570068359375
2022-12-02,,130.16061401367188,10.428574562072754,5.949999809265137,4071.699951171875
2022-12-05,,128.3303985595703,10.211313247680664,5.889999866485596,3998.840087890625
2022-12-06,,125.36862182617188,10.300192832946777,5.710000038146973,3941.260009765625
2022-12-07,,123.99105072021484,10.379197120666504,5.880000114440918,3933.919921875
2022-12-08,,124.08946228027344,10.310067176818848,5.639999866485596,3963.510009765625
2022-12-09,,122.71188354492188,10.260690689086914,5.639999866485596,3934.3798828125
2022-12-12,,123.58763122558594,10.211313247680664,5.630000114440918,3990.56005859375
2022-12-13,,123.66632080078125,10.260690689086914,5.559999942779541,4019.64990234375
2022-12-14,,122.66268920898438,10.359444618225098,5.659999847412109,3995.320068359375
2022-12-15,,119.77963256835938,10.112556457519531,5.440000057220459,3895.75
2022-12-16,,119.78946685791016,10.013802528381348,5.380000114440918,3852.360107421875
2022-12-19,,118.85470581054688,10.023676872253418,5.420000076293945,3817.659912109375
2022-12-20,,118.4906234741211,10.290316581726074,5.360000133514404,3821.6201171875
2022-12-21,,120.53730773925781,10.310067176818848,5.639999866485596,3878.43994140625
2022-12-22,,119.47460174560547,10.359444618225098,5.46999979019165,3822.389892578125
2022-12-23,,119.56315612792969,10.389073371887207,5.579999923706055,3844.820068359375
2022-12-27,,118.88421630859375,10.280441284179688,5.539999961853027,3829.25
2022-12-28,,117.62472534179688,10.240939140319824,5.5,3783.219970703125
2022-12-29,,120.2322769165039,10.398947715759277,5.730000019073486,3849.280029296875
2022-12-30,,120.2224349975586,10.290316581726074,5.619999885559082,3839.5
2023-01-03,,120.83248138427734,10.3693208694458,5.670000076293945,3824.139892578125
2023-01-04,,123.00707244873047,10.240939140319824,5.869999885559082,3852.969970703125
2023-01-05,,122.6823501586914,10.171810150146484,5.630000114440918,3808.10009765625
2023-01-06,,121.90502166748047,10.290316581726074,5.480000019073486,3895.080078125
2023-01-09,,122.18053436279297,10.329818725585938,5.28000020980835,3892.090087890625
2023-01-10,,122.0329360961914,10.22118854522705,5.090000152587891,3919.25
2023-01-11,,124.08946228027344,10.112556457519531,4.389999866485596,3969.610107421875
2023-01-12,,124.39448547363281,10.260690689086914,4.420000076293945,3983.169921875
2023-01-13,,123.44985961914062,10.319942474365234,4.46999979019165,3999.090087890625
2023-01-17,,121.71805572509766,10.62608528137207,4.289999961853027,3990.969970703125
2023-01-18,,121.7279052734375,10.62608528137207,4.199999809265137,3928.860107421875
2023-01-19,,121.73775482177734,10.60633373260498,4.139999866485596,3898.85009765625
2023-01-20,,123.97138214111328,10.60633373260498,4.139999866485596,3972.610107421875
2023-01-23,,125.36862182617188,10.527329444885254,4.21999979019165,4019.81005859375
2023-01-24,,125.44733428955078,10.497703552246094,4.21999979019165,4016.949951171875
2023-01-25,,125.51622009277344,10.566832542419434,4.130000114440918,4016.219970703125
2023-01-26,,127.07091522216797,10.69521427154541,4.059999942779541,4060.429931640625
2023-01-27,,126.80522918701172,10.714964866638184,4.130000114440918,4070.56005859375
2023-01-30,,126.92332458496094,10.596458435058594,4.110000133514404,4017.77001953125
2023-01-31,,126.6182861328125,10.635961532592773,4.090000152587891,4076.60009765625
2023-02-01,,114.88926696777344,10.685338020324707,4.130000114440918,4119.2099609375
2023-02-02,,114.13159942626953,10.655712127685547,4.429999828338623,4179.759765625
2023-02-03,,112.09475708007812,10.616209983825684,4.480000019073486,4136.47998046875
2023-02-06,,110.3924789428711,10.448325157165527,4.400000095367432,4111.080078125
2023-02-07,,112.35059356689453,10.053303718566895,4.460000038146973,4164.0
2023-02-08,,110.8943099975586,9.786664009094238,4.429999828338623,4117.85986328125
2023-02-09,,109.99888610839844,9.865668296813965,4.489999771118164,4081.5
2023-02-10,,110.00873565673828,9.944671630859375,4.289999961853027,4090.4599609375
2023-02-13,,111.38631439208984,9.806415557861328,4.309999942779541,4137.2900390625
2023-02-14,,110.4515151977539,9.836042404174805,4.25,4136.1298828125
2023-02-15,,111.5240707397461,9.845917701721191,4.210000038146973,4147.60009765625
2023-02-16,,109.93003845214844,10.033552169799805,4.309999942779541,4090.409912109375
2023-02-17,,110.20552825927734,10.033552169799805,4.329999923706055,4079.090087890625
2023-02-21,,110.22521209716797,9.885419845581055,4.28000020980835,3997.340087890625
2023-02-22,,109.94969177246094,9.727411270141602,4.269999980926514,3991.050048828125
2023-02-23,,108.946044921875,9.786664009094238,4.230000019073486,4012.320068359375
2023-02-24,,108.01126098632812,9.470646858215332,4.21999979019165,3970.0400390625
2023-02-27,,109.31011199951172,9.312638282775879,4.340000152587891,3982.239990234375
2023-02-28,,109.34954833984375,9.213882446289062,4.349999904632568,3970.14990234375
2023-03-01,,108.82713317871094,9.194131851196289,4.360000133514404,3951.389892578125
2023-03-02,,110.68017578125,9.253384590148926,4.400000095367432,3981.35009765625
2023-03-03,,111.52784729003906,9.411393165588379,4.510000228881836,4045.639892578125
2023-03-06,,111.56727600097656,9.283010482788086,4.610000133514404,4048.419921875
2023-03-07,,110.53233337402344,9.233633995056152,4.510000228881836,3986.3701171875
2023-03-08,,110.67031860351562,9.283010482788086,4.619999885559082,3992.010009765625
2023-03-09,,108.87642669677734,9.292886734008789,4.78000020980835,3918.320068359375
2023-03-10,,107.62462615966797,9.332388877868652,4.739999771118164,3861.590087890625
2023-03-13,,108.49200439453125,9.342264175415039,4.78000020980835,3855.760009765625
2023-03-14,,109.88179779052734,9.332388877868652,4.849999904632568,3919.2900390625
2023-03-15,,109.78321838378906,9.283010482788086,4.679999828338623,3891.929931640625
2023-03-16,,111.90239715576172,9.401518821716309,4.949999809265137,3960.280029296875
2023-03-17,,111.7249755859375,9.480522155761719,4.949999809265137,3916.639892578125
2023-03-20,,111.89254760742188,9.431144714355469,4.860000133514404,3951.570068359375
2023-03-21,,113.29217529296875,9.441020965576172,4.739999771118164,4002.8701171875
2023-03-22,,111.53771209716797,9.381767272949219,4.710000038146973,3936.969970703125
2023-03-23,,114.37641143798828,9.520024299621582,4.710000038146973,3948.719970703125
2023-03-24,,117.32353210449219,9.480522155761719,4.690000057220459,3970.989990234375
2023-03-27,,116.93913269042969,9.529899597167969,4.760000228881836,3977.530029296875
2023-03-28,,116.32801818847656,9.490397453308105,4.690000057220459,3971.27001953125
2023-03-29,,117.48124694824219,9.648406982421875,4.989999771118164,4027.81005859375
2023-03-30,,117.39253997802734,9.510149002075195,5.199999809265137,4050.830078125
2023-03-31,,118.72319793701172,9.569400787353516,5.260000228881836,4109.31005859375
2023-04-03,,119.61029815673828,9.618780136108398,5.159999847412109,4124.509765625
2023-04-04,,123.44451904296875,10.053303718566895,5.019999980926514,4100.60009765625
2023-04-05,,124.34146881103516,9.816290855407715,4.989999771118164,4090.3798828125
2023-04-06,,123.36566925048828,9.875543594360352,5.119999885559082,4105.02001953125
2023-04-10,,123.8190689086914,10.142183303833008,5.050000190734863,4109.10986328125
2023-04-11,,123.8781967163086,9.974299430847168,5.159999847412109,4108.93994140625
2023-04-12,,124.3217544555664,10.082930564880371,5.239999771118164,4091.949951171875
2023-04-13,,126.4409408569336,10.073054313659668,5.260000228881836,4146.22021484375
2023-04-14,,126.03681182861328,10.092805862426758,5.099999904632568,4137.64013671875
2023-04-17,,126.24381256103516,10.043428421020508,5.199999809265137,4151.31982421875
2023-04-18,,127.19003295898438,10.171810150146484,5.329999923706055,4154.8701171875
2023-04-19,,126.34236907958984,10.053303718566895,5.400000095367432,4154.52001953125
2023-04-20,,126.95347595214844,10.063179016113281,5.360000133514404,4129.7900390625
2023-04-21,,127.25906372070312,10.211313247680664,5.53000020980835,4133.52001953125
2023-04-24,,127.62373352050781,10.300192832946777,5.599999904632568,4137.0400390625
2023-04-25,,127.6434555053711,10.339694023132324,5.460000038146973,4071.6298828125
2023-04-26,,123.32624816894531,10.290316581726074,5.570000171661377,4055.989990234375
2023-04-27,,124.69631958007812,10.448325157165527,5.75,4135.35009765625
2023-04-28,,125.45528411865234,10.428574562072754,5.789999961853027,4169.47998046875
2023-05-01,,125.59326934814453,10.22118854522705,5.760000228881836,4167.8701171875
2023-05-02,,124.35132598876953,10.191561698913574,5.739999771118164,4119.580078125
2023-05-03,,123.27696990966797,10.300192832946777,5.739999771118164,4090.75
2023-05-04,,122.23216247558594,10.339694023132324,5.760000228881836,4061.219970703125
2023-05-05,,123.62194061279297,10.428574562072754,5.820000171661377,4136.25
2023-05-08,,123.95706939697266,10.527329444885254,5.869999885559082,4138.1201171875
2023-05-09,,123.6120834350586,10.596458435058594,5.829999923706055,4119.169921875
2023-05-10,,122.95169067382812,10.379197120666504,5.739999771118164,4137.64013671875
2023-05-11,,123.52337646484375,10.339694023132324,5.769999980926514,4130.6201171875
2023-05-12,,123.67122650146484,10.547080993652344,5.599999904632568,4124.080078125
2023-05-15,,123.05024719238281,10.586584091186523,5.699999809265137,4136.27978515625
2023-05-16,,123.32624816894531,10.57670783996582,5.269999980926514,4109.89990234375
2023-05-17,,123.12910461425781,10.803844451904297,5.420000076293945,4158.77001953125
2023-05-18,,124.400634765625,10.83347225189209,5.269999980926514,4198.0498046875
2023-05-19,,123.8584976196289,10.705089569091797,5.230000019073486,4191.97998046875
2023-05-22,,123.32624816894531,10.734715461730957,5.309999942779541,4192.6298828125
2023-05-23,,123.49380493164062,10.53720474243164,5.389999866485596,4145.580078125
2023-05-24,,123.60222625732422,10.43844985961914,5.159999847412109,4115.240234375
2023-05-25,,123.60222625732422,10.389073371887207,5.159999847412109,4151.27978515625
2023-05-26,,124.98216247558594,10.547080993652344,5.360000133514404,4205.4501953125
2023-05-30,,124.85382843017578,10.497703552246094,5.619999885559082,4205.52001953125
2023-05-31,,126.35428619384766,10.43844985961914,5.639999866485596,4179.830078125
2023-06-01,,126.04827117919922,10.57670783996582,5.829999923706055,4221.02001953125
2023-06-02,,126.02852630615234,10.705089569091797,5.809999942779541,4282.3701171875
2023-06-05,,125.38687896728516,10.635961532592773,5.840000152587891,4273.7900390625
2023-06-06,,125.50533294677734,10.74459171295166,6.0,4283.85009765625
2023-06-07,,124.61690521240234,10.596458435058594,5.710000038146973,4267.52001953125
2023-06-08,,125.47572326660156,10.665587425231934,5.610000133514404,4293.93017578125
2023-06-09,,124.32075500488281,10.813720703125,5.480000019073486,4298.85986328125
2023-06-12,,124.1430892944336,10.86309814453125,5.670000076293945,4338.93017578125
2023-06-13,,125.68302154541016,10.981605529785156,5.599999904632568,4369.009765625
2023-06-14,,126.25556945800781,10.83347225189209,5.71999979019165,4372.58984375
2023-06-15,,127.33155822753906,10.932226181030273,5.650000095367432,4425.83984375
2023-06-16,,127.00579833984375,10.83347225189209,5.739999771118164,4409.58984375
2023-06-20,,124.78472900390625,10.803844451904297,5.579999923706055,4388.7099609375
2023-06-21,,122.9683837890625,10.774218559265137,5.510000228881836,4365.68994140625
2023-06-22,,123.83706665039062,10.922351837158203,5.659999847412109,4381.89013671875
2023-06-23,,123.63964080810547,10.60633373260498,5.449999809265137,4348.330078125
2023-06-26,,125.04137420654297,10.774218559265137,5.550000190734863,4328.81982421875
2023-06-27,,129.69082641601562,11.011231422424316,5.519999980926514,4378.41015625
2023-06-28,,128.9801025390625,11.169240951538086,5.650000095367432,4376.85986328125
2023-06-29,,128.77276611328125,11.18899154663086,5.610000133514404,4396.43994140625
2023-06-30,,128.03240966796875,11.23836898803711,5.599999904632568,4450.3798828125
2023-07-03,,129.18739318847656,11.18899154663086,5.480000019073486,4455.58984375
2023-07-05,,128.21995544433594,11.00135612487793,5.400000095367432,4446.81982421875
2023-07-06,,129.01956176757812,10.83347225189209,5.190000057220459,4411.58984375
2023-07-07,,127.53884887695312,10.991480827331543,5.28000020980835,4398.9501953125
2023-07-10,,128.8616180419922,10.981605529785156,5.409999847412109,4409.52978515625
2023-07-11,,135.5643310546875,11.080360412597656,5.550000190734863,4439.259765625
2023-07-12,,133.72825622558594,11.198866844177246,5.730000019073486,4472.16015625
2023-07-13,,134.9523162841797,11.455631256103516,5.809999942779541,4510.0400390625
2023-07-14,,135.57420349121094,11.23836898803711,5.789999961853027,4505.419921875
2023-07-17,,136.4724884033203,11.258119583129883,5.800000190734863,4522.7900390625
2023-07-18,,137.08453369140625,11.386502265930176,5.949999809265137,4554.97998046875
2023-07-19,,135.08062744140625,11.307497024536133,6.179999828338623,4565.72021484375
2023-07-20,,135.36691284179688,11.258119583129883,6.059999942779541,4534.8701171875
2023-07-21,,135.2978057861328,11.23836898803711,6.360000133514404,4536.33984375
2023-07-24,,135.98878479003906,11.327248573303223,6.699999809265137,4554.64013671875
2023-07-25,,137.77552795410156,11.080360412597656,6.5,4567.4599609375
2023-07-26,,137.0450439453125,10.991480827331543,6.610000133514404,4566.75
2023-07-27,,135.74200439453125,11.07048511505127,6.519999980926514,4537.41015625
2023-07-28,,136.07765197753906,11.159364700317383,6.550000190734863,4582.22998046875
2023-07-31,,134.59690856933594,11.139613151550293,6.670000076293945,4588.9599609375
2023-08-01,,134.369873046875,10.981605529785156,6.570000171661377,4576.72998046875
2023-08-02,,124.68600463867188,10.774218559265137,6.420000076293945,4513.39013671875
2023-08-03,,122.23789978027344,11.021106719970703,6.25,4501.89013671875
2023-08-04,,121.01383972167969,10.635961532592773,6.239999771118164,4478.02978515625
2023-08-07,,122.45507049560547,10.74459171295166,6.199999809265137,4518.43994140625
2023-08-08,,121.03357696533203,10.586584091186523,6.119999885559082,4499.3798828125
2023-08-09,,120.35244750976562,10.468076705932617,6.03000020980835,4467.7099609375
2023-08-10,,120.69795227050781,10.596458435058594,6.170000076293945,4468.830078125
2023-08-11,,120.62885284423828,10.566832542419434,6.039999961853027,4464.0498046875
2023-08-14,,121.1915283203125,10.596458435058594,6.090000152587891,4489.72021484375
2023-08-15,,119.85888671875,10.51745319366455,6.079999923706055,4437.85986328125
2023-08-16,,119.12840270996094,10.586584091186523,5.920000076293945,4404.330078125
2023-08-17,,117.23308563232422,10.339694023132324,5.880000114440918,4370.35986328125
2023-08-18,,116.8382339477539,10.339694023132324,5.860000133514404,4369.7099609375
2023-08-21,,117.07513427734375,10.3693208694458,5.820000171661377,4399.77001953125
2023-08-22,,117.99319458007812,10.300192832946777,6.28000020980835,4387.5498046875
2023-08-23,,119.76016235351562,10.477952003479004,6.230000019073486,4436.009765625
2023-08-24,,118.36830139160156,10.231062889099121,6.010000228881836,4376.31005859375
2023-08-25,,118.15113830566406,10.270565032958984,6.079999923706055,4405.7099609375
2023-08-28,,118.970458984375,10.3693208694458,6.139999866485596,4433.31005859375
2023-08-29,,119.59333038330078,10.448325157165527,6.25,4497.6298828125
2023-08-30,,119.18797302246094,10.468076705932617,5.940000057220459,4514.8701171875
2023-08-31,,118.62440490722656,10.53720474243164,6.0,4507.66015625
2023-09-01,,119.1780776977539,10.547080993652344,6.190000057220459,4515.77001953125
2023-09-05,,120.12723541259766,10.497703552246094,5.949999809265137,4496.830078125
2023-09-06,,119.53401947021484,10.51745319366455,5.96999979019165,4465.47998046875
2023-09-07,,119.57356262207031,10.596458435058594,5.889999866485596,4451.14013671875
2023-09-08,,120.3744125366211,10.665587425231934,5.900000095367432,4457.490234375
2023-09-11,,121.14559936523438,10.78409481048584,5.929999828338623,4487.4599609375
2023-09-12,,120.04814147949219,10.685338020324707,5.840000152587891,4461.89990234375
2023-09-13,,120.3051986694336,10.53720474243164,6.019999980926514,4467.43994140625
2023-09-14,,121.64984130859375,10.685338020324707,6.130000114440918,4505.10009765625
2023-09-15,,119.09898376464844,10.48782730102539,6.050000190734863,4450.31982421875
2023-09-18,,119.2374038696289,10.50757884979248,5.860000133514404,4453.52978515625
2023-09-19,,119.63288879394531,10.705089569091797,5.980000019073486,4443.9501953125
2023-09-20,,119.08909606933594,10.3693208694458,6.070000171661377,4402.2001953125
2023-09-21,,117.45772552490234,10.201436996459961,5.929999828338623,4330.0
2023-09-22,,117.65548706054688,10.240939140319824,6.199999809265137,4320.06005859375
2023-09-25,,118.35746765136719,10.280441284179688,6.329999923706055,4337.43994140625
2023-09-26,,117.02272033691406,10.270565032958984,6.239999771118164,4273.52978515625
2023-09-27,,116.63713073730469,10.231062889099121,6.239999771118164,4274.509765625
2023-09-28,,117.83345031738281,10.142183303833008,6.130000114440918,4299.7001953125
2023-09-29,,119.03965759277344,10.22118854522705,6.440000057220459,4288.0498046875
2023-10-02,,118.79248809814453,9.994050979614258,6.230000019073486,4288.39013671875
2023-10-03,,118.19926452636719,10.053303718566895,5.980000019073486,4229.4501953125
2023-10-04,,119.35604095458984,10.092805862426758,6.010000228881836,4263.75
2023-10-05,,119.42526245117188,10.260690689086914,5.889999866485596,4258.18994140625
2023-10-06,,121.57073974609375,10.339694023132324,6.019999980926514,4308.5
2023-10-09,,123.18231201171875,10.3693208694458,6.059999942779541,4335.66015625
2023-10-10,,126.63289642333984,10.418699264526367,5.75,4358.240234375
2023-10-11,,128.22470092773438,10.379197120666504,5.650000095367432,4376.9501953125
2023-10-12,,130.08346557617188,10.349569320678711,5.940000057220459,4349.60986328125
2023-10-13,,129.80661010742188,10.092805862426758,5.96999979019165,4327.77978515625
2023-10-16,,129.65830993652344,10.231062889099121,6.059999942779541,4373.6298828125
2023-10-17,,129.549560546875,10.043428421020508,5.809999942779541,4373.2001953125
2023-10-18,,128.7882537841797,9.915045738220215,5.760000228881836,4314.60009765625
2023-10-19,,126.78118896484375,9.964423179626465,5.71999979019165,4278.0
2023-10-20,,126.0001220703125,9.944671630859375,5.590000152587891,4224.16015625
2023-10-23,,124.91254425048828,9.964423179626465,5.630000114440918,4217.0400390625
2023-10-24,,126.21763610839844,9.984174728393555,5.639999866485596,4247.68017578125
2023-10-25,,124.29955291748047,10.043428421020508,5.389999866485596,4186.77001953125
2023-10-26,,122.2430419921875,9.994050979614258,5.670000076293945,4137.22998046875
2023-10-27,,121.24446105957031,10.102681159973145,5.670000076293945,4117.3701171875
2023-10-30,,119.93936920166016,10.073054313659668,5.550000190734863,4166.81982421875
2023-10-31,,122.39136505126953,10.191561698913574,5.639999866485596,4193.7998046875
2023-11-01,,122.38147735595703,10.349569320678711,5.670000076293945,4237.85986328125
2023-11-02,,126.83062744140625,10.477952003479004,5.880000114440918,4317.77978515625
2023-11-03,,128.1258087158203,10.665587425231934,6.019999980926514,4358.33984375
2023-11-06,,127.8094482421875,10.547080993652344,5.949999809265137,4365.97998046875
2023-11-07,,128.26425170898438,10.84334659576416,5.989999771118164,4378.3798828125
2023-11-08,,129.26284790039062,11.21861743927002,6.059999942779541,4382.77978515625
2023-11-09,,129.81649780273438,11.534635543823242,6.210000038146973,4347.35009765625
2023-11-10,,131.27976989746094,11.258119583129883,6.199999809265137,4415.240234375
2023-11-13,,131.18092346191406,11.495133399963379,6.260000228881836,4411.5498046875
2023-11-14,,132.9210205078125,11.613639831542969,6.480000019073486,4495.7001953125
2023-11-15,,132.9111328125,11.376626968383789,6.440000057220459,4502.8798828125
2023-11-16,,131.89280700683594,11.524759292602539,6.380000114440918,4508.240234375
2023-11-17,,132.1893768310547,11.386502265930176,6.429999828338623,4514.02001953125
2023-11-20,,133.91961669921875,11.297621726989746,6.550000190734863,4547.3798828125
2023-11-21,,134.52272033691406,11.346999168395996,6.559999942779541,4538.18994140625
2023-11-22,,134.58203125,11.465506553649902,6.460000038146973,4556.6201171875
2023-11-24,,135.05662536621094,11.33712387084961,6.420000076293945,4559.33984375
2023-11-27,,135.5707550048828,11.396377563476562,6.139999866485596,4550.43017578125
2023-11-28,,135.02622985839844,11.396377563476562,5.820000171661377,4554.89013671875
2023-11-29,,135.9469757080078,11.386502265930176,5.769999980926514,4550.580078125
2023-11-30,,136.64002990722656,11.485257148742676,5.650000095367432,4567.7998046875
2023-12-01,,136.3925018310547,11.584012985229492,5.579999923706055,4594.6298828125
2023-12-04,,136.451904296875,11.406253814697266,5.380000114440918,4569.77978515625
2023-12-05,,136.05589294433594,11.406253814697266,5.300000190734863,4567.18017578125
2023-12-06,,135.77865600585938,11.426004409790039,5.28000020980835,4549.33984375
2023-12-07,,134.20443725585938,11.584012985229492,5.320000171661377,4585.58984375
2023-12-08,,135.77865600585938,11.643266677856445,5.179999828338623,4604.3701171875
2023-12-11,,137.18455505371094,11.643266677856445,5.130000114440918,4622.43994140625
2023-12-12,,138.93701171875,11.732146263122559,4.980000019073486,4643.7001953125
2023-12-13,,140.93695068359375,11.870404243469238,5.090000152587891,4707.08984375
2023-12-14,,139.45184326171875,11.929656982421875,5.179999828338623,4719.5498046875
2023-12-15,,137.45188903808594,11.643266677856445,5.150000095367432,4719.18994140625
2023-12-18,,136.71925354003906,11.751896858215332,5.119999885559082,4740.56005859375
2023-12-19,,137.17465209960938,11.919780731201172,5.210000038146973,4768.3701171875
2023-12-20,,135.234130859375,11.811150550842285,5.150000095367432,4698.35009765625
2023-12-21,,136.51133728027344,12.038288116455078,5.239999771118164,4746.75
2023-12-22,,136.30340576171875,12.018537521362305,5.179999828338623,4754.6298828125
2023-12-26,,135.92715454101562,12.127167701721191,5.230000019073486,4774.75
2023-12-27,,135.3529510498047,12.324678421020508,5.119999885559082,4781.580078125
2023-12-28,,135.40245056152344,12.3543062210083,5.070000171661377,4783.35009765625
2023-12-29,,135.45193481445312,12.828330993652344,5.059999942779541,4769.830078125
2024-01-02,,134.4321746826172,12.64069652557373,5.070000171661377,4742.830078125
2024-01-03,,134.3628692626953,12.541940689086914,5.0,4704.81005859375
2024-01-04,,134.62025451660156,12.265425682067871,5.010000228881836,4688.68017578125
2024-01-05,,134.26385498046875,12.334553718566895,4.849999904632568,4697.240234375
2024-01-08,,135.1054229736328,12.630820274353027,4.940000057220459,4763.5400390625
2024-01-09,,136.35292053222656,12.8974609375,4.900000095367432,4756.5
2024-01-10,,136.26380920410156,13.262855529785156,4.840000152587891,4783.4501953125
2024-01-11,,136.37271118164062,13.440614700317383,4.760000228881836,4780.240234375
2024-01-12,,136.55091857910156,13.756633758544922,4.78000020980835,4783.830078125
2024-01-16,,135.78854370117188,13.480116844177246,4.460000038146973,4765.97998046875
2024-01-17,,135.26380920410156,13.173975944519043,4.210000038146973,4739.2099609375
2024-01-18,,136.6598358154297,13.480116844177246,4.260000228881836,4780.93994140625
2024-01-19,,136.35292053222656,13.568997383117676,4.289999961853027,4839.81005859375
2024-01-22,,136.2044219970703,13.430740356445312,4.300000190734863,4850.43017578125
2024-01-23,,137.78851318359375,13.351736068725586,4.400000095367432,4864.60009765625
2024-01-24,,136.49151611328125,13.193726539611816,4.46999979019165,4868.5498046875
2024-01-25,,137.56080627441406,13.28260612487793,4.380000114440918,4894.16015625
2024-01-26,,138.0360107421875,13.23322868347168,4.389999866485596,4890.97021484375
2024-01-29,,137.20437622070312,13.529495239257812,4.360000133514404,4927.93017578125
2024-01-30,,136.1846160888672,13.746757507324219,4.360000133514404,4924.97021484375
2024-01-31,,136.21429443359375,13.717130661010742,4.360000133514404,4845.64990234375
2024-02-01,,136.55091857910156,14.043024063110352,4.349999904632568,4906.18994140625
2024-02-02,,135.2836151123047,14.112152099609375,4.320000171661377,4958.60986328125
2024-02-05,,133.6005096435547,13.815885543823242,4.340000152587891,4942.81005859375
2024-02-06,,133.91732788085938,14.368916511535645,4.21999979019165,4954.22998046875
2024-02-07,,135.3925323486328,13.993645668029785,4.139999866485596,4995.06005859375
2024-02-08,,137.47171020507812,14.280035972595215,4.599999904632568,4997.91015625
2024-02-09,,139.21421813964844,14.398543357849121,4.860000133514404,5026.60986328125
2024-02-12,,136.1846160888672,14.289912223815918,5.050000190734863,5021.83984375
2024-02-13,,137.62022399902344,14.151654243469238,4.989999771118164,4953.169921875
2024-02-14,,141.6597137451172,14.507173538208008,5.179999828338623,5000.6201171875
2024-02-15,,142.6200714111328,14.75406265258789,5.230000019073486,5029.72998046875
2024-02-16,,140.8676300048828,14.122027397155762,5.170000076293945,5005.56982421875
2024-02-20,,139.6399383544922,13.450490951538086,4.920000076293945,4975.509765625
2024-02-21,,139.76866149902344,13.815885543823242,4.840000152587891,4981.7998046875
2024-02-22,,142.0953369140625,13.766508102416992,4.829999923706055,5087.02978515625
2024-02-23,,141.174560546875,13.786259651184082,4.75,5088.7998046875
2024-02-26,,141.1646728515625,14.062773704528809,4.690000057220459,5069.52978515625
2024-02-27,,138.29954528808594,13.865262985229492,4.599999904632568,5078.18017578125
2024-02-28,,138.87454223632812,13.598624229431152,4.590000152587891,5069.759765625
2024-02-29,,138.2797088623047,13.736882209777832,4.550000190734863,5096.27001953125
2024-03-01,,139.57843017578125,13.865262985229492,4.5,5137.080078125
2024-03-04,,137.615478515625,13.618374824523926,4.449999809265137,5130.9501953125
2024-03-05,,135.10723876953125,13.667752265930176,4.369999885559082,5078.64990234375
2024-03-06,,134.35377502441406,13.727005958557129,4.380000114440918,5104.759765625
2024-03-07,,134.2348175048828,13.845513343811035,4.349999904632568,5157.35986328125
2024-03-08,,133.98696899414062,13.598624229431152,4.199999809265137,5123.68994140625
2024-03-11,,135.55337524414062,13.776383399963379,4.199999809265137,5117.93994140625
2024-03-12,,134.8494873046875,13.736882209777832,4.239999771118164,5175.27001953125
2024-03-13,,135.78140258789062,13.648001670837402,4.300000190734863,5165.31005859375
2024-03-14,,133.8679962158203,13.608499526977539,4.110000133514404,5150.47998046875
2024-03-15,,133.1145477294922,13.598624229431152,4.090000152587891,5117.08984375
2024-03-18,,131.3399200439453,13.608499526977539,4.059999942779541,5149.419921875
2024-03-19,,131.8157958984375,13.736882209777832,4.059999942779541,5178.509765625
2024-03-20,,131.18133544921875,13.746757507324219,4.130000114440918,5224.6201171875
2024-03-21,,131.3399200439453,13.667752265930176,4.090000152587891,5241.52978515625
2024-03-22,,130.56666564941406,13.667752265930176,4.079999923706055,5234.18017578125
2024-03-25,,129.39682006835938,13.499868392944336,4.079999923706055,5218.18994140625
2024-03-26,,129.77352905273438,13.509743690490723,4.190000057220459,5203.580078125
2024-03-27,,130.73519897460938,13.509743690490723,4.179999828338623,5248.490234375
2024-03-28,,131.52830505371094,13.42086410522461,4.170000076293945,5254.35009765625
2024-04-01,,132.19253540039062,13.292481422424316,4.130000114440918,5243.77001953125
2024-04-02,,131.0127716064453,13.164100646972656,4.210000038146973,5205.81005859375
2024-04-03,,131.3795928955078,12.73945140838623,4.239999771118164,5211.490234375
2024-04-04,,128.445068359375,12.67032241821289,4.210000038146973,5147.2099609375
2024-04-05,,129.1687774658203,12.611069679260254,4.260000228881836,5204.33984375
2024-04-08,,128.8812713623047,12.788829803466797,4.440000057220459,5202.39013671875
2024-04-09,,129.5653533935547,12.749327659606934,4.53000020980835,5209.91015625
2024-04-10,,128.18731689453125,12.472811698913574,4.420000076293945,5160.64013671875
2024-04-11,,128.06832885742188,12.423434257507324,4.380000114440918,5199.06005859375
2024-04-12,,126.78943634033203,12.255549430847168,4.300000190734863,5123.41015625
2024-04-15,,125.95667266845703,12.038288116455078,4.25,5061.81982421875
2024-04-16,,125.46097564697266,11.988910675048828,4.269999980926514,5051.41015625
2024-04-17,,125.22303009033203,12.067914962768555,4.480000019073486,5022.2099609375
2024-04-18,,124.54890441894531,11.969159126281738,4.440000057220459,5011.1201171875
2024-04-19,,126.1747817993164,11.830901145935059,4.429999828338623,4967.22998046875
2024-04-22,,126.02606201171875,11.979035377502441,4.610000133514404,5010.60009765625
2024-04-23,,126.04589080810547,11.929656982421875,4.639999866485596,5070.5498046875
2024-04-24,,127.03728485107422,11.890154838562012,4.579999923706055,5071.6298828125
2024-04-25,,126.21443176269531,11.742021560668945,4.599999904632568,5048.419921875
2024-04-26,,126.79935455322266,12.097540855407715,4.639999866485596,5099.9599609375
2024-04-29,,126.79935455322266,12.196297645568848,4.690000057220459,5116.169921875
2024-04-30,,125.72865295410156,12.028412818908691,4.679999828338623,5035.68994140625
2024-05-01,,127.07694244384766,11.900030136108398,4.679999828338623,5018.39013671875
2024-05-02,,127.39419555664062,12.097540855407715,4.730000019073486,5064.2001953125
2024-05-03,,128.445068359375,12.225923538208008,4.690000057220459,5127.7900390625
2024-05-06,,129.43646240234375,12.255549430847168,4.619999885559082,5180.740234375
2024-05-07,,129.11923217773438,12.245674133300781,4.78000020980835,5187.7001953125
2024-05-08,,124.16223907470703,11.613639831542969,4.730000019073486,5187.669921875
2024-05-09,,126.02606201171875,12.176546096801758,4.760000228881836,5214.080078125
2024-05-10,,126.04589080810547,12.462936401367188,4.739999771118164,5222.68017578125
2024-05-13,,125.49071502685547,12.69007396697998,4.800000190734863,5221.419921875
2024-05-14,,125.50062561035156,13.322108268737793,4.920000076293945,5246.68017578125
2024-05-15,,126.52177429199219,13.243103981018066,5.25,5308.14990234375
2024-05-16,,128.04852294921875,13.509743690490723,4.360000133514404,5297.10009765625
2024-05-17,,126.65065002441406,13.470242500305176,4.579999923706055,5303.27001953125
2024-05-20,,127.19591522216797,13.213478088378906,4.760000228881836,5308.1298828125
2024-05-21,,127.7411880493164,13.272730827331543,4.630000114440918,5321.41015625
2024-05-22,,133.97706604003906,13.164100646972656,4.659999847412109,5307.009765625
2024-05-23,,133.243408203125,12.87770938873291,4.46999979019165,5267.83984375
2024-05-24,,133.89772033691406,12.9962158203125,4.699999809265137,5304.72021484375
2024-05-28,,130.91366577148438,12.838207244873047,4.679999828338623,5306.0400390625
2024-05-29,,131.02285766601562,12.848082542419434,4.570000171661377,5266.9501953125
2024-05-30,,130.2881622314453,13.124597549438477,4.75,5235.47998046875
2024-05-31,,131.9263153076172,13.410988807678223,4.820000171661377,5277.509765625
2024-06-03,,132.03553771972656,13.559122085571289,4.960000038146973,5283.39990234375
2024-06-04,,135.5203399658203,14.023272514343262,4.920000076293945,5291.33984375
2024-06-05,,136.9698944091797,13.914641380310059,4.989999771118164,5354.02978515625
2024-06-06,,136.41387939453125,13.914641380310059,4.960000038146973,5352.9599609375
2024-06-07,,135.83804321289062,13.727005958557129,4.980000019073486,5346.990234375
2024-06-10,,135.23240661621094,13.776383399963379,4.929999828338623,5360.7900390625
2024-06-11,,135.708984375,13.549246788024902,4.710000038146973,5375.31982421875
2024-06-12,,134.65658569335938,13.480116844177246,4.699999809265137,5421.02978515625
2024-06-13,,134.89486694335938,13.075220108032227,4.639999866485596,5433.740234375
2024-06-14,,135.0040740966797,13.223353385925293,4.510000228881836,5431.60009765625
2024-06-17,,136.54293823242188,13.203601837158203,4.480000019073486,5473.22998046875
2024-06-18,,137.13864135742188,13.618374824523926,4.539999961853027,5487.02978515625
2024-06-20,,136.86065673828125,13.134472846984863,4.5,5473.169921875
2024-06-21,,138.0619659423828,13.094970703125,4.260000228881836,5464.6201171875
2024-06-24,,140.21640014648438,13.104846954345703,4.480000019073486,5447.8701171875
2024-06-25,,139.62071228027344,13.30235767364502,4.389999866485596,5469.2998046875
2024-06-26,,139.56114196777344,13.223353385925293,4.380000114440918,5477.89990234375
2024-06-27,,138.51866149902344,13.213478088378906,4.320000171661377,5482.8701171875
2024-06-28,,138.3300323486328,13.134472846984863,4.320000171661377,5460.47998046875
2024-07-01,,136.33447265625,13.31223201751709,4.349999904632568,5475.08984375
2024-07-02,,137.8832550048828,13.618374824523926,4.159999847412109,5509.009765625
2024-07-03,,137.6747589111328,13.568997383117676,4.159999847412109,5537.02001953125
2024-07-05,,137.2677001953125,13.608499526977539,4.199999809265137,5567.18994140625
2024-07-08,,138.64773559570312,13.460366249084473,4.519999980926514,5572.85009765625
2024-07-09,,139.57106018066406,13.588748931884766,4.71999979019165,5576.97998046875
2024-07-10,,143.05587768554688,13.825761795043945,4.820000171661377,5633.91015625
2024-07-11,,144.25718688964844,13.924516677856445,4.820000171661377,5584.5400390625
2024-07-12,,144.63446044921875,13.924516677856445,4.849999904632568,5615.35009765625
2024-07-15,,143.95936584472656,13.845513343811035,4.840000152587891,5631.22021484375
2024-07-16,,145.6173553466797,13.717130661010742,4.75,5667.2001953125
2024-07-17,,145.94497680664062,13.588748931884766,4.869999885559082,5588.27001953125
2024-07-18,,145.4684295654297,13.460366249084473,4.539999961853027,5544.58984375
2024-07-19,,139.19378662109375,13.272730827331543,4.179999828338623,5505.0
2024-07-22,,142.22189331054688,13.440614700317383,4.25,5564.41015625
2024-07-23,,140.970947265625,13.351736068725586,4.179999828338623,5555.740234375
2024-07-24,,140.16673278808594,13.30235767364502,4.050000190734863,5427.1298828125
2024-07-25,,140.7823028564453,13.173975944519043,3.950000047683716,5399.22021484375
2024-07-26,,144.13804626464844,13.37148666381836,4.039999961853027,5459.10009765625
2024-07-29,,146.78887939453125,13.30235767364502,4.050000190734863,5463.5400390625
2024-07-30,,148.0497589111328,13.351736068725586,4.03000020980835,5436.43994140625
2024-07-31,,149.85670471191406,13.549246788024902,4.050000190734863,5522.2998046875
2024-08-01,,147.33493041992188,13.04559326171875,3.9000000953674316,5446.68017578125
2024-08-02,,147.7618408203125,11.742021560668945,3.7699999809265137,5346.56005859375
2024-08-05,,144.45574951171875,11.732146263122559,3.700000047683716,5186.330078125
2024-08-06,,144.68409729003906,12.433309555053711,3.700000047683716,5240.02978515625
2024-08-07,,143.3735809326172,12.73945140838623,3.6600000858306885,5199.5
2024-08-08,,145.96484375,12.828330993652344,3.5899999141693115,5319.31005859375
2024-08-09,,145.5478515625,13.065343856811523,3.630000114440918,5344.16015625
2024-08-12,,144.86280822753906,13.085095405578613,3.680000066757202,5344.39013671875
2024-08-13,,145.845703125,13.04559326171875,3.7300000190734863,5434.43017578125
2024-08-14,,145.40887451171875,13.213478088378906,3.7100000381469727,5455.2099609375
2024-08-15,,145.9846954345703,13.262855529785156,3.680000066757202,5543.22021484375
2024-08-16,,147.29522705078125,13.410988807678223,3.690000057220459,5554.25
2024-08-19,,148.59580993652344,13.598624229431152,3.690000057220459,5608.25
2024-08-20,,147.9802703857422,13.677628517150879,3.690000057220459,5597.1201171875
2024-08-21,,148.6752471923828,14.043024063110352,3.740000009536743,5620.85009765625
2024-08-22,,146.0740509033203,13.835637092590332,3.690000057220459,5570.64013671875
2024-08-23,,146.56053161621094,14.043024063110352,3.759999990463257,5634.60986328125
2024-08-26,,147.4938201904297,13.825761795043945,3.809999942779541,5616.83984375
2024-08-27,,148.13914489746094,13.736882209777832,3.8499999046325684,5625.7998046875
2024-08-28,,148.43736267089844,13.470242500305176,3.8299999237060547,5592.18017578125
2024-08-29,,149.36184692382812,13.361611366271973,3.7699999809265137,5591.9599609375
2024-08-30,,150.92259216308594,13.430740356445312,3.759999990463257,5648.39990234375
2024-09-03,,145.3656005859375,13.134472846984863,3.369999885559082,5528.93017578125
2024-09-04,,146.21058654785156,13.193726539611816,3.4000000953674316,5520.06982421875
2024-09-05,,145.04751586914062,13.31223201751709,3.3499999046325684,5503.41015625
2024-09-06,,143.1587371826172,13.134472846984863,3.190000057220459,5408.419921875
2024-09-09,,143.44703674316406,13.351736068725586,2.950000047683716,5471.0498046875
2024-09-10,,142.9499969482422,13.28260612487793,2.859999895095825,5495.52001953125
2024-09-11,,142.8505859375,13.262855529785156,2.609999895095825,5554.1298828125
2024-09-12,,143.89437866210938,13.322108268737793,2.549999952316284,5595.759765625
2024-09-13,,144.96798706054688,13.193726539611816,2.549999952316284,5626.02001953125
2024-09-16,,145.65391540527344,13.30235767364502,2.4800000190734863,5633.08984375
2024-09-17,,141.7471160888672,13.164100646972656,2.5899999141693115,5634.580078125
2024-09-18,,139.6197967529297,13.114721298217773,2.7899999618530273,5618.259765625
2024-09-19,,139.90806579589844,13.31223201751709,2.8499999046325684,5713.64013671875
2024-09-20,,138.72511291503906,13.203601837158203,2.7100000381469727,5702.5498046875
2024-09-23,,140.2361297607422,13.223353385925293,2.630000114440918,5718.56982421875
2024-09-24,,140.802734375,13.23322868347168,2.619999885559082,5732.93017578125
2024-09-25,,140.6436767578125,13.035717964172363,2.25,5722.259765625
2024-09-26,,142.7611083984375,13.717130661010742,2.2100000381469727,5745.3701171875
2024-09-27,,143.79493713378906,13.361611366271973,2.309999942779541,5738.169921875
2024-09-30,,142.59213256835938,13.210856437683105,2.2200000286102295,5762.47998046875
2024-10-01,,141.40914916992188,13.260446548461914,2.240000009536743,5708.75
2024-10-02,,142.353515625,13.081921577453613,2.25,5709.5400390625
2024-10-03,,139.85838317871094,13.02241325378418,2.309999942779541,5699.93994140625
2024-10-04,,141.85647583007812,13.081921577453613,3.0199999809265137,5751.06982421875
2024-10-07,,142.05528259277344,13.46872615814209,2.950000047683716,5695.93994140625
2024-10-08,,142.48277282714844,13.349709510803223,2.8299999237060547,5751.1298828125
2024-10-09,,142.8903350830078,13.18110179901123,2.8299999237060547,5792.0400390625
2024-10-10,,141.13079833984375,13.210856437683105,2.809999942779541,5780.0498046875
2024-10-11,,142.39328002929688,13.131511688232422,2.819999933242798,5815.02978515625
2024-10-14,,143.3177947998047,13.072003364562988,2.890000104904175,5859.85009765625
2024-10-15,,145.5544891357422,13.012495040893555,2.880000114440918,5815.259765625
2024-10-16,,144.1826629638672,13.22077465057373,2.7899999618530273,5842.47021484375
2024-10-17,,143.3476104736328,13.290200233459473,2.9200000762939453,5841.47021484375
2024-10-18,,143.4967498779297,13.369544982910156,2.8399999141693115,5864.669921875
2024-10-21,,144.84869384765625,13.230692863464355,2.8499999046325684,5853.97998046875
2024-10-22,,144.858642578125,13.121593475341797,2.9200000762939453,5851.2001953125
2024-10-23,,144.00372314453125,13.032331466674805,2.930000066757202,5797.419921875
2024-10-24,,144.17271423339844,13.121593475341797,2.859999895095825,5809.85986328125
2024-10-25,,144.34170532226562,13.00257682800293,2.9100000858306885,5808.1201171875
2024-10-28,,143.32772827148438,13.191020011901855,2.8399999141693115,5823.52001953125
2024-10-29,,144.75921630859375,13.131511688232422,2.9700000286102295,5832.919921875
2024-10-30,,148.25843811035156,13.072003364562988,2.9000000953674316,5813.669921875
2024-10-31,,149.95831298828125,13.111676216125488,2.930000066757202,5705.4501953125
2024-11-01,,150.36587524414062,12.962904930114746,3.0199999809265137,5728.7998046875
2024-11-04,,151.9862518310547,12.992659568786621,2.9000000953674316,5712.68994140625
2024-11-05,,154.580810546875,12.764543533325195,2.9000000953674316,5782.759765625
2024-11-06,,157.0262908935547,13.230692863464355,2.859999895095825,5929.0400390625
2024-11-07,,159.05421447753906,13.389381408691406,2.890000104904175,5973.10009765625
2024-11-08,,156.97659301757812,13.260446548461914,2.880000114440918,5995.5400390625
2024-11-11,,158.4478302001953,13.290200233459473,2.8399999141693115,6001.35009765625
2024-11-12,,161.90725708007812,13.369544982910156,2.799999952316284,5983.990234375
2024-11-13,,161.75814819335938,12.893478393554688,2.8299999237060547,5985.3798828125
2024-11-14,,163.14987182617188,12.923232078552246,2.809999942779541,5949.169921875
2024-11-15,,160.40618896484375,13.131511688232422,2.799999952316284,5870.6201171875
2024-11-18,,163.04052734375,13.20093822479248,2.7799999713897705,5893.6201171875
2024-11-19,,165.1479949951172,13.101758003234863,2.7799999713897705,5916.97998046875
2024-11-20,,165.72454833984375,13.101758003234863,2.6700000762939453,5917.10986328125
2024-11-21,,166.9770965576172,13.151348114013672,2.5899999141693115,5948.7099609375
2024-11-22,,165.68479919433594,13.062085151672363,2.5999999046325684,5969.33984375
2024-11-25,,163.16973876953125,13.260446548461914,2.6600000858306885,5987.3701171875
2024-11-26,,164.0445556640625,13.369544982910156,2.569999933242798,6021.6298828125
2024-11-27,,162.3227996826172,13.845612525939941,2.490000009536743,5998.740234375
2024-11-29,,162.89007568359375,14.52995777130127,2.5899999141693115,6032.3798828125
2024-12-02,,165.16917419433594,14.619220733642578,2.4000000953674316,6047.14990234375
2024-12-03,,166.90087890625,14.797745704650879,2.4100000858306885,6049.8798828125
2024-12-04,,166.62220764160156,15.224223136901855,2.450000047683716,6086.490234375
2024-12-05,,164.83078002929688,15.44242000579834,2.440000057220459,6075.10986328125
2024-12-06,,166.2141571044922,15.075451850891113,2.7699999809265137,6090.27001953125
2024-12-09,,164.8208465576172,15.164713859558105,2.759999990463257,6052.85009765625
2024-12-10,,164.51231384277344,14.827500343322754,2.7300000190734863,6034.91015625
2024-12-11,,163.13888549804688,14.966353416442871,2.640000104904175,6084.18994140625
2024-12-12,,161.81521606445312,14.857254028320312,2.609999895095825,6051.25
2024-12-13,,156.86891174316406,14.688647270202637,2.5199999809265137,6051.08984375
2024-12-16,,155.6547088623047,14.807663917541504,2.5899999141693115,6074.080078125
2024-12-17,,154.05238342285156,15.234140396118164,2.5899999141693115,6050.60986328125
2024-12-18,,149.20558166503906,14.658892631530762,2.490000009536743,5872.16015625
2024-12-19,,147.18527221679688,14.926680564880371,2.549999952316284,5867.080078125
2024-12-20,,147.095703125,14.579548835754395,2.5399999618530273,5930.85009765625
2024-12-23,,146.5980987548828,14.52995777130127,2.5999999046325684,5974.06982421875
2024-12-24,,148.46913146972656,14.52995777130127,2.549999952316284,6040.0400390625
2024-12-26,,148.35964965820312,14.520040512084961,2.630000114440918,6037.58984375
2024-12-27,,147.41415405273438,14.559712409973145,2.680000066757202,5970.83984375
2024-12-30,,145.84170532226562,14.500204086303711,2.7300000190734863,5906.93994140625
2024-12-31,,145.6028594970703,14.510122299194336,2.700000047683716,5881.6298828125
2025-01-02,,145.2047576904297,14.559712409973145,2.5999999046325684,5868.5498046875
2025-01-03,,145.5928955078125,14.56963062286377,2.559999942779541,5942.47021484375
2025-01-06,,144.557861328125,14.420859336853027,2.630000114440918,5975.3798828125
2025-01-07,,143.98062133789062,14.252252578735352,2.6500000953674316,5909.02978515625
2025-01-08,,143.51284790039062,13.924956321716309,2.5199999809265137,5918.25
2025-01-10,,140.1788330078125,14.30184268951416,2.4600000381469727,5827.0400390625
2025-01-13,,141.28355407714844,14.34151554107666,2.4000000953674316,5836.22021484375
2025-01-14,,141.0745391845703,14.658892631530762,2.369999885559082,5842.91015625
2025-01-15,,141.4527130126953,15.105205535888672,2.5,5949.91015625
2025-01-16,,140.7261962890625,15.511846542358398,2.359999895095825,5937.33984375
2025-01-17,,141.32333374023438,14.688647270202637,2.369999885559082,5996.66015625
2025-01-21,,142.59722900390625,14.559712409973145,2.2899999618530273,6049.240234375
2025-01-22,,141.67169189453125,14.887008666992188,2.2799999713897705,6086.3701171875
2025-01-23,,118.01494598388672,15.224223136901855,2.2699999809265137,6118.7099609375
2025-01-24,,116.00456237792969,15.720126152038574,2.4600000381469727,6101.240234375
2025-01-27,,117.34813690185547,15.492010116577148,2.4200000762939453,6012.27978515625
2025-01-28,,115.9747085571289,16.32512664794922,2.450000047683716,6067.7001953125
2025-01-29,,116.5419921875,16.11684799194336,2.359999895095825,6039.31005859375
2025-01-30,,118.11447143554688,16.563161849975586,2.2899999618530273,6071.169921875
2025-01-31,,122.32431030273438,16.216028213500977,2.2699999809265137,6040.52978515625
2025-02-03,,122.32431030273438,16.36479949951172,2.2100000381469727,5994.56982421875
2025-02-04,,120.6722183227539,16.3052921295166,2.240000009536743,6037.8798828125
2025-02-05,,129.84828186035156,17.108654022216797,2.240000009536743,6061.47998046875
2025-02-06,,131.37100219726562,17.832672119140625,2.2699999809265137,6083.56982421875
2025-02-07,,127.98719787597656,17.40619468688965,2.2300000190734863,6025.990234375
2025-02-10,,131.46055603027344,17.832672119140625,2.2200000286102295,6066.43994140625
2025-02-11,,132.71456909179688,17.713655471801758,2.2100000381469727,6068.5
2025-02-12,,130.54495239257812,17.584720611572266,2.2200000286102295,6051.97021484375
2025-02-13,,129.20138549804688,18.229394912719727,2.259999990463257,6115.06982421875
2025-02-14,,128.7833709716797,18.2988224029541,2.319999933242798,6114.6298828125
2025-02-18,,127.73839569091797,18.745134353637695,2.309999942779541,6129.580078125
2025-02-19,,128.72366333007812,19.25095558166504,2.2799999713897705,6144.14990234375
2025-02-20,,129.37057495117188,19.122020721435547,2.369999885559082,6117.52001953125
2025-02-21,,130.3260040283203,18.973249435424805,2.380000114440918,6013.1298828125
2025-02-24,,133.41123962402344,18.844314575195312,2.4200000762939453,5983.25
2025-02-25,,131.10227966308594,18.864151000976562,2.549999952316284,5955.25
2025-02-26,,130.75343322753906,18.517019271850586,2.509999990463257,5956.06005859375
2025-02-27,,130.02587890625,18.636035919189453,2.509999990463257,5861.56982421875
2025-02-28,,128.69032287597656,18.42775535583496,2.490000009536743,5954.5
2025-03-03,,128.79995727539062,18.23931312561035,2.549999952316284,5849.72021484375
2025-03-04,,131.38136291503906,18.249231338500977,2.5899999141693115,5778.14990234375
2025-03-05,,133.6039276123047,18.665788650512695,2.7100000381469727,5842.6298828125
2025-03-06,,136.33482360839844,18.576526641845703,2.869999885559082,5738.52001953125
2025-03-07,,139.57400512695312,17.495458602905273,2.940000057220459,5770.2001953125
2025-03-10,,139.9626922607422,16.53340721130371,2.859999895095825,5614.56005859375
2025-03-11,,137.4211883544922,16.880538940429688,2.740000009536743,5572.06982421875
2025-03-12,,135.6670379638672,17.00947380065918,2.7300000190734863,5599.2998046875
2025-03-13,,137.26171875,17.00947380065918,2.630000114440918,5521.52001953125
2025-03-14,,138.24842834472656,17.38636016845703,2.8299999237060547,5638.93994140625
2025-03-17,,142.4244842529297,17.23758888244629,2.869999885559082,5675.1201171875
2025-03-18,,141.3979034423828,17.108654022216797,2.9000000953674316,5614.66015625
2025-03-19,,141.49757385253906,17.683900833129883,2.7200000286102295,5675.2900390625
2025-03-20,,142.77330017089844,17.624393463134766,2.8299999237060547,5662.89013671875
2025-03-21,,143.81982421875,18.031034469604492,2.609999895095825,5667.56005859375
2025-03-24,,144.06898498535156,17.713655471801758,2.809999942779541,5767.56982421875
2025-03-25,,144.01914978027344,17.872344970703125,2.9000000953674316,5776.64990234375
2025-03-26,,144.7068634033203,18.417837142944336,2.7899999618530273,5712.2001953125
2025-03-27,,144.81649780273438,18.100460052490234,3.1700000762939453,5693.31005859375
2025-03-28,,143.76998901367188,17.793001174926758,2.7200000286102295,5580.93994140625
2025-03-31,,144.0391082763672,17.170000076293945,2.359999895095825,5611.85009765625
2025-04-01,,145.1852569580078,17.139999389648438,2.2699999809265137,5633.06982421875
2025-04-02,,144.38790893554688,17.360000610351562,2.2899999618530273,5670.97021484375
2025-04-03,,144.3679962158203,16.709999084472656,2.2300000190734863,5396.52001953125
2025-04-04,,134.88961791992188,15.890000343322754,2.0399999618530273,5074.080078125
2025-04-07,,134.17202758789062,16.1200008392334,1.9199999570846558,5062.25
2025-04-08,,132.08897399902344,16.43000030517578,1.940000057220459,4982.77001953125
2025-04-09,,136.12551879882812,17.479999542236328,2.0999999046325684,5456.89990234375
2025-04-10,,138.92617797851562,17.139999389648438,1.8899999856948853,5268.0498046875
2025-04-11,,142.45437622070312,17.450000762939453,1.9800000190734863,5363.35986328125
2025-04-14,,145.01583862304688,18.219999313354492,2.049999952316284,5405.97021484375
2025-04-15,,145.12547302246094,17.90999984741211,2.0799999237060547,5396.6298828125
2025-04-16,,142.4942626953125,17.5,2.0,5275.7001953125
2025-04-17,,145.12547302246094,18.059999465942383,2.0799999237060547,5282.7001953125
2025-04-21,,141.45770263671875,17.969999313354492,2.059999942779541,5158.2001953125
2025-04-22,,145.3845977783203,18.190000534057617,2.1600000858306885,5287.759765625
2025-04-23,,143.25172424316406,18.520000457763672,2.2699999809265137,5375.85986328125
2025-04-24,,145.70352172851562,19.81999969482422,2.259999990463257,5484.77001953125
2025-04-25,,146.11216735839844,19.8799991607666,2.299999952316284,5525.2099609375
2025-04-28,,146.23178100585938,20.270000457763672,2.319999933242798,5528.75
2025-04-29,,145.48426818847656,20.229999542236328,2.3499999046325684,5560.830078125
2025-04-30,,144.60719299316406,20.84000015258789,2.2899999618530273,5569.06005859375
2025-05-01,,144.61717224121094,20.899999618530273,2.319999933242798,5604.14013671875
2025-05-02,,150.59719848632812,21.690000534057617,2.4700000286102295,5686.669921875
2025-05-05,,154.22508239746094,21.899999618530273,2.440000057220459,5650.3798828125
2025-05-06,,154.02572631835938,21.700000762939453,2.430000066757202,5606.91015625
2025-05-07,,154.98255920410156,21.520000457763672,2.4700000286102295,5631.27978515625
2025-05-08,,155.1420135498047,20.899999618530273,2.4700000286102295,5663.93994140625
2025-05-09,,152.7898712158203,20.1200008392334,2.4700000286102295,5659.91015625
2025-05-12,,148.77328491210938,20.09000015258789,2.4700000286102295,5844.18994140625
2025-05-13,,148.56398010253906,20.559999465942383,2.5299999713897705,5886.5498046875
2025-05-14,,146.74008178710938,19.739999771118164,2.4100000858306885,5892.580078125
2025-05-15,,149.0723114013672,19.639999389648438,2.0899999141693115,5916.93017578125
2025-05-16,,151.0357208251953,20.06999969482422,2.119999885559082,5958.3798828125
2025-05-19,,149.97926330566406,19.950000762939453,2.190000057220459,5963.60009765625
2025-05-20,,151.4144744873047,19.899999618530273,2.2699999809265137,5940.4599609375
2025-05-21,,149.9991912841797,19.399999618530273,2.2799999713897705,5844.60986328125
2025-05-22,,146.14207458496094,19.5,2.1700000762939453,5842.009765625
2025-05-23,,146.4011993408203,20.5,2.130000114440918,5802.81982421875
2025-05-27,,146.421142578125,21.010000228881836,2.200000047683716,5921.5400390625
2025-05-28,,146.580810546875,20.889999389648438,2.2200000286102295,5888.5498046875
2025-05-29,,142.5490264892578,21.020000457763672,2.259999990463257,5912.169921875
2025-05-30,,143.48712158203125,20.440000534057617,2.2300000190734863,5911.68994140625
2025-06-02,,145.5828399658203,20.440000534057617,2.190000057220459,5935.93994140625
2025-06-03,,145.94210815429688,20.440000534057617,2.1700000762939453,5970.3701171875
2025-06-04,,148.15760803222656,20.979999542236328,2.319999933242798,5970.81005859375
2025-06-05,,147.5787811279297,20.68000030517578,2.25,5939.2998046875
2025-06-06,,149.26535034179688,20.729999542236328,2.2100000381469727,6000.35986328125
2025-06-09,,146.6207275390625,20.950000762939453,2.1500000953674316,6005.8798828125
2025-06-10,,146.86024475097656,20.889999389648438,2.119999885559082,6038.81005859375
2025-06-11,,147.37916564941406,20.170000076293945,2.1600000858306885,6022.240234375
2025-06-12,,149.74435424804688,20.489999771118164,2.190000057220459,6045.259765625
2025-06-13,,148.1775360107422,20.719999313354492,2.049999952316284,5976.97021484375
2025-06-16,,150.79222106933594,20.719999313354492,2.0999999046325684,6033.10986328125
2025-06-17,,150.02378845214844,21.56999969482422,2.049999952316284,5982.72021484375
2025-06-18,,150.69241333007812,22.889999389648438,2.0299999713897705,5980.8701171875
2025-06-20,,150.25331115722656,21.959999084472656,2.0199999809265137,5967.83984375
2025-06-23,,154.09547424316406,21.75,2.0199999809265137,6025.169921875
2025-06-24,,157.62826538085938,22.25,2.0999999046325684,6092.18017578125
2025-06-25,,157.49853515625,22.739999771118164,2.109999895095825,6092.16015625
2025-06-26,,157.40870666503906,23.229999542236328,2.190000057220459,6141.02001953125
2025-06-27,,157.418701171875,23.639999389648438,2.1500000953674316,6173.06982421875
2025-06-30,,159.37469482421875,24.020000457763672,2.1500000953674316,6204.9501953125
2025-07-01,,158.73599243164062,23.110000610351562,2.119999885559082,6198.009765625
2025-07-02,,156.7101287841797,22.81999969482422,2.1600000858306885,6227.419921875
2025-07-03,,155.0535125732422,22.75,2.0899999141693115,6279.35009765625
2025-07-07,,153.21725463867188,22.540000915527344,2.0399999618530273,6229.97998046875
2025-07-08,,152.32908630371094,22.350000381469727,2.119999885559082,6225.52001953125
2025-07-09,,152.36898803710938,22.1299991607666,2.1500000953674316,6263.259765625
2025-07-10,,150.99180603027344,21.729999542236328,2.1700000762939453,6280.4599609375
2025-07-11,,148.38711547851562,21.399999618530273,2.140000104904175,6259.75
2025-07-14,,148.52684020996094,21.139999389648438,2.0799999237060547,6268.56005859375
2025-07-15,,148.43702697753906,20.989999771118164,2.109999895095825,6243.759765625
2025-07-16,,149.0457763671875,21.690000534057617,2.1500000953674316,6263.7001953125
2025-07-17,,149.52481079101562,22.010000228881836,2.140000104904175,6297.35986328125
2025-07-18,,149.8042449951172,21.950000762939453,2.1600000858306885,6296.7900390625
2025-07-21,,153.07754516601562,22.209999084472656,2.130000114440918,6305.60009765625
2025-07-22,,156.70016479492188,21.649999618530273,2.180000066757202,6309.6201171875
2025-07-23,,153.41685485839844,22.15999984741211,2.2300000190734863,6358.91015625
2025-07-24,,152.32908630371094,22.270000457763672,2.180000066757202,6363.35009765625
2025-07-25,,151.3710174560547,21.81999969482422,2.200000047683716,6388.64013671875
2025-07-28,,151.680419921875,21.399999618530273,2.109999895095825,6389.77001953125
2025-07-29,,147.48895263671875,21.56999969482422,2.069999933242798,6370.85986328125
2025-07-30,,155.9416961669922,21.459999084472656,2.0299999713897705,6362.89990234375
2025-07-31,,152.17938232421875,21.0,2.069999933242798,6339.39013671875
2025-08-01,,156.76004028320312,21.010000228881836,1.9800000190734863,6238.009765625
2025-08-04,,159.44454956054688,22.6299991607666,1.9600000381469727,6329.93994140625
2025-08-05,,160.66207885742188,22.700000762939453,2.009999990463257,6299.18994140625
2025-08-06,,162.66798400878906,22.950000762939453,2.0399999618530273,6345.06005859375
2025-08-07,,162.41848754882812,23.469999313354492,2.0399999618530273,6340.0
2025-08-08,,167.29852294921875,24.489999771118164,2.059999942779541,6389.4501953125
2025-08-11,,175.7512664794922,24.280000686645508,2.109999895095825,6373.4501953125
2025-08-12,,177.547607421875,23.84000015258789,2.109999895095825,6445.759765625
2025-08-13,,178.03659057617188,24.06999969482422,2.0999999046325684,6466.580078125
2025-08-14,,178.64535522460938,24.149999618530273,2.0899999141693115,6468.5400390625
2025-08-15,,174.314208984375,24.43000030517578,2.0999999046325684,6449.7998046875
2025-08-18,,168.8154296875,24.889999389648438,2.0799999237060547,6449.14990234375
2025-08-19,,170.3323211669922,24.139999389648438,2.1600000858306885,6411.3701171875
2025-08-20,,170.9810028076172,23.290000915527344,2.119999885559082,6395.77978515625
2025-08-21,,171.20054626464844,23.1200008392334,2.0899999141693115,6370.169921875
2025-08-22,,171.0508575439453,23.59000015258789,2.1600000858306885,6466.91015625
2025-08-25,,172.4080810546875,23.190000534057617,2.140000104904175,6439.31982421875
2025-08-26,,171.87916564941406,22.920000076293945,2.130000114440918,6465.93994140625
2025-08-27,,172.43865966796875,22.559999465942383,2.069999933242798,6481.39990234375
2025-08-28,,170.8301544189453,22.84000015258789,2.1700000762939453,6501.85986328125
2025-08-29,,171.78924560546875,22.34000015258789,2.130000114440918,6460.259765625
2025-09-02,,171.2897186279297,22.0,2.049999952316284,6415.5400390625
2025-09-03,,167.7030792236328,22.1200008392334,2.0199999809265137,6448.259765625
2025-09-04,,167.8729248046875,22.520000457763672,2.009999990463257,6502.080078125
2025-09-05,,168.4623565673828,22.459999084472656,2.009999990463257,6481.5
2025-09-08,,167.90289306640625,23.489999771118164,2.0,6495.14990234375
2025-09-09,,165.884765625,23.399999618530273,1.9800000190734863,6512.60986328125
2025-09-10,,170.11082458496094,23.270000457763672,1.9500000476837158,6532.0400390625
2025-09-11,,169.73118591308594,24.25,1.9900000095367432,6587.47021484375
2025-09-12,,172.21885681152344,23.690000534057617,1.9500000476837158,6584.2900390625
2025-09-15,,171.6094207763672,23.850000381469727,1.9800000190734863,6615.27978515625
2025-09-16,,171.91912841796875,23.549999237060547,1.9299999475479126,6606.759765625
2025-09-17,,173.42771911621094,22.719999313354492,1.909999966621399,6600.35009765625
2025-09-18,,173.00811767578125,22.09000015258789,2.0199999809265137,6631.9599609375
2025-09-19,,172.92819213867188,21.84000015258789,2.0799999237060547,6664.35986328125
2025-09-22,,173.25787353515625,21.610000610351562,2.259999990463257,6693.75
2025-09-23,,173.9072723388672,21.549999237060547,2.2799999713897705,6656.919921875
2025-09-24,,167.1935577392578,21.8799991607666,2.2300000190734863,6637.97021484375
2025-09-25,,168.16265869140625,21.309999465942383,2.25,6604.72021484375
2025-09-26,,193.16925048828125,21.65999984741211,2.2799999713897705,6643.7001953125
2025-09-29,,201.86111450195312,21.56999969482422,2.2799999713897705,6661.2099609375
2025-09-30,,201.51144409179688,21.34000015258789,2.240000009536743,6688.4599609375
2025-10-01,,201.44151306152344,21.959999084472656,2.309999942779541,6711.2001953125
2025-10-02,,200.81210327148438,21.479999542236328,2.299999952316284,6715.35009765625
2025-10-03,,200.5023956298828,21.459999084472656,2.3399999141693115,6715.7900390625
2025-10-06,,200.27261352539062,21.389999389648438,2.2300000190734863,6740.27978515625
2025-10-07,,199.83302307128906,21.200000762939453,2.2100000381469727,6714.58984375
2025-10-08,,199.82301330566406,21.139999389648438,2.2300000190734863,6753.72021484375
2025-10-09,,199.8629913330078,20.479999542236328,2.1700000762939453,6735.10986328125
2025-10-10,,199.83302307128906,19.600000381469727,2.059999942779541,6552.509765625
2025-10-13,,200.10275268554688,19.84000015258789,2.069999933242798,6654.72021484375
2025-10-14,,200.01284790039062,20.450000762939453,2.0299999713897705,6644.31005859375
2025-10-15,,200.5623321533203,20.610000610351562,2.0,6671.06005859375
2025-10-16,,200.16270446777344,20.100000381469727,1.940000057220459,6629.06982421875
2025-10-17,,200.1127471923828,20.940000534057617,1.8300000429153442,6664.009765625
2025-10-20,,200.40248107910156,21.299999237060547,1.8600000143051147,6735.1298828125
2025-10-21,,200.36251831054688,21.709999084472656,1.8600000143051147,6735.35009765625
2025-10-22,,200.5623321533203,21.34000015258789,1.840000033378601,6699.39990234375
2025-10-23,,200.4324493408203,21.34000015258789,1.840000033378601,6738.43994140625
2025-10-24,,200.65223693847656,20.899999618530273,1.8200000524520874,6791.68994140625
2025-10-27,,200.31256103515625,21.200000762939453,1.809999942779541,6875.16015625
2025-10-28,,200.1127471923828,21.649999618530273,1.7999999523162842,6890.89013671875
2025-10-29,,200.01284790039062,21.149999618530273,1.7599999904632568,6890.58984375
2025-10-30,,199.7331085205078,20.829999923706055,1.75,6822.33984375
2025-10-31,,199.8729705810547,21.440000534057617,1.7400000095367432,6840.2001953125
2025-11-03,,199.70314025878906,21.6299991607666,1.5499999523162842,6851.97021484375
2025-11-04,,200.59230041503906,22.139999389648438,1.4700000286102295,6771.5498046875
2025-11-05,,200.55235290527344,22.0,1.4600000381469727,6796.2900390625
2025-11-06,,200.19268798828125,22.610000610351562,1.4299999475479126,6720.31982421875
2025-11-07,,200.4124755859375,22.399999618530273,1.3700000047683716,6728.7998046875
2025-11-10,,201.2117156982422,21.93000030517578,1.399999976158142,6832.43017578125
2025-11-11,,201.74122619628906,22.1200008392334,1.4900000095367432,6846.60986328125
2025-11-12,,201.8111572265625,22.479999542236328,1.559999942779541,6850.919921875
2025-11-13,,201.1517791748047,21.649999618530273,1.4299999475479126,6737.490234375
2025-11-14,,200.87203979492188,21.860000610351562,1.5399999618530273,6734.10986328125
