Price,Adj Close
Ticker,NTDOY
Date,
2010-01-04,6.103085994720459
2010-01-05,6.215667724609375
2010-01-06,6.547485828399658
2010-01-07,6.758822441101074
2010-01-08,6.877329349517822
2010-01-11,6.863502502441406
2010-01-12,6.991884708404541
2010-01-13,7.011636257171631
2010-01-14,6.942507266998291
2010-01-15,6.877329349517822
2010-01-19,7.029412269592285
2010-01-20,6.958308219909668
2010-01-21,6.906955242156982
2010-01-22,6.906955242156982
2010-01-25,7.035337448120117
2010-01-26,6.972134113311768
2010-01-27,7.092616081237793
2010-01-28,7.2091474533081055
2010-01-29,6.893129825592041
2010-02-01,7.011636257171631
2010-02-02,6.934606552124023
2010-02-03,6.814125061035156
2010-02-04,6.822025775909424
2010-02-05,6.675868034362793
2010-02-08,6.656116485595703
2010-02-09,6.650191307067871
2010-02-10,6.67191743850708
2010-02-11,6.725245475769043
2010-02-12,6.812150001525879
2010-02-16,6.743021488189697
2010-02-17,6.713394641876221
2010-02-18,6.665992259979248
2010-02-19,6.612664222717285
2010-02-22,6.596863269805908
2010-02-23,6.6422905921936035
2010-02-24,6.673892498016357
2010-02-25,6.646241188049316
2010-02-26,6.689693927764893
2010-03-01,6.936582565307617
2010-03-02,7.138043403625488
2010-03-03,7.323702812194824
2010-03-04,7.3572797775268555
2010-03-05,7.305927276611328
2010-03-08,7.396782398223877
2010-03-09,7.43628454208374
2010-03-10,7.503438472747803
2010-03-11,7.61009407043457
2010-03-12,7.535039901733398
2010-03-15,7.363205432891846
2010-03-16,7.327653884887695
2010-03-17,7.503438472747803
2010-03-18,7.426408767700195
2010-03-19,7.495537757873535
2010-03-22,7.580467700958252
2010-03-23,7.930061340332031
2010-03-24,8.216452598571777
2010-03-25,8.516669273376465
2010-03-26,8.350760459899902
2010-03-29,8.27175521850586
2010-03-30,8.408038139343262
2010-03-31,8.226327896118164
2010-04-01,8.413963317871094
2010-04-05,8.54234504699707
2010-04-06,8.575922012329102
2010-04-07,8.267805099487305
2010-04-08,8.097946166992188
2010-04-09,8.076220512390137
2010-04-12,8.350760459899902
2010-04-13,8.32508373260498
2010-04-14,8.477166175842285
2010-04-15,8.37446117401123
2010-04-16,8.236204147338867
2010-04-19,8.283605575561523
2010-04-20,8.129548072814941
2010-04-21,8.259905815124512
2010-04-22,8.141399383544922
2010-04-23,8.242128372192383
2010-04-26,8.285581588745117
2010-04-27,8.236204147338867
2010-04-28,8.196701049804688
2010-04-29,8.287556648254395
2010-04-30,8.27570629119873
2010-05-03,8.39421272277832
2010-05-04,8.163125038146973
2010-05-05,8.060418128967285
2010-05-06,7.86093282699585
2010-05-07,7.45603609085083
2010-05-10,7.702924728393555
2010-05-11,7.219022750854492
2010-05-12,7.2585248947143555
2010-05-13,7.325678825378418
2010-05-14,7.070889472961426
2010-05-17,7.0096611976623535
2010-05-18,6.883254051208496
2010-05-19,7.19334602355957
2010-05-20,7.041263103485107
2010-05-21,7.149893760681152
2010-05-24,7.1992716789245605
2010-05-25,7.001760482788086
2010-05-26,7.041263103485107
2010-05-27,7.228898048400879
2010-05-28,7.1992716789245605
2010-06-01,7.3079023361206055
2010-06-02,7.169644832611084
2010-06-03,7.055088996887207
2010-06-04,6.912880897521973
2010-06-07,6.873378276824951
2010-06-08,6.816100120544434
2010-06-09,6.543535232543945
2010-06-10,6.6482157707214355
2010-06-11,6.5869879722595215
2010-06-14,6.590937614440918
2010-06-15,7.011636257171631
2010-06-16,7.309877395629883
2010-06-17,7.515289306640625
2010-06-18,7.754277229309082
2010-06-21,7.803654670715332
2010-06-22,7.60416841506958
2010-06-23,7.38690710067749
2010-06-24,7.3671555519104
2010-06-25,7.31777811050415
2010-06-28,7.189395904541016
2010-06-29,7.147918701171875
2010-06-30,7.361230373382568
2010-07-01,7.444185256958008
2010-07-02,7.454060077667236
2010-07-06,7.45603609085083
2010-07-07,7.612069606781006
2010-07-08,7.5133137702941895
2010-07-09,7.2980265617370605
2010-07-12,7.122241973876953
2010-07-13,7.377031326293945
2010-07-14,7.2091474533081055
2010-07-15,7.001760482788086
2010-07-16,6.865478515625
2010-07-19,6.873378276824951
2010-07-20,6.885229110717773
2010-07-21,6.800299644470215
2010-07-22,6.936582565307617
2010-07-23,6.9820098876953125
2010-07-26,6.954357624053955
2010-07-27,6.873378276824951
2010-07-28,7.001760482788086
2010-07-29,6.72722053527832
2010-07-30,6.954357624053955
2010-08-02,6.997810363769531
2010-08-03,6.893129825592041
2010-08-04,6.843751907348633
2010-08-05,6.855602741241455
2010-08-06,6.879303932189941
2010-08-09,6.950407981872559
2010-08-10,6.910905361175537
2010-08-11,6.596863269805908
2010-08-12,6.448729991912842
2010-08-13,6.454655170440674
2010-08-16,6.490207672119141
2010-08-17,6.51193380355835
2010-08-18,6.764747619628906
2010-08-19,6.786474227905273
2010-08-20,6.7489471435546875
2010-08-23,6.822025775909424
2010-08-24,6.754871845245361
2010-08-25,6.8694281578063965
2010-08-26,6.788448810577393
2010-08-27,6.863502502441406
2010-08-30,6.877329349517822
2010-08-31,6.863502502441406
2010-09-01,6.9820098876953125
2010-09-02,6.885229110717773
2010-09-03,6.843751907348633
2010-09-07,6.814125061035156
2010-09-08,6.853627681732178
2010-09-09,6.798324108123779
2010-09-10,6.804249286651611
2010-09-13,6.837826251983643
2010-09-14,6.885229110717773
2010-09-15,6.903005123138428
2010-09-16,6.831901550292969
2010-09-17,6.660066604614258
2010-09-20,6.804249286651611
2010-09-21,6.827950954437256
2010-09-22,6.883254051208496
2010-09-23,6.863502502441406
2010-09-24,7.104465961456299
2010-09-27,6.903005123138428
2010-09-28,7.120266914367676
2010-09-29,6.478356838226318
2010-09-30,6.162339210510254
2010-10-01,6.221592903137207
2010-10-04,6.235418319702148
2010-10-05,6.379601001739502
2010-10-06,6.340099334716797
2010-10-07,6.346024990081787
2010-10-08,6.298621654510498
2010-10-11,6.280846118927002
2010-10-12,6.18604040145874
2010-10-13,6.19986629486084
2010-10-14,6.300597190856934
2010-10-15,6.261094570159912
2010-10-18,6.4033026695251465
2010-10-19,6.300597190856934
2010-10-20,6.525759220123291
2010-10-21,6.48428201675415
2010-10-22,6.507983207702637
2010-10-25,6.541560173034668
2010-10-26,6.567236423492432
2010-10-27,6.458605766296387
2010-10-28,6.478356838226318
2010-10-29,6.349974632263184
2010-11-01,6.31047248840332
2010-11-02,6.270970344543457
2010-11-03,6.270970344543457
2010-11-04,6.349974632263184
2010-11-05,6.389476776123047
2010-11-08,6.326273441314697
2010-11-09,6.221592903137207
2010-11-10,6.270970344543457
2010-11-11,6.280846118927002
2010-11-12,6.280846118927002
2010-11-15,6.379601001739502
2010-11-16,6.340099334716797
2010-11-17,6.464531421661377
2010-11-18,6.537610054016113
2010-11-19,6.588962554931641
2010-11-22,6.436879634857178
2010-11-23,6.369725704193115
2010-11-24,6.395401954650879
2010-11-26,6.320347785949707
2010-11-29,6.438854217529297
2010-11-30,6.735121250152588
2010-12-01,6.903005123138428
2010-12-02,6.912880897521973
2010-12-03,6.934606552124023
2010-12-06,7.068914413452148
2010-12-07,6.90103006362915
2010-12-08,6.904980182647705
2010-12-09,7.011636257171631
2010-12-10,6.938557147979736
2010-12-13,7.051137924194336
2010-12-14,7.041263103485107
2010-12-15,6.9780592918396
2010-12-16,7.061013698577881
2010-12-17,6.991884708404541
2010-12-20,6.9642333984375
2010-12-21,7.195321083068848
2010-12-22,7.2684006690979
2010-12-23,7.234823703765869
2010-12-27,7.26247501373291
2010-12-28,7.246674060821533
2010-12-29,7.303952217102051
2010-12-30,7.140018463134766
2010-12-31,7.175570011138916
2011-01-03,7.2486491203308105
2011-01-04,7.011636257171631
2011-01-05,6.833876609802246
2011-01-06,6.962258815765381
2011-01-07,6.952383041381836
2011-01-10,6.962258815765381
2011-01-11,7.157793998718262
2011-01-12,7.051137924194336
2011-01-13,7.130142688751221
2011-01-14,7.161744594573975
2011-01-18,7.294076919555664
2011-01-19,7.203221797943115
2011-01-20,6.824000835418701
2011-01-21,6.743021488189697
2011-01-24,6.788448810577393
2011-01-25,6.766722679138184
2011-01-26,6.725245475769043
2011-01-27,6.744996070861816
2011-01-28,6.577112197875977
2011-01-31,6.735121250152588
2011-02-01,6.910905361175537
2011-02-02,6.9820098876953125
2011-02-03,6.991884708404541
2011-02-04,6.887204170227051
2011-02-07,6.89510440826416
2011-02-08,6.950407981872559
2011-02-09,6.962258815765381
2011-02-10,7.20124626159668
2011-02-11,7.189395904541016
2011-02-14,7.181495189666748
2011-02-15,7.2308735847473145
2011-02-16,7.548866271972656
2011-02-17,7.57454252243042
2011-02-18,7.55479097366333
2011-02-22,7.327653884887695
2011-02-23,7.2486491203308105
2011-02-24,7.303952217102051
2011-02-25,7.562691688537598
2011-02-28,7.238773345947266
2011-03-01,7.266425132751465
2011-03-02,7.049163341522217
2011-03-03,7.0313873291015625
2011-03-04,6.922756195068359
2011-03-07,6.853627681732178
2011-03-08,6.887204170227051
2011-03-09,7.070889472961426
2011-03-10,6.903005123138428
2011-03-11,6.824000835418701
2011-03-14,6.557361125946045
2011-03-15,6.665992259979248
2011-03-16,6.5810627937316895
2011-03-17,6.583037376403809
2011-03-18,6.705494403839111
2011-03-21,6.863502502441406
2011-03-22,6.853627681732178
2011-03-23,6.863502502441406
2011-03-24,6.833876609802246
2011-03-25,6.780548572540283
2011-03-28,6.598838806152344
2011-03-29,6.547485828399658
2011-03-30,6.721295356750488
2011-03-31,6.664017200469971
2011-04-01,6.567236423492432
2011-04-04,6.529709339141846
2011-04-05,6.405278205871582
2011-04-06,6.300597190856934
2011-04-07,6.041857719421387
2011-04-08,5.945077419281006
2011-04-11,6.138638019561768
2011-04-12,6.112961769104004
2011-04-13,6.077409744262695
2011-04-14,6.067534446716309
2011-04-15,6.1702399253845215
2011-04-18,5.984579563140869
2011-04-19,6.079384803771973
2011-04-20,6.079384803771973
2011-04-21,6.075434684753418
2011-04-25,5.838421821594238
2011-04-26,6.093210697174072
2011-04-27,5.954952716827393
2011-04-28,5.856197357177734
2011-04-29,5.883849143981934
2011-05-02,6.051733016967773
2011-05-03,6.069509029388428
2011-05-04,6.067534446716309
2011-05-05,6.053708553314209
2011-05-06,6.053708553314209
2011-05-09,5.945077419281006
2011-05-10,5.875948429107666
2011-05-11,5.712014675140381
2011-05-12,5.633009910583496
2011-05-13,5.506603717803955
2011-05-16,5.555981159210205
2011-05-17,5.617209434509277
2011-05-18,5.7159647941589355
2011-05-19,5.603383541107178
2011-05-20,5.563880920410156
2011-05-23,5.439449787139893
2011-05-24,5.5480804443359375
2011-05-25,5.611284255981445
2011-05-26,5.682387828826904
2011-05-27,5.658686637878418
2011-05-31,5.708064556121826
2011-06-01,5.7159647941589355
2011-06-02,5.638935565948486
2011-06-03,5.589558124542236
2011-06-06,5.5145039558410645
2011-06-07,5.563880920410156
2011-06-08,5.186635494232178
2011-06-09,5.006900787353516
2011-06-10,4.995049953460693
2011-06-13,4.896295070648193
2011-06-14,5.016776084899902
2011-06-15,4.872593402862549
2011-06-16,4.793589115142822
2011-06-17,4.692858695983887
2011-06-20,4.692858695983887
2011-06-21,4.842966556549072
2011-06-22,4.6810078620910645
2011-06-23,4.519049167633057
2011-06-24,4.499298095703125
2011-06-27,4.463745594024658
2011-06-28,4.619779109954834
2011-06-29,4.651381015777588
2011-06-30,4.602003574371338
2011-07-01,4.572376728057861
2011-07-05,4.688908100128174
2011-07-06,4.829140663146973
2011-07-07,4.90617036819458
2011-07-08,5.00492525100708
2011-07-11,4.90617036819458
2011-07-12,4.868642807006836
2011-07-13,4.916045665740967
2011-07-14,4.829140663146973
2011-07-15,4.71853494644165
2011-07-18,4.67705774307251
2011-07-19,4.641505241394043
2011-07-20,4.566451549530029
2011-07-21,4.763962268829346
2011-07-22,4.6869330406188965
2011-07-25,4.602003574371338
2011-07-26,4.473621368408203
2011-07-27,4.3788161277771
2011-07-28,3.8415865898132324
2011-07-29,3.9403421878814697
2011-08-01,3.8751635551452637
2011-08-02,3.758631944656372
2011-08-03,3.7724575996398926
2011-08-04,3.588772773742676
2011-08-05,3.811959981918335
2011-08-08,3.746781349182129
2011-08-09,3.75270676612854
2011-08-10,3.584822416305542
2011-08-11,3.6796276569366455
2011-08-12,3.5295193195343018
2011-08-15,3.827760934829712
2011-08-16,3.7507317066192627
2011-08-17,3.861337661743164
2011-08-18,3.861337661743164
2011-08-19,3.9502174854278564
2011-08-22,3.8692381381988525
2011-08-23,4.2800612449646
2011-08-24,4.088474750518799
2011-08-25,4.039097309112549
2011-08-26,4.070699691772461
2011-08-29,4.2050065994262695
2011-08-30,4.147727966308594
2011-08-31,4.341289043426514
2011-09-01,4.246484279632568
2011-09-02,4.230682849884033
2011-09-06,4.09242582321167
2011-09-07,4.264259338378906
2011-09-08,4.272160530090332
2011-09-09,4.108226299285889
2011-09-12,4.157603740692139
2011-09-13,3.9778690338134766
2011-09-14,3.969968795776367
2011-09-15,3.8317110538482666
2011-09-16,3.790233850479126
2011-09-19,3.7724575996398926
2011-09-20,3.7507317066192627
2011-09-21,3.768507719039917
2011-09-22,3.742830991744995
2011-09-23,3.7862837314605713
2011-09-26,3.8751635551452637
2011-09-27,3.7507317066192627
2011-09-28,3.525568962097168
2011-09-29,3.6361751556396484
2011-09-30,3.584822416305542
2011-10-03,3.5828473567962646
2011-10-04,3.644075632095337
2011-10-05,3.821835517883301
2011-10-06,3.849487066268921
2011-10-07,3.7329554557800293
2011-10-10,3.8415865898132324
2011-10-11,3.7823333740234375
2011-10-12,3.742830991744995
2011-10-13,3.861337661743164
2011-10-14,3.7922089099884033
2011-10-17,3.861337661743164
2011-10-18,3.87121319770813
2011-10-19,3.817885160446167
2011-10-20,3.7546818256378174
2011-10-21,3.8297359943389893
2011-10-24,3.8356614112854004
2011-10-25,3.742830991744995
2011-10-26,3.5927228927612305
2011-10-27,3.535444736480713
2011-10-28,3.800109386444092
2011-10-31,3.7329554557800293
2011-11-01,3.6638269424438477
2011-11-02,3.6737022399902344
2011-11-03,3.6954286098480225
2011-11-04,3.7171547412872314
2011-11-07,3.806034803390503
2011-11-08,3.8949146270751953
2011-11-09,3.811959981918335
2011-11-10,3.9442920684814453
2011-11-11,3.9936702251434326
2011-11-14,3.958117961883545
2011-11-15,3.845536947250366
2011-11-16,3.7388811111450195
2011-11-17,3.6638269424438477
2011-11-18,3.6855530738830566
2011-11-21,3.6974034309387207
2011-11-22,3.5867974758148193
2011-11-23,3.5156936645507812
2011-11-25,3.5295193195343018
2011-11-28,3.671727180480957
2011-11-29,3.6914780139923096
2011-11-30,3.762582302093506
2011-12-01,3.6104989051818848
2011-12-02,3.5235941410064697
2011-12-05,3.541369915008545
2011-12-06,3.5551955699920654
2011-12-07,3.557170867919922
2011-12-08,3.4465649127960205
2011-12-09,3.4643406867980957
2011-12-12,3.466315746307373
2011-12-13,3.5156936645507812
2011-12-14,3.48211669921875
2011-12-15,3.4426145553588867
2011-12-16,3.4327392578125
2011-12-19,3.330033302307129
2011-12-20,3.361635208129883
2011-12-21,3.3260834217071533
2011-12-22,3.3971872329711914
2011-12-23,3.395211935043335
2011-12-27,3.3715107440948486
2011-12-28,3.2944812774658203
2011-12-29,3.347809314727783
2011-12-30,3.345834255218506
2012-01-03,3.4584155082702637
2012-01-04,3.531494379043579
2012-01-05,3.45446515083313
2012-01-06,3.416938304901123
2012-01-09,3.438664674758911
2012-01-10,3.405087471008301
2012-01-11,3.3971872329711914
2012-01-12,3.3932371139526367
2012-01-13,3.3102822303771973
2012-01-17,3.3497846126556396
2012-01-18,3.276705503463745
2012-01-19,3.3181827068328857
2012-01-20,3.450515031814575
2012-01-23,3.411012887954712
2012-01-24,3.4366891384124756
2012-01-25,3.4643406867980957
2012-01-26,3.2352280616760254
2012-01-27,3.3122575283050537
2012-01-30,3.2846059799194336
2012-01-31,3.345834255218506
2012-02-01,3.3379340171813965
2012-02-02,3.369535446166992
2012-02-03,3.3774359226226807
2012-02-06,3.347809314727783
2012-02-07,3.405087471008301
2012-02-08,3.4366891384124756
2012-02-09,3.4840919971466064
2012-02-10,3.4090378284454346
2012-02-13,3.4208884239196777
2012-02-14,3.3932371139526367
2012-02-15,3.5235941410064697
2012-02-16,3.594697952270508
2012-02-17,3.628274917602539
2012-02-21,3.5492703914642334
2012-02-22,3.6322247982025146
2012-02-23,3.796159029006958
2012-02-24,3.833686113357544
2012-02-27,3.8633127212524414
2012-02-28,3.784308433532715
2012-02-29,3.65592622756958
2012-03-01,3.687528133392334
2012-03-02,3.569021701812744
2012-03-05,3.4742162227630615
2012-03-06,3.385336399078369
2012-03-07,3.438664674758911
2012-03-08,3.4801416397094727
2012-03-09,3.5393950939178467
2012-03-12,3.4584155082702637
2012-03-13,3.466315746307373
2012-03-14,3.569021701812744
2012-03-15,3.687528133392334
2012-03-16,3.715179681777954
2012-03-19,3.687528133392334
2012-03-20,3.665801763534546
2012-03-21,3.6954286098480225
2012-03-22,3.8257856369018555
2012-03-23,3.7724575996398926
2012-03-26,3.730980634689331
2012-03-27,3.699378728866577
2012-03-28,3.762582302093506
2012-03-29,3.762582302093506
2012-03-30,3.7448065280914307
2012-04-02,3.7665321826934814
2012-04-03,3.6519761085510254
2012-04-04,3.6104989051818848
2012-04-05,3.681602716445923
2012-04-09,3.6322247982025146
2012-04-10,3.606548547744751
2012-04-11,3.6243245601654053
2012-04-12,3.6322247982025146
2012-04-13,3.4781665802001953
2012-04-16,3.428788661956787
2012-04-17,3.4564404487609863
2012-04-18,3.3754608631134033
2012-04-19,3.3971872329711914
2012-04-20,3.4248385429382324
2012-04-23,3.416938304901123
2012-04-24,3.3932371139526367
2012-04-25,3.401137351989746
2012-04-26,3.3754608631134033
2012-04-27,3.30830717086792
2012-04-30,3.302381992340088
2012-05-01,3.1937508583068848
2012-05-02,3.177949905395508
2012-05-03,3.142397880554199
2012-05-04,3.1443731784820557
2012-05-07,3.130547285079956
2012-05-08,3.0574684143066406
2012-05-09,3.1048710346221924
2012-05-10,3.1878254413604736
2012-05-11,2.9824142456054688
2012-05-14,2.972538709640503
2012-05-15,2.885633945465088
2012-05-16,2.8678579330444336
2012-05-17,2.881683588027954
2012-05-18,2.89155912399292
2012-05-21,2.859957456588745
2012-05-22,2.863907814025879
2012-05-23,2.8145298957824707
2012-05-24,2.7750277519226074
2012-05-25,2.7157745361328125
2012-05-29,2.838231325149536
2012-05-30,2.7651524543762207
2012-05-31,2.8283557891845703
2012-06-01,2.7928037643432617
2012-06-04,2.84218168258667
2012-06-05,2.9369869232177734
2012-06-06,2.8678579330444336
2012-06-07,2.761202096939087
2012-06-08,2.7157745361328125
2012-06-11,2.6545462608337402
2012-06-12,2.71774959564209
2012-06-13,2.777003049850464
2012-06-14,2.782928466796875
2012-06-15,2.794779062271118
2012-06-18,2.820455312728882
2012-06-19,2.8718082904815674
2012-06-20,2.869832992553711
2012-06-21,2.8619327545166016
2012-06-22,2.913285493850708
2012-06-25,2.8303308486938477
2012-06-26,2.820455312728882
2012-06-27,2.8461315631866455
2012-06-28,2.8461315631866455
2012-06-29,2.8678579330444336
2012-07-02,2.8718082904815674
2012-07-03,2.929086446762085
2012-07-05,2.950812339782715
2012-07-06,2.9271111488342285
2012-07-09,2.8876090049743652
2012-07-10,2.8520569801330566
2012-07-11,2.8737833499908447
2012-07-12,2.822430372238159
2012-07-13,2.798729181289673
2012-07-16,2.788853645324707
2012-07-17,2.777003049850464
2012-07-18,2.755276679992676
2012-07-19,2.7315754890441895
2012-07-20,2.6723222732543945
2012-07-23,2.642695665359497
2012-07-24,2.583442211151123
2012-07-25,2.6071436405181885
2012-07-26,2.6940481662750244
2012-07-27,2.7967541217803955
2012-07-30,2.7276253700256348
2012-07-31,2.7256500720977783
2012-08-01,2.664421558380127
2012-08-02,2.6624467372894287
2012-08-03,2.6387453079223633
2012-08-06,2.6229443550109863
2012-08-07,2.620969295501709
2012-08-08,2.611093759536743
2012-08-09,2.670346975326538
2012-08-10,2.692073345184326
2012-08-13,2.7098491191864014
2012-08-14,2.6189942359924316
2012-08-15,2.615044116973877
2012-08-16,2.713799476623535
2012-08-17,2.7157745361328125
2012-08-20,2.7098491191864014
2012-08-21,2.74540114402771
2012-08-22,2.7414510250091553
2012-08-23,2.782928466796875
2012-08-24,2.7868785858154297
2012-08-27,2.80070424079895
2012-08-28,2.798729181289673
2012-08-29,2.8244056701660156
2012-08-30,2.777003049850464
2012-08-31,2.751326560974121
2012-09-04,2.7434263229370117
2012-09-05,2.7157745361328125
2012-09-06,2.7631771564483643
2012-09-07,2.7276253700256348
2012-09-10,2.7473764419555664
2012-09-11,2.7651524543762207
2012-09-12,2.8441567420959473
2012-09-13,2.9646382331848145
2012-09-14,3.0495681762695312
2012-09-17,3.0298168659210205
2012-09-18,3.1858506202697754
2012-09-19,3.16214919090271
2012-09-20,3.1009206771850586
2012-09-21,3.077219247817993
2012-09-24,3.0791947841644287
2012-09-25,3.1819000244140625
2012-09-26,3.1542487144470215
2012-09-27,3.173999786376953
2012-09-28,3.13449764251709
2012-10-01,3.1937508583068848
2012-10-02,3.298431634902954
2012-10-03,3.4426145553588867
2012-10-04,3.4742162227630615
2012-10-05,3.48211669921875
2012-10-08,3.4564404487609863
2012-10-09,3.270780086517334
2012-10-10,3.1977009773254395
2012-10-11,3.2293028831481934
2012-10-12,3.2312779426574707
2012-10-15,3.286581039428711
2012-10-16,3.355710029602051
2012-10-17,3.298431634902954
2012-10-18,3.2905313968658447
2012-10-19,3.168074369430542
2012-10-22,3.2233774662017822
2012-10-23,3.1878254413604736
2012-10-24,3.053518056869507
2012-10-25,3.243128538131714
2012-10-26,3.1759750843048096
2012-10-31,3.189800500869751
2012-11-01,3.189800500869751
2012-11-02,3.108821392059326
2012-11-05,3.087095022201538
2012-11-06,3.0831446647644043
2012-11-07,3.077219247817993
2012-11-08,3.0831446647644043
2012-11-09,3.0357420444488525
2012-11-12,2.9527876377105713
2012-11-13,3.0614185333251953
2012-11-14,3.1285722255706787
2012-11-15,3.1720244884490967
2012-11-16,3.227327585220337
2012-11-19,3.2609047889709473
2012-11-20,3.09302020072937
2012-11-21,3.077219247817993
2012-11-23,3.1206719875335693
2012-11-26,3.0949954986572266
2012-11-27,3.012040853500366
2012-11-28,3.010065793991089
2012-11-29,3.0515429973602295
2012-11-30,2.9824142456054688
2012-12-03,2.8935344219207764
2012-12-04,2.9429121017456055
2012-12-05,2.9152605533599854
2012-12-06,2.907360315322876
2012-12-07,2.8935344219207764
2012-12-10,2.7631771564483643
2012-12-11,2.636770248413086
2012-12-12,2.6940481662750244
2012-12-13,2.6683719158172607
2012-12-14,2.5735666751861572
2012-12-17,2.6031932830810547
2012-12-18,2.630845069885254
2012-12-19,2.6071436405181885
2012-12-20,2.5794920921325684
2012-12-21,2.5143134593963623
2012-12-24,2.528139114379883
2012-12-26,2.490612268447876
2012-12-27,2.508388042449951
2012-12-28,2.6071436405181885
2012-12-31,2.6288695335388184
2013-01-02,2.6742970943450928
2013-01-03,2.6683719158172607
2013-01-04,2.589367628097534
2013-01-07,2.5202388763427734
2013-01-08,2.447159767150879
2013-01-09,2.3958070278167725
2013-01-10,2.3918566703796387
2013-01-11,2.508388042449951
2013-01-14,2.5301144123077393
2013-01-15,2.5360398292541504
2013-01-16,2.5518405437469482
2013-01-17,2.6624467372894287
2013-01-18,2.5952930450439453
2013-01-22,2.512338399887085
2013-01-23,2.561716079711914
2013-01-24,2.5320892333984375
2013-01-25,2.5439400672912598
2013-01-28,2.6446704864501953
2013-01-29,2.6071436405181885
2013-01-30,2.4135830402374268
2013-01-31,2.4017322063446045
2013-02-01,2.378031015396118
2013-02-04,2.3345787525177
2013-02-05,2.3266780376434326
2013-02-06,2.316802740097046
2013-02-07,2.344454050064087
2013-02-08,2.3089022636413574
2013-02-11,2.3108773231506348
2013-02-12,2.2871761322021484
2013-02-13,2.301001787185669
2013-02-14,2.2773003578186035
2013-02-15,2.2496490478515625
2013-02-19,2.291126012802124
2013-02-20,2.2832257747650146
2013-02-21,2.3247032165527344
2013-02-22,2.376055955886841
2013-02-25,2.370130777359009
2013-02-26,2.419508218765259
2013-02-27,2.409632682800293
2013-02-28,2.381981134414673
2013-03-01,2.3958070278167725
2013-03-04,2.435309410095215
2013-03-05,2.45308518409729
2013-03-06,2.415558099746704
2013-03-07,2.5103633403778076
2013-03-08,2.692073345184326
2013-03-11,2.7631771564483643
2013-03-12,2.6881227493286133
2013-03-13,2.778977870941162
2013-03-14,2.7039237022399902
2013-03-15,2.7256500720977783
2013-03-18,2.7473764419555664
2013-03-19,2.7197248935699463
2013-03-20,2.735525608062744
2013-03-21,2.7058990001678467
2013-03-22,2.7118241786956787
2013-03-25,2.6742970943450928
2013-03-26,2.6663968563079834
2013-03-27,2.6979987621307373
2013-03-28,2.6545462608337402
2013-04-01,2.5952930450439453
2013-04-02,2.6031932830810547
2013-04-03,2.5952930450439453
2013-04-04,2.6565213203430176
2013-04-05,2.6407203674316406
2013-04-08,2.696023464202881
2013-04-09,2.6841728687286377
2013-04-10,2.956737756729126
2013-04-11,2.897484540939331
2013-04-12,2.826380729675293
2013-04-15,2.8579823970794678
2013-04-16,2.8876090049743652
2013-04-17,2.8244056701660156
2013-04-18,2.8560073375701904
2013-04-19,2.885633945465088
2013-04-22,2.8955094814300537
2013-04-23,2.863907814025879
2013-04-24,2.8955094814300537
2013-04-25,2.8125550746917725
2013-04-26,2.632819890975952
2013-04-29,2.652571201324463
2013-04-30,2.7157745361328125
2013-05-01,2.636770248413086
2013-05-02,2.6940481662750244
2013-05-03,2.7118241786956787
2013-05-06,2.707874298095703
2013-05-07,2.701948881149292
2013-05-08,2.729600191116333
2013-05-09,2.71774959564209
2013-05-10,2.6505959033966064
2013-05-13,2.652571201324463
2013-05-14,2.6663968563079834
2013-05-15,2.832306146621704
2013-05-16,2.739475727081299
2013-05-17,2.7197248935699463
2013-05-20,2.6940481662750244
2013-05-21,2.7631771564483643
2013-05-22,2.664421558380127
2013-05-23,2.6170191764831543
2013-05-24,2.5755417346954346
2013-05-28,2.492587089538574
2013-05-29,2.4629604816436768
2013-05-30,2.4827117919921875
2013-05-31,2.4629604816436768
2013-06-03,2.447159767150879
2013-06-04,2.4728362560272217
2013-06-05,2.3800060749053955
2013-06-06,2.338528871536255
2013-06-07,2.421483278274536
2013-06-10,2.484686851501465
2013-06-11,2.4234585762023926
2013-06-12,2.3918566703796387
2013-06-13,2.4985125064849854
2013-06-14,2.4629604816436768
2013-06-17,2.6782474517822266
2013-06-18,2.7256500720977783
2013-06-19,2.804654359817505
2013-06-20,2.701948881149292
2013-06-21,2.755276679992676
2013-06-24,2.7434263229370117
2013-06-25,2.696023464202881
2013-06-26,2.8026795387268066
2013-06-27,2.7592270374298096
2013-06-28,2.897484540939331
2013-07-01,2.9113101959228516
2013-07-02,2.8303308486938477
2013-07-03,2.863907814025879
2013-07-05,2.9310615062713623
2013-07-08,2.913285493850708
2013-07-09,2.9587128162384033
2013-07-10,2.984389543533325
2013-07-11,3.019941568374634
2013-07-12,2.9982151985168457
2013-07-15,3.0021653175354004
2013-07-16,3.1206719875335693
2013-07-17,3.330033302307129
2013-07-18,3.2293028831481934
2013-07-19,3.30830717086792
2013-07-22,3.444589614868164
2013-07-23,3.4327392578125
2013-07-24,3.426813840866089
2013-07-25,3.298431634902954
2013-07-26,3.258929491043091
2013-07-29,3.2075765132904053
2013-07-30,3.2451038360595703
2013-07-31,3.1206719875335693
2013-08-01,3.264854669570923
2013-08-02,3.2668302059173584
2013-08-05,3.2451038360595703
2013-08-06,3.351759672164917
2013-08-07,3.3063321113586426
2013-08-08,3.239178419113159
2013-08-09,3.2135019302368164
2013-08-12,3.142397880554199
2013-08-13,3.150298595428467
2013-08-14,3.1265971660614014
2013-08-15,3.1127712726593018
2013-08-16,3.0673439502716064
2013-08-19,3.0949954986572266
2013-08-20,3.0475926399230957
2013-08-21,3.0554933547973633
2013-08-22,3.0495681762695312
2013-08-23,3.031791925430298
2013-08-26,3.0396924018859863
2013-08-27,3.081169605255127
2013-08-28,3.04364275932312
2013-08-29,2.988339424133301
2013-08-30,2.782928466796875
2013-09-03,2.903409957885742
2013-09-04,3.021916389465332
2013-09-05,2.9863643646240234
2013-09-06,2.8658828735351562
2013-09-09,2.7256500720977783
2013-09-10,2.6663968563079834
2013-09-11,2.7098491191864014
2013-09-12,2.680222511291504
2013-09-13,2.676272392272949
2013-09-16,2.7098491191864014
2013-09-17,2.7157745361328125
2013-09-18,2.7691023349761963
2013-09-19,2.773052930831909
2013-09-20,2.848107099533081
2013-09-23,2.8579823970794678
2013-09-24,2.875758171081543
2013-09-25,2.8836588859558105
2013-09-26,2.8441567420959473
2013-09-27,2.8500819206237793
2013-09-30,2.788853645324707
2013-10-01,2.8066296577453613
2013-10-02,2.7276253700256348
2013-10-03,2.7315754890441895
2013-10-04,2.777003049850464
2013-10-07,2.7375009059906006
2013-10-08,2.7335503101348877
2013-10-09,2.7710776329040527
2013-10-10,2.8579823970794678
2013-10-11,2.863907814025879
2013-10-14,2.881683588027954
2013-10-15,2.8086047172546387
2013-10-16,2.8579823970794678
2013-10-17,2.903409957885742
2013-10-18,2.8797085285186768
2013-10-21,2.9172356128692627
2013-10-22,2.897484540939331
2013-10-23,2.875758171081543
2013-10-24,2.9113101959228516
2013-10-25,2.8678579330444336
2013-10-28,2.8797085285186768
2013-10-29,2.8876090049743652
2013-10-30,2.7750277519226074
2013-10-31,2.767127513885498
2013-11-01,2.7710776329040527
2013-11-04,2.7750277519226074
2013-11-05,2.903409957885742
2013-11-06,2.9982151985168457
2013-11-07,2.938961982727051
2013-11-08,3.053518056869507
2013-11-11,3.010065793991089
2013-11-12,3.031791925430298
2013-11-13,3.1206719875335693
2013-11-14,3.096970558166504
2013-11-15,3.2293028831481934
2013-11-18,3.199676275253296
2013-11-19,3.2194271087646484
2013-11-20,3.217452049255371
2013-11-21,3.1819000244140625
2013-11-22,3.3181827068328857
2013-11-25,3.3280582427978516
2013-11-26,3.2510292530059814
2013-11-27,3.1878254413604736
2013-11-29,3.1759750843048096
2013-12-02,3.1641242504119873
2013-12-03,3.0396924018859863
2013-12-04,3.021916389465332
2013-12-05,3.019941568374634
2013-12-06,3.0554933547973633
2013-12-09,3.04364275932312
2013-12-10,3.081169605255127
2013-12-11,3.0179660320281982
2013-12-12,3.0337672233581543
2013-12-13,2.9922897815704346
2013-12-16,3.015990972518921
2013-12-17,3.015990972518921
2013-12-18,3.13449764251709
2013-12-19,3.215477228164673
2013-12-20,3.249053955078125
2013-12-23,3.2786805629730225
2013-12-24,3.2786805629730225
2013-12-26,3.276705503463745
2013-12-27,3.3043570518493652
2013-12-30,3.3063321113586426
2013-12-31,3.2944812774658203
2014-01-02,3.2688050270080566
2014-01-03,3.282630681991577
2014-01-06,3.3596599102020264
2014-01-07,3.3873116970062256
2014-01-08,3.6855530738830566
2014-01-09,3.6045737266540527
2014-01-10,3.742830991744995
2014-01-13,3.7349307537078857
2014-01-14,3.6855530738830566
2014-01-15,3.5986483097076416
2014-01-16,3.547295331954956
2014-01-17,2.9429121017456055
2014-01-21,3.168074369430542
2014-01-22,3.298431634902954
2014-01-23,3.2312779426574707
2014-01-24,3.189800500869751
2014-01-27,3.1799252033233643
2014-01-28,3.0554933547973633
2014-01-29,3.205601453781128
2014-01-30,2.9745140075683594
2014-01-31,2.8895843029022217
2014-02-03,2.89155912399292
2014-02-04,2.940936803817749
2014-02-05,2.7928037643432617
2014-02-06,2.778977870941162
2014-02-07,2.794779062271118
2014-02-10,2.950812339782715
2014-02-11,2.956737756729126
2014-02-12,2.9429121017456055
2014-02-13,2.863907814025879
2014-02-14,2.8678579330444336
2014-02-18,2.9764888286590576
2014-02-19,3.0298168659210205
2014-02-20,2.9685885906219482
2014-02-21,3.012040853500366
2014-02-24,3.0357420444488525
2014-02-25,3.0396924018859863
2014-02-26,3.1127712726593018
2014-02-27,3.021916389465332
2014-02-28,3.0416674613952637
2014-03-03,3.0021653175354004
2014-03-04,3.0732693672180176
2014-03-05,3.0179660320281982
2014-03-06,3.021916389465332
2014-03-07,3.0080907344818115
2014-03-10,2.9369869232177734
2014-03-11,2.9369869232177734
2014-03-12,2.9271111488342285
2014-03-13,2.9330365657806396
2014-03-14,2.89155912399292
2014-03-17,2.903409957885742
2014-03-18,2.8579823970794678
2014-03-19,2.8402063846588135
2014-03-20,2.810579776763916
2014-03-21,2.788853645324707
2014-03-24,2.9310615062713623
2014-03-25,2.8303308486938477
2014-03-26,2.8619327545166016
2014-03-27,2.838231325149536
2014-03-28,2.89155912399292
2014-03-31,2.940936803817749
2014-04-01,2.907360315322876
2014-04-02,2.885633945465088
2014-04-03,2.84218168258667
2014-04-04,2.8145298957824707
2014-04-07,2.820455312728882
2014-04-08,2.773052930831909
2014-04-09,2.761202096939087
2014-04-10,2.729600191116333
2014-04-11,2.670346975326538
2014-04-14,2.6663968563079834
2014-04-15,2.630845069885254
2014-04-16,2.648620843887329
2014-04-17,2.6940481662750244
2014-04-21,2.692073345184326
2014-04-22,2.6624467372894287
2014-04-23,2.6624467372894287
2014-04-24,2.6407203674316406
2014-04-25,2.571591854095459
2014-04-28,2.5814671516418457
2014-04-29,2.583442211151123
2014-04-30,2.583442211151123
2014-05-01,2.62689471244812
2014-05-02,2.6466457843780518
2014-05-05,2.6565213203430176
2014-05-06,2.6466457843780518
2014-05-07,2.6031932830810547
2014-05-08,2.5538156032562256
2014-05-09,2.5952930450439453
2014-05-12,2.6031932830810547
2014-05-13,2.6545462608337402
2014-05-14,2.6565213203430176
2014-05-15,2.6663968563079834
2014-05-16,2.6565213203430176
2014-05-19,2.686147928237915
2014-05-20,2.7335503101348877
2014-05-21,2.74540114402771
2014-05-22,2.7809531688690186
2014-05-23,2.8086047172546387
2014-05-27,2.8342809677124023
2014-05-28,2.8184804916381836
2014-05-29,2.8718082904815674
2014-05-30,2.875758171081543
2014-06-02,2.8678579330444336
2014-06-03,2.8718082904815674
2014-06-04,2.881683588027954
2014-06-05,2.848107099533081
2014-06-06,2.836256265640259
2014-06-09,2.8737833499908447
2014-06-10,2.854032278060913
2014-06-11,2.767127513885498
2014-06-12,2.7533018589019775
2014-06-13,2.816504955291748
2014-06-16,2.897484540939331
2014-06-17,2.925136089324951
2014-06-18,3.0021653175354004
2014-06-19,3.006115436553955
2014-06-20,3.031791925430298
2014-06-23,2.978464126586914
2014-06-24,2.9863643646240234
2014-06-25,2.9606881141662598
2014-06-26,2.940936803817749
2014-06-27,2.9211857318878174
2014-06-30,2.9527876377105713
2014-07-01,2.9903149604797363
2014-07-02,3.0298168659210205
2014-07-03,3.0851199626922607
2014-07-07,3.1048710346221924
2014-07-08,3.0633935928344727
2014-07-09,3.0791947841644287
2014-07-10,3.004140615463257
2014-07-11,2.9764888286590576
2014-07-14,3.0357420444488525
2014-07-15,3.0416674613952637
2014-07-16,3.0633935928344727
2014-07-17,3.0357420444488525
2014-07-18,3.0732693672180176
2014-07-21,3.0515429973602295
2014-07-22,3.140423059463501
2014-07-23,3.114746570587158
2014-07-24,3.065368890762329
2014-07-25,3.0791947841644287
2014-07-28,3.004140615463257
2014-07-29,2.984389543533325
2014-07-30,2.8342809677124023
2014-07-31,2.7315754890441895
2014-08-01,2.7157745361328125
2014-08-04,2.701948881149292
2014-08-05,2.658496141433716
2014-08-06,2.658496141433716
2014-08-07,2.6466457843780518
2014-08-08,2.636770248413086
2014-08-11,2.6545462608337402
2014-08-12,2.6288695335388184
2014-08-13,2.642695665359497
2014-08-14,2.6604716777801514
2014-08-15,2.7216999530792236
2014-08-18,2.8342809677124023
2014-08-19,2.80070424079895
2014-08-20,2.767127513885498
2014-08-21,2.7631771564483643
2014-08-22,2.751326560974121
2014-08-25,2.7710776329040527
2014-08-26,2.7434263229370117
2014-08-27,2.735525608062744
2014-08-28,2.707874298095703
2014-08-29,2.7434263229370117
2014-09-02,2.8244056701660156
2014-09-03,2.798729181289673
2014-09-04,2.794779062271118
2014-09-05,2.7967541217803955
2014-09-08,2.74540114402771
2014-09-09,2.7118241786956787
2014-09-10,2.767127513885498
2014-09-11,2.755276679992676
2014-09-12,2.7216999530792236
2014-09-15,2.71774959564209
2014-09-16,2.7967541217803955
2014-09-17,2.7473764419555664
2014-09-18,2.778977870941162
2014-09-19,2.751326560974121
2014-09-22,2.782928466796875
2014-09-23,2.7592270374298096
2014-09-24,2.723674774169922
2014-09-25,2.7157745361328125
2014-09-26,2.7256500720977783
2014-09-29,2.686147928237915
2014-09-30,2.6841728687286377
2014-10-01,2.632819890975952
2014-10-02,2.593317747116089
2014-10-03,2.589367628097534
2014-10-06,2.6249196529388428
2014-10-07,2.589367628097534
2014-10-08,2.615044116973877
2014-10-09,2.5597410202026367
2014-10-10,2.528139114379883
2014-10-13,2.506413221359253
2014-10-14,2.534064531326294
2014-10-15,2.524188995361328
2014-10-16,2.486661672592163
2014-10-17,2.50246262550354
2014-10-20,2.524188995361328
2014-10-21,2.5577657222747803
2014-10-22,2.5696163177490234
2014-10-23,2.571591854095459
2014-10-24,2.512338399887085
2014-10-27,2.549865484237671
2014-10-28,2.5478904247283936
2014-10-29,2.7256500720977783
2014-10-30,2.555790901184082
2014-10-31,2.6999735832214355
2014-11-03,2.723674774169922
2014-11-04,2.6604716777801514
2014-11-05,2.6624467372894287
2014-11-06,2.620969295501709
2014-11-07,2.593317747116089
2014-11-10,2.5972681045532227
2014-11-11,2.6466457843780518
2014-11-12,2.676272392272949
2014-11-13,2.6683719158172607
2014-11-14,2.7197248935699463
2014-11-17,2.6821978092193604
2014-11-18,2.74540114402771
2014-11-19,2.692073345184326
2014-11-20,2.690098285675049
2014-11-21,2.7256500720977783
2014-11-24,2.723674774169922
2014-11-25,2.761202096939087
2014-11-26,2.854032278060913
2014-11-28,2.863907814025879
2014-12-01,2.9271111488342285
2014-12-02,2.8718082904815674
2014-12-03,2.9113101959228516
2014-12-04,2.8737833499908447
2014-12-05,2.8461315631866455
2014-12-08,2.798729181289673
2014-12-09,2.7710776329040527
2014-12-10,2.7928037643432617
2014-12-11,2.7691023349761963
2014-12-12,2.7157745361328125
2014-12-15,2.680222511291504
2014-12-16,2.62689471244812
2014-12-17,2.6189942359924316
2014-12-18,2.6604716777801514
2014-12-19,2.620969295501709
2014-12-22,2.6071436405181885
2014-12-23,2.615044116973877
2014-12-24,2.6288695335388184
2014-12-26,2.632819890975952
2014-12-29,2.5854175090789795
2014-12-30,2.5696163177490234
2014-12-31,2.5577657222747803
2015-01-02,2.5755417346954346
2015-01-05,2.506413221359253
2015-01-06,2.443209648132324
2015-01-07,2.4708611965179443
2015-01-08,2.528139114379883
2015-01-09,2.5103633403778076
2015-01-12,2.5143134593963623
2015-01-13,2.545915126800537
2015-01-14,2.4629604816436768
2015-01-15,2.524188995361328
2015-01-16,2.5380146503448486
2015-01-20,2.528139114379883
2015-01-21,2.5360398292541504
2015-01-22,2.5301144123077393
2015-01-23,2.50246262550354
2015-01-26,2.5301144123077393
2015-01-27,2.545915126800537
2015-01-28,2.45308518409729
2015-01-29,2.3484044075012207
2015-01-30,2.378031015396118
2015-02-02,2.4116077423095703
2015-02-03,2.3898816108703613
2015-02-04,2.378031015396118
2015-02-05,2.393831968307495
2015-02-06,2.4550602436065674
2015-02-09,2.419508218765259
2015-02-10,2.4491348266601562
2015-02-11,2.443209648132324
2015-02-12,2.4491348266601562
2015-02-13,2.4511101245880127
2015-02-17,2.437284231185913
2015-02-18,2.4827117919921875
2015-02-19,2.5044379234313965
2015-02-20,2.5222136974334717
2015-02-23,2.5261642932891846
2015-02-24,2.5222136974334717
2015-02-25,2.534064531326294
2015-02-26,2.5696163177490234
2015-02-27,2.6347949504852295
2015-03-02,2.6663968563079834
2015-03-03,2.6663968563079834
2015-03-04,2.664421558380127
2015-03-05,2.7868785858154297
2015-03-06,2.8145298957824707
2015-03-09,2.8184804916381836
2015-03-10,2.7276253700256348
2015-03-11,2.6999735832214355
2015-03-12,2.7533018589019775
2015-03-13,2.773052930831909
2015-03-16,2.822430372238159
2015-03-17,3.5986483097076416
2015-03-18,4.374866008758545
2015-03-19,3.87121319770813
2015-03-20,3.6914780139923096
2015-03-23,3.7922089099884033
2015-03-24,3.6835777759552
2015-03-25,3.7941839694976807
2015-03-26,3.6855530738830566
2015-03-27,3.768507719039917
2015-03-30,3.736905574798584
2015-03-31,3.6401257514953613
2015-04-01,3.6974034309387207
2015-04-02,3.6262996196746826
2015-04-06,3.8791134357452393
2015-04-07,3.938366651535034
2015-04-08,3.9087400436401367
2015-04-09,3.8751635551452637
2015-04-10,3.89886474609375
2015-04-13,4.019346714019775
2015-04-14,3.99564528465271
2015-04-15,4.116127014160156
2015-04-16,4.266234874725342
2015-04-17,4.19710636138916
2015-04-20,4.216856956481934
2015-04-21,4.284010887145996
2015-04-22,4.321537971496582
2015-04-23,4.195130825042725
2015-04-24,4.31561279296875
2015-04-27,4.2524094581604
2015-04-28,4.394616603851318
2015-04-29,4.305737495422363
2015-04-30,4.1556291580200195
2015-05-01,4.185255527496338
2015-05-04,4.206981658935547
2015-05-05,4.124027252197266
2015-05-06,4.104276180267334
2015-05-07,4.3768415451049805
2015-05-08,4.422268867492676
2015-05-11,4.236608505249023
2015-05-12,4.264259338378906
2015-05-13,4.560525894165039
2015-05-14,4.671132564544678
2015-05-15,4.716559886932373
2015-05-18,4.596077919006348
2015-05-19,4.493372917175293
2015-05-20,4.440044403076172
2015-05-21,4.406467437744141
2015-05-22,4.347214221954346
2015-05-26,4.234633445739746
2015-05-27,4.16155481338501
2015-05-28,4.141802787780762
2015-05-29,4.179329872131348
2015-06-01,4.26030969619751
2015-06-02,4.165504455566406
2015-06-03,4.167479515075684
2015-06-04,4.185255527496338
2015-06-05,4.118102073669434
2015-06-08,4.09242582321167
2015-06-09,4.033172607421875
2015-06-10,4.07859992980957
2015-06-11,4.005520820617676
2015-06-12,4.07859992980957
2015-06-15,4.050948143005371
2015-06-16,4.074649333953857
2015-06-17,3.9620683193206787
2015-06-18,3.942317247390747
2015-06-19,3.948242425918579
2015-06-22,4.056873321533203
2015-06-23,4.2050065994262695
2015-06-24,4.133902549743652
2015-06-25,4.297836780548096
2015-06-26,4.3768415451049805
2015-06-29,4.203031539916992
2015-06-30,4.143778324127197
2015-07-01,4.250433921813965
2015-07-02,4.218832015991211
2015-07-06,4.108226299285889
2015-07-07,4.104276180267334
2015-07-08,3.9502174854278564
2015-07-09,3.99564528465271
2015-07-10,3.9660181999206543
2015-07-13,4.00354528427124
2015-07-14,3.9719436168670654
2015-07-15,4.045022964477539
2015-07-16,4.206981658935547
2015-07-17,4.268210411071777
2015-07-20,4.2761101722717285
2015-07-21,4.325488090515137
2015-07-22,4.282035827636719
2015-07-23,4.321537971496582
2015-07-24,4.285985946655273
2015-07-27,4.114151477813721
2015-07-28,4.1556291580200195
2015-07-29,4.522998809814453
2015-07-30,4.430169105529785
2015-07-31,4.347214221954346
2015-08-03,4.404492378234863
2015-08-04,4.420292854309082
2015-08-05,4.582252025604248
2015-08-06,4.515099048614502
2015-08-07,4.602003574371338
2015-08-10,4.888393878936768
2015-08-11,4.831116199493408
2015-08-12,4.803464412689209
2015-08-13,4.803464412689209
2015-08-14,4.78766393661499
2015-08-17,4.888393878936768
2015-08-18,4.8982696533203125
2015-08-19,4.9199957847595215
2015-08-20,4.878518581390381
2015-08-21,4.633605480194092
2015-08-24,4.404492378234863
2015-08-25,4.639530658721924
2015-08-26,4.975298881530762
2015-08-27,4.894319534301758
2015-08-28,4.908145427703857
2015-08-31,5.0602288246154785
2015-09-01,4.795563697814941
2015-09-02,4.9041948318481445
2015-09-03,4.854816913604736
2015-09-04,4.732360363006592
2015-09-08,4.730385780334473
2015-09-09,4.71260929107666
2015-09-10,4.777788162231445
2015-09-11,4.708659648895264
2015-09-14,4.6869330406188965
2015-09-15,4.688908100128174
2015-09-16,4.481522083282471
2015-09-17,4.325488090515137
2015-09-18,4.2524094581604
2015-09-21,4.295861721038818
2015-09-22,4.228707790374756
2015-09-23,4.230682849884033
2015-09-24,4.145753383636475
2015-09-25,4.206981658935547
2015-09-28,4.07859992980957
2015-09-29,4.017370700836182
2015-09-30,4.141802787780762
2015-10-01,4.2524094581604
2015-10-02,4.323512554168701
2015-10-05,4.442019462585449
2015-10-06,4.388691425323486
2015-10-07,4.335363388061523
2015-10-08,4.303761959075928
2015-10-09,4.363015651702881
2015-10-12,4.37091588973999
2015-10-13,4.50324821472168
2015-10-14,4.414368152618408
2015-10-15,4.584227561950684
2015-10-16,4.71853494644165
2015-10-19,4.811365604400635
2015-10-20,4.783713340759277
2015-10-21,4.797538757324219
2015-10-22,4.807414531707764
2015-10-23,4.862717628479004
2015-10-26,4.910120487213135
2015-10-27,4.756062030792236
2015-10-28,4.811365604400635
2015-10-29,4.2484588623046875
2015-10-30,3.9936702251434326
2015-11-02,4.035147190093994
2015-11-03,4.021321773529053
2015-11-04,4.021321773529053
2015-11-05,4.050948143005371
2015-11-06,4.046998023986816
2015-11-09,4.12797737121582
2015-11-10,4.084525108337402
2015-11-11,4.106251239776611
2015-11-12,3.991694450378418
2015-11-13,4.021321773529053
2015-11-16,3.938366651535034
2015-11-17,3.867262840270996
2015-11-18,3.8850388526916504
2015-11-19,3.8573875427246094
2015-11-20,3.887014389038086
2015-11-23,3.867262840270996
2015-11-24,3.8850388526916504
2015-11-25,3.9225659370422363
2015-11-27,3.8593626022338867
2015-11-30,3.7783830165863037
2015-12-01,3.8415865898132324
2015-12-02,3.839611530303955
2015-12-03,3.806034803390503
2015-12-04,3.8198604583740234
2015-12-07,3.784308433532715
2015-12-08,3.6519761085510254
2015-12-09,3.7132043838500977
2015-12-10,3.687528133392334
2015-12-11,3.5769219398498535
2015-12-14,3.574946880340576
2015-12-15,3.4682912826538086
2015-12-16,3.5018677711486816
2015-12-17,3.428788661956787
2015-12-18,3.3715107440948486
2015-12-21,3.3399088382720947
2015-12-22,3.302381992340088
2015-12-23,3.330033302307129
2015-12-24,3.2846059799194336
2015-12-28,3.355710029602051
2015-12-29,3.488042116165161
2015-12-30,3.411012887954712
2015-12-31,3.4090378284454346
2016-01-04,3.407062530517578
2016-01-05,3.270780086517334
2016-01-06,3.108821392059326
2016-01-07,3.156224012374878
2016-01-08,3.1700496673583984
2016-01-11,3.1641242504119873
2016-01-12,3.059443473815918
2016-01-13,3.1542487144470215
2016-01-14,3.1325225830078125
2016-01-15,3.0673439502716064
2016-01-19,3.361635208129883
2016-01-20,3.1226468086242676
2016-01-21,3.1720244884490967
2016-01-22,3.3655853271484375
2016-01-25,3.2747304439544678
2016-01-26,3.355710029602051
2016-01-27,3.270780086517334
2016-01-28,3.2530040740966797
2016-01-29,3.470266103744507
2016-02-01,3.5156936645507812
2016-02-02,3.6183993816375732
2016-02-03,3.486067056655884
2016-02-04,3.5769219398498535
2016-02-05,3.5275444984436035
2016-02-08,3.572971820831299
2016-02-09,3.3971872329711914
2016-02-10,3.3063321113586426
2016-02-11,3.2786805629730225
2016-02-12,3.2569544315338135
2016-02-16,3.411012887954712
2016-02-17,3.426813840866089
2016-02-18,3.5275444984436035
2016-02-19,3.4939675331115723
2016-02-22,3.6322247982025146
2016-02-23,3.563096284866333
2016-02-24,3.557170867919922
2016-02-25,3.5650713443756104
2016-02-26,3.2944812774658203
2016-02-29,3.4347140789031982
2016-03-01,3.416938304901123
2016-03-02,3.460390567779541
2016-03-03,3.569021701812744
2016-03-04,3.594697952270508
2016-03-07,3.4129879474639893
2016-03-08,3.4347140789031982
2016-03-09,3.4623658657073975
2016-03-10,3.470266103744507
2016-03-11,3.5295193195343018
2016-03-14,3.45446515083313
2016-03-15,3.4366891384124756
2016-03-16,3.45446515083313
2016-03-17,3.450515031814575
2016-03-18,3.4406394958496094
2016-03-21,3.4248385429382324
2016-03-22,3.6243245601654053
2016-03-23,3.578896999359131
2016-03-24,3.6835777759552
2016-03-28,3.6855530738830566
2016-03-29,3.730980634689331
2016-03-30,3.5867974758148193
2016-03-31,3.5058181285858154
2016-04-01,3.4208884239196777
2016-04-04,3.395211935043335
2016-04-05,3.3438591957092285
2016-04-06,3.385336399078369
2016-04-07,3.4643406867980957
2016-04-08,3.578896999359131
2016-04-11,3.612473964691162
2016-04-12,3.7329554557800293
2016-04-13,3.7013537883758545
2016-04-14,3.764557361602783
2016-04-15,3.764557361602783
2016-04-18,3.796159029006958
2016-04-19,3.8692381381988525
2016-04-20,3.9324417114257812
2016-04-21,3.888989210128784
2016-04-22,3.8317110538482666
2016-04-25,3.730980634689331
2016-04-26,3.6974034309387207
2016-04-27,3.5551955699920654
2016-04-28,3.3774359226226807
2016-04-29,3.369535446166992
2016-05-02,3.450515031814575
2016-05-03,3.4465649127960205
2016-05-04,3.416938304901123
2016-05-05,3.426813840866089
2016-05-06,3.4564404487609863
2016-05-09,3.4781665802001953
2016-05-10,3.472241163253784
2016-05-11,3.438664674758911
2016-05-12,3.5156936645507812
2016-05-13,3.4939675331115723
2016-05-16,3.563096284866333
2016-05-17,3.588772773742676
2016-05-18,3.6243245601654053
2016-05-19,3.638150215148926
2016-05-20,3.6539511680603027
2016-05-23,3.6183993816375732
2016-05-24,3.5867974758148193
2016-05-25,3.6183993816375732
2016-05-26,3.588772773742676
2016-05-27,3.5551955699920654
2016-05-31,3.622349500656128
2016-06-01,3.5986483097076416
2016-06-02,3.5670464038848877
2016-06-03,3.5828473567962646
2016-06-06,3.6460506916046143
2016-06-07,3.72505521774292
2016-06-08,3.821835517883301
2016-06-09,3.742830991744995
2016-06-10,3.6539511680603027
2016-06-13,3.557170867919922
2016-06-14,3.519643545150757
2016-06-15,3.5117433071136475
2016-06-16,3.4900169372558594
2016-06-17,3.4781665802001953
2016-06-20,3.5453202724456787
2016-06-21,3.553220748901367
2016-06-22,3.4959423542022705
2016-06-23,3.5216190814971924
2016-06-24,3.4090378284454346
2016-06-27,3.320158004760742
2016-06-28,3.383361339569092
2016-06-29,3.5117433071136475
2016-06-30,3.5117433071136475
2016-07-01,3.5058181285858154
2016-07-05,3.4564404487609863
2016-07-06,3.48211669921875
2016-07-07,3.715179681777954
2016-07-08,4.094400405883789
2016-07-11,5.471051216125488
2016-07-12,5.4493255615234375
2016-07-13,5.239964008331299
2016-07-14,6.033957481384277
2016-07-15,6.592913627624512
2016-07-18,7.3809814453125
2016-07-19,7.080765247344971
2016-07-20,6.6798176765441895
2016-07-21,6.4033026695251465
2016-07-22,5.727815628051758
2016-07-25,5.0661540031433105
2016-07-26,5.439449787139893
2016-07-27,5.182685375213623
2016-07-28,4.939746856689453
2016-07-29,5.091830253601074
2016-08-01,5.036527633666992
2016-08-02,5.040477752685547
2016-08-03,5.210336685180664
2016-08-04,5.204411506652832
2016-08-05,5.099730968475342
2016-08-08,5.141208171844482
2016-08-09,5.5145039558410645
2016-08-10,5.583632469177246
2016-08-11,5.59548282623291
2016-08-12,5.417723655700684
2016-08-15,5.368345737457275
2016-08-16,5.332793712615967
2016-08-17,5.532279968261719
2016-08-18,5.644860744476318
2016-08-19,5.49672794342041
2016-08-22,5.587582588195801
2016-08-23,5.532279968261719
2016-08-24,5.439449787139893
2016-08-25,5.423648357391357
2016-08-26,5.313042640686035
2016-08-29,5.397972106933594
2016-08-30,5.3367438316345215
2016-08-31,5.388096332550049
2016-09-01,5.532279968261719
2016-09-02,5.696214199066162
2016-09-06,5.5698065757751465
2016-09-07,7.173594951629639
2016-09-08,6.691668510437012
2016-09-09,6.49810791015625
2016-09-12,6.547485828399658
2016-09-13,6.1919660568237305
2016-09-14,6.241343975067139
2016-09-15,6.539585590362549
2016-09-16,6.458605766296387
2016-09-19,6.49218225479126
2016-09-20,6.612664222717285
2016-09-21,6.596863269805908
2016-09-22,6.664017200469971
2016-09-23,6.61661434173584
2016-09-26,6.513908863067627
2016-09-27,6.598838806152344
2016-09-28,6.664017200469971
2016-09-29,6.5593366622924805
2016-09-30,6.513908863067627
2016-10-03,6.417128562927246
2016-10-04,6.298621654510498
2016-10-05,6.427003860473633
2016-10-06,6.280846118927002
2016-10-07,6.355899810791016
2016-10-10,6.4033026695251465
2016-10-11,6.255169868469238
2016-10-12,6.164314270019531
2016-10-13,6.166289329528809
2016-10-14,6.32429838180542
2016-10-17,6.168264865875244
2016-10-18,6.247269153594971
2016-10-19,6.239368438720703
2016-10-20,6.39342737197876
2016-10-21,6.0181565284729
2016-10-24,5.745591163635254
2016-10-25,5.842371463775635
2016-10-26,5.536229610443115
2016-10-27,5.856197357177734
2016-10-28,5.9589033126831055
2016-10-31,5.9431023597717285
2016-11-01,5.945077419281006
2016-11-02,5.974704265594482
2016-11-03,5.990505218505859
2016-11-04,5.812745094299316
2016-11-07,5.826570987701416
2016-11-08,5.773242950439453
2016-11-09,5.686338424682617
2016-11-10,5.676462650299072
2016-11-11,5.621159553527832
2016-11-14,5.613259315490723
2016-11-15,5.68436336517334
2016-11-16,5.757441997528076
2016-11-17,5.952977657318115
2016-11-18,6.022106647491455
2016-11-21,6.178140163421631
2016-11-22,6.300597190856934
2016-11-23,6.320347785949707
2016-11-25,6.1208624839782715
2016-11-28,6.158389568328857
2016-11-29,6.166289329528809
2016-11-30,6.089260101318359
2016-12-01,5.982604503631592
2016-12-02,5.848296642303467
2016-12-05,5.911500930786133
2016-12-06,6.053708553314209
2016-12-07,6.1208624839782715
2016-12-08,6.189990997314453
2016-12-09,6.340099334716797
2016-12-12,6.3381242752075195
2016-12-13,6.166289329528809
2016-12-14,5.994455337524414
2016-12-15,5.798919677734375
2016-12-16,5.354519844055176
2016-12-19,5.143183708190918
2016-12-20,5.216262340545654
2016-12-21,5.0819549560546875
2016-12-22,4.860742568969727
2016-12-23,4.945672512054443
2016-12-27,5.151083469390869
2016-12-28,5.0878801345825195
2016-12-29,5.123432159423828
2016-12-30,5.1254072189331055
2017-01-03,5.172809600830078
2017-01-04,5.166884422302246
2017-01-05,5.1036810874938965
2017-01-06,5.135282516479492
2017-01-09,5.151083469390869
2017-01-10,5.332793712615967
2017-01-11,5.425623893737793
2017-01-12,5.451300144195557
2017-01-13,5.105656623840332
2017-01-17,5.158984184265137
2017-01-18,5.07997989654541
2017-01-19,5.160958766937256
2017-01-20,5.0878801345825195
2017-01-23,5.12935733795166
2017-01-24,5.127382278442383
2017-01-25,5.1846604347229
2017-01-26,5.0977559089660645
2017-01-27,5.014801502227783
2017-01-30,5.01875114440918
2017-01-31,4.884444236755371
2017-02-01,4.937771797180176
2017-02-02,4.955548286437988
2017-02-03,5.273540496826172
2017-02-06,5.216262340545654
2017-02-07,5.1096062660217285
2017-02-08,5.1096062660217285
2017-02-09,5.143183708190918
2017-02-10,5.141208171844482
2017-02-13,5.0977559089660645
2017-02-14,5.040477752685547
2017-02-15,4.892343997955322
2017-02-16,5.01085090637207
2017-02-17,5.070104122161865
2017-02-21,5.050353050231934
2017-02-22,5.072079658508301
2017-02-23,5.054303169250488
2017-02-24,5.172809600830078
2017-02-27,5.204411506652832
2017-02-28,5.157009124755859
2017-03-01,5.099730968475342
2017-03-02,4.951597213745117
2017-03-03,5.143183708190918
2017-03-06,5.281440734863281
2017-03-07,5.463150978088379
2017-03-08,5.384146690368652
2017-03-09,5.305142402648926
2017-03-10,5.30316686630249
2017-03-13,5.364395618438721
2017-03-14,5.332793712615967
2017-03-15,5.411798000335693
2017-03-16,5.478951454162598
2017-03-17,5.7376909255981445
2017-03-20,5.808794975280762
2017-03-21,5.735715866088867
2017-03-22,6.114936828613281
2017-03-23,6.024081707000732
2017-03-24,5.96877908706665
2017-03-27,6.016181468963623
2017-03-28,5.877923965454102
2017-03-29,5.8996500968933105
2017-03-30,5.757441997528076
2017-03-31,5.7317657470703125
2017-04-03,5.917425632476807
2017-04-04,5.787068843841553
2017-04-05,5.787068843841553
2017-04-06,5.883849143981934
2017-04-07,5.7594170570373535
2017-04-10,5.7317657470703125
2017-04-11,5.7475666999816895
2017-04-12,5.755467414855957
2017-04-13,5.725840091705322
2017-04-17,6.016181468963623
2017-04-18,6.041857719421387
2017-04-19,6.1919660568237305
2017-04-20,6.1050615310668945
2017-04-21,6.107036113739014
2017-04-24,6.142588138580322
2017-04-25,6.251219272613525
2017-04-26,6.1327128410339355
2017-04-27,5.925326347351074
2017-04-28,6.257144451141357
2017-05-01,6.251219272613525
2017-05-02,6.233443260192871
2017-05-03,6.239368438720703
2017-05-04,6.255169868469238
2017-05-05,6.367750644683838
2017-05-08,6.330223560333252
2017-05-09,6.26899528503418
2017-05-10,6.4033026695251465
2017-05-11,6.3973774909973145
2017-05-12,6.395401954650879
2017-05-15,6.480331897735596
2017-05-16,6.523784160614014
2017-05-17,6.604763984680176
2017-05-18,6.723270416259766
2017-05-19,6.744996070861816
2017-05-22,6.772647857666016
2017-05-23,6.871403694152832
2017-05-24,7.021512031555176
2017-05-25,7.100516319274902
2017-05-26,7.416533470153809
2017-05-30,7.540965557098389
2017-05-31,7.471836566925049
2017-06-01,7.321728229522705
2017-06-02,7.473811149597168
2017-06-05,7.720699787139893
2017-06-06,7.9419121742248535
2017-06-07,7.685148239135742
2017-06-08,7.722675323486328
2017-06-09,7.590342998504639
2017-06-12,7.629844665527344
2017-06-13,7.752302169799805
2017-06-14,7.827356338500977
2017-06-15,8.009065628051758
2017-06-16,7.997215270996094
2017-06-19,8.20262622833252
2017-06-20,8.232254028320312
2017-06-21,8.218426704406738
2017-06-22,8.30533218383789
2017-06-23,8.534445762634277
2017-06-26,8.739856719970703
2017-06-27,8.658876419067383
2017-06-28,8.427789688110352
2017-06-29,8.287556648254395
2017-06-30,8.259905815124512
2017-07-03,8.03869342803955
2017-07-05,7.728600978851318
2017-07-06,7.578492164611816
2017-07-07,7.712799549102783
2017-07-10,7.92216157913208
2017-07-11,7.79180383682251
2017-07-12,7.8984599113464355
2017-07-13,7.874758720397949
2017-07-14,7.866858005523682
2017-07-17,7.785878658294678
2017-07-18,8.05646800994873
2017-07-19,8.283605575561523
2017-07-20,8.20262622833252
2017-07-21,8.238179206848145
2017-07-24,8.064370155334473
2017-07-25,7.777978420257568
2017-07-26,8.24410343170166
2017-07-27,8.364585876464844
2017-07-28,8.372486114501953
2017-07-31,8.386311531066895
2017-08-01,8.309282302856445
2017-08-02,8.366560935974121
2017-08-03,8.370511054992676
2017-08-04,8.384336471557617
2017-08-07,8.467291831970215
2017-08-08,8.479142189025879
2017-08-09,8.346809387207031
2017-08-10,8.020916938781738
2017-08-11,8.117697715759277
2017-08-14,8.111771583557129
2017-08-15,8.180901527404785
2017-08-16,8.22237777709961
2017-08-17,8.139423370361328
2017-08-18,8.147323608398438
2017-08-21,8.082144737243652
2017-08-22,8.180901527404785
2017-08-23,8.117697715759277
2017-08-24,8.117697715759277
2017-08-25,8.135473251342773
2017-08-28,8.338909149169922
2017-08-29,8.25595474243164
2017-08-30,8.176949501037598
2017-08-31,8.22237777709961
2017-09-01,8.267805099487305
2017-09-05,8.127572059631348
2017-09-06,8.117697715759277
2017-09-07,8.078194618225098
2017-09-08,8.208552360534668
2017-09-11,8.342859268188477
2017-09-12,8.502842903137207
2017-09-13,8.413963317871094
2017-09-14,8.50086784362793
2017-09-15,8.807010650634766
2017-09-18,8.706279754638672
2017-09-19,9.233633995056152
2017-09-20,9.421268463134766
2017-09-21,9.204007148742676
2017-09-22,9.010446548461914
2017-09-25,8.874163627624512
2017-09-26,8.889965057373047
2017-09-27,8.984769821166992
2017-09-28,9.087474822998047
2017-09-29,9.075624465942383
2017-10-02,9.115126609802246
2017-10-03,9.180305480957031
2017-10-04,9.233633995056152
2017-10-05,9.490397453308105
2017-10-06,9.61285400390625
2017-10-09,9.573352813720703
2017-10-10,9.535825729370117
2017-10-11,9.705684661865234
2017-10-12,9.54372501373291
2017-10-13,9.796539306640625
2017-10-16,9.81234073638916
2017-10-17,9.614829063415527
2017-10-18,9.387691497802734
2017-10-19,9.48644733428955
2017-10-20,9.539774894714355
2017-10-23,9.579277992248535
2017-10-24,9.620755195617676
2017-10-25,9.381766319274902
2017-10-26,9.23758316040039
2017-10-27,9.413368225097656
2017-10-30,10.04935359954834
2017-10-31,9.608903884887695
2017-11-01,9.381766319274902
2017-11-02,9.322513580322266
2017-11-03,9.32646369934082
2017-11-06,9.241533279418945
2017-11-07,9.26523494720459
2017-11-08,9.468671798706055
2017-11-09,9.243509292602539
2017-11-10,9.565451622009277
2017-11-13,9.61285400390625
2017-11-14,9.757037162780762
2017-11-15,9.427193641662598
2017-11-16,9.832091331481934
2017-11-17,9.806414604187012
2017-11-20,9.887394905090332
2017-11-21,9.84196662902832
2017-11-22,9.984174728393555
2017-11-24,10.379197120666504
2017-11-27,10.554981231689453
2017-11-28,10.511528968811035
2017-11-29,10.053303718566895
2017-11-30,10.06910514831543
2017-12-01,9.926896095275879
2017-12-04,9.58322811126709
2017-12-05,9.431143760681152
2017-12-06,9.557552337646484
2017-12-07,9.843942642211914
2017-12-08,9.539774894714355
2017-12-11,9.67408275604248
2017-12-12,9.48644733428955
2017-12-13,9.62470531463623
2017-12-14,9.4370698928833
2017-12-15,9.531875610351562
2017-12-18,9.468671798706055
2017-12-19,9.294861793518066
2017-12-20,9.152653694152832
2017-12-21,9.209932327270508
2017-12-22,9.219808578491211
2017-12-26,9.042048454284668
2017-12-27,9.164504051208496
2017-12-28,8.966994285583496
2017-12-29,8.901815414428711
2018-01-02,9.065749168395996
2018-01-03,9.271160125732422
2018-01-04,9.587178230285645
2018-01-05,9.367940902709961
2018-01-08,9.39559268951416
2018-01-09,9.478547096252441
2018-01-10,9.75111198425293
2018-01-11,9.818265914916992
2018-01-12,9.954548835754395
2018-01-16,9.871593475341797
2018-01-17,10.177735328674316
2018-01-18,10.406848907470703
2018-01-19,10.803845405578613
2018-01-22,10.829521179199219
2018-01-23,11.040858268737793
2018-01-24,10.876924514770508
2018-01-25,10.827546119689941
2018-01-26,11.062583923339844
2018-01-29,10.809770584106445
2018-01-30,10.543130874633789
2018-01-31,11.273921966552734
2018-02-01,10.89272403717041
2018-02-02,10.373270988464355
2018-02-05,10.169836044311523
2018-02-06,10.359445571899414
2018-02-07,10.201436996459961
2018-02-08,9.737285614013672
2018-02-09,9.92294692993164
2018-02-12,10.122432708740234
2018-02-13,10.229087829589844
2018-02-14,10.432524681091309
2018-02-15,10.67546272277832
2018-02-16,10.69521427154541
2018-02-20,10.7149658203125
2018-02-21,10.92432689666748
2018-02-22,10.902600288391113
2018-02-23,11.240344047546387
2018-02-26,11.33712387084961
2018-02-27,11.23046875
2018-02-28,11.26799488067627
2018-03-01,10.922351837158203
2018-03-02,11.345025062561035
2018-03-05,10.957902908325195
2018-03-06,11.163314819335938
2018-03-07,10.95197868347168
2018-03-08,11.228493690490723
2018-03-09,11.317373275756836
2018-03-12,11.179116249084473
2018-03-13,11.187016487121582
2018-03-14,11.159364700317383
2018-03-15,11.435879707336426
2018-03-16,11.39835262298584
2018-03-19,11.139613151550293
2018-03-20,11.26799488067627
2018-03-21,11.262070655822754
2018-03-22,11.159364700317383
2018-03-23,11.109987258911133
2018-03-26,11.258119583129883
2018-03-27,10.93222713470459
2018-03-28,10.746566772460938
2018-03-29,10.963829040527344
2018-04-02,10.884824752807617
2018-04-03,10.82162094116211
2018-04-04,10.592508316040039
2018-04-05,10.47400188446045
2018-04-06,10.227112770080566
2018-04-09,10.450300216674805
2018-04-10,10.414748191833496
2018-04-11,10.317968368530273
2018-04-12,10.4246244430542
2018-04-13,10.35549545288086
2018-04-16,10.240939140319824
2018-04-17,10.207362174987793
2018-04-18,10.233038902282715
2018-04-19,10.112556457519531
2018-04-20,10.521405220031738
2018-04-23,10.55695629119873
2018-04-24,10.274516105651855
2018-04-25,10.43844985961914
2018-04-26,10.183660507202148
2018-04-27,10.35549545288086
2018-04-30,10.365370750427246
2018-05-01,10.468076705932617
2018-05-02,10.274516105651855
2018-05-03,10.383147239685059
2018-05-04,10.549056053161621
2018-05-07,10.572757720947266
2018-05-08,10.748541831970215
2018-05-09,10.497703552246094
2018-05-10,10.300191879272461
2018-05-11,10.398946762084961
2018-05-14,10.321917533874512
2018-05-15,10.272541046142578
2018-05-16,10.30611801147461
2018-05-17,10.3693208694458
2018-05-18,10.1066312789917
2018-05-21,9.857769012451172
2018-05-22,9.828140258789062
2018-05-23,9.717535972595215
2018-05-24,9.464720726013184
2018-05-25,9.527924537658691
2018-05-29,9.559526443481445
2018-05-30,10.14020824432373
2018-05-31,10.080955505371094
2018-06-01,9.885419845581055
2018-06-04,9.292886734008789
2018-06-05,9.23758316040039
2018-06-06,8.90576457977295
2018-06-07,9.146728515625
2018-06-08,9.385717391967773
2018-06-11,9.407443046569824
2018-06-12,9.298812866210938
2018-06-13,8.755657196044922
2018-06-14,8.406063079833984
2018-06-15,8.490992546081543
2018-06-18,8.226327896118164
2018-06-19,8.074244499206543
2018-06-20,8.246079444885254
2018-06-21,8.149298667907715
2018-06-22,8.18485164642334
2018-06-25,8.040668487548828
2018-06-26,8.093996047973633
2018-06-27,7.8866095542907715
2018-06-28,8.101896286010742
2018-06-29,8.05646800994873
2018-07-02,7.951787948608398
2018-07-03,8.050543785095215
2018-07-05,7.815505504608154
2018-07-06,7.776003360748291
2018-07-09,8.086095809936523
2018-07-10,7.90241003036499
2018-07-11,7.839206695556641
2018-07-12,7.896484851837158
2018-07-13,7.965613842010498
2018-07-16,8.303357124328613
2018-07-17,8.25595474243164
2018-07-18,8.05449390411377
2018-07-19,8.182876586914062
2018-07-20,8.212502479553223
2018-07-23,8.078194618225098
2018-07-24,8.216452598571777
2018-07-25,8.32508373260498
2018-07-26,8.331008911132812
2018-07-27,8.354710578918457
2018-07-30,8.13744831085205
2018-07-31,8.427789688110352
2018-08-01,8.647025108337402
2018-08-02,8.51271915435791
2018-08-03,8.544321060180664
2018-08-06,8.224352836608887
2018-08-07,8.29348087310791
2018-08-08,8.212502479553223
2018-08-09,8.277681350708008
2018-08-10,8.080169677734375
2018-08-13,8.005115509033203
2018-08-14,7.963638782501221
2018-08-15,7.6871232986450195
2018-08-16,7.716750144958496
2018-08-17,7.951787948608398
2018-08-20,8.238179206848145
2018-08-21,8.329033851623535
2018-08-22,8.433713912963867
2018-08-23,8.311258316040039
2018-08-24,8.433713912963867
2018-08-27,8.652952194213867
2018-08-28,8.601598739624023
2018-08-29,8.70825481414795
2018-08-30,8.836636543273926
2018-08-31,8.878113746643066
2018-09-04,8.753683090209961
2018-09-05,8.569997787475586
2018-09-06,8.502842903137207
2018-09-07,8.587773323059082
2018-09-10,8.601598739624023
2018-09-11,8.694428443908691
2018-09-12,8.79120922088623
2018-09-13,8.611474990844727
2018-09-14,8.413963317871094
2018-09-17,8.4396390914917
2018-09-18,8.714179992675781
2018-09-19,8.816885948181152
2018-09-20,9.115126609802246
2018-09-21,9.126977920532227
2018-09-24,9.051923751831055
2018-09-25,9.109201431274414
2018-09-26,9.030198097229004
2018-09-27,8.996620178222656
2018-09-28,8.980818748474121
2018-10-01,9.156604766845703
2018-10-02,9.148704528808594
2018-10-03,8.986745834350586
2018-10-04,8.729981422424316
2018-10-05,8.91761589050293
2018-10-08,8.862312316894531
2018-10-09,8.769482612609863
2018-10-10,8.522594451904297
2018-10-11,8.45149040222168
2018-10-12,8.710229873657227
2018-10-15,8.611474990844727
2018-10-16,8.801084518432617
2018-10-17,8.710229873657227
2018-10-18,8.577897071838379
2018-10-19,8.246079444885254
2018-10-22,8.281630516052246
2018-10-23,8.226327896118164
2018-10-24,7.91623592376709
2018-10-25,7.9359869956970215
2018-10-26,7.67922306060791
2018-10-29,7.533064365386963
2018-10-30,7.38690710067749
2018-10-31,7.728600978851318
2018-11-01,7.7799530029296875
2018-11-02,7.750327110290527
2018-11-05,7.645646095275879
2018-11-06,7.683173179626465
2018-11-07,7.961663722991943
2018-11-08,8.064370155334473
2018-11-09,7.920186519622803
2018-11-12,7.685148239135742
2018-11-13,7.649596214294434
2018-11-14,7.6377458572387695
2018-11-15,7.608119010925293
2018-11-16,7.110391139984131
2018-11-19,7.138043403625488
2018-11-20,6.705494403839111
2018-11-21,6.877329349517822
2018-11-23,6.918806076049805
2018-11-26,7.147918701171875
2018-11-27,7.130142688751221
2018-11-28,7.406657695770264
2018-11-29,7.580467700958252
2018-11-30,7.479736804962158
2018-12-03,7.584417819976807
2018-12-04,7.055088996887207
2018-12-06,7.0313873291015625
2018-12-07,7.08866548538208
2018-12-10,7.169644832611084
2018-12-11,7.08273983001709
2018-12-12,7.090640544891357
2018-12-13,7.104465961456299
2018-12-14,6.938557147979736
2018-12-17,6.85955286026001
2018-12-18,6.812150001525879
2018-12-19,6.470456123352051
2018-12-20,6.699569225311279
2018-12-21,6.302572250366211
2018-12-24,6.227518558502197
2018-12-26,6.458605766296387
2018-12-27,6.49810791015625
2018-12-28,6.509958744049072
2018-12-31,6.537610054016113
2019-01-02,6.622539520263672
2019-01-03,6.567236423492432
2019-01-04,6.646241188049316
2019-01-07,6.79634952545166
2019-01-08,6.861527919769287
2019-01-09,7.011636257171631
2019-01-10,6.891154766082764
2019-01-11,6.881278991699219
2019-01-14,7.0155863761901855
2019-01-15,7.252599239349365
2019-01-16,7.252599239349365
2019-01-17,7.525164604187012
2019-01-18,7.752302169799805
2019-01-22,7.509363651275635
2019-01-23,7.562691688537598
2019-01-24,7.651571273803711
2019-01-25,7.643671035766602
2019-01-28,7.3079023361206055
2019-01-29,7.537015438079834
2019-01-30,7.643671035766602
2019-01-31,7.355305194854736
2019-02-01,6.995835781097412
2019-02-04,7.254574775695801
2019-02-05,7.078790187835693
2019-02-06,6.622539520263672
2019-02-07,6.569211959838867
2019-02-08,6.494157791137695
2019-02-11,6.440829753875732
2019-02-12,6.537610054016113
2019-02-13,6.67784309387207
2019-02-14,6.656116485595703
2019-02-15,6.6482157707214355
2019-02-19,6.588962554931641
2019-02-20,6.5869879722595215
2019-02-21,6.90103006362915
2019-02-22,7.01953649520874
2019-02-25,6.794374465942383
2019-02-26,6.867453098297119
2019-02-27,7.027437210083008
2019-02-28,6.764747619628906
2019-03-01,6.8477020263671875
2019-03-04,6.6580915451049805
2019-03-05,6.725245475769043
2019-03-06,6.843751907348633
2019-03-07,6.67784309387207
2019-03-08,6.596863269805908
2019-03-11,6.67191743850708
2019-03-12,6.772647857666016
2019-03-13,6.887204170227051
2019-03-14,6.705494403839111
2019-03-15,6.897079944610596
2019-03-18,7.08866548538208
2019-03-19,6.936582565307617
2019-03-20,6.735121250152588
2019-03-21,6.800299644470215
2019-03-22,6.735121250152588
2019-03-25,6.899055004119873
2019-03-26,7.159769535064697
2019-03-27,7.110391139984131
2019-03-28,7.138043403625488
2019-03-29,7.084714889526367
2019-04-01,7.134092807769775
2019-04-02,7.10249137878418
2019-04-03,7.222972869873047
2019-04-04,7.1992716789245605
2019-04-05,7.3809814453125
2019-04-08,7.246674060821533
2019-04-09,7.323702812194824
2019-04-10,7.313827991485596
2019-04-11,7.2585248947143555
2019-04-12,7.495537757873535
2019-04-15,7.49948787689209
2019-04-16,7.56071662902832
2019-04-17,7.647621154785156
2019-04-18,8.583823204040527
2019-04-22,8.481117248535156
2019-04-23,8.178924560546875
2019-04-24,8.334959030151367
2019-04-25,7.949812889099121
2019-04-26,8.502842903137207
2019-04-29,8.568021774291992
2019-04-30,8.508768081665039
2019-05-01,8.494943618774414
2019-05-02,8.481117248535156
2019-05-03,8.599623680114746
2019-05-06,8.564071655273438
2019-05-07,8.24410343170166
2019-05-08,8.386311531066895
2019-05-09,8.299407958984375
2019-05-10,8.419889450073242
2019-05-13,8.165099143981934
2019-05-14,8.421863555908203
2019-05-15,8.5048189163208
2019-05-16,8.37446117401123
2019-05-17,8.37446117401123
2019-05-20,8.447540283203125
2019-05-21,8.53049373626709
2019-05-22,8.54234504699707
2019-05-23,8.575922012329102
2019-05-24,8.810959815979004
2019-05-28,8.718130111694336
2019-05-29,8.720105171203613
2019-05-30,8.647025108337402
2019-05-31,8.718130111694336
2019-06-03,8.761582374572754
2019-06-04,8.755657196044922
2019-06-05,8.828736305236816
2019-06-06,8.816885948181152
2019-06-07,8.955142974853516
2019-06-10,8.965019226074219
2019-06-11,8.747756958007812
2019-06-12,8.51271915435791
2019-06-13,8.5048189163208
2019-06-14,8.522594451904297
2019-06-17,8.528518676757812
2019-06-18,8.729981422424316
2019-06-19,8.650976181030273
2019-06-20,8.880088806152344
2019-06-21,8.810959815979004
2019-06-24,8.79120922088623
2019-06-25,8.706279754638672
2019-06-26,8.690478324890137
2019-06-27,8.97884464263916
2019-06-28,9.04007339477539
2019-07-01,9.142778396606445
2019-07-02,9.130928039550781
2019-07-03,9.30671215057373
2019-07-05,9.23758316040039
2019-07-08,9.211907386779785
2019-07-09,9.166479110717773
2019-07-10,9.480523109436035
2019-07-11,9.541749954223633
2019-07-12,9.52595043182373
2019-07-15,9.502248764038086
2019-07-16,9.411393165588379
2019-07-17,9.373866081237793
2019-07-18,9.476571083068848
2019-07-19,9.389667510986328
2019-07-22,9.223758697509766
2019-07-23,9.12895393371582
2019-07-24,9.105252265930176
2019-07-25,9.049947738647461
2019-07-26,9.12895393371582
2019-07-29,9.190180778503418
2019-07-30,9.045997619628906
2019-07-31,9.123026847839355
2019-08-01,9.35411548614502
2019-08-02,9.190180778503418
2019-08-05,8.927491188049316
2019-08-06,9.063775062561035
2019-08-07,9.194130897521973
2019-08-08,9.290911674499512
2019-08-09,9.164504051208496
2019-08-12,9.08945083618164
2019-08-13,9.097350120544434
2019-08-14,9.101301193237305
2019-08-15,9.223758697509766
2019-08-16,9.292886734008789
2019-08-19,9.312637329101562
2019-08-20,9.229682922363281
2019-08-21,9.379791259765625
2019-08-22,9.273136138916016
2019-08-23,9.302762031555176
2019-08-26,9.373866081237793
2019-08-27,9.431143760681152
2019-08-28,9.407443046569824
2019-08-29,9.423243522644043
2019-08-30,9.332388877868652
2019-09-03,9.442995071411133
2019-09-04,9.585203170776367
2019-09-05,9.500272750854492
2019-09-06,9.561501502990723
2019-09-09,9.691859245300293
2019-09-10,9.5634765625
2019-09-11,9.458796501159668
2019-09-12,9.480523109436035
2019-09-13,9.504223823547363
2019-09-16,9.460771560668945
2019-09-17,9.565451622009277
2019-09-18,9.699758529663086
2019-09-19,9.725435256958008
2019-09-20,9.729386329650879
2019-09-23,9.757037162780762
2019-09-24,9.401517868041992
2019-09-25,9.399541854858398
2019-09-26,9.3383150100708
2019-09-27,9.204007148742676
2019-09-30,9.204007148742676
2019-10-01,9.23758316040039
2019-10-02,9.292886734008789
2019-10-03,9.367940902709961
2019-10-04,9.48644733428955
2019-10-07,9.324488639831543
2019-10-08,9.219808578491211
2019-10-09,9.42521858215332
2019-10-10,9.233633995056152
2019-10-11,9.12895393371582
2019-10-14,9.1190767288208
2019-10-15,9.136853218078613
2019-10-16,9.071674346923828
2019-10-17,8.850461959838867
2019-10-18,8.777382850646973
2019-10-21,8.712203979492188
2019-10-22,8.743805885314941
2019-10-23,8.720105171203613
2019-10-24,8.607523918151855
2019-10-25,8.35273551940918
2019-10-28,8.404088020324707
2019-10-29,8.490992546081543
2019-10-30,8.702329635620117
2019-10-31,9.18820571899414
2019-11-01,9.798514366149902
2019-11-04,9.757037162780762
2019-11-05,9.747161865234375
2019-11-06,9.518048286437988
2019-11-07,9.512124061584473
2019-11-08,9.47459602355957
2019-11-11,9.500272750854492
2019-11-12,9.561501502990723
2019-11-13,9.510149002075195
2019-11-14,9.500272750854492
2019-11-15,9.365965843200684
2019-11-18,9.494348526000977
2019-11-19,9.63260555267334
2019-11-20,9.784687995910645
2019-11-21,9.614829063415527
2019-11-22,9.476571083068848
2019-11-25,9.646430969238281
2019-11-26,9.626680374145508
2019-11-27,9.638530731201172
2019-11-29,9.557552337646484
2019-12-02,9.883444786071777
2019-12-03,10.059228897094727
2019-12-04,10.019726753234863
2019-12-05,9.873568534851074
2019-12-06,9.984174728393555
2019-12-09,10.215262413024902
2019-12-10,10.45820140838623
2019-12-11,10.375245094299316
2019-12-12,10.246864318847656
2019-12-13,10.063179016113281
2019-12-16,10.331793785095215
2019-12-17,10.260690689086914
2019-12-18,10.059228897094727
2019-12-19,9.806414604187012
2019-12-20,9.772838592529297
2019-12-23,9.80444049835205
2019-12-24,9.786664009094238
2019-12-26,9.855792045593262
2019-12-27,9.875543594360352
2019-12-30,9.816290855407715
2019-12-31,9.855792045593262
2020-01-02,10.011825561523438
2020-01-03,9.924921035766602
2020-01-06,9.786664009094238
2020-01-07,9.709633827209473
2020-01-08,9.798514366149902
2020-01-09,9.784687995910645
2020-01-10,9.768888473510742
2020-01-13,9.796539306640625
2020-01-14,9.707659721374512
2020-01-15,9.680007934570312
2020-01-16,9.646430969238281
2020-01-17,9.61285400390625
2020-01-21,9.670132637023926
2020-01-22,9.687908172607422
2020-01-23,9.828140258789062
2020-01-24,9.822216033935547
2020-01-27,9.516073226928711
2020-01-28,9.668157577514648
2020-01-29,9.638530731201172
2020-01-30,9.352140426635742
2020-01-31,9.065749168395996
2020-02-03,9.049947738647461
2020-02-04,9.168455123901367
2020-02-05,9.164504051208496
2020-02-06,9.150679588317871
2020-02-07,9.091425895690918
2020-02-10,9.164504051208496
2020-02-11,9.239558219909668
2020-02-12,9.164504051208496
2020-02-13,9.026247024536133
2020-02-14,8.931441307067871
2020-02-18,8.886013984680176
2020-02-19,8.976869583129883
2020-02-20,8.854412078857422
2020-02-21,8.759607315063477
2020-02-24,8.526544570922852
2020-02-25,8.569997787475586
2020-02-26,8.660852432250977
2020-02-27,8.40211296081543
2020-02-28,8.29150676727295
2020-03-02,8.538395881652832
2020-03-03,8.40211296081543
2020-03-04,8.649001121520996
2020-03-05,8.643075942993164
2020-03-06,8.666777610778809
2020-03-09,8.37446117401123
2020-03-10,8.58974838256836
2020-03-11,8.20262622833252
2020-03-12,7.6871232986450195
2020-03-13,7.841181755065918
2020-03-16,7.4975128173828125
2020-03-17,8.101896286010742
2020-03-18,8.040668487548828
2020-03-19,8.660852432250977
2020-03-20,8.593697547912598
2020-03-23,8.489017486572266
2020-03-24,8.816885948181152
2020-03-25,8.652952194213867
2020-03-26,9.057848930358887
2020-03-27,9.024271011352539
2020-03-30,9.508173942565918
2020-03-31,9.535825729370117
2020-04-01,9.569401741027832
2020-04-02,9.579277992248535
2020-04-03,9.488422393798828
2020-04-06,9.893319129943848
2020-04-07,9.891345024108887
2020-04-08,9.978249549865723
2020-04-09,9.972323417663574
2020-04-13,10.231062889099121
2020-04-14,10.472026824951172
2020-04-15,10.683363914489746
2020-04-16,10.88284969329834
2020-04-17,10.592508316040039
2020-04-20,10.448326110839844
2020-04-21,10.886799812316895
2020-04-22,10.83347225189209
2020-04-23,10.701139450073242
2020-04-24,10.829521179199219
2020-04-27,10.79396915435791
2020-04-28,10.628060340881348
2020-04-29,10.7149658203125
2020-04-30,10.15995979309082
2020-05-01,10.341670036315918
2020-05-04,10.323893547058105
2020-05-05,10.422648429870605
2020-05-06,10.497703552246094
2020-05-07,10.734716415405273
2020-05-08,10.231062889099121
2020-05-11,10.110581398010254
2020-05-12,10.235014915466309
2020-05-13,10.290316581726074
2020-05-14,10.323893547058105
2020-05-15,10.347594261169434
2020-05-18,10.391047477722168
2020-05-19,10.092806816101074
2020-05-20,10.201436996459961
2020-05-21,10.266615867614746
2020-05-22,10.296241760253906
2020-05-26,10.142184257507324
2020-05-27,10.126382827758789
2020-05-28,10.112556457519531
2020-05-29,10.04145336151123
2020-06-01,10.233038902282715
2020-06-02,10.003926277160645
2020-06-03,10.161933898925781
2020-06-04,10.288342475891113
2020-06-05,10.412773132324219
2020-06-08,10.215262413024902
2020-06-09,10.33969497680664
2020-06-10,10.41672420501709
2020-06-11,10.635961532592773
2020-06-12,10.942102432250977
2020-06-15,10.861123085021973
2020-06-16,11.00135612487793
2020-06-17,11.343049049377441
2020-06-18,11.562287330627441
2020-06-19,11.572162628173828
2020-06-22,11.554386138916016
2020-06-23,11.22256851196289
2020-06-24,11.147514343261719
2020-06-25,11.046783447265625
2020-06-26,11.10011100769043
2020-06-29,11.064559936523438
2020-06-30,11.040858268737793
2020-07-01,11.060609817504883
2020-07-02,11.133688926696777
2020-07-06,11.609688758850098
2020-07-07,11.781523704528809
2020-07-08,11.518834114074707
2020-07-09,11.435879707336426
2020-07-10,11.315398216247559
2020-07-13,11.198866844177246
2020-07-14,11.137638092041016
2020-07-15,11.220593452453613
2020-07-16,11.05073356628418
2020-07-17,11.029007911682129
2020-07-20,10.916425704956055
2020-07-21,10.959877967834473
2020-07-22,10.9124755859375
2020-07-23,10.86309814453125
2020-07-24,10.914450645446777
2020-07-27,11.179116249084473
2020-07-28,11.07245922088623
2020-07-29,11.23046875
2020-07-30,11.133688926696777
2020-07-31,10.865073204040527
2020-08-03,11.052708625793457
2020-08-04,11.26799488067627
2020-08-05,11.601788520812988
2020-08-06,12.111367225646973
2020-08-07,11.678818702697754
2020-08-10,11.702520370483398
2020-08-11,11.544510841369629
2020-08-12,11.864479064941406
2020-08-13,11.840777397155762
2020-08-14,11.842752456665039
2020-08-17,12.032362937927246
2020-08-18,12.4530611038208
2020-08-19,12.482687950134277
2020-08-20,12.462936401367188
2020-08-21,12.701925277709961
2020-08-24,13.446540832519531
2020-08-25,13.11472225189209
2020-08-26,13.559121131896973
2020-08-27,13.339884757995605
2020-08-28,13.280632019042969
2020-08-31,13.306307792663574
2020-09-01,13.924517631530762
2020-09-02,13.841562271118164
2020-09-03,13.845512390136719
2020-09-04,13.960067749023438
2020-09-08,13.185827255249023
2020-09-09,13.75268268585205
2020-09-10,13.606523513793945
2020-09-11,13.823786735534668
2020-09-14,13.894890785217285
2020-09-15,14.098326683044434
2020-09-16,14.110177993774414
2020-09-17,13.928466796875
2020-09-18,14.232633590698242
2020-09-21,14.092401504516602
2020-09-22,14.122027397155762
2020-09-23,14.019322395324707
2020-09-24,13.865262985229492
2020-09-25,13.892914772033691
2020-09-28,13.944268226623535
2020-09-29,14.149679183959961
2020-09-30,14.003520965576172
2020-10-01,14.082526206970215
2020-10-02,13.71910572052002
2020-10-05,13.391237258911133
2020-10-06,13.367536544799805
2020-10-07,13.541345596313477
2020-10-08,13.598624229431152
2020-10-09,13.584796905517578
2020-10-12,13.875139236450195
2020-10-13,13.90871524810791
2020-10-14,13.87908935546875
2020-10-15,13.659852027893066
2020-10-16,13.598624229431152
2020-10-19,13.570972442626953
2020-10-20,13.418889045715332
2020-10-21,13.252979278564453
2020-10-22,13.231252670288086
2020-10-23,12.956713676452637
2020-10-26,12.929062843322754
2020-10-27,13.499868392944336
2020-10-28,13.440614700317383
2020-10-29,13.734906196594238
2020-10-30,13.377411842346191
2020-11-02,13.574922561645508
2020-11-03,13.833662033081055
2020-11-04,13.525545120239258
2020-11-05,14.359040260314941
2020-11-06,13.9561185836792
2020-11-09,13.094971656799316
2020-11-10,12.721675872802734
2020-11-11,12.500463485717773
2020-11-12,12.707849502563477
2020-11-13,12.942887306213379
2020-11-16,12.628846168518066
2020-11-17,12.670323371887207
2020-11-18,12.729576110839844
2020-11-19,13.197677612304688
2020-11-20,13.098921775817871
2020-11-23,13.10287094116211
2020-11-24,13.000165939331055
2020-11-25,13.154224395751953
2020-11-27,13.825761795043945
2020-11-30,14.013397216796875
2020-12-01,13.596648216247559
2020-12-02,13.505793571472168
2020-12-03,13.397162437438965
2020-12-04,13.509743690490723
2020-12-07,13.66972827911377
2020-12-08,13.958093643188477
2020-12-09,13.847488403320312
2020-12-10,14.052898406982422
2020-12-11,14.376816749572754
2020-12-14,14.862693786621094
2020-12-15,14.657282829284668
2020-12-16,15.143157958984375
2020-12-17,16.22551918029785
2020-12-18,15.966777801513672
2020-12-21,15.589533805847168
2020-12-22,15.336719512939453
2020-12-23,15.433500289916992
2020-12-24,15.520403861999512
2020-12-28,15.85024642944336
2020-12-29,15.733716011047363
2020-12-30,15.943076133728027
2020-12-31,15.903575897216797
2021-01-04,15.544105529785156
2021-01-05,15.97468090057373
2021-01-06,15.542130470275879
2021-01-07,15.605334281921387
2021-01-08,15.810746192932129
2021-01-11,15.660636901855469
2021-01-12,15.862098693847656
2021-01-13,15.636935234069824
2021-01-14,15.644837379455566
2021-01-15,15.55398178100586
2021-01-19,15.692239761352539
2021-01-20,15.58360767364502
2021-01-21,15.04835319519043
2021-01-22,15.3051176071167
2021-01-25,15.01082706451416
2021-01-26,14.87256908416748
2021-01-27,14.671107292175293
2021-01-28,14.789613723754883
2021-01-29,14.2741117477417
2021-02-01,15.287342071533203
2021-02-02,14.904170989990234
2021-02-03,14.615804672241211
2021-02-04,14.443970680236816
2021-02-05,14.854792594909668
2021-02-08,14.91207218170166
2021-02-09,14.647405624389648
2021-02-10,15.188586235046387
2021-02-11,15.26956558227539
2021-02-12,15.723840713500977
2021-02-16,16.116886138916016
2021-02-17,16.047758102416992
2021-02-18,15.988506317138672
2021-02-19,16.071460723876953
2021-02-22,15.70211410522461
2021-02-23,15.68631362915039
2021-02-24,15.593483924865723
2021-02-25,15.565832138061523
2021-02-26,15.232038497924805
2021-03-01,15.28536605834961
2021-03-02,14.89232063293457
2021-03-03,14.396568298339844
2021-03-04,13.84946346282959
2021-03-05,14.187206268310547
2021-03-08,13.547271728515625
2021-03-09,13.648001670837402
2021-03-10,13.527520179748535
2021-03-11,13.705280303955078
2021-03-12,13.667753219604492
2021-03-15,14.05882453918457
2021-03-16,14.469647407531738
2021-03-17,14.441995620727539
2021-03-18,14.124002456665039
2021-03-19,14.236584663391113
2021-03-22,14.430145263671875
2021-03-23,14.556551933288574
2021-03-24,14.222758293151855
2021-03-25,14.050923347473145
2021-03-26,14.441995620727539
2021-03-29,14.378791809082031
2021-03-30,14.299787521362305
2021-03-31,13.983769416809082
2021-04-01,14.185232162475586
2021-04-05,14.256335258483887
2021-04-06,14.390642166137695
2021-04-07,14.359040260314941
2021-04-08,14.667158126831055
2021-04-09,14.615804672241211
2021-04-12,14.64345645904541
2021-04-13,14.99107551574707
2021-04-14,14.829116821289062
2021-04-15,14.801465034484863
2021-04-16,14.783689498901367
2021-04-19,14.42224407196045
2021-04-20,14.29583740234375
2021-04-21,14.430145263671875
2021-04-22,14.258310317993164
2021-04-23,14.309662818908691
2021-04-26,14.044999122619629
2021-04-27,13.853412628173828
2021-04-28,14.100300788879395
2021-04-29,14.044999122619629
2021-04-30,14.199056625366211
2021-05-03,14.315587997436523
2021-05-04,14.033147811889648
2021-05-05,14.280036926269531
2021-05-06,13.827736854553223
2021-05-07,13.626276016235352
2021-05-10,13.954143524169922
2021-05-11,14.131903648376465
2021-05-12,13.73095703125
2021-05-13,13.549246788024902
2021-05-14,13.930441856384277
2021-05-17,14.08647632598877
2021-05-18,13.904766082763672
2021-05-19,14.181281089782715
2021-05-20,14.20695686340332
2021-05-21,14.491373062133789
2021-05-24,14.833066940307617
2021-05-25,15.099706649780273
2021-05-26,15.281415939331055
2021-05-27,15.135258674621582
2021-05-28,15.271540641784668
2021-06-01,15.012801170349121
2021-06-02,15.06020450592041
2021-06-03,15.070079803466797
2021-06-04,15.364371299743652
2021-06-07,15.530280113220215
2021-06-08,15.40584945678711
2021-06-09,15.14908504486084
2021-06-10,15.216238021850586
2021-06-11,15.218213081359863
2021-06-14,14.671107292175293
2021-06-15,14.463722229003906
2021-06-16,14.10425090789795
2021-06-17,14.526925086975098
2021-06-18,14.534826278686523
2021-06-21,14.665183067321777
2021-06-22,14.556551933288574
2021-06-23,14.222758293151855
2021-06-24,14.378791809082031
2021-06-25,14.29583740234375
2021-06-28,14.53285026550293
2021-06-29,14.438045501708984
2021-06-30,14.32546329498291
2021-07-01,14.301763534545898
2021-07-02,14.509149551391602
2021-07-06,14.870594024658203
2021-07-07,14.775788307189941
2021-07-08,14.072649955749512
2021-07-09,14.35706615447998
2021-07-12,14.240533828735352
2021-07-13,14.10425090789795
2021-07-14,14.244483947753906
2021-07-15,14.052898406982422
2021-07-16,13.934391975402832
2021-07-19,13.628250122070312
2021-07-20,13.539371490478516
2021-07-21,13.568997383117676
2021-07-22,13.507769584655762
2021-07-23,13.555171012878418
2021-07-26,13.428764343261719
2021-07-27,13.409013748168945
2021-07-28,13.401113510131836
2021-07-29,13.146324157714844
2021-07-30,12.690074920654297
2021-08-02,12.855982780456543
2021-08-03,12.806605339050293
2021-08-04,12.603169441223145
2021-08-05,12.378006935119629
2021-08-06,11.676843643188477
2021-08-09,11.678818702697754
2021-08-10,11.228493690490723
2021-08-11,11.690669059753418
2021-08-12,11.653141975402832
2021-08-13,11.738070487976074
2021-08-16,11.722270965576172
2021-08-17,11.686717987060547
2021-08-18,11.659067153930664
2021-08-19,11.663017272949219
2021-08-20,11.92570686340332
2021-08-23,11.919781684875488
2021-08-24,11.953357696533203
2021-08-25,11.894104957580566
2021-08-26,11.708444595336914
2021-08-27,11.643265724182129
2021-08-30,11.761772155761719
2021-08-31,11.866454124450684
2021-09-01,12.069890022277832
2021-09-02,12.2338228225708
2021-09-03,12.225923538208008
2021-09-07,12.443185806274414
2021-09-08,12.156794548034668
2021-09-09,12.156794548034668
2021-09-10,12.279251098632812
2021-09-13,12.374055862426758
2021-09-14,12.099516868591309
2021-09-15,12.08569049835205
2021-09-16,11.854602813720703
2021-09-17,11.988910675048828
2021-09-20,11.840777397155762
2021-09-21,11.900030136108398
2021-09-22,11.973109245300293
2021-09-23,12.127167701721191
2021-09-24,12.000761032104492
2021-09-27,11.996809959411621
2021-09-28,11.489208221435547
2021-09-29,11.65511703491211
2021-09-30,11.702520370483398
2021-10-01,11.11986255645752
2021-10-04,10.803845405578613
2021-10-05,10.784093856811523
2021-10-06,11.017157554626465
2021-10-07,11.18899154663086
2021-10-08,11.1317138671875
2021-10-11,11.143564224243164
2021-10-12,11.16923999786377
2021-10-13,11.14948844909668
2021-10-14,11.252195358276367
2021-10-15,11.117887496948242
2021-10-18,11.10011100769043
2021-10-19,11.07048511505127
2021-10-20,10.809770584106445
2021-10-21,10.801870346069336
2021-10-22,10.835447311401367
2021-10-25,10.69521427154541
2021-10-26,10.596458435058594
2021-10-27,10.545106887817383
2021-10-28,10.797919273376465
2021-10-29,10.9124755859375
2021-11-01,10.969754219055176
2021-11-02,10.580657005310059
2021-11-03,10.586583137512207
2021-11-04,10.586583137512207
2021-11-05,10.93222713470459
2021-11-08,10.803845405578613
2021-11-09,10.784093856811523
2021-11-10,10.726816177368164
2021-11-11,10.86309814453125
2021-11-12,10.93420124053955
2021-11-15,10.853222846984863
2021-11-16,11.05073356628418
2021-11-17,10.92432689666748
2021-11-18,11.163314819335938
2021-11-19,11.224542617797852
2021-11-22,10.971729278564453
2021-11-23,10.880873680114746
2021-11-24,10.823596000671387
2021-11-26,10.718914985656738
2021-11-29,11.200841903686523
2021-11-30,10.878899574279785
2021-12-01,10.928277015686035
2021-12-02,11.258119583129883
2021-12-03,11.021106719970703
2021-12-06,11.054683685302734
2021-12-07,11.40625286102295
2021-12-08,11.574137687683105
2021-12-09,11.584012985229492
2021-12-10,11.732146263122559
2021-12-13,11.554386138916016
2021-12-14,11.491182327270508
2021-12-15,11.637341499328613
2021-12-16,11.657092094421387
2021-12-17,11.497108459472656
2021-12-20,11.700544357299805
2021-12-21,12.038288116455078
2021-12-22,11.872379302978516
2021-12-23,12.030387878417969
2021-12-27,12.107417106628418
2021-12-28,11.805225372314453
2021-12-29,11.749921798706055
2021-12-30,11.572162628173828
2021-12-31,11.528709411621094
2022-01-03,11.548460960388184
2022-01-04,11.514883995056152
2022-01-05,11.246268272399902
2022-01-06,11.347000122070312
2022-01-07,11.475381851196289
2022-01-10,11.542535781860352
2022-01-11,11.651167869567871
2022-01-12,11.564262390136719
2022-01-13,11.297622680664062
2022-01-14,11.289721488952637
2022-01-18,11.53661060333252
2022-01-19,11.576112747192383
2022-01-20,11.832877159118652
2022-01-21,11.71634578704834
2022-01-24,11.603764533996582
2022-01-25,11.63536548614502
2022-01-26,12.060013771057129
2022-01-27,12.08569049835205
2022-01-28,12.069890022277832
2022-01-31,12.067914962768555
2022-02-01,12.235798835754395
2022-02-02,12.376030921936035
2022-02-03,12.166669845581055
2022-02-04,12.447134971618652
2022-02-07,12.51823902130127
2022-02-08,12.376030921936035
2022-02-09,12.492562294006348
2022-02-10,12.156794548034668
2022-02-11,12.243699073791504
2022-02-14,12.318753242492676
2022-02-15,12.66834831237793
2022-02-16,12.551816940307617
2022-02-17,12.492562294006348
2022-02-18,12.616994857788086
2022-02-22,12.462936401367188
2022-02-23,12.368131637573242
2022-02-24,12.314804077148438
2022-02-25,12.283201217651367
2022-02-28,12.555766105651855
2022-03-01,12.395782470703125
2022-03-02,12.504413604736328
2022-03-03,12.559717178344727
2022-03-04,12.512313842773438
2022-03-07,12.1627197265625
2022-03-08,11.992860794067383
2022-03-09,12.462936401367188
2022-03-10,12.348380088806152
2022-03-11,12.340479850769043
2022-03-14,12.101491928100586
2022-03-15,12.087665557861328
2022-03-16,12.597243309020996
2022-03-17,12.69797420501709
2022-03-18,12.751301765441895
2022-03-21,12.695999145507812
2022-03-22,12.759202003479004
2022-03-23,12.980415344238281
2022-03-24,13.079171180725098
2022-03-25,13.25495433807373
2022-03-28,13.264830589294434
2022-03-29,13.351736068725586
2022-03-30,12.678223609924316
2022-03-31,12.425408363342285
2022-04-01,12.806605339050293
2022-04-04,12.907336235046387
2022-04-05,12.510339736938477
2022-04-06,12.615019798278809
2022-04-07,12.616994857788086
2022-04-08,12.684147834777832
2022-04-11,12.514288902282715
2022-04-12,12.5794677734375
2022-04-13,12.73945140838623
2022-04-14,12.526140213012695
2022-04-18,12.389857292175293
2022-04-19,12.496513366699219
2022-04-20,12.334553718566895
2022-04-21,12.188396453857422
2022-04-22,12.109392166137695
2022-04-25,12.219998359680176
2022-04-26,11.704495429992676
2022-04-27,11.747947692871094
2022-04-28,11.3568754196167
2022-04-29,11.254170417785645
2022-05-02,10.997405052185059
2022-05-03,11.05073356628418
2022-05-04,11.266019821166992
2022-05-05,10.942102432250977
2022-05-06,10.861123085021973
2022-05-09,10.499678611755371
2022-05-10,10.705089569091797
2022-05-11,10.84334659576416
2022-05-12,10.98160457611084
2022-05-13,10.975680351257324
2022-05-16,10.778168678283691
2022-05-17,10.973705291748047
2022-05-18,11.242319107055664
2022-05-19,11.376626968383789
2022-05-20,11.382552146911621
2022-05-23,11.528709411621094
2022-05-24,11.534635543823242
2022-05-25,11.151463508605957
2022-05-26,11.21861743927002
2022-05-27,11.078385353088379
2022-05-31,10.98160457611084
2022-06-01,11.003331184387207
2022-06-02,10.973705291748047
2022-06-03,10.748541831970215
2022-06-06,10.906550407409668
2022-06-07,10.886799812316895
2022-06-08,10.79199504852295
2022-06-09,10.9124755859375
2022-06-10,10.687313079833984
2022-06-13,10.45820140838623
2022-06-14,10.450300216674805
2022-06-15,10.41869831085205
2022-06-16,10.325868606567383
2022-06-17,10.300191879272461
2022-06-21,10.472026824951172
2022-06-22,10.428574562072754
2022-06-23,10.511528968811035
2022-06-24,10.69521427154541
2022-06-27,10.639911651611328
2022-06-28,10.69521427154541
2022-06-29,10.663613319396973
2022-06-30,10.630035400390625
2022-07-01,10.509553909301758
2022-07-05,10.677437782287598
2022-07-06,10.673487663269043
2022-07-07,10.679412841796875
2022-07-08,10.566832542419434
2022-07-11,10.578681945800781
2022-07-12,10.746566772460938
2022-07-13,10.803845405578613
2022-07-14,10.720890045166016
2022-07-15,11.098135948181152
2022-07-18,11.129737854003906
2022-07-19,10.918400764465332
2022-07-20,11.07245922088623
2022-07-21,11.060609817504883
2022-07-22,11.092211723327637
2022-07-25,10.997405052185059
2022-07-26,10.754467964172363
2022-07-27,10.918400764465332
2022-07-28,11.02308177947998
2022-07-29,11.060609817504883
2022-08-01,11.03098201751709
2022-08-02,10.770268440246582
2022-08-03,10.31994342803955
2022-08-04,10.590533256530762
2022-08-05,10.677437782287598
2022-08-08,10.515478134155273
2022-08-09,10.38907241821289
2022-08-10,10.635961532592773
2022-08-11,10.65373706817627
2022-08-12,10.65373706817627
2022-08-15,10.701139450073242
2022-08-16,10.740641593933105
2022-08-17,10.87099838256836
2022-08-18,11.082335472106934
2022-08-19,10.79396915435791
2022-08-22,10.720890045166016
2022-08-23,10.726816177368164
2022-08-24,10.456226348876953
2022-08-25,10.515478134155273
2022-08-26,10.310068130493164
2022-08-29,10.22118854522705
2022-08-30,10.157984733581543
2022-08-31,10.092806816101074
2022-09-01,10.043427467346191
2022-09-02,9.934797286987305
2022-09-06,9.905170440673828
2022-09-07,9.915045738220215
2022-09-08,9.994050025939941
2022-09-09,10.092806816101074
2022-09-12,10.231062889099121
2022-09-13,10.479928016662598
2022-09-14,10.673487663269043
2022-09-15,10.70311450958252
2022-09-16,10.533255577087402
2022-09-19,10.55695629119873
2022-09-20,10.53720474243164
2022-09-21,10.43844985961914
2022-09-22,10.60633373260498
2022-09-23,10.38907241821289
2022-09-26,10.175760269165039
2022-09-27,10.264640808105469
2022-09-28,10.2982177734375
2022-09-29,10.169836044311523
2022-09-30,10.067129135131836
2022-10-03,9.895295143127441
2022-10-04,10.60633373260498
2022-10-05,10.260690689086914
2022-10-06,10.211313247680664
2022-10-07,10.142184257507324
2022-10-10,10.073055267333984
2022-10-11,10.013801574707031
2022-10-12,10.043427467346191
2022-10-13,10.181685447692871
2022-10-14,10.112556457519531
2022-10-17,10.122432708740234
2022-10-18,10.073055267333984
2022-10-19,9.865668296813965
2022-10-20,9.924921035766602
2022-10-21,10.053303718566895
2022-10-24,9.885419845581055
2022-10-25,9.974299430847168
2022-10-26,10.161933898925781
2022-10-27,9.944672584533691
2022-10-28,9.944672584533691
2022-10-31,9.994050025939941
2022-11-01,10.023676872253418
2022-11-02,10.043427467346191
2022-11-03,9.974299430847168
2022-11-04,10.053303718566895
2022-11-07,10.310068130493164
2022-11-08,9.865668296813965
2022-11-09,9.687908172607422
2022-11-10,10.132308006286621
2022-11-11,10.191561698913574
2022-11-14,10.013801574707031
2022-11-15,10.142184257507324
2022-11-16,10.201436996459961
2022-11-17,10.300191879272461
2022-11-18,10.379197120666504
2022-11-21,10.240939140319824
2022-11-22,10.3693208694458
2022-11-23,10.497703552246094
2022-11-25,10.497703552246094
2022-11-28,10.408823013305664
2022-11-29,10.45820140838623
2022-11-30,10.596458435058594
2022-12-01,10.448326110839844
2022-12-02,10.428574562072754
2022-12-05,10.211313247680664
2022-12-06,10.300191879272461
2022-12-07,10.379197120666504
2022-12-08,10.310068130493164
2022-12-09,10.260690689086914
2022-12-12,10.211313247680664
2022-12-13,10.260690689086914
2022-12-14,10.359445571899414
2022-12-15,10.112556457519531
2022-12-16,10.013801574707031
2022-12-19,10.023676872253418
2022-12-20,10.290316581726074
2022-12-21,10.310068130493164
2022-12-22,10.359445571899414
2022-12-23,10.38907241821289
2022-12-27,10.280440330505371
2022-12-28,10.240939140319824
2022-12-29,10.398946762084961
2022-12-30,10.290316581726074
2023-01-03,10.3693208694458
2023-01-04,10.240939140319824
2023-01-05,10.171810150146484
2023-01-06,10.290316581726074
2023-01-09,10.329819679260254
2023-01-10,10.22118854522705
2023-01-11,10.112556457519531
2023-01-12,10.260690689086914
2023-01-13,10.31994342803955
2023-01-17,10.62608528137207
2023-01-18,10.62608528137207
2023-01-19,10.60633373260498
2023-01-20,10.60633373260498
2023-01-23,10.527329444885254
2023-01-24,10.497703552246094
2023-01-25,10.566832542419434
2023-01-26,10.69521427154541
2023-01-27,10.7149658203125
2023-01-30,10.596458435058594
2023-01-31,10.635961532592773
2023-02-01,10.685338973999023
2023-02-02,10.65571117401123
2023-02-03,10.616209983825684
2023-02-06,10.448326110839844
2023-02-07,10.053303718566895
2023-02-08,9.786664009094238
2023-02-09,9.865668296813965
2023-02-10,9.944672584533691
2023-02-13,9.806414604187012
2023-02-14,9.836042404174805
2023-02-15,9.845917701721191
2023-02-16,10.033552169799805
2023-02-17,10.033552169799805
2023-02-21,9.885419845581055
2023-02-22,9.727411270141602
2023-02-23,9.786664009094238
2023-02-24,9.470646858215332
2023-02-27,9.312637329101562
2023-02-28,9.213882446289062
2023-03-01,9.194130897521973
2023-03-02,9.253384590148926
2023-03-03,9.411393165588379
2023-03-06,9.283010482788086
2023-03-07,9.233633995056152
2023-03-08,9.283010482788086
2023-03-09,9.292886734008789
2023-03-10,9.332388877868652
2023-03-13,9.342265129089355
2023-03-14,9.332388877868652
2023-03-15,9.283010482788086
2023-03-16,9.401517868041992
2023-03-17,9.480523109436035
2023-03-20,9.431143760681152
2023-03-21,9.441020011901855
2023-03-22,9.381766319274902
2023-03-23,9.520024299621582
2023-03-24,9.480523109436035
2023-03-27,9.529899597167969
2023-03-28,9.490397453308105
2023-03-29,9.648406982421875
2023-03-30,9.510149002075195
2023-03-31,9.569401741027832
2023-04-03,9.618779182434082
2023-04-04,10.053303718566895
2023-04-05,9.816290855407715
2023-04-06,9.875543594360352
2023-04-10,10.142184257507324
2023-04-11,9.974299430847168
2023-04-12,10.082930564880371
2023-04-13,10.073055267333984
2023-04-14,10.092806816101074
2023-04-17,10.043427467346191
2023-04-18,10.171810150146484
2023-04-19,10.053303718566895
2023-04-20,10.063179016113281
2023-04-21,10.211313247680664
2023-04-24,10.300191879272461
2023-04-25,10.33969497680664
2023-04-26,10.290316581726074
2023-04-27,10.448326110839844
2023-04-28,10.428574562072754
2023-05-01,10.22118854522705
2023-05-02,10.191561698913574
2023-05-03,10.300191879272461
2023-05-04,10.33969497680664
2023-05-05,10.428574562072754
2023-05-08,10.527329444885254
2023-05-09,10.596458435058594
2023-05-10,10.379197120666504
2023-05-11,10.33969497680664
2023-05-12,10.547080993652344
2023-05-15,10.586583137512207
2023-05-16,10.57670783996582
2023-05-17,10.803845405578613
2023-05-18,10.83347225189209
2023-05-19,10.705089569091797
2023-05-22,10.734716415405273
2023-05-23,10.53720474243164
2023-05-24,10.43844985961914
2023-05-25,10.38907241821289
2023-05-26,10.547080993652344
2023-05-30,10.497703552246094
2023-05-31,10.43844985961914
2023-06-01,10.57670783996582
2023-06-02,10.705089569091797
2023-06-05,10.635961532592773
2023-06-06,10.74459171295166
2023-06-07,10.596458435058594
2023-06-08,10.665587425231934
2023-06-09,10.813720703125
2023-06-12,10.86309814453125
2023-06-13,10.98160457611084
2023-06-14,10.83347225189209
2023-06-15,10.93222713470459
2023-06-16,10.83347225189209
2023-06-20,10.803845405578613
2023-06-21,10.77421760559082
2023-06-22,10.922351837158203
2023-06-23,10.60633373260498
2023-06-26,10.77421760559082
2023-06-27,11.01123046875
2023-06-28,11.16923999786377
2023-06-29,11.18899154663086
2023-06-30,11.23836898803711
2023-07-03,11.18899154663086
2023-07-05,11.00135612487793
2023-07-06,10.83347225189209
2023-07-07,10.991480827331543
2023-07-10,10.98160457611084
2023-07-11,11.080360412597656
2023-07-12,11.198866844177246
2023-07-13,11.455631256103516
2023-07-14,11.23836898803711
2023-07-17,11.258119583129883
2023-07-18,11.38650131225586
2023-07-19,11.30749797821045
2023-07-20,11.258119583129883
2023-07-21,11.23836898803711
2023-07-24,11.327249526977539
2023-07-25,11.080360412597656
2023-07-26,10.991480827331543
2023-07-27,11.07048511505127
2023-07-28,11.159364700317383
2023-07-31,11.139613151550293
2023-08-01,10.98160457611084
2023-08-02,10.77421760559082
2023-08-03,11.021106719970703
2023-08-04,10.635961532592773
2023-08-07,10.74459171295166
2023-08-08,10.586583137512207
2023-08-09,10.468076705932617
2023-08-10,10.596458435058594
2023-08-11,10.566832542419434
2023-08-14,10.596458435058594
2023-08-15,10.517454147338867
2023-08-16,10.586583137512207
2023-08-17,10.33969497680664
2023-08-18,10.33969497680664
2023-08-21,10.3693208694458
2023-08-22,10.300191879272461
2023-08-23,10.477952003479004
2023-08-24,10.231062889099121
2023-08-25,10.270565032958984
2023-08-28,10.3693208694458
2023-08-29,10.448326110839844
2023-08-30,10.468076705932617
2023-08-31,10.53720474243164
2023-09-01,10.547080993652344
2023-09-05,10.497703552246094
2023-09-06,10.517454147338867
2023-09-07,10.596458435058594
2023-09-08,10.665587425231934
2023-09-11,10.784093856811523
2023-09-12,10.685338973999023
2023-09-13,10.53720474243164
2023-09-14,10.685338973999023
2023-09-15,10.48782730102539
2023-09-18,10.50757884979248
2023-09-19,10.705089569091797
2023-09-20,10.3693208694458
2023-09-21,10.201436996459961
2023-09-22,10.240939140319824
2023-09-25,10.280440330505371
2023-09-26,10.270565032958984
2023-09-27,10.231062889099121
2023-09-28,10.142184257507324
2023-09-29,10.22118854522705
2023-10-02,9.994050025939941
2023-10-03,10.053303718566895
2023-10-04,10.092806816101074
2023-10-05,10.260690689086914
2023-10-06,10.33969497680664
2023-10-09,10.3693208694458
2023-10-10,10.41869831085205
2023-10-11,10.379197120666504
2023-10-12,10.349569320678711
2023-10-13,10.092806816101074
2023-10-16,10.231062889099121
2023-10-17,10.043427467346191
2023-10-18,9.915045738220215
2023-10-19,9.964424133300781
2023-10-20,9.944672584533691
2023-10-23,9.964424133300781
2023-10-24,9.984174728393555
2023-10-25,10.043427467346191
2023-10-26,9.994050025939941
2023-10-27,10.102681159973145
2023-10-30,10.073055267333984
2023-10-31,10.191561698913574
2023-11-01,10.349569320678711
2023-11-02,10.477952003479004
2023-11-03,10.665587425231934
2023-11-06,10.547080993652344
2023-11-07,10.84334659576416
2023-11-08,11.21861743927002
2023-11-09,11.534635543823242
2023-11-10,11.258119583129883
2023-11-13,11.495133399963379
2023-11-14,11.613639831542969
2023-11-15,11.376626968383789
2023-11-16,11.524759292602539
2023-11-17,11.38650131225586
2023-11-20,11.297622680664062
2023-11-21,11.347000122070312
2023-11-22,11.465506553649902
2023-11-24,11.33712387084961
2023-11-27,11.396377563476562
2023-11-28,11.396377563476562
2023-11-29,11.38650131225586
2023-11-30,11.485258102416992
2023-12-01,11.584012985229492
2023-12-04,11.40625286102295
2023-12-05,11.40625286102295
2023-12-06,11.426004409790039
2023-12-07,11.584012985229492
2023-12-08,11.643265724182129
2023-12-11,11.643265724182129
2023-12-12,11.732146263122559
2023-12-13,11.870404243469238
2023-12-14,11.929656982421875
2023-12-15,11.643265724182129
2023-12-18,11.751896858215332
2023-12-19,11.919781684875488
2023-12-20,11.811150550842285
2023-12-21,12.038288116455078
2023-12-22,12.018536567687988
2023-12-26,12.127167701721191
2023-12-27,12.324678421020508
2023-12-28,12.354305267333984
2023-12-29,12.828330993652344
2024-01-02,12.640695571899414
2024-01-03,12.541940689086914
2024-01-04,12.265425682067871
2024-01-05,12.334553718566895
2024-01-08,12.630820274353027
2024-01-09,12.897459983825684
2024-01-10,13.262855529785156
2024-01-11,13.440614700317383
2024-01-12,13.756632804870605
2024-01-16,13.480116844177246
2024-01-17,13.173975944519043
2024-01-18,13.480116844177246
2024-01-19,13.568997383117676
2024-01-22,13.430740356445312
2024-01-23,13.351736068725586
2024-01-24,13.193726539611816
2024-01-25,13.282607078552246
2024-01-26,13.23322868347168
2024-01-29,13.529495239257812
2024-01-30,13.746756553649902
2024-01-31,13.717130661010742
2024-02-01,14.043024063110352
2024-02-02,14.112152099609375
2024-02-05,13.815885543823242
2024-02-06,14.368916511535645
2024-02-07,13.993645668029785
2024-02-08,14.280036926269531
2024-02-09,14.398543357849121
2024-02-12,14.289912223815918
2024-02-13,14.151654243469238
2024-02-14,14.507174491882324
2024-02-15,14.75406265258789
2024-02-16,14.122027397155762
2024-02-20,13.450490951538086
2024-02-21,13.815885543823242
2024-02-22,13.766508102416992
2024-02-23,13.786259651184082
2024-02-26,14.062774658203125
2024-02-27,13.865262985229492
2024-02-28,13.598624229431152
2024-02-29,13.736881256103516
2024-03-01,13.865262985229492
2024-03-04,13.618374824523926
2024-03-05,13.667753219604492
2024-03-06,13.727005004882812
2024-03-07,13.845512390136719
2024-03-08,13.598624229431152
2024-03-11,13.776384353637695
2024-03-12,13.736881256103516
2024-03-13,13.648001670837402
2024-03-14,13.608498573303223
2024-03-15,13.598624229431152
2024-03-18,13.608498573303223
2024-03-19,13.736881256103516
2024-03-20,13.746756553649902
2024-03-21,13.667753219604492
2024-03-22,13.667753219604492
2024-03-25,13.499868392944336
2024-03-26,13.509743690490723
2024-03-27,13.509743690490723
2024-03-28,13.42086410522461
2024-04-01,13.292482376098633
2024-04-02,13.164100646972656
2024-04-03,12.73945140838623
2024-04-04,12.670323371887207
2024-04-05,12.611069679260254
2024-04-08,12.788829803466797
2024-04-09,12.749326705932617
2024-04-10,12.472811698913574
2024-04-11,12.423434257507324
2024-04-12,12.255549430847168
2024-04-15,12.038288116455078
2024-04-16,11.988910675048828
2024-04-17,12.067914962768555
2024-04-18,11.969159126281738
2024-04-19,11.830901145935059
2024-04-22,11.979034423828125
2024-04-23,11.929656982421875
2024-04-24,11.890154838562012
2024-04-25,11.742021560668945
2024-04-26,12.097540855407715
2024-04-29,12.196297645568848
2024-04-30,12.028412818908691
2024-05-01,11.900030136108398
2024-05-02,12.097540855407715
2024-05-03,12.225923538208008
2024-05-06,12.255549430847168
2024-05-07,12.245674133300781
2024-05-08,11.613639831542969
2024-05-09,12.176546096801758
2024-05-10,12.462936401367188
2024-05-13,12.690074920654297
2024-05-14,13.322108268737793
2024-05-15,13.243103981018066
2024-05-16,13.509743690490723
2024-05-17,13.470242500305176
2024-05-20,13.213478088378906
2024-05-21,13.272730827331543
2024-05-22,13.164100646972656
2024-05-23,12.877708435058594
2024-05-24,12.9962158203125
2024-05-28,12.838207244873047
2024-05-29,12.848082542419434
2024-05-30,13.124597549438477
2024-05-31,13.410988807678223
2024-06-03,13.559121131896973
2024-06-04,14.023272514343262
2024-06-05,13.914641380310059
2024-06-06,13.914641380310059
2024-06-07,13.727005004882812
2024-06-10,13.776384353637695
2024-06-11,13.549246788024902
2024-06-12,13.480116844177246
2024-06-13,13.075220108032227
2024-06-14,13.223353385925293
2024-06-17,13.203601837158203
2024-06-18,13.618374824523926
2024-06-20,13.134472846984863
2024-06-21,13.094971656799316
2024-06-24,13.104846954345703
2024-06-25,13.30235767364502
2024-06-26,13.223353385925293
2024-06-27,13.213478088378906
2024-06-28,13.134472846984863
2024-07-01,13.312232971191406
2024-07-02,13.618374824523926
2024-07-03,13.568997383117676
2024-07-05,13.608498573303223
2024-07-08,13.460366249084473
2024-07-09,13.588748931884766
2024-07-10,13.825761795043945
2024-07-11,13.924517631530762
2024-07-12,13.924517631530762
2024-07-15,13.845512390136719
2024-07-16,13.717130661010742
2024-07-17,13.588748931884766
2024-07-18,13.460366249084473
2024-07-19,13.272730827331543
2024-07-22,13.440614700317383
2024-07-23,13.351736068725586
2024-07-24,13.30235767364502
2024-07-25,13.173975944519043
2024-07-26,13.371485710144043
2024-07-29,13.30235767364502
2024-07-30,13.351736068725586
2024-07-31,13.549246788024902
2024-08-01,13.045594215393066
2024-08-02,11.742021560668945
2024-08-05,11.732146263122559
2024-08-06,12.433310508728027
2024-08-07,12.73945140838623
2024-08-08,12.828330993652344
2024-08-09,13.065343856811523
2024-08-12,13.085095405578613
2024-08-13,13.045594215393066
2024-08-14,13.213478088378906
2024-08-15,13.262855529785156
2024-08-16,13.410988807678223
2024-08-19,13.598624229431152
2024-08-20,13.677628517150879
2024-08-21,14.043024063110352
2024-08-22,13.835637092590332
2024-08-23,14.043024063110352
2024-08-26,13.825761795043945
2024-08-27,13.736881256103516
2024-08-28,13.470242500305176
2024-08-29,13.361610412597656
2024-08-30,13.430740356445312
2024-09-03,13.134472846984863
2024-09-04,13.193726539611816
2024-09-05,13.312232971191406
2024-09-06,13.134472846984863
2024-09-09,13.351736068725586
2024-09-10,13.282607078552246
2024-09-11,13.262855529785156
2024-09-12,13.322108268737793
2024-09-13,13.193726539611816
2024-09-16,13.30235767364502
2024-09-17,13.164100646972656
2024-09-18,13.11472225189209
2024-09-19,13.312232971191406
2024-09-20,13.203601837158203
2024-09-23,13.223353385925293
2024-09-24,13.23322868347168
2024-09-25,13.035717964172363
2024-09-26,13.717130661010742
2024-09-27,13.361610412597656
2024-09-30,13.210856437683105
2024-10-01,13.260446548461914
2024-10-02,13.081921577453613
2024-10-03,13.02241325378418
2024-10-04,13.081921577453613
2024-10-07,13.46872615814209
2024-10-08,13.349709510803223
2024-10-09,13.18110179901123
2024-10-10,13.210856437683105
2024-10-11,13.131511688232422
2024-10-14,13.072003364562988
2024-10-15,13.012495040893555
2024-10-16,13.22077465057373
2024-10-17,13.290200233459473
2024-10-18,13.369544982910156
2024-10-21,13.230692863464355
2024-10-22,13.121593475341797
2024-10-23,13.032331466674805
2024-10-24,13.121593475341797
2024-10-25,13.00257682800293
2024-10-28,13.191020011901855
2024-10-29,13.131511688232422
2024-10-30,13.072003364562988
2024-10-31,13.111676216125488
2024-11-01,12.962904930114746
2024-11-04,12.992659568786621
2024-11-05,12.764543533325195
2024-11-06,13.230692863464355
2024-11-07,13.389381408691406
2024-11-08,13.260446548461914
2024-11-11,13.290200233459473
2024-11-12,13.369544982910156
2024-11-13,12.893478393554688
2024-11-14,12.923232078552246
2024-11-15,13.131511688232422
2024-11-18,13.20093822479248
2024-11-19,13.101758003234863
2024-11-20,13.101758003234863
2024-11-21,13.151348114013672
2024-11-22,13.062085151672363
2024-11-25,13.260446548461914
2024-11-26,13.369544982910156
2024-11-27,13.845612525939941
2024-11-29,14.52995777130127
2024-12-02,14.619220733642578
2024-12-03,14.797745704650879
2024-12-04,15.224223136901855
2024-12-05,15.44242000579834
2024-12-06,15.075451850891113
2024-12-09,15.164713859558105
2024-12-10,14.827500343322754
2024-12-11,14.966353416442871
2024-12-12,14.857254028320312
2024-12-13,14.688647270202637
2024-12-16,14.807663917541504
2024-12-17,15.234140396118164
2024-12-18,14.658892631530762
2024-12-19,14.926680564880371
2024-12-20,14.579548835754395
2024-12-23,14.52995777130127
2024-12-24,14.52995777130127
2024-12-26,14.520040512084961
2024-12-27,14.559712409973145
2024-12-30,14.500204086303711
2024-12-31,14.510122299194336
2025-01-02,14.559712409973145
2025-01-03,14.56963062286377
2025-01-06,14.420859336853027
2025-01-07,14.252252578735352
2025-01-08,13.924956321716309
2025-01-10,14.30184268951416
2025-01-13,14.34151554107666
2025-01-14,14.658892631530762
2025-01-15,15.105205535888672
2025-01-16,15.511846542358398
2025-01-17,14.688647270202637
2025-01-21,14.559712409973145
2025-01-22,14.887008666992188
2025-01-23,15.224223136901855
2025-01-24,15.720126152038574
2025-01-27,15.492010116577148
2025-01-28,16.32512664794922
2025-01-29,16.11684799194336
2025-01-30,16.563161849975586
2025-01-31,16.216028213500977
2025-02-03,16.36479949951172
2025-02-04,16.3052921295166
2025-02-05,17.108654022216797
2025-02-06,17.832672119140625
2025-02-07,17.40619468688965
2025-02-10,17.832672119140625
2025-02-11,17.713655471801758
2025-02-12,17.584720611572266
2025-02-13,18.229394912719727
2025-02-14,18.2988224029541
2025-02-18,18.745134353637695
2025-02-19,19.25095558166504
2025-02-20,19.122020721435547
2025-02-21,18.973249435424805
2025-02-24,18.844314575195312
2025-02-25,18.864151000976562
2025-02-26,18.517019271850586
2025-02-27,18.636035919189453
2025-02-28,18.42775535583496
2025-03-03,18.23931312561035
2025-03-04,18.249231338500977
2025-03-05,18.665788650512695
2025-03-06,18.576526641845703
2025-03-07,17.495458602905273
2025-03-10,16.53340721130371
2025-03-11,16.880538940429688
2025-03-12,17.00947380065918
2025-03-13,17.00947380065918
2025-03-14,17.38636016845703
2025-03-17,17.23758888244629
2025-03-18,17.108654022216797
2025-03-19,17.683900833129883
2025-03-20,17.624393463134766
2025-03-21,18.031034469604492
2025-03-24,17.713655471801758
2025-03-25,17.872344970703125
2025-03-26,18.417837142944336
2025-03-27,18.100460052490234
2025-03-28,17.793001174926758
2025-03-31,17.170000076293945
2025-04-01,17.139999389648438
2025-04-02,17.360000610351562
2025-04-03,16.709999084472656
2025-04-04,15.890000343322754
2025-04-07,16.1200008392334
2025-04-08,16.43000030517578
2025-04-09,17.479999542236328
2025-04-10,17.139999389648438
2025-04-11,17.450000762939453
2025-04-14,18.219999313354492
2025-04-15,17.90999984741211
2025-04-16,17.5
2025-04-17,18.059999465942383
2025-04-21,17.969999313354492
2025-04-22,18.190000534057617
2025-04-23,18.520000457763672
2025-04-24,19.81999969482422
2025-04-25,19.8799991607666
2025-04-28,20.270000457763672
2025-04-29,20.229999542236328
2025-04-30,20.84000015258789
2025-05-01,20.899999618530273
2025-05-02,21.690000534057617
2025-05-05,21.899999618530273
2025-05-06,21.700000762939453
2025-05-07,21.520000457763672
2025-05-08,20.899999618530273
2025-05-09,20.1200008392334
2025-05-12,20.09000015258789
2025-05-13,20.559999465942383
2025-05-14,19.739999771118164
2025-05-15,19.639999389648438
2025-05-16,20.06999969482422
2025-05-19,19.950000762939453
2025-05-20,19.899999618530273
2025-05-21,19.399999618530273
2025-05-22,19.5
2025-05-23,20.5
2025-05-27,21.010000228881836
2025-05-28,20.889999389648438
2025-05-29,21.020000457763672
2025-05-30,20.440000534057617
2025-06-02,20.440000534057617
2025-06-03,20.440000534057617
2025-06-04,20.979999542236328
2025-06-05,20.68000030517578
2025-06-06,20.729999542236328
2025-06-09,20.950000762939453
2025-06-10,20.889999389648438
2025-06-11,20.170000076293945
2025-06-12,20.489999771118164
2025-06-13,20.719999313354492
2025-06-16,20.719999313354492
2025-06-17,21.56999969482422
2025-06-18,22.889999389648438
2025-06-20,21.959999084472656
2025-06-23,21.75
2025-06-24,22.25
2025-06-25,22.739999771118164
2025-06-26,23.229999542236328
2025-06-27,23.639999389648438
2025-06-30,24.020000457763672
2025-07-01,23.110000610351562
2025-07-02,22.81999969482422
2025-07-03,22.75
2025-07-07,22.540000915527344
2025-07-08,22.350000381469727
2025-07-09,22.1299991607666
2025-07-10,21.729999542236328
2025-07-11,21.399999618530273
2025-07-14,21.139999389648438
2025-07-15,20.989999771118164
2025-07-16,21.690000534057617
2025-07-17,22.010000228881836
2025-07-18,21.950000762939453
2025-07-21,22.209999084472656
2025-07-22,21.649999618530273
2025-07-23,22.15999984741211
2025-07-24,22.270000457763672
2025-07-25,21.81999969482422
2025-07-28,21.399999618530273
2025-07-29,21.56999969482422
2025-07-30,21.459999084472656
2025-07-31,21.0
2025-08-01,21.010000228881836
2025-08-04,22.6299991607666
2025-08-05,22.700000762939453
2025-08-06,22.950000762939453
2025-08-07,23.469999313354492
2025-08-08,24.489999771118164
2025-08-11,24.280000686645508
2025-08-12,23.84000015258789
2025-08-13,24.06999969482422
2025-08-14,24.149999618530273
2025-08-15,24.43000030517578
2025-08-18,24.889999389648438
2025-08-19,24.139999389648438
2025-08-20,23.290000915527344
2025-08-21,23.1200008392334
2025-08-22,23.59000015258789
2025-08-25,23.190000534057617
2025-08-26,22.920000076293945
2025-08-27,22.559999465942383
2025-08-28,22.84000015258789
2025-08-29,22.34000015258789
2025-09-02,22.0
2025-09-03,22.1200008392334
2025-09-04,22.520000457763672
2025-09-05,22.459999084472656
2025-09-08,23.489999771118164
2025-09-09,23.399999618530273
2025-09-10,23.270000457763672
2025-09-11,24.25
2025-09-12,23.690000534057617
2025-09-15,23.850000381469727
2025-09-16,23.549999237060547
2025-09-17,22.719999313354492
2025-09-18,22.09000015258789
2025-09-19,21.84000015258789
2025-09-22,21.610000610351562
2025-09-23,21.549999237060547
2025-09-24,21.8799991607666
2025-09-25,21.309999465942383
2025-09-26,21.65999984741211
2025-09-29,21.56999969482422
2025-09-30,21.34000015258789
2025-10-01,21.959999084472656
2025-10-02,21.479999542236328
2025-10-03,21.459999084472656
2025-10-06,21.389999389648438
2025-10-07,21.200000762939453
2025-10-08,21.139999389648438
2025-10-09,20.479999542236328
2025-10-10,19.600000381469727
2025-10-13,19.84000015258789
2025-10-14,20.450000762939453
2025-10-15,20.610000610351562
2025-10-16,20.100000381469727
2025-10-17,20.940000534057617
2025-10-20,21.299999237060547
2025-10-21,21.709999084472656
2025-10-22,21.34000015258789
2025-10-23,21.34000015258789
2025-10-24,20.899999618530273
2025-10-27,21.200000762939453
2025-10-28,21.649999618530273
2025-10-29,21.149999618530273
2025-10-30,20.829999923706055
2025-10-31,21.440000534057617
2025-11-03,21.6299991607666
2025-11-04,22.139999389648438
2025-11-05,22.0
2025-11-06,22.610000610351562
2025-11-07,22.399999618530273
2025-11-10,21.93000030517578
2025-11-11,22.1200008392334
2025-11-12,22.479999542236328
2025-11-13,21.649999618530273
2025-11-14,21.860000610351562
