Price,Adj Close
Ticker,UBSFY
Date,
2010-01-20,2.683384656906128
2010-01-21,2.683384656906128
2010-01-22,2.683384656906128
2010-01-25,2.683384656906128
2010-01-26,2.792707681655884
2010-01-27,2.733077049255371
2010-01-28,2.733077049255371
2010-01-29,2.733077049255371
2010-02-01,2.733077049255371
2010-02-02,2.8821539878845215
2010-02-03,2.9318463802337646
2010-02-04,2.9318463802337646
2010-02-05,2.733077049255371
2010-02-08,2.733077049255371
2010-02-09,2.733077049255371
2010-02-10,2.633692502975464
2010-02-11,2.5343077182769775
2010-02-12,2.5343077182769775
2010-02-16,2.554184675216675
2010-02-17,2.554184675216675
2010-02-18,2.554184675216675
2010-02-19,2.554184675216675
2010-02-22,2.554184675216675
2010-02-23,2.554184675216675
2010-02-24,2.554184675216675
2010-02-25,2.554184675216675
2010-02-26,2.554184675216675
2010-03-01,2.554184675216675
2010-03-02,2.3752925395965576
2010-03-03,2.395169258117676
2010-03-04,2.395169258117676
2010-03-05,2.5343077182769775
2010-03-08,2.5343077182769775
2010-03-09,2.5343077182769775
2010-03-10,2.494553804397583
2010-03-11,2.494553804397583
2010-03-12,2.5343077182769775
2010-03-15,2.5343077182769775
2010-03-16,2.5343077182769775
2010-03-17,2.4846153259277344
2010-03-18,2.5343077182769775
2010-03-19,2.683384656906128
2010-03-22,2.782769203186035
2010-03-23,2.683384656906128
2010-03-24,2.6237540245056152
2010-03-25,2.6237540245056152
2010-03-26,2.6237540245056152
2010-03-29,2.7728307247161865
2010-03-30,2.633692502975464
2010-03-31,2.633692502975464
2010-04-01,2.633692502975464
2010-04-05,2.633692502975464
2010-04-06,2.8324615955352783
2010-04-07,2.8324615955352783
2010-04-08,2.792707681655884
2010-04-09,2.921907901763916
2010-04-12,2.921907901763916
2010-04-13,2.9318463802337646
2010-04-14,2.9318463802337646
2010-04-15,2.9318463802337646
2010-04-16,2.9616615772247314
2010-04-19,2.9616615772247314
2010-04-20,2.8523383140563965
2010-04-21,2.8523383140563965
2010-04-22,2.733077049255371
2010-04-23,2.683384656906128
2010-04-26,2.703261613845825
2010-04-27,2.6734461784362793
2010-04-28,2.6734461784362793
2010-04-29,2.6734461784362793
2010-04-30,2.574061632156372
2010-05-03,2.574061632156372
2010-05-04,2.4249846935272217
2010-05-05,2.3752925395965576
2010-05-06,2.3752925395965576
2010-05-07,2.1864616870880127
2010-05-10,2.1864616870880127
2010-05-11,2.2460923194885254
2010-05-12,2.2460923194885254
2010-05-13,2.28584623336792
2010-05-14,2.126830816268921
2010-05-17,2.126830816268921
2010-05-18,2.1367692947387695
2010-05-19,1.9976308345794678
2010-05-20,1.9578770399093628
2010-05-21,1.9380000829696655
2010-05-24,1.9380000829696655
2010-05-25,1.818738579750061
2010-05-26,1.8386154174804688
2010-05-27,1.8485538959503174
2010-05-28,1.8485538959503174
2010-06-01,1.9181231260299683
2010-06-02,1.9081846475601196
2010-06-03,1.9081846475601196
2010-06-04,1.8386154174804688
2010-06-07,1.8684308528900146
2010-06-08,1.7889230251312256
2010-06-09,1.7889230251312256
2010-06-10,1.7889230251312256
2010-06-11,1.7889230251312256
2010-06-14,1.9081846475601196
2010-06-15,1.928061604499817
2010-06-16,1.8883076906204224
2010-06-17,1.8883076906204224
2010-06-18,1.8883076906204224
2010-06-21,1.8386154174804688
2010-06-22,1.7491692304611206
2010-06-23,1.6398462057113647
2010-06-24,1.6398462057113647
2010-06-25,1.6497845649719238
2010-06-28,1.6497845649719238
2010-06-29,1.5702769756317139
2010-06-30,1.5702769756317139
2010-07-01,1.5504000186920166
2010-07-02,1.5802154541015625
2010-07-06,1.6299077272415161
2010-07-07,1.6299077272415161
2010-07-08,1.6299077272415161
2010-07-09,1.6299077272415161
2010-07-12,1.6299077272415161
2010-07-13,1.8286770582199097
2010-07-14,1.7889230251312256
2010-07-15,1.7889230251312256
2010-07-16,1.7889230251312256
2010-07-19,1.818738579750061
2010-07-20,1.818738579750061
2010-07-21,1.818738579750061
2010-07-22,1.7889230251312256
2010-07-23,1.7889230251312256
2010-07-26,1.8088001012802124
2010-07-27,1.8088001012802124
2010-07-28,1.8088001012802124
2010-07-29,1.8883076906204224
2010-07-30,1.8883076906204224
2010-08-02,1.8883076906204224
2010-08-03,1.8883076906204224
2010-08-04,1.8883076906204224
2010-08-05,1.9876923561096191
2010-08-06,2.0075693130493164
2010-08-09,2.0075693130493164
2010-08-10,2.0075693130493164
2010-08-11,1.8883076906204224
2010-08-12,1.7789846658706665
2010-08-13,1.7789846658706665
2010-08-16,1.7789846658706665
2010-08-17,1.7789846658706665
2010-08-18,1.7789846658706665
2010-08-19,1.7889230251312256
2010-08-20,1.7889230251312256
2010-08-23,1.7889230251312256
2010-08-24,1.7889230251312256
2010-08-25,1.7889230251312256
2010-08-26,1.7889230251312256
2010-08-27,1.7889230251312256
2010-08-30,1.7889230251312256
2010-08-31,1.7889230251312256
2010-09-01,1.7889230251312256
2010-09-02,1.7889230251312256
2010-09-03,1.7889230251312256
2010-09-07,1.7889230251312256
2010-09-08,1.7889230251312256
2010-09-09,1.9081846475601196
2010-09-10,1.9081846475601196
2010-09-13,1.9081846475601196
2010-09-14,1.9380000829696655
2010-09-15,1.928061604499817
2010-09-16,1.8386154174804688
2010-09-17,1.8386154174804688
2010-09-20,1.8883076906204224
2010-09-21,1.8883076906204224
2010-09-22,2.1864616870880127
2010-09-23,2.126830816268921
2010-09-24,2.1367692947387695
2010-09-27,2.1864616870880127
2010-09-28,2.1864616870880127
2010-09-29,2.1864616870880127
2010-09-30,2.1864616870880127
2010-10-01,2.1864616870880127
2010-10-04,2.1665847301483154
2010-10-05,2.1665847301483154
2010-10-06,2.1665847301483154
2010-10-07,2.2361538410186768
2010-10-08,2.2361538410186768
2010-10-11,2.2361538410186768
2010-10-12,2.2361538410186768
2010-10-13,2.2361538410186768
2010-10-14,2.28584623336792
2010-10-15,2.28584623336792
2010-10-18,2.2759077548980713
2010-10-19,2.3454768657684326
2010-10-20,2.3454768657684326
2010-10-21,2.4249846935272217
2010-10-22,2.4249846935272217
2010-10-25,2.4548001289367676
2010-10-26,2.4548001289367676
2010-10-27,2.4548001289367676
2010-10-28,2.5839998722076416
2010-10-29,2.544246196746826
2010-11-01,2.544246196746826
2010-11-02,2.544246196746826
2010-11-03,2.544246196746826
2010-11-04,2.5839998722076416
2010-11-05,2.733077049255371
2010-11-08,2.733077049255371
2010-11-09,2.733077049255371
2010-11-10,2.733077049255371
2010-11-11,2.733077049255371
2010-11-12,2.733077049255371
2010-11-15,2.633692502975464
2010-11-16,2.633692502975464
2010-11-17,2.0771384239196777
2010-11-18,2.0870769023895264
2010-11-19,2.0870769023895264
2010-11-22,2.037384510040283
2010-11-23,2.037384510040283
2010-11-24,1.9380000829696655
2010-11-26,1.9380000829696655
2010-11-29,1.9380000829696655
2010-11-30,1.9380000829696655
2010-12-01,1.9380000829696655
2010-12-02,1.9380000829696655
2010-12-03,1.9380000829696655
2010-12-06,2.037384510040283
2010-12-07,2.0075693130493164
2010-12-08,2.0870769023895264
2010-12-09,2.0870769023895264
2010-12-10,2.1367692947387695
2010-12-13,2.0870769023895264
2010-12-14,2.0870769023895264
2010-12-15,2.0870769023895264
2010-12-16,1.9876923561096191
2010-12-17,1.898246169090271
2010-12-20,1.898246169090271
2010-12-21,1.9479385614395142
2010-12-22,1.9181231260299683
2010-12-23,2.0870769023895264
2010-12-27,2.0870769023895264
2010-12-28,1.9876923561096191
2010-12-29,1.9876923561096191
2010-12-30,1.9876923561096191
2010-12-31,2.097015380859375
2011-01-03,2.146707773208618
2011-01-04,2.1665847301483154
2011-01-05,2.1665847301483154
2011-01-06,2.1069538593292236
2011-01-07,2.0771384239196777
2011-01-10,2.047322988510132
2011-01-11,2.047322988510132
2011-01-12,2.0870769023895264
2011-01-13,2.1367692947387695
2011-01-14,2.1367692947387695
2011-01-18,2.1168925762176514
2011-01-19,2.1864616870880127
2011-01-20,2.1864616870880127
2011-01-21,2.1864616870880127
2011-01-24,2.156646251678467
2011-01-25,2.176523208618164
2011-01-26,2.2361538410186768
2011-01-27,2.28584623336792
2011-01-28,2.28584623336792
2011-01-31,2.28584623336792
2011-02-01,2.28584623336792
2011-02-02,2.395169258117676
2011-02-03,2.395169258117676
2011-02-04,2.3852310180664062
2011-02-07,2.3752925395965576
2011-02-08,2.3752925395965576
2011-02-09,2.3752925395965576
2011-02-10,2.3752925395965576
2011-02-11,2.3752925395965576
2011-02-14,2.3752925395965576
2011-02-15,2.3752925395965576
2011-02-16,2.3752925395965576
2011-02-17,2.3752925395965576
2011-02-18,2.3752925395965576
2011-02-22,2.3752925395965576
2011-02-23,2.1367692947387695
2011-02-24,2.1367692947387695
2011-02-25,2.1367692947387695
2011-02-28,2.1367692947387695
2011-03-01,2.1367692947387695
2011-03-02,2.067199945449829
2011-03-03,2.067199945449829
2011-03-04,2.067199945449829
2011-03-07,2.20633864402771
2011-03-08,2.20633864402771
2011-03-09,2.20633864402771
2011-03-10,2.067199945449829
2011-03-11,2.0771384239196777
2011-03-14,2.0771384239196777
2011-03-15,2.0771384239196777
2011-03-16,1.9976308345794678
2011-03-17,1.9976308345794678
2011-03-18,2.0274462699890137
2011-03-21,2.037384510040283
2011-03-22,2.037384510040283
2011-03-23,2.037384510040283
2011-03-24,2.037384510040283
2011-03-25,2.037384510040283
2011-03-28,1.9876923561096191
2011-03-29,1.9876923561096191
2011-03-30,1.9876923561096191
2011-03-31,1.9876923561096191
2011-04-01,1.9876923561096191
2011-04-04,1.9876923561096191
2011-04-05,1.9876923561096191
2011-04-06,2.0075693130493164
2011-04-07,1.9976308345794678
2011-04-08,2.037384510040283
2011-04-11,2.037384510040283
2011-04-12,2.037384510040283
2011-04-13,2.037384510040283
2011-04-14,2.037384510040283
2011-04-15,2.037384510040283
2011-04-18,2.037384510040283
2011-04-19,2.037384510040283
2011-04-20,2.0075693130493164
2011-04-21,2.0075693130493164
2011-04-25,2.0075693130493164
2011-04-26,2.0075693130493164
2011-04-27,2.0075693130493164
2011-04-28,2.0075693130493164
2011-04-29,2.0075693130493164
2011-05-02,2.047322988510132
2011-05-03,1.9678153991699219
2011-05-04,1.9678153991699219
2011-05-05,1.9678153991699219
2011-05-06,1.9678153991699219
2011-05-09,1.9678153991699219
2011-05-10,1.9678153991699219
2011-05-11,1.8783692121505737
2011-05-12,1.8783692121505737
2011-05-13,1.8783692121505737
2011-05-16,1.8783692121505737
2011-05-17,1.8783692121505737
2011-05-18,1.8386154174804688
2011-05-19,1.8386154174804688
2011-05-20,1.8386154174804688
2011-05-23,1.8386154174804688
2011-05-24,1.7491692304611206
2011-05-25,1.7491692304611206
2011-05-26,1.7491692304611206
2011-05-27,1.7491692304611206
2011-05-31,1.7491692304611206
2011-06-01,1.7491692304611206
2011-06-02,1.7491692304611206
2011-06-03,1.9181231260299683
2011-06-06,1.928061604499817
2011-06-07,2.1367692947387695
2011-06-08,2.0572614669799805
2011-06-09,2.0771384239196777
2011-06-10,2.0870769023895264
2011-06-13,2.067199945449829
2011-06-14,2.0870769023895264
2011-06-15,2.0075693130493164
2011-06-16,2.0075693130493164
2011-06-17,1.9876923561096191
2011-06-20,1.9678153991699219
2011-06-21,1.9678153991699219
2011-06-22,1.9678153991699219
2011-06-23,1.8684308528900146
2011-06-24,1.8684308528900146
2011-06-27,1.8684308528900146
2011-06-28,1.8684308528900146
2011-06-29,1.8684308528900146
2011-06-30,1.9678153991699219
2011-07-01,1.9081846475601196
2011-07-05,2.0870769023895264
2011-07-06,2.037384510040283
2011-07-07,2.037384510040283
2011-07-08,2.037384510040283
2011-07-11,2.037384510040283
2011-07-12,1.858492374420166
2011-07-13,1.858492374420166
2011-07-14,1.858492374420166
2011-07-15,1.818738579750061
2011-07-18,1.5802154541015625
2011-07-19,1.6398462057113647
2011-07-20,1.6398462057113647
2011-07-21,1.7094154357910156
2011-07-22,1.898246169090271
2011-07-25,1.898246169090271
2011-07-26,1.898246169090271
2011-07-27,1.8286770582199097
2011-07-28,1.7392308712005615
2011-07-29,1.7392308712005615
2011-08-01,1.669661521911621
2011-08-02,1.669661521911621
2011-08-03,1.669661521911621
2011-08-04,1.669661521911621
2011-08-05,1.669661521911621
2011-08-08,1.669661521911621
2011-08-09,1.669661521911621
2011-08-10,1.470892310142517
2011-08-11,1.470892310142517
2011-08-12,1.5106462240219116
2011-08-15,1.431138515472412
2011-08-16,1.431138515472412
2011-08-17,1.431138515472412
2011-08-18,1.431138515472412
2011-08-19,1.431138515472412
2011-08-22,1.341692328453064
2011-08-23,1.2919999361038208
2011-08-24,1.2919999361038208
2011-08-25,1.2919999361038208
2011-08-26,1.2919999361038208
2011-08-29,1.2919999361038208
2011-08-30,1.2919999361038208
2011-08-31,1.2919999361038208
2011-09-01,1.2919999361038208
2011-09-02,1.2919999361038208
2011-09-06,1.1926155090332031
2011-09-07,1.1926155090332031
2011-09-08,1.1926155090332031
2011-09-09,1.14292311668396
2011-09-12,1.073353886604309
2011-09-13,1.0634154081344604
2011-09-14,1.0634154081344604
2011-09-15,1.0634154081344604
2011-09-16,1.0832923650741577
2011-09-19,1.0832923650741577
2011-09-20,1.0832923650741577
2011-09-21,1.0534769296646118
2011-09-22,0.9938461780548096
2011-09-23,0.9938461780548096
2011-09-26,0.9839076995849609
2011-09-27,1.0932308435440063
2011-09-28,1.0932308435440063
2011-09-29,1.0634154081344604
2011-09-30,1.0634154081344604
2011-10-03,0.9640308022499084
2011-10-04,0.9938461780548096
2011-10-05,0.9938461780548096
2011-10-06,1.0037846565246582
2011-10-07,1.0037846565246582
2011-10-10,1.0037846565246582
2011-10-11,1.0832923650741577
2011-10-12,1.1627999544143677
2011-10-13,1.2124923467636108
2011-10-14,1.2820615768432617
2011-10-17,1.2025538682937622
2011-10-18,1.2025538682937622
2011-10-19,1.2025538682937622
2011-10-20,1.073353886604309
2011-10-21,1.073353886604309
2011-10-24,1.073353886604309
2011-10-25,1.2124923467636108
2011-10-26,1.2124923467636108
2011-10-27,1.3019384145736694
2011-10-28,1.2820615768432617
2011-10-31,1.2820615768432617
2011-11-01,1.2820615768432617
2011-11-02,1.1627999544143677
2011-11-03,1.1826770305633545
2011-11-04,1.152861475944519
2011-11-07,1.152861475944519
2011-11-08,1.2423076629638672
2011-11-09,1.232369303703308
2011-11-10,1.232369303703308
2011-11-11,1.232369303703308
2011-11-14,1.232369303703308
2011-11-15,1.3615692853927612
2011-11-16,1.3615692853927612
2011-11-17,1.2919999361038208
2011-11-18,1.3516308069229126
2011-11-21,1.3516308069229126
2011-11-22,1.3118770122528076
2011-11-23,1.3118770122528076
2011-11-25,1.3118770122528076
2011-11-28,1.3615692853927612
2011-11-29,1.3615692853927612
2011-11-30,1.460953950881958
2011-12-01,1.470892310142517
2011-12-02,1.470892310142517
2011-12-05,1.4808307886123657
2011-12-06,1.4808307886123657
2011-12-07,1.4212000370025635
2011-12-08,1.3913846015930176
2011-12-09,1.3913846015930176
2011-12-12,1.3913846015930176
2011-12-13,1.3913846015930176
2011-12-14,1.3913846015930176
2011-12-15,1.3913846015930176
2011-12-16,1.3913846015930176
2011-12-19,1.2423076629638672
2011-12-20,1.2423076629638672
2011-12-21,1.2423076629638672
2011-12-22,1.2423076629638672
2011-12-23,1.2423076629638672
2011-12-27,1.2423076629638672
2011-12-28,1.2124923467636108
2011-12-29,1.2522461414337158
2011-12-30,1.2522461414337158
2012-01-03,1.2919999361038208
2012-01-04,1.2919999361038208
2012-01-05,1.3913846015930176
2012-01-06,1.3913846015930176
2012-01-09,1.3913846015930176
2012-01-10,1.3913846015930176
2012-01-11,1.341692328453064
2012-01-12,1.4013230800628662
2012-01-13,1.4013230800628662
2012-01-17,1.4013230800628662
2012-01-18,1.4410769939422607
2012-01-19,1.460953950881958
2012-01-20,1.460953950881958
2012-01-23,1.460953950881958
2012-01-24,1.460953950881958
2012-01-25,1.460953950881958
2012-01-26,1.5504000186920166
2012-01-27,1.5504000186920166
2012-01-30,1.5504000186920166
2012-01-31,1.5702769756317139
2012-02-01,1.6000924110412598
2012-02-02,1.540461540222168
2012-02-03,1.540461540222168
2012-02-06,1.540461540222168
2012-02-07,1.540461540222168
2012-02-08,1.540461540222168
2012-02-09,1.540461540222168
2012-02-10,1.540461540222168
2012-02-13,1.5603384971618652
2012-02-14,1.6000924110412598
2012-02-15,1.6000924110412598
2012-02-16,1.6000924110412598
2012-02-17,1.6398462057113647
2012-02-21,1.6398462057113647
2012-02-22,1.6398462057113647
2012-02-23,1.729292392730713
2012-02-24,1.6398462057113647
2012-02-27,1.6398462057113647
2012-02-28,1.6398462057113647
2012-02-29,1.689538598060608
2012-03-01,1.689538598060608
2012-03-02,1.689538598060608
2012-03-05,1.689538598060608
2012-03-06,1.689538598060608
2012-03-07,1.689538598060608
2012-03-08,1.689538598060608
2012-03-09,1.689538598060608
2012-03-12,1.689538598060608
2012-03-13,1.689538598060608
2012-03-14,1.6000924110412598
2012-03-15,1.6000924110412598
2012-03-16,1.6796001195907593
2012-03-19,1.6796001195907593
2012-03-20,1.6796001195907593
2012-03-21,1.6796001195907593
2012-03-22,1.6796001195907593
2012-03-23,1.4907692670822144
2012-03-26,1.4907692670822144
2012-03-27,1.4907692670822144
2012-03-28,1.4907692670822144
2012-03-29,1.4907692670822144
2012-03-30,1.4907692670822144
2012-04-02,1.4907692670822144
2012-04-03,1.4907692670822144
2012-04-04,1.4907692670822144
2012-04-05,1.4907692670822144
2012-04-09,1.4907692670822144
2012-04-10,1.4907692670822144
2012-04-11,1.4907692670822144
2012-04-12,1.4907692670822144
2012-04-13,1.4907692670822144
2012-04-16,1.4907692670822144
2012-04-17,1.4907692670822144
2012-04-18,1.2919999361038208
2012-04-19,1.2919999361038208
2012-04-20,1.2919999361038208
2012-04-23,1.2919999361038208
2012-04-24,1.2919999361038208
2012-04-25,1.2423076629638672
2012-04-26,1.2919999361038208
2012-04-27,1.2919999361038208
2012-04-30,1.2919999361038208
2012-05-01,1.2919999361038208
2012-05-02,1.2919999361038208
2012-05-03,1.2919999361038208
2012-05-04,1.2999999523162842
2012-05-07,1.2999999523162842
2012-05-08,1.2999999523162842
2012-05-09,1.2200000286102295
2012-05-10,1.2200000286102295
2012-05-11,1.2200000286102295
2012-05-14,1.2200000286102295
2012-05-15,1.2200000286102295
2012-05-16,1.2200000286102295
2012-05-17,1.2200000286102295
2012-05-18,1.2200000286102295
2012-05-21,1.2200000286102295
2012-05-22,1.2200000286102295
2012-05-23,1.2200000286102295
2012-05-24,1.399999976158142
2012-05-25,1.399999976158142
2012-05-29,1.399999976158142
2012-05-30,1.1299999952316284
2012-05-31,1.1299999952316284
2012-06-01,1.1299999952316284
2012-06-04,1.1299999952316284
2012-06-05,1.1299999952316284
2012-06-06,1.1299999952316284
2012-06-07,1.5
2012-06-08,1.5
2012-06-11,1.5
2012-06-12,1.5
2012-06-13,1.5
2012-06-14,1.5
2012-06-15,1.5
2012-06-18,1.5
2012-06-19,1.5
2012-06-20,1.5
2012-06-21,1.5
2012-06-22,1.5
2012-06-25,1.5
2012-06-26,1.5
2012-06-27,1.5
2012-06-28,1.5
2012-06-29,1.5
2012-07-02,1.5
2012-07-03,1.5
2012-07-05,1.5
2012-07-06,1.5
2012-07-09,1.5
2012-07-10,1.3899999856948853
2012-07-11,1.3899999856948853
2012-07-12,1.3899999856948853
2012-07-13,1.3899999856948853
2012-07-16,1.3899999856948853
2012-07-17,1.3899999856948853
2012-07-18,1.3899999856948853
2012-07-19,1.3899999856948853
2012-07-20,1.2999999523162842
2012-07-23,1.2999999523162842
2012-07-24,1.2999999523162842
2012-07-25,1.2599999904632568
2012-07-26,1.2599999904632568
2012-07-27,1.3300000429153442
2012-07-30,1.3300000429153442
2012-07-31,1.3300000429153442
2012-08-01,1.3300000429153442
2012-08-02,1.3300000429153442
2012-08-03,1.3300000429153442
2012-08-06,1.3300000429153442
2012-08-07,1.3300000429153442
2012-08-08,1.3300000429153442
2012-08-09,1.3300000429153442
2012-08-10,1.3300000429153442
2012-08-13,1.3300000429153442
2012-08-14,1.3300000429153442
2012-08-15,1.3300000429153442
2012-08-16,1.350000023841858
2012-08-17,1.350000023841858
2012-08-20,1.350000023841858
2012-08-21,1.350000023841858
2012-08-22,1.350000023841858
2012-08-23,1.350000023841858
2012-08-24,1.399999976158142
2012-08-27,1.399999976158142
2012-08-28,1.399999976158142
2012-08-29,1.399999976158142
2012-08-30,1.399999976158142
2012-08-31,1.399999976158142
2012-09-04,1.399999976158142
2012-09-05,1.4900000095367432
2012-09-06,1.4900000095367432
2012-09-07,1.5499999523162842
2012-09-10,1.5499999523162842
2012-09-11,1.5800000429153442
2012-09-12,1.4800000190734863
2012-09-13,1.4800000190734863
2012-09-14,1.4800000190734863
2012-09-17,1.4800000190734863
2012-09-18,1.7300000190734863
2012-09-19,1.7300000190734863
2012-09-20,1.7300000190734863
2012-09-21,1.7300000190734863
2012-09-24,1.7200000286102295
2012-09-25,1.7200000286102295
2012-09-26,1.7200000286102295
2012-09-27,1.7200000286102295
2012-09-28,1.7200000286102295
2012-10-01,1.590000033378601
2012-10-02,1.590000033378601
2012-10-03,1.590000033378601
2012-10-04,1.590000033378601
2012-10-05,1.590000033378601
2012-10-08,1.590000033378601
2012-10-09,1.590000033378601
2012-10-10,1.5700000524520874
2012-10-11,1.6100000143051147
2012-10-12,1.690000057220459
2012-10-15,1.690000057220459
2012-10-16,1.7100000381469727
2012-10-17,1.7100000381469727
2012-10-18,1.7100000381469727
2012-10-19,1.7100000381469727
2012-10-22,1.75
2012-10-23,1.75
2012-10-24,1.75
2012-10-25,1.7000000476837158
2012-10-26,1.7000000476837158
2012-10-31,1.7000000476837158
2012-11-01,1.9800000190734863
2012-11-02,1.9600000381469727
2012-11-05,1.8300000429153442
2012-11-06,1.8300000429153442
2012-11-07,1.8300000429153442
2012-11-08,2.0199999809265137
2012-11-09,2.0199999809265137
2012-11-12,1.899999976158142
2012-11-13,1.899999976158142
2012-11-14,1.899999976158142
2012-11-15,1.899999976158142
2012-11-16,1.850000023841858
2012-11-19,1.850000023841858
2012-11-20,1.850000023841858
2012-11-21,1.850000023841858
2012-11-23,2.0
2012-11-26,2.0
2012-11-27,2.0
2012-11-28,2.0
2012-11-29,2.0
2012-11-30,2.0
2012-12-03,2.0
2012-12-04,1.9199999570846558
2012-12-05,1.899999976158142
2012-12-06,1.899999976158142
2012-12-07,1.899999976158142
2012-12-10,1.899999976158142
2012-12-11,2.0
2012-12-12,2.130000114440918
2012-12-13,2.130000114440918
2012-12-14,2.0999999046325684
2012-12-17,2.0999999046325684
2012-12-18,2.0999999046325684
2012-12-19,2.0999999046325684
2012-12-20,2.0799999237060547
2012-12-21,2.0999999046325684
2012-12-24,2.0999999046325684
2012-12-26,2.0999999046325684
2012-12-27,2.0999999046325684
2012-12-28,2.0999999046325684
2012-12-31,2.0999999046325684
2013-01-02,2.0999999046325684
2013-01-03,2.0999999046325684
2013-01-04,2.0999999046325684
2013-01-07,2.0999999046325684
2013-01-08,1.9900000095367432
2013-01-09,1.9900000095367432
2013-01-10,1.9900000095367432
2013-01-11,1.940000057220459
2013-01-14,1.9600000381469727
2013-01-15,1.9600000381469727
2013-01-16,1.9600000381469727
2013-01-17,1.9600000381469727
2013-01-18,1.9600000381469727
2013-01-22,1.9600000381469727
2013-01-23,1.9600000381469727
2013-01-24,1.8700000047683716
2013-01-25,1.8700000047683716
2013-01-28,1.8700000047683716
2013-01-29,1.899999976158142
2013-01-30,1.899999976158142
2013-01-31,1.899999976158142
2013-02-01,1.909999966621399
2013-02-04,1.909999966621399
2013-02-05,1.909999966621399
2013-02-06,1.940000057220459
2013-02-07,2.069999933242798
2013-02-08,2.069999933242798
2013-02-11,2.069999933242798
2013-02-12,2.069999933242798
2013-02-13,2.0999999046325684
2013-02-14,2.0999999046325684
2013-02-15,2.0899999141693115
2013-02-19,2.0999999046325684
2013-02-20,2.0999999046325684
2013-02-21,2.0999999046325684
2013-02-22,2.0999999046325684
2013-02-25,2.0399999618530273
2013-02-26,2.049999952316284
2013-02-27,2.049999952316284
2013-02-28,2.200000047683716
2013-03-01,2.2200000286102295
2013-03-04,2.200000047683716
2013-03-05,2.200000047683716
2013-03-06,2.200000047683716
2013-03-07,2.2699999809265137
2013-03-08,2.190000057220459
2013-03-11,2.200000047683716
2013-03-12,2.200000047683716
2013-03-13,2.200000047683716
2013-03-14,2.200000047683716
2013-03-15,2.200000047683716
2013-03-18,2.200000047683716
2013-03-19,2.200000047683716
2013-03-20,2.190000057220459
2013-03-21,2.190000057220459
2013-03-22,2.190000057220459
2013-03-25,2.190000057220459
2013-03-26,2.119999885559082
2013-03-27,2.119999885559082
2013-03-28,2.0999999046325684
2013-04-01,2.0999999046325684
2013-04-02,2.0999999046325684
2013-04-03,2.0999999046325684
2013-04-04,2.0999999046325684
2013-04-05,2.1500000953674316
2013-04-08,2.1500000953674316
2013-04-09,2.1500000953674316
2013-04-10,2.1500000953674316
2013-04-11,2.1500000953674316
2013-04-12,2.190000057220459
2013-04-15,2.190000057220459
2013-04-16,2.0999999046325684
2013-04-17,2.009999990463257
2013-04-18,1.940000057220459
2013-04-19,2.130000114440918
2013-04-22,1.9700000286102295
2013-04-23,1.9700000286102295
2013-04-24,1.9700000286102295
2013-04-25,1.9700000286102295
2013-04-26,1.9700000286102295
2013-04-29,2.25
2013-04-30,2.25
2013-05-01,2.259999990463257
2013-05-02,2.259999990463257
2013-05-03,2.259999990463257
2013-05-06,2.259999990463257
2013-05-07,2.190000057220459
2013-05-08,2.25
2013-05-09,2.25
2013-05-10,2.25
2013-05-13,2.25
2013-05-14,2.25
2013-05-15,2.25
2013-05-16,2.25
2013-05-17,2.490000009536743
2013-05-20,2.490000009536743
2013-05-21,2.5
2013-05-22,2.5
2013-05-23,2.5
2013-05-24,2.450000047683716
2013-05-28,2.5199999809265137
2013-05-29,2.5199999809265137
2013-05-30,2.630000114440918
2013-05-31,2.630000114440918
2013-06-03,2.630000114440918
2013-06-04,2.630000114440918
2013-06-05,2.630000114440918
2013-06-06,2.75
2013-06-07,2.700000047683716
2013-06-10,2.7799999713897705
2013-06-11,2.7100000381469727
2013-06-12,2.759999990463257
2013-06-13,2.75
2013-06-14,2.75
2013-06-17,2.6700000762939453
2013-06-18,2.7300000190734863
2013-06-19,2.809999942779541
2013-06-20,2.7200000286102295
2013-06-21,2.549999952316284
2013-06-24,2.549999952316284
2013-06-25,2.549999952316284
2013-06-26,2.640000104904175
2013-06-27,2.5999999046325684
2013-06-28,2.559999942779541
2013-07-01,2.559999942779541
2013-07-02,2.619999885559082
2013-07-03,2.619999885559082
2013-07-05,2.619999885559082
2013-07-08,2.619999885559082
2013-07-09,2.619999885559082
2013-07-10,2.950000047683716
2013-07-11,3.0299999713897705
2013-07-12,3.0299999713897705
2013-07-15,3.0299999713897705
2013-07-16,3.0299999713897705
2013-07-17,3.119999885559082
2013-07-18,3.0799999237060547
2013-07-19,3.069999933242798
2013-07-22,3.0999999046325684
2013-07-23,3.0999999046325684
2013-07-24,3.0999999046325684
2013-07-25,3.119999885559082
2013-07-26,3.119999885559082
2013-07-29,3.0899999141693115
2013-07-30,3.049999952316284
2013-07-31,3.0999999046325684
2013-08-01,3.180000066757202
2013-08-02,3.1700000762939453
2013-08-05,3.1600000858306885
2013-08-06,3.180000066757202
2013-08-07,3.059999942779541
2013-08-08,3.200000047683716
2013-08-09,3.240000009536743
2013-08-12,3.2300000190734863
2013-08-13,3.200000047683716
2013-08-14,3.0899999141693115
2013-08-15,3.1500000953674316
2013-08-16,3.1500000953674316
2013-08-19,3.1500000953674316
2013-08-20,3.140000104904175
2013-08-21,3.0999999046325684
2013-08-22,3.259999990463257
2013-08-23,3.259999990463257
2013-08-26,3.25
2013-08-27,3.0999999046325684
2013-08-28,3.049999952316284
2013-08-29,3.049999952316284
2013-08-30,3.0
2013-09-03,3.059999942779541
2013-09-04,3.059999942779541
2013-09-05,3.0
2013-09-06,3.0799999237060547
2013-09-09,3.0199999809265137
2013-09-10,3.0199999809265137
2013-09-11,3.140000104904175
2013-09-12,3.190000057220459
2013-09-13,3.059999942779541
2013-09-16,3.059999942779541
2013-09-17,3.059999942779541
2013-09-18,3.059999942779541
2013-09-19,3.200000047683716
2013-09-20,3.2100000381469727
2013-09-23,3.1500000953674316
2013-09-24,3.059999942779541
2013-09-25,3.069999933242798
2013-09-26,3.069999933242798
2013-09-27,3.059999942779541
2013-09-30,3.140000104904175
2013-10-01,3.2100000381469727
2013-10-02,3.200000047683716
2013-10-03,3.0199999809265137
2013-10-04,3.069999933242798
2013-10-07,3.0399999618530273
2013-10-08,3.009999990463257
2013-10-09,2.9000000953674316
2013-10-10,2.9000000953674316
2013-10-11,3.0
2013-10-14,2.9800000190734863
2013-10-15,2.9100000858306885
2013-10-16,2.3499999046325684
2013-10-17,2.4200000762939453
2013-10-18,2.440000057220459
2013-10-21,2.4100000858306885
2013-10-22,2.4100000858306885
2013-10-23,2.4000000953674316
2013-10-24,2.4700000286102295
2013-10-25,2.430000066757202
2013-10-28,2.4200000762939453
2013-10-29,2.4600000381469727
2013-10-30,2.509999990463257
2013-10-31,2.5399999618530273
2013-11-01,2.5199999809265137
2013-11-04,2.5399999618530273
2013-11-05,2.4700000286102295
2013-11-06,2.5199999809265137
2013-11-07,2.509999990463257
2013-11-08,2.4700000286102295
2013-11-11,2.5399999618530273
2013-11-12,2.5399999618530273
2013-11-13,2.5399999618530273
2013-11-14,2.569999933242798
2013-11-15,2.6500000953674316
2013-11-18,2.6600000858306885
2013-11-19,2.640000104904175
2013-11-20,2.609999895095825
2013-11-21,2.559999942779541
2013-11-22,2.5899999141693115
2013-11-25,2.5799999237060547
2013-11-26,2.609999895095825
2013-11-27,2.609999895095825
2013-11-29,2.609999895095825
2013-12-02,2.6600000858306885
2013-12-03,2.5199999809265137
2013-12-04,2.5799999237060547
2013-12-05,2.549999952316284
2013-12-06,2.619999885559082
2013-12-09,2.6500000953674316
2013-12-10,2.6700000762939453
2013-12-11,2.609999895095825
2013-12-12,2.619999885559082
2013-12-13,2.5999999046325684
2013-12-16,2.5999999046325684
2013-12-17,2.5
2013-12-18,2.5299999713897705
2013-12-19,2.5999999046325684
2013-12-20,2.690000057220459
2013-12-23,2.7300000190734863
2013-12-24,2.7300000190734863
2013-12-26,2.7300000190734863
2013-12-27,2.7300000190734863
2013-12-30,2.7799999713897705
2013-12-31,2.799999952316284
2014-01-02,2.700000047683716
2014-01-03,2.700000047683716
2014-01-06,2.7699999809265137
2014-01-07,2.7200000286102295
2014-01-08,2.890000104904175
2014-01-09,2.8499999046325684
2014-01-10,2.9100000858306885
2014-01-13,2.9100000858306885
2014-01-14,2.7799999713897705
2014-01-15,2.8299999237060547
2014-01-16,2.8399999141693115
2014-01-17,2.819999933242798
2014-01-21,2.819999933242798
2014-01-22,2.880000114440918
2014-01-23,2.9000000953674316
2014-01-24,2.8499999046325684
2014-01-27,2.75
2014-01-28,2.759999990463257
2014-01-29,2.7799999713897705
2014-01-30,2.700000047683716
2014-01-31,2.7300000190734863
2014-02-03,2.680000066757202
2014-02-04,2.690000057220459
2014-02-05,2.740000009536743
2014-02-06,2.819999933242798
2014-02-07,2.930000066757202
2014-02-10,2.880000114440918
2014-02-11,3.059999942779541
2014-02-12,3.059999942779541
2014-02-13,3.119999885559082
2014-02-14,3.1500000953674316
2014-02-18,3.190000057220459
2014-02-19,3.190000057220459
2014-02-20,3.1700000762939453
2014-02-21,3.2100000381469727
2014-02-24,3.200000047683716
2014-02-25,3.2300000190734863
2014-02-26,3.180000066757202
2014-02-27,3.190000057220459
2014-02-28,3.190000057220459
2014-03-03,3.140000104904175
2014-03-04,3.2100000381469727
2014-03-05,3.180000066757202
2014-03-06,3.4000000953674316
2014-03-07,3.559999942779541
2014-03-10,3.440000057220459
2014-03-11,3.4000000953674316
2014-03-12,3.319999933242798
2014-03-13,3.369999885559082
2014-03-14,3.309999942779541
2014-03-17,3.490000009536743
2014-03-18,3.490000009536743
2014-03-19,3.5199999809265137
2014-03-20,3.450000047683716
2014-03-21,3.4000000953674316
2014-03-24,3.299999952316284
2014-03-25,3.380000114440918
2014-03-26,3.4600000381469727
2014-03-27,3.4200000762939453
2014-03-28,3.450000047683716
2014-03-31,3.5
2014-04-01,3.5199999809265137
2014-04-02,3.490000009536743
2014-04-03,3.5
2014-04-04,3.4600000381469727
2014-04-07,3.4800000190734863
2014-04-08,3.4000000953674316
2014-04-09,3.5
2014-04-10,3.5199999809265137
2014-04-11,3.4600000381469727
2014-04-14,3.430000066757202
2014-04-15,3.4200000762939453
2014-04-16,3.3299999237060547
2014-04-17,3.430000066757202
2014-04-21,3.430000066757202
2014-04-22,3.5
2014-04-23,3.5899999141693115
2014-04-24,3.630000114440918
2014-04-25,3.640000104904175
2014-04-28,3.619999885559082
2014-04-29,3.7300000190734863
2014-04-30,3.700000047683716
2014-05-01,3.7200000286102295
2014-05-02,3.7200000286102295
2014-05-05,3.700000047683716
2014-05-06,3.7100000381469727
2014-05-07,3.859999895095825
2014-05-08,3.859999895095825
2014-05-09,3.859999895095825
2014-05-12,3.869999885559082
2014-05-13,3.8299999237060547
2014-05-14,3.690000057220459
2014-05-15,3.690000057220459
2014-05-16,3.7799999713897705
2014-05-19,3.890000104904175
2014-05-20,3.890000104904175
2014-05-21,3.8499999046325684
2014-05-22,3.859999895095825
2014-05-23,3.9100000858306885
2014-05-27,3.819999933242798
2014-05-28,3.7200000286102295
2014-05-29,3.9800000190734863
2014-05-30,3.940000057220459
2014-06-02,3.940000057220459
2014-06-03,3.9600000381469727
2014-06-04,4.059999942779541
2014-06-05,4.03000020980835
2014-06-06,4.059999942779541
2014-06-09,4.019999980926514
2014-06-10,4.079999923706055
2014-06-11,4.0
2014-06-12,3.990000009536743
2014-06-13,3.880000114440918
2014-06-16,3.9200000762939453
2014-06-17,3.940000057220459
2014-06-18,3.930000066757202
2014-06-19,3.819999933242798
2014-06-20,3.8299999237060547
2014-06-23,3.799999952316284
2014-06-24,3.7200000286102295
2014-06-25,3.690000057220459
2014-06-26,3.7300000190734863
2014-06-27,3.680000066757202
2014-06-30,3.5999999046325684
2014-07-01,3.630000114440918
2014-07-02,3.6600000858306885
2014-07-03,3.7899999618530273
2014-07-07,3.640000104904175
2014-07-08,3.5999999046325684
2014-07-09,3.6700000762939453
2014-07-10,3.630000114440918
2014-07-11,3.5299999713897705
2014-07-14,3.619999885559082
2014-07-15,3.5899999141693115
2014-07-16,3.5399999618530273
2014-07-17,3.5799999237060547
2014-07-18,3.509999990463257
2014-07-21,3.509999990463257
2014-07-22,3.4700000286102295
2014-07-23,3.5799999237060547
2014-07-24,3.5
2014-07-25,3.5
2014-07-28,3.4700000286102295
2014-07-29,3.490000009536743
2014-07-30,3.440000057220459
2014-07-31,3.299999952316284
2014-08-01,3.200000047683716
2014-08-04,3.0299999713897705
2014-08-05,3.130000114440918
2014-08-06,3.0
2014-08-07,2.950000047683716
2014-08-08,2.9700000286102295
2014-08-11,3.0799999237060547
2014-08-12,3.119999885559082
2014-08-13,3.130000114440918
2014-08-14,3.1600000858306885
2014-08-15,3.140000104904175
2014-08-18,3.140000104904175
2014-08-19,3.2899999618530273
2014-08-20,3.299999952316284
2014-08-21,3.359999895095825
2014-08-22,3.2899999618530273
2014-08-25,3.3299999237060547
2014-08-26,3.369999885559082
2014-08-27,3.369999885559082
2014-08-28,3.2899999618530273
2014-08-29,3.2899999618530273
2014-09-02,3.2799999713897705
2014-09-03,3.3299999237060547
2014-09-04,3.3399999141693115
2014-09-05,3.3499999046325684
2014-09-08,3.2799999713897705
2014-09-09,3.2799999713897705
2014-09-10,3.2699999809265137
2014-09-11,3.4000000953674316
2014-09-12,3.5
2014-09-15,3.4800000190734863
2014-09-16,3.440000057220459
2014-09-17,3.4800000190734863
2014-09-18,3.450000047683716
2014-09-19,3.309999942779541
2014-09-22,3.3299999237060547
2014-09-23,3.299999952316284
2014-09-24,3.190000057220459
2014-09-25,3.1700000762939453
2014-09-26,3.2300000190734863
2014-09-29,3.4100000858306885
2014-09-30,3.259999990463257
2014-10-01,3.2100000381469727
2014-10-02,3.1500000953674316
2014-10-03,3.240000009536743
2014-10-06,3.200000047683716
2014-10-07,3.0999999046325684
2014-10-08,3.0899999141693115
2014-10-09,3.0
2014-10-10,2.869999885559082
2014-10-13,2.869999885559082
2014-10-14,2.990000009536743
2014-10-15,2.9700000286102295
2014-10-16,2.9200000762939453
2014-10-17,3.0
2014-10-20,3.0
2014-10-21,3.0899999141693115
2014-10-22,3.109999895095825
2014-10-23,3.140000104904175
2014-10-24,3.109999895095825
2014-10-27,3.059999942779541
2014-10-28,3.109999895095825
2014-10-29,3.259999990463257
2014-10-30,3.309999942779541
2014-10-31,3.559999942779541
2014-11-03,3.6600000858306885
2014-11-04,3.690000057220459
2014-11-05,3.640000104904175
2014-11-06,3.640000104904175
2014-11-07,3.630000114440918
2014-11-10,3.609999895095825
2014-11-11,3.619999885559082
2014-11-12,3.319999933242798
2014-11-13,3.3399999141693115
2014-11-14,3.3499999046325684
2014-11-17,3.549999952316284
2014-11-18,3.4800000190734863
2014-11-19,3.5
2014-11-20,3.4700000286102295
2014-11-21,3.509999990463257
2014-11-24,3.509999990463257
2014-11-25,3.5299999713897705
2014-11-26,3.5299999713897705
2014-11-28,3.5299999713897705
2014-12-01,3.450000047683716
2014-12-02,3.450000047683716
2014-12-03,3.4000000953674316
2014-12-04,3.619999885559082
2014-12-05,3.640000104904175
2014-12-08,3.6500000953674316
2014-12-09,3.5999999046325684
2014-12-10,3.5399999618530273
2014-12-11,3.5299999713897705
2014-12-12,3.5299999713897705
2014-12-15,3.4800000190734863
2014-12-16,3.4600000381469727
2014-12-17,3.5
2014-12-18,3.5399999618530273
2014-12-19,3.5899999141693115
2014-12-22,3.609999895095825
2014-12-23,3.5999999046325684
2014-12-24,3.630000114440918
2014-12-26,3.5999999046325684
2014-12-29,3.5899999141693115
2014-12-30,3.619999885559082
2014-12-31,3.619999885559082
2015-01-02,3.5999999046325684
2015-01-05,3.509999990463257
2015-01-06,3.630000114440918
2015-01-07,3.640000104904175
2015-01-08,3.7100000381469727
2015-01-09,3.7799999713897705
2015-01-12,3.7799999713897705
2015-01-13,3.759999990463257
2015-01-14,3.7300000190734863
2015-01-15,3.700000047683716
2015-01-16,3.619999885559082
2015-01-20,3.5899999141693115
2015-01-21,3.6500000953674316
2015-01-22,3.5999999046325684
2015-01-23,3.609999895095825
2015-01-26,3.7300000190734863
2015-01-27,3.7300000190734863
2015-01-28,3.7899999618530273
2015-01-29,3.8299999237060547
2015-01-30,3.9700000286102295
2015-02-02,3.940000057220459
2015-02-03,3.9700000286102295
2015-02-04,4.050000190734863
2015-02-05,4.090000152587891
2015-02-06,3.9700000286102295
2015-02-09,3.880000114440918
2015-02-10,3.890000104904175
2015-02-11,3.869999885559082
2015-02-12,4.150000095367432
2015-02-13,3.9800000190734863
2015-02-17,3.9100000858306885
2015-02-18,3.940000057220459
2015-02-19,3.950000047683716
2015-02-20,3.759999990463257
2015-02-23,3.7300000190734863
2015-02-24,3.819999933242798
2015-02-25,3.7699999809265137
2015-02-26,3.6600000858306885
2015-02-27,3.640000104904175
2015-03-02,3.690000057220459
2015-03-03,3.619999885559082
2015-03-04,3.619999885559082
2015-03-05,3.6500000953674316
2015-03-06,3.6600000858306885
2015-03-09,3.5999999046325684
2015-03-10,3.5999999046325684
2015-03-11,3.630000114440918
2015-03-12,3.559999942779541
2015-03-13,3.490000009536743
2015-03-16,3.5
2015-03-17,3.5299999713897705
2015-03-18,3.559999942779541
2015-03-19,3.5299999713897705
2015-03-20,3.680000066757202
2015-03-23,3.6700000762939453
2015-03-24,3.680000066757202
2015-03-25,3.740000009536743
2015-03-26,3.569999933242798
2015-03-27,3.569999933242798
2015-03-30,3.569999933242798
2015-03-31,3.609999895095825
2015-04-01,3.630000114440918
2015-04-02,3.630000114440918
2015-04-06,3.740000009536743
2015-04-07,3.7200000286102295
2015-04-08,3.7200000286102295
2015-04-09,3.7799999713897705
2015-04-10,3.7799999713897705
2015-04-13,3.7799999713897705
2015-04-14,3.7699999809265137
2015-04-15,3.75
2015-04-16,3.7200000286102295
2015-04-17,3.680000066757202
2015-04-20,3.690000057220459
2015-04-21,3.759999990463257
2015-04-22,3.740000009536743
2015-04-23,3.75
2015-04-24,3.75
2015-04-27,3.7200000286102295
2015-04-28,3.7200000286102295
2015-04-29,3.7200000286102295
2015-04-30,3.5899999141693115
2015-05-01,3.5899999141693115
2015-05-04,3.5899999141693115
2015-05-05,3.609999895095825
2015-05-06,3.6600000858306885
2015-05-07,3.75
2015-05-08,3.7799999713897705
2015-05-11,3.7799999713897705
2015-05-12,3.7200000286102295
2015-05-13,3.549999952316284
2015-05-14,3.4800000190734863
2015-05-15,3.619999885559082
2015-05-18,3.630000114440918
2015-05-19,3.630000114440918
2015-05-20,3.5999999046325684
2015-05-21,3.5799999237060547
2015-05-22,3.5799999237060547
2015-05-26,3.509999990463257
2015-05-27,3.4800000190734863
2015-05-28,3.5799999237060547
2015-05-29,3.5399999618530273
2015-06-01,3.5399999618530273
2015-06-02,3.5399999618530273
2015-06-03,3.6700000762939453
2015-06-04,3.6700000762939453
2015-06-05,3.5199999809265137
2015-06-08,3.5299999713897705
2015-06-09,3.5299999713897705
2015-06-10,3.609999895095825
2015-06-11,3.6700000762939453
2015-06-12,3.690000057220459
2015-06-15,3.4600000381469727
2015-06-16,3.4600000381469727
2015-06-17,3.4600000381469727
2015-06-18,3.4600000381469727
2015-06-19,3.5799999237060547
2015-06-22,3.549999952316284
2015-06-23,3.549999952316284
2015-06-24,3.630000114440918
2015-06-25,3.6700000762939453
2015-06-26,3.619999885559082
2015-06-29,3.619999885559082
2015-06-30,3.549999952316284
2015-07-01,3.549999952316284
2015-07-02,3.5
2015-07-06,3.25
2015-07-07,3.259999990463257
2015-07-08,3.299999952316284
2015-07-09,3.2899999618530273
2015-07-10,3.690000057220459
2015-07-13,3.6600000858306885
2015-07-14,3.740000009536743
2015-07-15,3.740000009536743
2015-07-16,3.7799999713897705
2015-07-17,3.690000057220459
2015-07-20,3.759999990463257
2015-07-21,3.7699999809265137
2015-07-22,3.7899999618530273
2015-07-23,3.8499999046325684
2015-07-24,3.9000000953674316
2015-07-27,3.9000000953674316
2015-07-28,3.8299999237060547
2015-07-29,3.819999933242798
2015-07-30,3.8499999046325684
2015-07-31,3.8499999046325684
2015-08-03,3.869999885559082
2015-08-04,3.950000047683716
2015-08-05,4.050000190734863
2015-08-06,4.039999961853027
2015-08-07,3.9200000762939453
2015-08-10,3.9700000286102295
2015-08-11,3.9100000858306885
2015-08-12,3.9100000858306885
2015-08-13,3.8499999046325684
2015-08-14,3.9100000858306885
2015-08-17,3.880000114440918
2015-08-18,3.880000114440918
2015-08-19,3.880000114440918
2015-08-20,3.880000114440918
2015-08-21,3.690000057220459
2015-08-24,3.680000066757202
2015-08-25,3.619999885559082
2015-08-26,3.700000047683716
2015-08-27,3.7200000286102295
2015-08-28,3.7200000286102295
2015-08-31,3.6700000762939453
2015-09-01,3.630000114440918
2015-09-02,3.630000114440918
2015-09-03,3.5999999046325684
2015-09-04,3.6700000762939453
2015-09-08,3.6700000762939453
2015-09-09,3.619999885559082
2015-09-10,3.630000114440918
2015-09-11,3.5999999046325684
2015-09-14,3.6500000953674316
2015-09-15,3.6500000953674316
2015-09-16,3.7799999713897705
2015-09-17,3.869999885559082
2015-09-18,3.8399999141693115
2015-09-21,3.890000104904175
2015-09-22,3.9600000381469727
2015-09-23,3.990000009536743
2015-09-24,4.050000190734863
2015-09-25,4.090000152587891
2015-09-28,4.090000152587891
2015-09-29,3.9600000381469727
2015-09-30,4.019999980926514
2015-10-01,4.090000152587891
2015-10-02,4.099999904632568
2015-10-05,4.110000133514404
2015-10-06,4.429999828338623
2015-10-07,4.510000228881836
2015-10-08,4.730000019073486
2015-10-09,4.829999923706055
2015-10-12,4.75
2015-10-13,4.760000228881836
2015-10-14,5.190000057220459
2015-10-15,5.590000152587891
2015-10-16,5.71999979019165
2015-10-19,5.590000152587891
2015-10-20,5.820000171661377
2015-10-21,5.659999847412109
2015-10-22,5.639999866485596
2015-10-23,5.760000228881836
2015-10-26,5.710000038146973
2015-10-27,5.849999904632568
2015-10-28,5.769999980926514
2015-10-29,5.880000114440918
2015-10-30,5.909999847412109
2015-11-02,5.869999885559082
2015-11-03,5.800000190734863
2015-11-04,5.659999847412109
2015-11-05,5.989999771118164
2015-11-06,5.960000038146973
2015-11-09,5.880000114440918
2015-11-10,5.449999809265137
2015-11-11,5.480000019073486
2015-11-12,5.730000019073486
2015-11-13,5.659999847412109
2015-11-16,5.659999847412109
2015-11-17,5.739999771118164
2015-11-18,5.739999771118164
2015-11-19,5.650000095367432
2015-11-20,5.619999885559082
2015-11-23,5.619999885559082
2015-11-24,5.679999828338623
2015-11-25,5.590000152587891
2015-11-27,5.590000152587891
2015-11-30,5.5
2015-12-01,5.860000133514404
2015-12-02,5.809999942779541
2015-12-03,5.800000190734863
2015-12-04,5.800000190734863
2015-12-07,5.889999866485596
2015-12-08,6.099999904632568
2015-12-09,5.840000152587891
2015-12-10,5.840000152587891
2015-12-11,5.75
2015-12-14,5.880000114440918
2015-12-15,5.809999942779541
2015-12-16,5.800000190734863
2015-12-17,5.869999885559082
2015-12-18,5.820000171661377
2015-12-21,5.690000057220459
2015-12-22,5.690000057220459
2015-12-23,5.809999942779541
2015-12-24,5.809999942779541
2015-12-28,5.900000095367432
2015-12-29,5.940000057220459
2015-12-30,5.900000095367432
2015-12-31,5.900000095367432
2016-01-04,5.690000057220459
2016-01-05,5.690000057220459
2016-01-06,4.989999771118164
2016-01-07,5.099999904632568
2016-01-08,5.369999885559082
2016-01-11,5.369999885559082
2016-01-12,5.230000019073486
2016-01-13,5.28000020980835
2016-01-14,5.300000190734863
2016-01-15,5.300000190734863
2016-01-19,5.260000228881836
2016-01-20,5.150000095367432
2016-01-21,5.090000152587891
2016-01-22,5.25
2016-01-25,5.46999979019165
2016-01-26,5.570000171661377
2016-01-27,5.460000038146973
2016-01-28,5.420000076293945
2016-01-29,5.449999809265137
2016-02-01,5.449999809265137
2016-02-02,5.389999866485596
2016-02-03,5.440000057220459
2016-02-04,5.28000020980835
2016-02-05,5.079999923706055
2016-02-08,4.739999771118164
2016-02-09,4.78000020980835
2016-02-10,4.860000133514404
2016-02-11,4.53000020980835
2016-02-12,4.199999809265137
2016-02-16,4.340000152587891
2016-02-17,4.429999828338623
2016-02-18,4.960000038146973
2016-02-19,5.159999847412109
2016-02-22,5.170000076293945
2016-02-23,5.53000020980835
2016-02-24,5.53000020980835
2016-02-25,5.679999828338623
2016-02-26,5.909999847412109
2016-02-29,5.71999979019165
2016-03-01,6.070000171661377
2016-03-02,5.900000095367432
2016-03-03,5.880000114440918
2016-03-04,5.900000095367432
2016-03-07,5.71999979019165
2016-03-08,5.71999979019165
2016-03-09,5.800000190734863
2016-03-10,5.900000095367432
2016-03-11,5.960000038146973
2016-03-14,5.880000114440918
2016-03-15,6.03000020980835
2016-03-16,6.010000228881836
2016-03-17,5.949999809265137
2016-03-18,5.940000057220459
2016-03-21,6.050000190734863
2016-03-22,6.099999904632568
2016-03-23,6.099999904632568
2016-03-24,6.070000171661377
2016-03-28,6.070000171661377
2016-03-29,6.079999923706055
2016-03-30,6.28000020980835
2016-03-31,6.179999828338623
2016-04-01,6.25
2016-04-04,6.260000228881836
2016-04-05,6.03000020980835
2016-04-06,6.03000020980835
2016-04-07,6.019999980926514
2016-04-08,6.0
2016-04-11,6.119999885559082
2016-04-12,6.119999885559082
2016-04-13,6.119999885559082
2016-04-14,6.119999885559082
2016-04-15,5.989999771118164
2016-04-18,6.110000133514404
2016-04-19,6.139999866485596
2016-04-20,6.110000133514404
2016-04-21,6.050000190734863
2016-04-22,6.010000228881836
2016-04-25,6.010000228881836
2016-04-26,5.909999847412109
2016-04-27,5.909999847412109
2016-04-28,5.820000171661377
2016-04-29,5.730000019073486
2016-05-02,5.989999771118164
2016-05-03,6.010000228881836
2016-05-04,6.039999961853027
2016-05-05,6.039999961853027
2016-05-06,5.960000038146973
2016-05-09,5.980000019073486
2016-05-10,6.0
2016-05-11,6.079999923706055
2016-05-12,6.380000114440918
2016-05-13,6.769999980926514
2016-05-16,6.789999961853027
2016-05-17,6.730000019073486
2016-05-18,6.710000038146973
2016-05-19,6.619999885559082
2016-05-20,6.75
2016-05-23,6.960000038146973
2016-05-24,7.0
2016-05-25,7.099999904632568
2016-05-26,7.099999904632568
2016-05-27,7.190000057220459
2016-05-31,7.360000133514404
2016-06-01,7.320000171661377
2016-06-02,7.46999979019165
2016-06-03,7.480000019073486
2016-06-06,7.380000114440918
2016-06-07,7.519999980926514
2016-06-08,7.5
2016-06-09,7.46999979019165
2016-06-10,7.309999942779541
2016-06-13,7.230000019073486
2016-06-14,7.0
2016-06-15,7.010000228881836
2016-06-16,6.96999979019165
2016-06-17,7.010000228881836
2016-06-20,7.53000020980835
2016-06-21,7.440000057220459
2016-06-22,7.460000038146973
2016-06-23,7.550000190734863
2016-06-24,7.199999809265137
2016-06-27,6.78000020980835
2016-06-28,7.21999979019165
2016-06-29,7.309999942779541
2016-06-30,7.260000228881836
2016-07-01,7.460000038146973
2016-07-05,7.320000171661377
2016-07-06,7.239999771118164
2016-07-07,7.400000095367432
2016-07-08,7.480000019073486
2016-07-11,7.630000114440918
2016-07-12,7.480000019073486
2016-07-13,7.489999771118164
2016-07-14,7.46999979019165
2016-07-15,7.400000095367432
2016-07-18,7.539999961853027
2016-07-19,7.800000190734863
2016-07-20,8.34000015258789
2016-07-21,7.920000076293945
2016-07-22,7.699999809265137
2016-07-25,7.650000095367432
2016-07-26,7.710000038146973
2016-07-27,7.900000095367432
2016-07-28,8.1899995803833
2016-07-29,8.149999618530273
2016-08-01,8.09000015258789
2016-08-02,8.140000343322754
2016-08-03,7.940000057220459
2016-08-04,8.239999771118164
2016-08-05,8.300000190734863
2016-08-08,8.09000015258789
2016-08-09,8.289999961853027
2016-08-10,8.0
2016-08-11,8.239999771118164
2016-08-12,8.109999656677246
2016-08-15,8.199999809265137
2016-08-16,8.180000305175781
2016-08-17,7.96999979019165
2016-08-18,8.029999732971191
2016-08-19,8.039999961853027
2016-08-22,8.010000228881836
2016-08-23,7.960000038146973
2016-08-24,7.920000076293945
2016-08-25,7.920000076293945
2016-08-26,7.75
2016-08-29,7.800000190734863
2016-08-30,7.809999942779541
2016-08-31,7.75
2016-09-01,7.980000019073486
2016-09-02,7.920000076293945
2016-09-06,8.210000038146973
2016-09-07,8.300000190734863
2016-09-08,8.149999618530273
2016-09-09,8.010000228881836
2016-09-12,8.010000228881836
2016-09-13,7.820000171661377
2016-09-14,7.920000076293945
2016-09-15,8.0
2016-09-16,7.849999904632568
2016-09-19,7.760000228881836
2016-09-20,7.75
2016-09-21,7.590000152587891
2016-09-22,7.659999847412109
2016-09-23,7.690000057220459
2016-09-26,7.460000038146973
2016-09-27,7.5
2016-09-28,7.679999828338623
2016-09-29,7.550000190734863
2016-09-30,7.519999980926514
2016-10-03,7.699999809265137
2016-10-04,7.599999904632568
2016-10-05,7.519999980926514
2016-10-06,7.429999828338623
2016-10-07,7.309999942779541
2016-10-10,7.429999828338623
2016-10-11,7.429999828338623
2016-10-12,7.059999942779541
2016-10-13,6.989999771118164
2016-10-14,7.010000228881836
2016-10-17,7.010000228881836
2016-10-18,7.059999942779541
2016-10-19,7.03000020980835
2016-10-20,6.909999847412109
2016-10-21,6.940000057220459
2016-10-24,6.800000190734863
2016-10-25,6.800000190734863
2016-10-26,6.730000019073486
2016-10-27,6.650000095367432
2016-10-28,6.760000228881836
2016-10-31,6.739999771118164
2016-11-01,6.739999771118164
2016-11-02,6.659999847412109
2016-11-03,6.5
2016-11-04,6.980000019073486
2016-11-07,6.800000190734863
2016-11-08,6.860000133514404
2016-11-09,6.869999885559082
2016-11-10,6.840000152587891
2016-11-11,6.639999866485596
2016-11-14,6.550000190734863
2016-11-15,6.610000133514404
2016-11-16,6.78000020980835
2016-11-17,6.699999809265137
2016-11-18,6.960000038146973
2016-11-21,6.96999979019165
2016-11-22,6.940000057220459
2016-11-23,6.840000152587891
2016-11-25,6.949999809265137
2016-11-28,6.909999847412109
2016-11-29,6.889999866485596
2016-11-30,6.920000076293945
2016-12-01,6.699999809265137
2016-12-02,6.650000095367432
2016-12-05,6.610000133514404
2016-12-06,6.559999942779541
2016-12-07,6.699999809265137
2016-12-08,6.699999809265137
2016-12-09,6.769999980926514
2016-12-12,6.650000095367432
2016-12-13,6.820000171661377
2016-12-14,6.739999771118164
2016-12-15,6.690000057220459
2016-12-16,6.789999961853027
2016-12-19,6.900000095367432
2016-12-20,6.900000095367432
2016-12-21,6.920000076293945
2016-12-22,6.920000076293945
2016-12-23,6.920000076293945
2016-12-27,6.889999866485596
2016-12-28,6.980000019073486
2016-12-29,7.050000190734863
2016-12-30,7.039999961853027
2017-01-03,7.039999961853027
2017-01-04,6.840000152587891
2017-01-05,6.840000152587891
2017-01-06,6.610000133514404
2017-01-09,6.400000095367432
2017-01-10,6.489999771118164
2017-01-11,6.489999771118164
2017-01-12,6.5
2017-01-13,6.610000133514404
2017-01-17,6.53000020980835
2017-01-18,6.400000095367432
2017-01-19,6.5
2017-01-20,6.590000152587891
2017-01-23,6.619999885559082
2017-01-24,6.46999979019165
2017-01-25,6.559999942779541
2017-01-26,6.449999809265137
2017-01-27,6.449999809265137
2017-01-30,6.369999885559082
2017-01-31,6.550000190734863
2017-02-01,6.599999904632568
2017-02-02,6.599999904632568
2017-02-03,6.769999980926514
2017-02-06,6.639999866485596
2017-02-07,6.630000114440918
2017-02-08,6.650000095367432
2017-02-09,6.590000152587891
2017-02-10,7.260000228881836
2017-02-13,7.449999809265137
2017-02-14,7.429999828338623
2017-02-15,7.369999885559082
2017-02-16,7.389999866485596
2017-02-17,7.389999866485596
2017-02-21,7.28000020980835
2017-02-22,7.400000095367432
2017-02-23,7.429999828338623
2017-02-24,7.329999923706055
2017-02-27,7.360000133514404
2017-02-28,7.309999942779541
2017-03-01,7.639999866485596
2017-03-02,7.659999847412109
2017-03-03,7.619999885559082
2017-03-06,7.619999885559082
2017-03-07,7.610000133514404
2017-03-08,7.610000133514404
2017-03-09,7.630000114440918
2017-03-10,7.800000190734863
2017-03-13,7.840000152587891
2017-03-14,7.800000190734863
2017-03-15,7.769999980926514
2017-03-16,7.860000133514404
2017-03-17,8.0
2017-03-20,7.980000019073486
2017-03-21,7.940000057220459
2017-03-22,8.010000228881836
2017-03-23,8.100000381469727
2017-03-24,8.170000076293945
2017-03-27,8.289999961853027
2017-03-28,8.359999656677246
2017-03-29,8.359999656677246
2017-03-30,8.359999656677246
2017-03-31,8.449999809265137
2017-04-03,8.420000076293945
2017-04-04,8.489999771118164
2017-04-05,8.489999771118164
2017-04-06,8.539999961853027
2017-04-07,8.649999618530273
2017-04-10,8.569999694824219
2017-04-11,8.59000015258789
2017-04-12,8.600000381469727
2017-04-13,8.609999656677246
2017-04-17,8.6899995803833
2017-04-18,8.6899995803833
2017-04-19,8.59000015258789
2017-04-20,8.8100004196167
2017-04-21,8.710000038146973
2017-04-24,9.109999656677246
2017-04-25,9.4399995803833
2017-04-26,9.510000228881836
2017-04-27,9.579999923706055
2017-04-28,9.449999809265137
2017-05-01,9.4399995803833
2017-05-02,9.720000267028809
2017-05-03,9.6899995803833
2017-05-04,9.90999984741211
2017-05-05,10.050000190734863
2017-05-08,9.819999694824219
2017-05-09,9.819999694824219
2017-05-10,10.0
2017-05-11,10.029999732971191
2017-05-12,10.449999809265137
2017-05-15,10.920000076293945
2017-05-16,10.970000267028809
2017-05-17,10.34000015258789
2017-05-18,10.369999885559082
2017-05-19,10.680000305175781
2017-05-22,10.600000381469727
2017-05-23,10.880000114440918
2017-05-24,10.850000381469727
2017-05-25,10.84000015258789
2017-05-26,10.760000228881836
2017-05-30,10.979999542236328
2017-05-31,11.170000076293945
2017-06-01,11.319999694824219
2017-06-02,11.350000381469727
2017-06-05,11.260000228881836
2017-06-06,11.25
2017-06-07,11.300000190734863
2017-06-08,11.210000038146973
2017-06-09,11.180000305175781
2017-06-12,10.609999656677246
2017-06-13,10.989999771118164
2017-06-14,11.029999732971191
2017-06-15,11.100000381469727
2017-06-16,11.180000305175781
2017-06-19,11.489999771118164
2017-06-20,11.220000267028809
2017-06-21,11.229999542236328
2017-06-22,11.390000343322754
2017-06-23,11.619999885559082
2017-06-26,11.59000015258789
2017-06-27,11.390000343322754
2017-06-28,11.460000038146973
2017-06-29,11.1899995803833
2017-06-30,11.34000015258789
2017-07-03,11.180000305175781
2017-07-05,11.260000228881836
2017-07-06,11.100000381469727
2017-07-07,11.029999732971191
2017-07-10,11.140000343322754
2017-07-11,11.100000381469727
2017-07-12,11.239999771118164
2017-07-13,11.199999809265137
2017-07-14,11.279999732971191
2017-07-17,11.260000228881836
2017-07-18,11.399999618530273
2017-07-19,12.359999656677246
2017-07-20,12.4399995803833
2017-07-21,12.5
2017-07-24,12.550000190734863
2017-07-25,12.640000343322754
2017-07-26,13.1899995803833
2017-07-27,12.789999961853027
2017-07-28,12.600000381469727
2017-07-31,12.619999885559082
2017-08-01,12.6899995803833
2017-08-02,12.5
2017-08-03,12.630000114440918
2017-08-04,12.819999694824219
2017-08-07,12.8100004196167
2017-08-08,12.760000228881836
2017-08-09,12.729999542236328
2017-08-10,12.65999984741211
2017-08-11,12.529999732971191
2017-08-14,12.630000114440918
2017-08-15,12.710000038146973
2017-08-16,12.920000076293945
2017-08-17,12.850000381469727
2017-08-18,12.899999618530273
2017-08-21,12.920000076293945
2017-08-22,13.050000190734863
2017-08-23,12.920000076293945
2017-08-24,12.899999618530273
2017-08-25,13.0600004196167
2017-08-28,13.149999618530273
2017-08-29,12.800000190734863
2017-08-30,12.869999885559082
2017-08-31,13.329999923706055
2017-09-01,13.350000381469727
2017-09-05,13.649999618530273
2017-09-06,13.569999694824219
2017-09-07,13.800000190734863
2017-09-08,13.8100004196167
2017-09-11,14.020000457763672
2017-09-12,14.109999656677246
2017-09-13,14.130000114440918
2017-09-14,14.1899995803833
2017-09-15,14.180000305175781
2017-09-18,14.199999809265137
2017-09-19,14.470000267028809
2017-09-20,14.279999732971191
2017-09-21,14.09000015258789
2017-09-22,14.100000381469727
2017-09-25,13.510000228881836
2017-09-26,13.260000228881836
2017-09-27,13.359999656677246
2017-09-28,13.520000457763672
2017-09-29,13.760000228881836
2017-10-02,13.890000343322754
2017-10-03,14.069999694824219
2017-10-04,14.319999694824219
2017-10-05,14.40999984741211
2017-10-06,14.720000267028809
2017-10-09,14.760000228881836
2017-10-10,15.1899995803833
2017-10-11,15.390000343322754
2017-10-12,15.460000038146973
2017-10-13,15.4399995803833
2017-10-16,15.59000015258789
2017-10-17,15.5
2017-10-18,15.760000228881836
2017-10-19,15.65999984741211
2017-10-20,15.5
2017-10-23,15.4399995803833
2017-10-24,15.300000190734863
2017-10-25,15.569999694824219
2017-10-26,15.380000114440918
2017-10-27,15.180000305175781
2017-10-30,15.100000381469727
2017-10-31,15.239999771118164
2017-11-01,15.380000114440918
2017-11-02,15.229999542236328
2017-11-03,15.550000190734863
2017-11-06,15.40999984741211
2017-11-07,15.319999694824219
2017-11-08,16.479999542236328
2017-11-09,15.9399995803833
2017-11-10,15.869999885559082
2017-11-13,15.8100004196167
2017-11-14,16.059999465942383
2017-11-15,15.949999809265137
2017-11-16,15.770000457763672
2017-11-17,15.40999984741211
2017-11-20,15.6899995803833
2017-11-21,15.960000038146973
2017-11-22,16.15999984741211
2017-11-24,16.299999237060547
2017-11-27,16.40999984741211
2017-11-28,16.270000457763672
2017-11-29,15.729999542236328
2017-11-30,15.289999961853027
2017-12-01,15.550000190734863
2017-12-04,15.15999984741211
2017-12-05,15.180000305175781
2017-12-06,15.140000343322754
2017-12-07,15.380000114440918
2017-12-08,15.609999656677246
2017-12-11,15.109999656677246
2017-12-12,14.699999809265137
2017-12-13,14.800000190734863
2017-12-14,14.949999809265137
2017-12-15,15.010000228881836
2017-12-18,15.220000267028809
2017-12-19,15.329999923706055
2017-12-20,15.34000015258789
2017-12-21,15.34000015258789
2017-12-22,15.460000038146973
2017-12-26,15.399999618530273
2017-12-27,15.460000038146973
2017-12-28,15.520000457763672
2017-12-29,15.319999694824219
2018-01-02,15.510000228881836
2018-01-03,15.90999984741211
2018-01-04,16.06999969482422
2018-01-05,16.200000762939453
2018-01-08,16.239999771118164
2018-01-09,16.700000762939453
2018-01-10,16.649999618530273
2018-01-11,17.190000534057617
2018-01-12,17.049999237060547
2018-01-16,17.010000228881836
2018-01-17,16.979999542236328
2018-01-18,16.670000076293945
2018-01-19,16.850000381469727
2018-01-22,16.799999237060547
2018-01-23,16.959999084472656
2018-01-24,16.950000762939453
2018-01-25,16.81999969482422
2018-01-26,16.8700008392334
2018-01-29,16.649999618530273
2018-01-30,16.579999923706055
2018-01-31,17.06999969482422
2018-02-01,17.190000534057617
2018-02-02,16.700000762939453
2018-02-05,15.680000305175781
2018-02-06,16.600000381469727
2018-02-07,16.280000686645508
2018-02-08,15.65999984741211
2018-02-09,15.449999809265137
2018-02-12,16.06999969482422
2018-02-13,16.579999923706055
2018-02-14,16.790000915527344
2018-02-15,16.770000457763672
2018-02-16,16.729999542236328
2018-02-20,16.6200008392334
2018-02-21,16.649999618530273
2018-02-22,16.40999984741211
2018-02-23,16.34000015258789
2018-02-26,16.68000030517578
2018-02-27,16.31999969482422
2018-02-28,16.440000534057617
2018-03-01,16.270000457763672
2018-03-02,16.030000686645508
2018-03-05,16.350000381469727
2018-03-06,16.559999465942383
2018-03-07,16.559999465942383
2018-03-08,17.040000915527344
2018-03-09,17.399999618530273
2018-03-12,17.520000457763672
2018-03-13,17.520000457763672
2018-03-14,17.360000610351562
2018-03-15,17.389999389648438
2018-03-16,17.110000610351562
2018-03-19,16.829999923706055
2018-03-20,16.350000381469727
2018-03-21,17.399999618530273
2018-03-22,17.25
2018-03-23,17.399999618530273
2018-03-26,17.239999771118164
2018-03-27,17.100000381469727
2018-03-28,16.729999542236328
2018-03-29,16.940000534057617
2018-04-02,16.979999542236328
2018-04-03,16.889999389648438
2018-04-04,17.420000076293945
2018-04-05,18.010000228881836
2018-04-06,17.850000381469727
2018-04-09,17.770000457763672
2018-04-10,18.1200008392334
2018-04-11,17.940000534057617
2018-04-12,17.969999313354492
2018-04-13,18.649999618530273
2018-04-16,18.84000015258789
2018-04-17,19.229999542236328
2018-04-18,19.649999618530273
2018-04-19,19.649999618530273
2018-04-20,19.40999984741211
2018-04-23,19.25
2018-04-24,19.229999542236328
2018-04-25,18.989999771118164
2018-04-26,19.170000076293945
2018-04-27,19.329999923706055
2018-04-30,19.059999465942383
2018-05-01,19.010000228881836
2018-05-02,19.520000457763672
2018-05-03,19.920000076293945
2018-05-04,20.079999923706055
2018-05-07,20.200000762939453
2018-05-08,20.079999923706055
2018-05-09,20.3700008392334
2018-05-10,20.489999771118164
2018-05-11,20.530000686645508
2018-05-14,20.6200008392334
2018-05-15,20.200000762939453
2018-05-16,19.989999771118164
2018-05-17,20.8700008392334
2018-05-18,20.84000015258789
2018-05-21,20.450000762939453
2018-05-22,20.520000457763672
2018-05-23,20.34000015258789
2018-05-24,20.950000762939453
2018-05-25,20.799999237060547
2018-05-29,20.59000015258789
2018-05-30,21.260000228881836
2018-05-31,21.729999542236328
2018-06-01,21.56999969482422
2018-06-04,21.959999084472656
2018-06-05,22.3700008392334
2018-06-06,22.639999389648438
2018-06-07,22.34000015258789
2018-06-08,22.549999237060547
2018-06-11,22.899999618530273
2018-06-12,22.709999084472656
2018-06-13,23.170000076293945
2018-06-14,23.15999984741211
2018-06-15,22.81999969482422
2018-06-18,22.799999237060547
2018-06-19,22.559999465942383
2018-06-20,22.709999084472656
2018-06-21,22.399999618530273
2018-06-22,22.540000915527344
2018-06-25,21.709999084472656
2018-06-26,21.860000610351562
2018-06-27,21.940000534057617
2018-06-28,21.5
2018-06-29,21.8700008392334
2018-07-02,21.540000915527344
2018-07-03,21.489999771118164
2018-07-05,21.780000686645508
2018-07-06,21.8700008392334
2018-07-09,21.940000534057617
2018-07-10,22.649999618530273
2018-07-11,22.6299991607666
2018-07-12,23.200000762939453
2018-07-13,23.229999542236328
2018-07-16,23.350000381469727
2018-07-17,24.139999389648438
2018-07-18,24.1200008392334
2018-07-19,24.0
2018-07-20,24.100000381469727
2018-07-23,23.850000381469727
2018-07-24,23.700000762939453
2018-07-25,23.829999923706055
2018-07-26,23.3799991607666
2018-07-27,23.139999389648438
2018-07-30,22.290000915527344
2018-07-31,22.049999237060547
2018-08-01,21.90999984741211
2018-08-02,21.979999542236328
2018-08-03,22.280000686645508
2018-08-06,22.010000228881836
2018-08-07,21.899999618530273
2018-08-08,21.829999923706055
2018-08-09,21.899999618530273
2018-08-10,21.469999313354492
2018-08-13,21.559999465942383
2018-08-14,21.06999969482422
2018-08-15,20.270000457763672
2018-08-16,20.3799991607666
2018-08-17,20.149999618530273
2018-08-20,20.959999084472656
2018-08-21,21.239999771118164
2018-08-22,21.239999771118164
2018-08-23,21.639999389648438
2018-08-24,21.93000030517578
2018-08-27,22.440000534057617
2018-08-28,22.3799991607666
2018-08-29,22.149999618530273
2018-08-30,22.020000457763672
2018-08-31,21.450000762939453
2018-09-04,20.809999465942383
2018-09-05,20.459999084472656
2018-09-06,20.270000457763672
2018-09-07,20.299999237060547
2018-09-10,20.510000228881836
2018-09-11,21.40999984741211
2018-09-12,22.25
2018-09-13,21.93000030517578
2018-09-14,22.239999771118164
2018-09-17,21.950000762939453
2018-09-18,22.100000381469727
2018-09-19,21.610000610351562
2018-09-20,21.989999771118164
2018-09-21,21.6299991607666
2018-09-24,21.75
2018-09-25,22.329999923706055
2018-09-26,22.200000762939453
2018-09-27,21.8700008392334
2018-09-28,21.6200008392334
2018-10-01,24.290000915527344
2018-10-02,23.030000686645508
2018-10-03,22.780000686645508
2018-10-04,21.860000610351562
2018-10-05,21.360000610351562
2018-10-08,20.530000686645508
2018-10-09,20.5
2018-10-10,19.260000228881836
2018-10-11,20.059999465942383
2018-10-12,20.56999969482422
2018-10-15,19.950000762939453
2018-10-16,20.700000762939453
2018-10-17,20.420000076293945
2018-10-18,19.950000762939453
2018-10-19,20.190000534057617
2018-10-22,19.639999389648438
2018-10-23,19.0
2018-10-24,18.520000457763672
2018-10-25,19.18000030517578
2018-10-26,19.15999984741211
2018-10-29,18.8799991607666
2018-10-30,18.209999084472656
2018-10-31,17.959999084472656
2018-11-01,17.899999618530273
2018-11-02,18.639999389648438
2018-11-05,17.479999542236328
2018-11-06,17.739999771118164
2018-11-07,17.899999618530273
2018-11-08,17.25
2018-11-09,16.3799991607666
2018-11-12,16.190000534057617
2018-11-13,16.139999389648438
2018-11-14,16.309999465942383
2018-11-15,15.989999771118164
2018-11-16,16.040000915527344
2018-11-19,15.350000381469727
2018-11-20,14.600000381469727
2018-11-21,15.140000343322754
2018-11-23,15.170000076293945
2018-11-26,15.350000381469727
2018-11-27,15.079999923706055
2018-11-28,15.380000114440918
2018-11-29,16.020000457763672
2018-11-30,16.329999923706055
2018-12-03,16.540000915527344
2018-12-04,16.06999969482422
2018-12-06,15.270000457763672
2018-12-07,15.479999542236328
2018-12-10,15.539999961853027
2018-12-11,15.430000305175781
2018-12-12,15.569999694824219
2018-12-13,15.920000076293945
2018-12-14,15.680000305175781
2018-12-17,15.520000457763672
2018-12-18,15.739999771118164
2018-12-19,16.06999969482422
2018-12-20,15.1899995803833
2018-12-21,15.069999694824219
2018-12-24,15.1899995803833
2018-12-26,15.399999618530273
2018-12-27,15.600000381469727
2018-12-28,15.9399995803833
2018-12-31,16.170000076293945
2019-01-02,15.789999961853027
2019-01-03,14.920000076293945
2019-01-04,15.649999618530273
2019-01-07,16.219999313354492
2019-01-08,17.200000762939453
2019-01-09,17.510000228881836
2019-01-10,17.90999984741211
2019-01-11,17.860000610351562
2019-01-14,17.559999465942383
2019-01-15,17.920000076293945
2019-01-16,17.75
2019-01-17,17.489999771118164
2019-01-18,17.760000228881836
2019-01-22,17.6299991607666
2019-01-23,17.719999313354492
2019-01-24,17.34000015258789
2019-01-25,17.43000030517578
2019-01-28,17.639999389648438
2019-01-29,17.700000762939453
2019-01-30,17.969999313354492
2019-01-31,17.770000457763672
2019-02-01,17.540000915527344
2019-02-04,17.84000015258789
2019-02-05,18.149999618530273
2019-02-06,16.469999313354492
2019-02-07,16.59000015258789
2019-02-08,15.8100004196167
2019-02-11,15.5
2019-02-12,15.119999885559082
2019-02-13,14.859999656677246
2019-02-14,15.140000343322754
2019-02-15,15.1899995803833
2019-02-19,15.359999656677246
2019-02-20,15.170000076293945
2019-02-21,14.770000457763672
2019-02-22,14.890000343322754
2019-02-25,14.890000343322754
2019-02-26,14.6899995803833
2019-02-27,14.399999618530273
2019-02-28,14.40999984741211
2019-03-01,14.770000457763672
2019-03-04,15.050000190734863
2019-03-05,14.880000114440918
2019-03-06,15.09000015258789
2019-03-07,15.1899995803833
2019-03-08,15.550000190734863
2019-03-11,15.319999694824219
2019-03-12,15.529999732971191
2019-03-13,15.979999542236328
2019-03-14,16.260000228881836
2019-03-15,16.81999969482422
2019-03-18,17.030000686645508
2019-03-19,17.18000030517578
2019-03-20,17.899999618530273
2019-03-21,18.360000610351562
2019-03-22,17.989999771118164
2019-03-25,17.899999618530273
2019-03-26,17.790000915527344
2019-03-27,17.559999465942383
2019-03-28,17.670000076293945
2019-03-29,17.850000381469727
2019-04-01,17.959999084472656
2019-04-02,17.75
2019-04-03,17.969999313354492
2019-04-04,17.950000762939453
2019-04-05,18.040000915527344
2019-04-08,18.0
2019-04-09,17.959999084472656
2019-04-10,18.110000610351562
2019-04-11,18.15999984741211
2019-04-12,18.329999923706055
2019-04-15,18.350000381469727
2019-04-16,17.969999313354492
2019-04-17,17.93000030517578
2019-04-18,18.059999465942383
2019-04-22,18.049999237060547
2019-04-23,18.229999542236328
2019-04-24,18.450000762939453
2019-04-25,18.260000228881836
2019-04-26,18.84000015258789
2019-04-29,18.700000762939453
2019-04-30,19.149999618530273
2019-05-01,18.969999313354492
2019-05-02,18.75
2019-05-03,18.75
2019-05-06,18.459999084472656
2019-05-07,18.1299991607666
2019-05-08,18.68000030517578
2019-05-09,18.3799991607666
2019-05-10,18.75
2019-05-13,18.079999923706055
2019-05-14,18.18000030517578
2019-05-15,17.25
2019-05-16,16.200000762939453
2019-05-17,16.030000686645508
2019-05-20,15.779999732971191
2019-05-21,15.949999809265137
2019-05-22,16.1200008392334
2019-05-23,15.649999618530273
2019-05-24,16.030000686645508
2019-05-28,15.819999694824219
2019-05-29,15.850000381469727
2019-05-30,16.100000381469727
2019-05-31,16.360000610351562
2019-06-03,16.440000534057617
2019-06-04,16.0
2019-06-05,15.760000228881836
2019-06-06,16.0
2019-06-07,16.5
2019-06-10,16.559999465942383
2019-06-11,16.139999389648438
2019-06-12,15.850000381469727
2019-06-13,15.569999694824219
2019-06-14,15.180000305175781
2019-06-17,15.069999694824219
2019-06-18,15.199999809265137
2019-06-19,15.380000114440918
2019-06-20,15.649999618530273
2019-06-21,15.550000190734863
2019-06-24,15.239999771118164
2019-06-25,15.289999961853027
2019-06-26,15.210000038146973
2019-06-27,15.84000015258789
2019-06-28,15.5600004196167
2019-07-01,15.569999694824219
2019-07-02,15.739999771118164
2019-07-03,16.389999389648438
2019-07-05,16.079999923706055
2019-07-08,15.880000114440918
2019-07-09,15.920000076293945
2019-07-10,16.559999465942383
2019-07-11,16.34000015258789
2019-07-12,16.360000610351562
2019-07-15,16.770000457763672
2019-07-16,16.56999969482422
2019-07-17,16.850000381469727
2019-07-18,17.15999984741211
2019-07-19,17.489999771118164
2019-07-22,17.059999465942383
2019-07-23,16.670000076293945
2019-07-24,16.8799991607666
2019-07-25,17.010000228881836
2019-07-26,16.889999389648438
2019-07-29,16.729999542236328
2019-07-30,16.56999969482422
2019-07-31,16.450000762939453
2019-08-01,16.479999542236328
2019-08-02,16.260000228881836
2019-08-05,15.670000076293945
2019-08-06,15.880000114440918
2019-08-07,15.850000381469727
2019-08-08,15.989999771118164
2019-08-09,16.350000381469727
2019-08-12,16.149999618530273
2019-08-13,16.270000457763672
2019-08-14,15.6899995803833
2019-08-15,15.510000228881836
2019-08-16,15.9399995803833
2019-08-19,16.040000915527344
2019-08-20,15.880000114440918
2019-08-21,16.3700008392334
2019-08-22,16.06999969482422
2019-08-23,15.869999885559082
2019-08-26,15.90999984741211
2019-08-27,15.9399995803833
2019-08-28,15.75
2019-08-29,16.020000457763672
2019-08-30,16.139999389648438
2019-09-03,15.800000190734863
2019-09-04,15.979999542236328
2019-09-05,16.079999923706055
2019-09-06,15.770000457763672
2019-09-09,15.520000457763672
2019-09-10,15.609999656677246
2019-09-11,15.869999885559082
2019-09-12,16.020000457763672
2019-09-13,16.020000457763672
2019-09-16,15.920000076293945
2019-09-17,15.550000190734863
2019-09-18,15.210000038146973
2019-09-19,15.100000381469727
2019-09-20,15.399999618530273
2019-09-23,15.180000305175781
2019-09-24,14.850000381469727
2019-09-25,14.649999618530273
2019-09-26,14.680000305175781
2019-09-27,14.600000381469727
2019-09-30,14.319999694824219
2019-10-01,13.84000015258789
2019-10-02,13.649999618530273
2019-10-03,13.869999885559082
2019-10-04,13.779999732971191
2019-10-07,13.0
2019-10-08,12.739999771118164
2019-10-09,12.770000457763672
2019-10-10,12.40999984741211
2019-10-11,12.699999809265137
2019-10-14,12.619999885559082
2019-10-15,12.880000114440918
2019-10-16,12.649999618530273
2019-10-17,12.869999885559082
2019-10-18,12.649999618530273
2019-10-21,12.600000381469727
2019-10-22,12.470000267028809
2019-10-23,12.399999618530273
2019-10-24,10.34000015258789
2019-10-25,10.369999885559082
2019-10-28,11.510000228881836
2019-10-29,11.40999984741211
2019-10-30,11.5
2019-10-31,11.75
2019-11-01,12.15999984741211
2019-11-04,11.609999656677246
2019-11-05,11.300000190734863
2019-11-06,11.020000457763672
2019-11-07,10.890000343322754
2019-11-08,11.15999984741211
2019-11-11,11.25
2019-11-12,11.100000381469727
2019-11-13,11.199999809265137
2019-11-14,11.210000038146973
2019-11-15,11.149999618530273
2019-11-18,10.850000381469727
2019-11-19,11.0600004196167
2019-11-20,11.279999732971191
2019-11-21,11.470000267028809
2019-11-22,11.529999732971191
2019-11-25,11.699999809265137
2019-11-26,11.979999542236328
2019-11-27,12.069999694824219
2019-11-29,12.020000457763672
2019-12-02,12.220000267028809
2019-12-03,12.149999618530273
2019-12-04,12.779999732971191
2019-12-05,12.9399995803833
2019-12-06,12.779999732971191
2019-12-09,12.520000457763672
2019-12-10,12.520000457763672
2019-12-11,12.390000343322754
2019-12-12,12.9399995803833
2019-12-13,13.489999771118164
2019-12-16,13.609999656677246
2019-12-17,13.399999618530273
2019-12-18,13.199999809265137
2019-12-19,13.390000343322754
2019-12-20,13.640000343322754
2019-12-23,13.539999961853027
2019-12-24,13.479999542236328
2019-12-26,13.5
2019-12-27,13.65999984741211
2019-12-30,13.65999984741211
2019-12-31,13.779999732971191
2020-01-02,13.930000305175781
2020-01-03,13.890000343322754
2020-01-06,13.920000076293945
2020-01-07,13.600000381469727
2020-01-08,14.15999984741211
2020-01-09,14.369999885559082
2020-01-10,14.4399995803833
2020-01-13,14.609999656677246
2020-01-14,14.470000267028809
2020-01-15,14.430000305175781
2020-01-16,14.329999923706055
2020-01-17,13.829999923706055
2020-01-21,14.039999961853027
2020-01-22,14.149999618530273
2020-01-23,14.260000228881836
2020-01-24,14.520000457763672
2020-01-27,14.579999923706055
2020-01-28,15.210000038146973
2020-01-29,15.239999771118164
2020-01-30,15.100000381469727
2020-01-31,15.119999885559082
2020-02-03,15.300000190734863
2020-02-04,15.399999618530273
2020-02-05,15.729999542236328
2020-02-06,15.760000228881836
2020-02-07,15.9399995803833
2020-02-10,15.899999618530273
2020-02-11,15.989999771118164
2020-02-12,16.100000381469727
2020-02-13,16.149999618530273
2020-02-14,16.18000030517578
2020-02-18,15.880000114440918
2020-02-19,16.1299991607666
2020-02-20,16.229999542236328
2020-02-21,16.34000015258789
2020-02-24,16.18000030517578
2020-02-25,15.460000038146973
2020-02-26,15.569999694824219
2020-02-27,14.84000015258789
2020-02-28,14.960000038146973
2020-03-02,15.039999961853027
2020-03-03,15.149999618530273
2020-03-04,15.550000190734863
2020-03-05,15.430000305175781
2020-03-06,14.890000343322754
2020-03-09,13.819999694824219
2020-03-10,14.449999809265137
2020-03-11,13.760000228881836
2020-03-12,12.40999984741211
2020-03-13,12.9399995803833
2020-03-16,13.039999961853027
2020-03-17,14.34000015258789
2020-03-18,13.020000457763672
2020-03-19,12.510000228881836
2020-03-20,12.65999984741211
2020-03-23,12.869999885559082
2020-03-24,13.699999809265137
2020-03-25,13.5600004196167
2020-03-26,14.5600004196167
2020-03-27,14.770000457763672
2020-03-30,15.0
2020-03-31,14.569999694824219
2020-04-01,14.5
2020-04-02,14.979999542236328
2020-04-03,15.180000305175781
2020-04-06,15.109999656677246
2020-04-07,14.579999923706055
2020-04-08,14.90999984741211
2020-04-09,15.069999694824219
2020-04-13,14.829999923706055
2020-04-14,15.100000381469727
2020-04-15,14.789999961853027
2020-04-16,14.829999923706055
2020-04-17,15.210000038146973
2020-04-20,14.720000267028809
2020-04-21,14.390000343322754
2020-04-22,14.229999542236328
2020-04-23,14.289999961853027
2020-04-24,14.539999961853027
2020-04-27,15.260000228881836
2020-04-28,14.720000267028809
2020-04-29,14.800000190734863
2020-04-30,14.829999923706055
2020-05-01,14.90999984741211
2020-05-04,14.899999618530273
2020-05-05,15.119999885559082
2020-05-06,15.34000015258789
2020-05-07,15.619999885559082
2020-05-08,15.930000305175781
2020-05-11,15.729999542236328
2020-05-12,15.130000114440918
2020-05-13,14.829999923706055
2020-05-14,15.119999885559082
2020-05-15,14.930000305175781
2020-05-18,14.779999732971191
2020-05-19,14.470000267028809
2020-05-20,15.039999961853027
2020-05-21,15.149999618530273
2020-05-22,15.279999732971191
2020-05-26,15.199999809265137
2020-05-27,14.59000015258789
2020-05-28,14.899999618530273
2020-05-29,15.430000305175781
2020-06-01,15.65999984741211
2020-06-02,15.649999618530273
2020-06-03,15.329999923706055
2020-06-04,15.399999618530273
2020-06-05,15.140000343322754
2020-06-08,15.239999771118164
2020-06-09,15.199999809265137
2020-06-10,15.520000457763672
2020-06-11,15.109999656677246
2020-06-12,15.069999694824219
2020-06-15,15.0
2020-06-16,15.289999961853027
2020-06-17,15.3100004196167
2020-06-18,15.319999694824219
2020-06-19,15.260000228881836
2020-06-22,15.510000228881836
2020-06-23,15.640000343322754
2020-06-24,15.710000038146973
2020-06-25,15.859999656677246
2020-06-26,15.739999771118164
2020-06-29,15.710000038146973
2020-06-30,16.510000228881836
2020-07-01,17.239999771118164
2020-07-02,16.989999771118164
2020-07-06,17.6200008392334
2020-07-07,17.559999465942383
2020-07-08,18.139999389648438
2020-07-09,17.809999465942383
2020-07-10,17.520000457763672
2020-07-13,16.610000610351562
2020-07-14,16.489999771118164
2020-07-15,16.389999389648438
2020-07-16,15.960000038146973
2020-07-17,15.649999618530273
2020-07-20,15.899999618530273
2020-07-21,16.1299991607666
2020-07-22,16.450000762939453
2020-07-23,16.770000457763672
2020-07-24,16.489999771118164
2020-07-27,16.530000686645508
2020-07-28,16.399999618530273
2020-07-29,16.670000076293945
2020-07-30,16.459999084472656
2020-07-31,16.649999618530273
2020-08-03,16.81999969482422
2020-08-04,16.799999237060547
2020-08-05,16.579999923706055
2020-08-06,16.549999237060547
2020-08-07,16.3799991607666
2020-08-10,15.970000267028809
2020-08-11,16.049999237060547
2020-08-12,16.1200008392334
2020-08-13,16.420000076293945
2020-08-14,16.25
2020-08-17,16.34000015258789
2020-08-18,16.40999984741211
2020-08-19,16.399999618530273
2020-08-20,16.299999237060547
2020-08-21,16.479999542236328
2020-08-24,16.260000228881836
2020-08-25,16.15999984741211
2020-08-26,16.489999771118164
2020-08-27,16.329999923706055
2020-08-28,16.270000457763672
2020-08-31,16.399999618530273
2020-09-01,16.549999237060547
2020-09-02,16.719999313354492
2020-09-03,15.829999923706055
2020-09-04,15.609999656677246
2020-09-08,15.84000015258789
2020-09-09,16.25
2020-09-10,16.40999984741211
2020-09-11,17.479999542236328
2020-09-14,17.399999618530273
2020-09-15,17.450000762939453
2020-09-16,17.020000457763672
2020-09-17,17.049999237060547
2020-09-18,17.149999618530273
2020-09-21,17.209999084472656
2020-09-22,17.360000610351562
2020-09-23,17.200000762939453
2020-09-24,17.389999389648438
2020-09-25,17.860000610351562
2020-09-28,17.739999771118164
2020-09-29,17.81999969482422
2020-09-30,18.020000457763672
2020-10-01,18.549999237060547
2020-10-02,18.559999465942383
2020-10-05,18.719999313354492
2020-10-06,18.31999969482422
2020-10-07,18.770000457763672
2020-10-08,18.8700008392334
2020-10-09,19.329999923706055
2020-10-12,19.610000610351562
2020-10-13,19.450000762939453
2020-10-14,19.610000610351562
2020-10-15,19.399999618530273
2020-10-16,19.3799991607666
2020-10-19,19.18000030517578
2020-10-20,19.139999389648438
2020-10-21,19.040000915527344
2020-10-22,19.020000457763672
2020-10-23,19.15999984741211
2020-10-26,19.0
2020-10-27,19.81999969482422
2020-10-28,19.079999923706055
2020-10-29,18.3799991607666
2020-10-30,17.610000610351562
2020-11-02,17.469999313354492
2020-11-03,18.0
2020-11-04,18.700000762939453
2020-11-05,19.229999542236328
2020-11-06,19.040000915527344
2020-11-09,17.780000686645508
2020-11-10,17.350000381469727
2020-11-11,17.65999984741211
2020-11-12,18.489999771118164
2020-11-13,18.8799991607666
2020-11-16,18.920000076293945
2020-11-17,18.84000015258789
2020-11-18,19.110000610351562
2020-11-19,19.059999465942383
2020-11-20,18.510000228881836
2020-11-23,18.40999984741211
2020-11-24,18.229999542236328
2020-11-25,18.290000915527344
2020-11-27,18.81999969482422
2020-11-30,18.969999313354492
2020-12-01,18.959999084472656
2020-12-02,18.719999313354492
2020-12-03,18.540000915527344
2020-12-04,18.920000076293945
2020-12-07,18.760000228881836
2020-12-08,19.170000076293945
2020-12-09,18.860000610351562
2020-12-10,19.040000915527344
2020-12-11,18.709999084472656
2020-12-14,18.59000015258789
2020-12-15,18.18000030517578
2020-12-16,18.479999542236328
2020-12-17,18.68000030517578
2020-12-18,19.260000228881836
2020-12-21,19.420000076293945
2020-12-22,19.40999984741211
2020-12-23,19.479999542236328
2020-12-24,19.520000457763672
2020-12-28,19.209999084472656
2020-12-29,19.559999465942383
2020-12-30,19.450000762939453
2020-12-31,19.25
2021-01-04,19.920000076293945
2021-01-05,19.829999923706055
2021-01-06,19.610000610351562
2021-01-07,19.389999389648438
2021-01-08,19.489999771118164
2021-01-11,19.31999969482422
2021-01-12,19.239999771118164
2021-01-13,20.309999465942383
2021-01-14,20.56999969482422
2021-01-15,20.100000381469727
2021-01-19,20.459999084472656
2021-01-20,20.579999923706055
2021-01-21,21.239999771118164
2021-01-22,20.780000686645508
2021-01-25,20.270000457763672
2021-01-26,20.239999771118164
2021-01-27,19.8799991607666
2021-01-28,19.829999923706055
2021-01-29,20.0
2021-02-01,20.280000686645508
2021-02-02,20.06999969482422
2021-02-03,20.040000915527344
2021-02-04,19.8799991607666
2021-02-05,20.3799991607666
2021-02-08,20.149999618530273
2021-02-09,19.829999923706055
2021-02-10,18.860000610351562
2021-02-11,18.600000381469727
2021-02-12,18.239999771118164
2021-02-16,18.020000457763672
2021-02-17,17.610000610351562
2021-02-18,17.809999465942383
2021-02-19,17.670000076293945
2021-02-22,17.229999542236328
2021-02-23,16.93000030517578
2021-02-24,16.549999237060547
2021-02-25,16.520000457763672
2021-02-26,16.299999237060547
2021-03-01,16.3799991607666
2021-03-02,16.510000228881836
2021-03-03,16.31999969482422
2021-03-04,15.90999984741211
2021-03-05,15.819999694824219
2021-03-08,15.550000190734863
2021-03-09,15.829999923706055
2021-03-10,15.510000228881836
2021-03-11,15.800000190734863
2021-03-12,15.609999656677246
2021-03-15,15.539999961853027
2021-03-16,15.710000038146973
2021-03-17,15.289999961853027
2021-03-18,15.119999885559082
2021-03-19,15.260000228881836
2021-03-22,15.170000076293945
2021-03-23,15.420000076293945
2021-03-24,15.020000457763672
2021-03-25,14.890000343322754
2021-03-26,15.050000190734863
2021-03-29,15.029999732971191
2021-03-30,14.960000038146973
2021-03-31,15.1899995803833
2021-04-01,15.350000381469727
2021-04-05,15.5600004196167
2021-04-06,15.789999961853027
2021-04-07,15.8100004196167
2021-04-08,16.030000686645508
2021-04-09,16.1299991607666
2021-04-12,15.819999694824219
2021-04-13,15.979999542236328
2021-04-14,15.680000305175781
2021-04-15,15.739999771118164
2021-04-16,15.539999961853027
2021-04-19,15.75
2021-04-20,15.5600004196167
2021-04-21,15.489999771118164
2021-04-22,15.470000267028809
2021-04-23,15.59000015258789
2021-04-26,15.640000343322754
2021-04-27,15.420000076293945
2021-04-28,15.479999542236328
2021-04-29,15.319999694824219
2021-04-30,15.0
2021-05-03,15.079999923706055
2021-05-04,14.640000343322754
2021-05-05,14.670000076293945
2021-05-06,14.649999618530273
2021-05-07,15.220000267028809
2021-05-10,15.199999809265137
2021-05-11,14.829999923706055
2021-05-12,13.140000343322754
2021-05-13,12.890000343322754
2021-05-14,13.140000343322754
2021-05-17,13.25
2021-05-18,14.010000228881836
2021-05-19,14.119999885559082
2021-05-20,14.260000228881836
2021-05-21,14.270000457763672
2021-05-24,14.239999771118164
2021-05-25,14.210000038146973
2021-05-26,14.220000267028809
2021-05-27,14.649999618530273
2021-05-28,14.539999961853027
2021-06-01,14.4399995803833
2021-06-02,14.140000343322754
2021-06-03,13.880000114440918
2021-06-04,13.989999771118164
2021-06-07,14.029999732971191
2021-06-08,13.979999542236328
2021-06-09,14.109999656677246
2021-06-10,14.140000343322754
2021-06-11,14.350000381469727
2021-06-14,14.430000305175781
2021-06-15,14.319999694824219
2021-06-16,14.289999961853027
2021-06-17,14.039999961853027
2021-06-18,13.970000267028809
2021-06-21,13.770000457763672
2021-06-22,13.880000114440918
2021-06-23,13.880000114440918
2021-06-24,13.8100004196167
2021-06-25,13.779999732971191
2021-06-28,13.9399995803833
2021-06-29,13.899999618530273
2021-06-30,13.960000038146973
2021-07-01,14.260000228881836
2021-07-02,14.460000038146973
2021-07-06,14.520000457763672
2021-07-07,14.489999771118164
2021-07-08,14.210000038146973
2021-07-09,14.210000038146973
2021-07-12,14.25
2021-07-13,13.829999923706055
2021-07-14,13.670000076293945
2021-07-15,13.539999961853027
2021-07-16,13.25
2021-07-19,13.119999885559082
2021-07-20,12.770000457763672
2021-07-21,12.850000381469727
2021-07-22,13.289999961853027
2021-07-23,13.220000267028809
2021-07-26,12.90999984741211
2021-07-27,12.779999732971191
2021-07-28,12.8100004196167
2021-07-29,12.770000457763672
2021-07-30,12.680000305175781
2021-08-02,12.630000114440918
2021-08-03,12.020000457763672
2021-08-04,12.15999984741211
2021-08-05,11.930000305175781
2021-08-06,11.739999771118164
2021-08-09,11.800000190734863
2021-08-10,11.710000038146973
2021-08-11,11.920000076293945
2021-08-12,12.029999732971191
2021-08-13,12.09000015258789
2021-08-16,11.84000015258789
2021-08-17,11.890000343322754
2021-08-18,11.920000076293945
2021-08-19,12.0
2021-08-20,12.050000190734863
2021-08-23,12.119999885559082
2021-08-24,12.449999809265137
2021-08-25,12.380000114440918
2021-08-26,12.5
2021-08-27,12.630000114440918
2021-08-30,12.489999771118164
2021-08-31,12.6899995803833
2021-09-01,13.100000381469727
2021-09-02,13.300000190734863
2021-09-03,13.170000076293945
2021-09-07,13.180000305175781
2021-09-08,13.279999732971191
2021-09-09,13.039999961853027
2021-09-10,13.229999542236328
2021-09-13,13.039999961853027
2021-09-14,13.15999984741211
2021-09-15,13.170000076293945
2021-09-16,13.050000190734863
2021-09-17,13.130000114440918
2021-09-20,12.5
2021-09-21,12.40999984741211
2021-09-22,12.539999961853027
2021-09-23,12.819999694824219
2021-09-24,12.800000190734863
2021-09-27,12.529999732971191
2021-09-28,12.470000267028809
2021-09-29,11.859999656677246
2021-09-30,11.979999542236328
2021-10-01,12.119999885559082
2021-10-04,12.180000305175781
2021-10-05,12.270000457763672
2021-10-06,11.920000076293945
2021-10-07,11.149999618530273
2021-10-08,11.199999809265137
2021-10-11,10.899999618530273
2021-10-12,10.890000343322754
2021-10-13,11.069999694824219
2021-10-14,10.600000381469727
2021-10-15,10.600000381469727
2021-10-18,10.520000457763672
2021-10-19,10.710000038146973
2021-10-20,10.920000076293945
2021-10-21,11.039999961853027
2021-10-22,11.039999961853027
2021-10-25,10.760000228881836
2021-10-26,10.4399995803833
2021-10-27,10.25
2021-10-28,10.09000015258789
2021-10-29,10.430000305175781
2021-11-01,10.4399995803833
2021-11-02,10.90999984741211
2021-11-03,10.880000114440918
2021-11-04,10.819999694824219
2021-11-05,10.899999618530273
2021-11-08,10.899999618530273
2021-11-09,10.850000381469727
2021-11-10,10.720000267028809
2021-11-11,10.720000267028809
2021-11-12,10.460000038146973
2021-11-15,10.569999694824219
2021-11-16,10.5
2021-11-17,10.399999618530273
2021-11-18,10.140000343322754
2021-11-19,10.229999542236328
2021-11-22,9.859999656677246
2021-11-23,9.9399995803833
2021-11-24,9.850000381469727
2021-11-26,10.100000381469727
2021-11-29,10.100000381469727
2021-11-30,10.300000190734863
2021-12-01,9.479999542236328
2021-12-02,9.479999542236328
2021-12-03,9.260000228881836
2021-12-06,9.140000343322754
2021-12-07,9.5
2021-12-08,9.869999885559082
2021-12-09,9.84000015258789
2021-12-10,9.529999732971191
2021-12-13,9.390000343322754
2021-12-14,9.210000038146973
2021-12-15,9.25
2021-12-16,9.050000190734863
2021-12-17,9.430000305175781
2021-12-20,9.489999771118164
2021-12-21,9.720000267028809
2021-12-22,9.770000457763672
2021-12-23,9.600000381469727
2021-12-27,9.6899995803833
2021-12-28,9.59000015258789
2021-12-29,9.510000228881836
2021-12-30,9.65999984741211
2021-12-31,9.739999771118164
2022-01-03,9.649999618530273
2022-01-04,9.350000381469727
2022-01-05,9.239999771118164
2022-01-06,9.300000190734863
2022-01-07,9.300000190734863
2022-01-10,9.670000076293945
2022-01-11,10.119999885559082
2022-01-12,10.270000457763672
2022-01-13,10.449999809265137
2022-01-14,10.479999542236328
2022-01-18,11.369999885559082
2022-01-19,11.789999961853027
2022-01-20,12.0
2022-01-21,11.770000457763672
2022-01-24,11.329999923706055
2022-01-25,10.710000038146973
2022-01-26,10.829999923706055
2022-01-27,10.880000114440918
2022-01-28,10.880000114440918
2022-01-31,11.430000305175781
2022-02-01,11.739999771118164
2022-02-02,11.670000076293945
2022-02-03,11.5600004196167
2022-02-04,11.609999656677246
2022-02-07,11.510000228881836
2022-02-08,11.5
2022-02-09,11.319999694824219
2022-02-10,11.510000228881836
2022-02-11,11.329999923706055
2022-02-14,11.350000381469727
2022-02-15,11.020000457763672
2022-02-16,10.390000343322754
2022-02-17,9.970000267028809
2022-02-18,10.3100004196167
2022-02-22,10.630000114440918
2022-02-23,10.4399995803833
2022-02-24,10.270000457763672
2022-02-25,10.460000038146973
2022-02-28,10.720000267028809
2022-03-01,10.460000038146973
2022-03-02,10.489999771118164
2022-03-03,9.710000038146973
2022-03-04,9.09000015258789
2022-03-07,8.8100004196167
2022-03-08,8.649999618530273
2022-03-09,9.229999542236328
2022-03-10,8.899999618530273
2022-03-11,8.90999984741211
2022-03-14,8.770000457763672
2022-03-15,8.239999771118164
2022-03-16,8.710000038146973
2022-03-17,8.5600004196167
2022-03-18,8.720000267028809
2022-03-21,8.6899995803833
2022-03-22,9.170000076293945
2022-03-23,9.050000190734863
2022-03-24,8.720000267028809
2022-03-25,8.739999771118164
2022-03-28,8.6899995803833
2022-03-29,9.029999732971191
2022-03-30,9.0
2022-03-31,8.75
2022-04-01,8.850000381469727
2022-04-04,9.140000343322754
2022-04-05,9.199999809265137
2022-04-06,8.65999984741211
2022-04-07,8.59000015258789
2022-04-08,8.479999542236328
2022-04-11,8.479999542236328
2022-04-12,8.430000305175781
2022-04-13,8.149999618530273
2022-04-14,8.0
2022-04-18,7.929999828338623
2022-04-19,7.869999885559082
2022-04-20,7.550000190734863
2022-04-21,7.360000133514404
2022-04-22,8.619999885559082
2022-04-25,9.039999961853027
2022-04-26,8.539999961853027
2022-04-27,8.420000076293945
2022-04-28,8.65999984741211
2022-04-29,8.970000267028809
2022-05-02,8.970000267028809
2022-05-03,8.960000038146973
2022-05-04,9.970000267028809
2022-05-05,9.979999542236328
2022-05-06,10.380000114440918
2022-05-09,9.270000457763672
2022-05-10,9.270000457763672
2022-05-11,8.529999732971191
2022-05-12,8.699999809265137
2022-05-13,9.029999732971191
2022-05-16,9.180000305175781
2022-05-17,9.489999771118164
2022-05-18,9.4399995803833
2022-05-19,10.09000015258789
2022-05-20,10.069999694824219
2022-05-23,10.279999732971191
2022-05-24,10.050000190734863
2022-05-25,10.260000228881836
2022-05-26,10.369999885559082
2022-05-27,10.359999656677246
2022-05-31,10.5600004196167
2022-06-01,10.329999923706055
2022-06-02,10.300000190734863
2022-06-03,10.039999961853027
2022-06-06,10.15999984741211
2022-06-07,10.220000267028809
2022-06-08,10.149999618530273
2022-06-09,9.8100004196167
2022-06-10,9.59000015258789
2022-06-13,9.220000267028809
2022-06-14,9.119999885559082
2022-06-15,9.180000305175781
2022-06-16,8.890000343322754
2022-06-17,8.869999885559082
2022-06-21,9.050000190734863
2022-06-22,9.020000457763672
2022-06-23,9.199999809265137
2022-06-24,9.460000038146973
2022-06-27,9.289999961853027
2022-06-28,9.15999984741211
2022-06-29,8.9399995803833
2022-06-30,8.779999732971191
2022-07-01,8.8100004196167
2022-07-05,8.8100004196167
2022-07-06,8.640000343322754
2022-07-07,8.649999618530273
2022-07-08,8.479999542236328
2022-07-11,8.260000228881836
2022-07-12,8.100000381469727
2022-07-13,8.149999618530273
2022-07-14,7.980000019073486
2022-07-15,7.929999828338623
2022-07-18,8.180000305175781
2022-07-19,8.260000228881836
2022-07-20,8.420000076293945
2022-07-21,8.010000228881836
2022-07-22,8.329999923706055
2022-07-25,8.300000190734863
2022-07-26,8.010000228881836
2022-07-27,8.270000457763672
2022-07-28,8.3100004196167
2022-07-29,8.460000038146973
2022-08-01,8.529999732971191
2022-08-02,8.149999618530273
2022-08-03,8.529999732971191
2022-08-04,9.520000457763672
2022-08-05,9.449999809265137
2022-08-08,9.369999885559082
2022-08-09,9.109999656677246
2022-08-10,9.279999732971191
2022-08-11,9.430000305175781
2022-08-12,9.380000114440918
2022-08-15,9.319999694824219
2022-08-16,9.180000305175781
2022-08-17,9.260000228881836
2022-08-18,9.119999885559082
2022-08-19,8.789999961853027
2022-08-22,8.420000076293945
2022-08-23,8.3100004196167
2022-08-24,8.329999923706055
2022-08-25,8.5600004196167
2022-08-26,8.760000228881836
2022-08-29,8.819999694824219
2022-08-30,9.050000190734863
2022-08-31,9.1899995803833
2022-09-01,8.770000457763672
2022-09-02,8.680000305175781
2022-09-06,9.0
2022-09-07,7.199999809265137
2022-09-08,7.170000076293945
2022-09-09,7.309999942779541
2022-09-12,7.53000020980835
2022-09-13,7.039999961853027
2022-09-14,7.019999980926514
2022-09-15,6.820000171661377
2022-09-16,6.809999942779541
2022-09-19,6.710000038146973
2022-09-20,6.579999923706055
2022-09-21,6.349999904632568
2022-09-22,5.96999979019165
2022-09-23,5.900000095367432
2022-09-26,5.860000133514404
2022-09-27,5.960000038146973
2022-09-28,5.980000019073486
2022-09-29,5.5
2022-09-30,5.420000076293945
2022-10-03,5.590000152587891
2022-10-04,5.829999923706055
2022-10-05,5.550000190734863
2022-10-06,5.480000019073486
2022-10-07,5.400000095367432
2022-10-10,5.46999979019165
2022-10-11,5.239999771118164
2022-10-12,5.059999942779541
2022-10-13,5.139999866485596
2022-10-14,5.079999923706055
2022-10-17,5.289999961853027
2022-10-18,5.320000171661377
2022-10-19,5.130000114440918
2022-10-20,5.210000038146973
2022-10-21,5.269999980926514
2022-10-24,5.320000171661377
2022-10-25,5.400000095367432
2022-10-26,5.320000171661377
2022-10-27,5.349999904632568
2022-10-28,5.159999847412109
2022-10-31,5.440000057220459
2022-11-01,5.480000019073486
2022-11-02,5.389999866485596
2022-11-03,5.309999942779541
2022-11-04,5.510000228881836
2022-11-07,5.46999979019165
2022-11-08,5.369999885559082
2022-11-09,5.110000133514404
2022-11-10,5.400000095367432
2022-11-11,5.710000038146973
2022-11-14,5.670000076293945
2022-11-15,5.659999847412109
2022-11-16,5.489999771118164
2022-11-17,5.409999847412109
2022-11-18,5.320000171661377
2022-11-21,5.099999904632568
2022-11-22,5.210000038146973
2022-11-23,5.340000152587891
2022-11-25,5.5
2022-11-28,5.409999847412109
2022-11-29,5.389999866485596
2022-11-30,5.53000020980835
2022-12-01,5.730000019073486
2022-12-02,5.949999809265137
2022-12-05,5.889999866485596
2022-12-06,5.710000038146973
2022-12-07,5.880000114440918
2022-12-08,5.639999866485596
2022-12-09,5.639999866485596
2022-12-12,5.630000114440918
2022-12-13,5.559999942779541
2022-12-14,5.659999847412109
2022-12-15,5.440000057220459
2022-12-16,5.380000114440918
2022-12-19,5.420000076293945
2022-12-20,5.360000133514404
2022-12-21,5.639999866485596
2022-12-22,5.46999979019165
2022-12-23,5.579999923706055
2022-12-27,5.539999961853027
2022-12-28,5.5
2022-12-29,5.730000019073486
2022-12-30,5.619999885559082
2023-01-03,5.670000076293945
2023-01-04,5.869999885559082
2023-01-05,5.630000114440918
2023-01-06,5.480000019073486
2023-01-09,5.28000020980835
2023-01-10,5.090000152587891
2023-01-11,4.389999866485596
2023-01-12,4.420000076293945
2023-01-13,4.46999979019165
2023-01-17,4.289999961853027
2023-01-18,4.199999809265137
2023-01-19,4.139999866485596
2023-01-20,4.139999866485596
2023-01-23,4.21999979019165
2023-01-24,4.21999979019165
2023-01-25,4.130000114440918
2023-01-26,4.059999942779541
2023-01-27,4.130000114440918
2023-01-30,4.110000133514404
2023-01-31,4.090000152587891
2023-02-01,4.130000114440918
2023-02-02,4.429999828338623
2023-02-03,4.480000019073486
2023-02-06,4.400000095367432
2023-02-07,4.460000038146973
2023-02-08,4.429999828338623
2023-02-09,4.489999771118164
2023-02-10,4.289999961853027
2023-02-13,4.309999942779541
2023-02-14,4.25
2023-02-15,4.210000038146973
2023-02-16,4.309999942779541
2023-02-17,4.329999923706055
2023-02-21,4.28000020980835
2023-02-22,4.269999980926514
2023-02-23,4.230000019073486
2023-02-24,4.21999979019165
2023-02-27,4.340000152587891
2023-02-28,4.349999904632568
2023-03-01,4.360000133514404
2023-03-02,4.400000095367432
2023-03-03,4.510000228881836
2023-03-06,4.610000133514404
2023-03-07,4.510000228881836
2023-03-08,4.619999885559082
2023-03-09,4.78000020980835
2023-03-10,4.739999771118164
2023-03-13,4.78000020980835
2023-03-14,4.849999904632568
2023-03-15,4.679999828338623
2023-03-16,4.949999809265137
2023-03-17,4.949999809265137
2023-03-20,4.860000133514404
2023-03-21,4.739999771118164
2023-03-22,4.710000038146973
2023-03-23,4.710000038146973
2023-03-24,4.690000057220459
2023-03-27,4.760000228881836
2023-03-28,4.690000057220459
2023-03-29,4.989999771118164
2023-03-30,5.199999809265137
2023-03-31,5.260000228881836
2023-04-03,5.159999847412109
2023-04-04,5.019999980926514
2023-04-05,4.989999771118164
2023-04-06,5.119999885559082
2023-04-10,5.050000190734863
2023-04-11,5.159999847412109
2023-04-12,5.239999771118164
2023-04-13,5.260000228881836
2023-04-14,5.099999904632568
2023-04-17,5.199999809265137
2023-04-18,5.329999923706055
2023-04-19,5.400000095367432
2023-04-20,5.360000133514404
2023-04-21,5.53000020980835
2023-04-24,5.599999904632568
2023-04-25,5.460000038146973
2023-04-26,5.570000171661377
2023-04-27,5.75
2023-04-28,5.789999961853027
2023-05-01,5.760000228881836
2023-05-02,5.739999771118164
2023-05-03,5.739999771118164
2023-05-04,5.760000228881836
2023-05-05,5.820000171661377
2023-05-08,5.869999885559082
2023-05-09,5.829999923706055
2023-05-10,5.739999771118164
2023-05-11,5.769999980926514
2023-05-12,5.599999904632568
2023-05-15,5.699999809265137
2023-05-16,5.269999980926514
2023-05-17,5.420000076293945
2023-05-18,5.269999980926514
2023-05-19,5.230000019073486
2023-05-22,5.309999942779541
2023-05-23,5.389999866485596
2023-05-24,5.159999847412109
2023-05-25,5.159999847412109
2023-05-26,5.360000133514404
2023-05-30,5.619999885559082
2023-05-31,5.639999866485596
2023-06-01,5.829999923706055
2023-06-02,5.809999942779541
2023-06-05,5.840000152587891
2023-06-06,6.0
2023-06-07,5.710000038146973
2023-06-08,5.610000133514404
2023-06-09,5.480000019073486
2023-06-12,5.670000076293945
2023-06-13,5.599999904632568
2023-06-14,5.71999979019165
2023-06-15,5.650000095367432
2023-06-16,5.739999771118164
2023-06-20,5.579999923706055
2023-06-21,5.510000228881836
2023-06-22,5.659999847412109
2023-06-23,5.449999809265137
2023-06-26,5.550000190734863
2023-06-27,5.519999980926514
2023-06-28,5.650000095367432
2023-06-29,5.610000133514404
2023-06-30,5.599999904632568
2023-07-03,5.480000019073486
2023-07-05,5.400000095367432
2023-07-06,5.190000057220459
2023-07-07,5.28000020980835
2023-07-10,5.409999847412109
2023-07-11,5.550000190734863
2023-07-12,5.730000019073486
2023-07-13,5.809999942779541
2023-07-14,5.789999961853027
2023-07-17,5.800000190734863
2023-07-18,5.949999809265137
2023-07-19,6.179999828338623
2023-07-20,6.059999942779541
2023-07-21,6.360000133514404
2023-07-24,6.699999809265137
2023-07-25,6.5
2023-07-26,6.610000133514404
2023-07-27,6.519999980926514
2023-07-28,6.550000190734863
2023-07-31,6.670000076293945
2023-08-01,6.570000171661377
2023-08-02,6.420000076293945
2023-08-03,6.25
2023-08-04,6.239999771118164
2023-08-07,6.199999809265137
2023-08-08,6.119999885559082
2023-08-09,6.03000020980835
2023-08-10,6.170000076293945
2023-08-11,6.039999961853027
2023-08-14,6.090000152587891
2023-08-15,6.079999923706055
2023-08-16,5.920000076293945
2023-08-17,5.880000114440918
2023-08-18,5.860000133514404
2023-08-21,5.820000171661377
2023-08-22,6.28000020980835
2023-08-23,6.230000019073486
2023-08-24,6.010000228881836
2023-08-25,6.079999923706055
2023-08-28,6.139999866485596
2023-08-29,6.25
2023-08-30,5.940000057220459
2023-08-31,6.0
2023-09-01,6.190000057220459
2023-09-05,5.949999809265137
2023-09-06,5.96999979019165
2023-09-07,5.889999866485596
2023-09-08,5.900000095367432
2023-09-11,5.929999828338623
2023-09-12,5.840000152587891
2023-09-13,6.019999980926514
2023-09-14,6.130000114440918
2023-09-15,6.050000190734863
2023-09-18,5.860000133514404
2023-09-19,5.980000019073486
2023-09-20,6.070000171661377
2023-09-21,5.929999828338623
2023-09-22,6.199999809265137
2023-09-25,6.329999923706055
2023-09-26,6.239999771118164
2023-09-27,6.239999771118164
2023-09-28,6.130000114440918
2023-09-29,6.440000057220459
2023-10-02,6.230000019073486
2023-10-03,5.980000019073486
2023-10-04,6.010000228881836
2023-10-05,5.889999866485596
2023-10-06,6.019999980926514
2023-10-09,6.059999942779541
2023-10-10,5.75
2023-10-11,5.650000095367432
2023-10-12,5.940000057220459
2023-10-13,5.96999979019165
2023-10-16,6.059999942779541
2023-10-17,5.809999942779541
2023-10-18,5.760000228881836
2023-10-19,5.71999979019165
2023-10-20,5.590000152587891
2023-10-23,5.630000114440918
2023-10-24,5.639999866485596
2023-10-25,5.389999866485596
2023-10-26,5.670000076293945
2023-10-27,5.670000076293945
2023-10-30,5.550000190734863
2023-10-31,5.639999866485596
2023-11-01,5.670000076293945
2023-11-02,5.880000114440918
2023-11-03,6.019999980926514
2023-11-06,5.949999809265137
2023-11-07,5.989999771118164
2023-11-08,6.059999942779541
2023-11-09,6.210000038146973
2023-11-10,6.199999809265137
2023-11-13,6.260000228881836
2023-11-14,6.480000019073486
2023-11-15,6.440000057220459
2023-11-16,6.380000114440918
2023-11-17,6.429999828338623
2023-11-20,6.550000190734863
2023-11-21,6.559999942779541
2023-11-22,6.460000038146973
2023-11-24,6.420000076293945
2023-11-27,6.139999866485596
2023-11-28,5.820000171661377
2023-11-29,5.769999980926514
2023-11-30,5.650000095367432
2023-12-01,5.579999923706055
2023-12-04,5.380000114440918
2023-12-05,5.300000190734863
2023-12-06,5.28000020980835
2023-12-07,5.320000171661377
2023-12-08,5.179999828338623
2023-12-11,5.130000114440918
2023-12-12,4.980000019073486
2023-12-13,5.090000152587891
2023-12-14,5.179999828338623
2023-12-15,5.150000095367432
2023-12-18,5.119999885559082
2023-12-19,5.210000038146973
2023-12-20,5.150000095367432
2023-12-21,5.239999771118164
2023-12-22,5.179999828338623
2023-12-26,5.230000019073486
2023-12-27,5.119999885559082
2023-12-28,5.070000171661377
2023-12-29,5.059999942779541
2024-01-02,5.070000171661377
2024-01-03,5.0
2024-01-04,5.010000228881836
2024-01-05,4.849999904632568
2024-01-08,4.940000057220459
2024-01-09,4.900000095367432
2024-01-10,4.840000152587891
2024-01-11,4.760000228881836
2024-01-12,4.78000020980835
2024-01-16,4.460000038146973
2024-01-17,4.210000038146973
2024-01-18,4.260000228881836
2024-01-19,4.289999961853027
2024-01-22,4.300000190734863
2024-01-23,4.400000095367432
2024-01-24,4.46999979019165
2024-01-25,4.380000114440918
2024-01-26,4.389999866485596
2024-01-29,4.360000133514404
2024-01-30,4.360000133514404
2024-01-31,4.360000133514404
2024-02-01,4.349999904632568
2024-02-02,4.320000171661377
2024-02-05,4.340000152587891
2024-02-06,4.21999979019165
2024-02-07,4.139999866485596
2024-02-08,4.599999904632568
2024-02-09,4.860000133514404
2024-02-12,5.050000190734863
2024-02-13,4.989999771118164
2024-02-14,5.179999828338623
2024-02-15,5.230000019073486
2024-02-16,5.170000076293945
2024-02-20,4.920000076293945
2024-02-21,4.840000152587891
2024-02-22,4.829999923706055
2024-02-23,4.75
2024-02-26,4.690000057220459
2024-02-27,4.599999904632568
2024-02-28,4.590000152587891
2024-02-29,4.550000190734863
2024-03-01,4.5
2024-03-04,4.449999809265137
2024-03-05,4.369999885559082
2024-03-06,4.380000114440918
2024-03-07,4.349999904632568
2024-03-08,4.199999809265137
2024-03-11,4.199999809265137
2024-03-12,4.239999771118164
2024-03-13,4.300000190734863
2024-03-14,4.110000133514404
2024-03-15,4.090000152587891
2024-03-18,4.059999942779541
2024-03-19,4.059999942779541
2024-03-20,4.130000114440918
2024-03-21,4.090000152587891
2024-03-22,4.079999923706055
2024-03-25,4.079999923706055
2024-03-26,4.190000057220459
2024-03-27,4.179999828338623
2024-03-28,4.170000076293945
2024-04-01,4.130000114440918
2024-04-02,4.210000038146973
2024-04-03,4.239999771118164
2024-04-04,4.210000038146973
2024-04-05,4.260000228881836
2024-04-08,4.440000057220459
2024-04-09,4.53000020980835
2024-04-10,4.420000076293945
2024-04-11,4.380000114440918
2024-04-12,4.300000190734863
2024-04-15,4.25
2024-04-16,4.269999980926514
2024-04-17,4.480000019073486
2024-04-18,4.440000057220459
2024-04-19,4.429999828338623
2024-04-22,4.610000133514404
2024-04-23,4.639999866485596
2024-04-24,4.579999923706055
2024-04-25,4.599999904632568
2024-04-26,4.639999866485596
2024-04-29,4.690000057220459
2024-04-30,4.679999828338623
2024-05-01,4.679999828338623
2024-05-02,4.730000019073486
2024-05-03,4.690000057220459
2024-05-06,4.619999885559082
2024-05-07,4.78000020980835
2024-05-08,4.730000019073486
2024-05-09,4.760000228881836
2024-05-10,4.739999771118164
2024-05-13,4.800000190734863
2024-05-14,4.920000076293945
2024-05-15,5.25
2024-05-16,4.360000133514404
2024-05-17,4.579999923706055
2024-05-20,4.760000228881836
2024-05-21,4.630000114440918
2024-05-22,4.659999847412109
2024-05-23,4.46999979019165
2024-05-24,4.699999809265137
2024-05-28,4.679999828338623
2024-05-29,4.570000171661377
2024-05-30,4.75
2024-05-31,4.820000171661377
2024-06-03,4.960000038146973
2024-06-04,4.920000076293945
2024-06-05,4.989999771118164
2024-06-06,4.960000038146973
2024-06-07,4.980000019073486
2024-06-10,4.929999828338623
2024-06-11,4.710000038146973
2024-06-12,4.699999809265137
2024-06-13,4.639999866485596
2024-06-14,4.510000228881836
2024-06-17,4.480000019073486
2024-06-18,4.539999961853027
2024-06-20,4.5
2024-06-21,4.260000228881836
2024-06-24,4.480000019073486
2024-06-25,4.389999866485596
2024-06-26,4.380000114440918
2024-06-27,4.320000171661377
2024-06-28,4.320000171661377
2024-07-01,4.349999904632568
2024-07-02,4.159999847412109
2024-07-03,4.159999847412109
2024-07-05,4.199999809265137
2024-07-08,4.519999980926514
2024-07-09,4.71999979019165
2024-07-10,4.820000171661377
2024-07-11,4.820000171661377
2024-07-12,4.849999904632568
2024-07-15,4.840000152587891
2024-07-16,4.75
2024-07-17,4.869999885559082
2024-07-18,4.539999961853027
2024-07-19,4.179999828338623
2024-07-22,4.25
2024-07-23,4.179999828338623
2024-07-24,4.050000190734863
2024-07-25,3.950000047683716
2024-07-26,4.039999961853027
2024-07-29,4.050000190734863
2024-07-30,4.03000020980835
2024-07-31,4.050000190734863
2024-08-01,3.9000000953674316
2024-08-02,3.7699999809265137
2024-08-05,3.700000047683716
2024-08-06,3.700000047683716
2024-08-07,3.6600000858306885
2024-08-08,3.5899999141693115
2024-08-09,3.630000114440918
2024-08-12,3.680000066757202
2024-08-13,3.7300000190734863
2024-08-14,3.7100000381469727
2024-08-15,3.680000066757202
2024-08-16,3.690000057220459
2024-08-19,3.690000057220459
2024-08-20,3.690000057220459
2024-08-21,3.740000009536743
2024-08-22,3.690000057220459
2024-08-23,3.759999990463257
2024-08-26,3.809999942779541
2024-08-27,3.8499999046325684
2024-08-28,3.8299999237060547
2024-08-29,3.7699999809265137
2024-08-30,3.759999990463257
2024-09-03,3.369999885559082
2024-09-04,3.4000000953674316
2024-09-05,3.3499999046325684
2024-09-06,3.190000057220459
2024-09-09,2.950000047683716
2024-09-10,2.859999895095825
2024-09-11,2.609999895095825
2024-09-12,2.549999952316284
2024-09-13,2.549999952316284
2024-09-16,2.4800000190734863
2024-09-17,2.5899999141693115
2024-09-18,2.7899999618530273
2024-09-19,2.8499999046325684
2024-09-20,2.7100000381469727
2024-09-23,2.630000114440918
2024-09-24,2.619999885559082
2024-09-25,2.25
2024-09-26,2.2100000381469727
2024-09-27,2.309999942779541
2024-09-30,2.2200000286102295
2024-10-01,2.240000009536743
2024-10-02,2.25
2024-10-03,2.309999942779541
2024-10-04,3.0199999809265137
2024-10-07,2.950000047683716
2024-10-08,2.8299999237060547
2024-10-09,2.8299999237060547
2024-10-10,2.809999942779541
2024-10-11,2.819999933242798
2024-10-14,2.890000104904175
2024-10-15,2.880000114440918
2024-10-16,2.7899999618530273
2024-10-17,2.9200000762939453
2024-10-18,2.8399999141693115
2024-10-21,2.8499999046325684
2024-10-22,2.9200000762939453
2024-10-23,2.930000066757202
2024-10-24,2.859999895095825
2024-10-25,2.9100000858306885
2024-10-28,2.8399999141693115
2024-10-29,2.9700000286102295
2024-10-30,2.9000000953674316
2024-10-31,2.930000066757202
2024-11-01,3.0199999809265137
2024-11-04,2.9000000953674316
2024-11-05,2.9000000953674316
2024-11-06,2.859999895095825
2024-11-07,2.890000104904175
2024-11-08,2.880000114440918
2024-11-11,2.8399999141693115
2024-11-12,2.799999952316284
2024-11-13,2.8299999237060547
2024-11-14,2.809999942779541
2024-11-15,2.799999952316284
2024-11-18,2.7799999713897705
2024-11-19,2.7799999713897705
2024-11-20,2.6700000762939453
2024-11-21,2.5899999141693115
2024-11-22,2.5999999046325684
2024-11-25,2.6600000858306885
2024-11-26,2.569999933242798
2024-11-27,2.490000009536743
2024-11-29,2.5899999141693115
2024-12-02,2.4000000953674316
2024-12-03,2.4100000858306885
2024-12-04,2.450000047683716
2024-12-05,2.440000057220459
2024-12-06,2.7699999809265137
2024-12-09,2.759999990463257
2024-12-10,2.7300000190734863
2024-12-11,2.640000104904175
2024-12-12,2.609999895095825
2024-12-13,2.5199999809265137
2024-12-16,2.5899999141693115
2024-12-17,2.5899999141693115
2024-12-18,2.490000009536743
2024-12-19,2.549999952316284
2024-12-20,2.5399999618530273
2024-12-23,2.5999999046325684
2024-12-24,2.549999952316284
2024-12-26,2.630000114440918
2024-12-27,2.680000066757202
2024-12-30,2.7300000190734863
2024-12-31,2.700000047683716
2025-01-02,2.5999999046325684
2025-01-03,2.559999942779541
2025-01-06,2.630000114440918
2025-01-07,2.6500000953674316
2025-01-08,2.5199999809265137
2025-01-10,2.4600000381469727
2025-01-13,2.4000000953674316
2025-01-14,2.369999885559082
2025-01-15,2.5
2025-01-16,2.359999895095825
2025-01-17,2.369999885559082
2025-01-21,2.2899999618530273
2025-01-22,2.2799999713897705
2025-01-23,2.2699999809265137
2025-01-24,2.4600000381469727
2025-01-27,2.4200000762939453
2025-01-28,2.450000047683716
2025-01-29,2.359999895095825
2025-01-30,2.2899999618530273
2025-01-31,2.2699999809265137
2025-02-03,2.2100000381469727
2025-02-04,2.240000009536743
2025-02-05,2.240000009536743
2025-02-06,2.2699999809265137
2025-02-07,2.2300000190734863
2025-02-10,2.2200000286102295
2025-02-11,2.2100000381469727
2025-02-12,2.2200000286102295
2025-02-13,2.259999990463257
2025-02-14,2.319999933242798
2025-02-18,2.309999942779541
2025-02-19,2.2799999713897705
2025-02-20,2.369999885559082
2025-02-21,2.380000114440918
2025-02-24,2.4200000762939453
2025-02-25,2.549999952316284
2025-02-26,2.509999990463257
2025-02-27,2.509999990463257
2025-02-28,2.490000009536743
2025-03-03,2.549999952316284
2025-03-04,2.5899999141693115
2025-03-05,2.7100000381469727
2025-03-06,2.869999885559082
2025-03-07,2.940000057220459
2025-03-10,2.859999895095825
2025-03-11,2.740000009536743
2025-03-12,2.7300000190734863
2025-03-13,2.630000114440918
2025-03-14,2.8299999237060547
2025-03-17,2.869999885559082
2025-03-18,2.9000000953674316
2025-03-19,2.7200000286102295
2025-03-20,2.8299999237060547
2025-03-21,2.609999895095825
2025-03-24,2.809999942779541
2025-03-25,2.9000000953674316
2025-03-26,2.7899999618530273
2025-03-27,3.1700000762939453
2025-03-28,2.7200000286102295
2025-03-31,2.359999895095825
2025-04-01,2.2699999809265137
2025-04-02,2.2899999618530273
2025-04-03,2.2300000190734863
2025-04-04,2.0399999618530273
2025-04-07,1.9199999570846558
2025-04-08,1.940000057220459
2025-04-09,2.0999999046325684
2025-04-10,1.8899999856948853
2025-04-11,1.9800000190734863
2025-04-14,2.049999952316284
2025-04-15,2.0799999237060547
2025-04-16,2.0
2025-04-17,2.0799999237060547
2025-04-21,2.059999942779541
2025-04-22,2.1600000858306885
2025-04-23,2.2699999809265137
2025-04-24,2.259999990463257
2025-04-25,2.299999952316284
2025-04-28,2.319999933242798
2025-04-29,2.3499999046325684
2025-04-30,2.2899999618530273
2025-05-01,2.319999933242798
2025-05-02,2.4700000286102295
2025-05-05,2.440000057220459
2025-05-06,2.430000066757202
2025-05-07,2.4700000286102295
2025-05-08,2.4700000286102295
2025-05-09,2.4700000286102295
2025-05-12,2.4700000286102295
2025-05-13,2.5299999713897705
2025-05-14,2.4100000858306885
2025-05-15,2.0899999141693115
2025-05-16,2.119999885559082
2025-05-19,2.190000057220459
2025-05-20,2.2699999809265137
2025-05-21,2.2799999713897705
2025-05-22,2.1700000762939453
2025-05-23,2.130000114440918
2025-05-27,2.200000047683716
2025-05-28,2.2200000286102295
2025-05-29,2.259999990463257
2025-05-30,2.2300000190734863
2025-06-02,2.190000057220459
2025-06-03,2.1700000762939453
2025-06-04,2.319999933242798
2025-06-05,2.25
2025-06-06,2.2100000381469727
2025-06-09,2.1500000953674316
2025-06-10,2.119999885559082
2025-06-11,2.1600000858306885
2025-06-12,2.190000057220459
2025-06-13,2.049999952316284
2025-06-16,2.0999999046325684
2025-06-17,2.049999952316284
2025-06-18,2.0299999713897705
2025-06-20,2.0199999809265137
2025-06-23,2.0199999809265137
2025-06-24,2.0999999046325684
2025-06-25,2.109999895095825
2025-06-26,2.190000057220459
2025-06-27,2.1500000953674316
2025-06-30,2.1500000953674316
2025-07-01,2.119999885559082
2025-07-02,2.1600000858306885
2025-07-03,2.0899999141693115
2025-07-07,2.0399999618530273
2025-07-08,2.119999885559082
2025-07-09,2.1500000953674316
2025-07-10,2.1700000762939453
2025-07-11,2.140000104904175
2025-07-14,2.0799999237060547
2025-07-15,2.109999895095825
2025-07-16,2.1500000953674316
2025-07-17,2.140000104904175
2025-07-18,2.1600000858306885
2025-07-21,2.130000114440918
2025-07-22,2.180000066757202
2025-07-23,2.2300000190734863
2025-07-24,2.180000066757202
2025-07-25,2.200000047683716
2025-07-28,2.109999895095825
2025-07-29,2.069999933242798
2025-07-30,2.0299999713897705
2025-07-31,2.069999933242798
2025-08-01,1.9800000190734863
2025-08-04,1.9600000381469727
2025-08-05,2.009999990463257
2025-08-06,2.0399999618530273
2025-08-07,2.0399999618530273
2025-08-08,2.059999942779541
2025-08-11,2.109999895095825
2025-08-12,2.109999895095825
2025-08-13,2.0999999046325684
2025-08-14,2.0899999141693115
2025-08-15,2.0999999046325684
2025-08-18,2.0799999237060547
2025-08-19,2.1600000858306885
2025-08-20,2.119999885559082
2025-08-21,2.0899999141693115
2025-08-22,2.1600000858306885
2025-08-25,2.140000104904175
2025-08-26,2.130000114440918
2025-08-27,2.069999933242798
2025-08-28,2.1700000762939453
2025-08-29,2.130000114440918
2025-09-02,2.049999952316284
2025-09-03,2.0199999809265137
2025-09-04,2.009999990463257
2025-09-05,2.009999990463257
2025-09-08,2.0
2025-09-09,1.9800000190734863
2025-09-10,1.9500000476837158
2025-09-11,1.9900000095367432
2025-09-12,1.9500000476837158
2025-09-15,1.9800000190734863
2025-09-16,1.9299999475479126
2025-09-17,1.909999966621399
2025-09-18,2.0199999809265137
2025-09-19,2.0799999237060547
2025-09-22,2.259999990463257
2025-09-23,2.2799999713897705
2025-09-24,2.2300000190734863
2025-09-25,2.25
2025-09-26,2.2799999713897705
2025-09-29,2.2799999713897705
2025-09-30,2.240000009536743
2025-10-01,2.309999942779541
2025-10-02,2.299999952316284
2025-10-03,2.3399999141693115
2025-10-06,2.2300000190734863
2025-10-07,2.2100000381469727
2025-10-08,2.2300000190734863
2025-10-09,2.1700000762939453
2025-10-10,2.059999942779541
2025-10-13,2.069999933242798
2025-10-14,2.0299999713897705
2025-10-15,2.0
2025-10-16,1.940000057220459
2025-10-17,1.8300000429153442
2025-10-20,1.8600000143051147
2025-10-21,1.8600000143051147
2025-10-22,1.840000033378601
2025-10-23,1.840000033378601
2025-10-24,1.8200000524520874
2025-10-27,1.809999942779541
2025-10-28,1.7999999523162842
2025-10-29,1.7599999904632568
2025-10-30,1.75
2025-10-31,1.7400000095367432
2025-11-03,1.5499999523162842
2025-11-04,1.4700000286102295
2025-11-05,1.4600000381469727
2025-11-06,1.4299999475479126
2025-11-07,1.3700000047683716
2025-11-10,1.399999976158142
2025-11-11,1.4900000095367432
2025-11-12,1.559999942779541
2025-11-13,1.4299999475479126
2025-11-14,1.5399999618530273
